customer_id,full_name,age,gender,location,customer_membership
1,Allison Hill,55,Female,Halifax,Silver
2,Noah Rhodes,37,Male,Toronto,Platinum
3,Angie Henderson,25,Female,Vancouver,Platinum
4,Daniel Wagner,26,Male,Montreal,Silver
5,Christina Santos,33,Female,Montreal,Basic
6,Daniel Lawrence,58,Male,Quebec City,Basic
7,Aaron Shaffer,29,Male,Calgary,Basic
8,Gina Moore,55,Female,Toronto,Basic
9,Gabrielle Davis,65,Female,Winnipeg,Silver
10,Ryan Munoz,51,Male,Toronto,Silver
11,Monica Herrera,29,Female,Quebec City,Basic
12,Mr. Juan Calderon,73,Male,Vancouver,Basic
13,Shannon Ray,25,Female,Banff,VIP
14,Angel Perez,50,Male,Vancouver,Gold
15,Bobby Hall,35,Male,Ottawa,Basic
16,Donald Reid,68,Male,Toronto,Basic
17,Jacqueline Clark,21,Female,Toronto,Silver
18,Timothy Wong,23,Male,Toronto,Basic
19,Christopher Daniel,27,Male,Quebec City,Basic
20,James Mayo,28,Male,Montreal,Basic
21,Kristin Cohen,48,Female,Toronto,Silver
22,Ricardo Perez,26,Male,Montreal,Basic
23,Ethan Adams,68,Male,Banff,Gold
24,Terri Walter,29,Female,Kelowna,Platinum
25,Matthew Foster,35,Male,Whistler,Platinum
26,Jimmy Baker,43,Male,Vancouver,Basic
27,Kristina Baker,60,Female,Toronto,Basic
28,Stephanie Ross,39,Female,Toronto,Basic
29,Yolanda Hicks,26,Female,Toronto,Basic
30,Amber Rodriguez,19,Female,Niagara Falls,Basic
31,Ricky Henderson,28,Male,Quebec City,Basic
32,James Ferrell,52,Male,Vancouver,Basic
33,Wesley Valencia,75,Male,Toronto,Basic
34,Michelle Maldonado,21,Female,Montreal,Basic
35,Derek Davidson,22,Male,Toronto,Gold
36,Jessica Chavez,71,Female,Montreal,Basic
37,Sherri Baker,20,Female,Vancouver,Platinum
38,Christopher Gaines,35,Male,Ottawa,Basic
39,Edwin Fowler,30,Male,Toronto,Basic
40,Christian Farmer,53,Male,Toronto,Basic
41,Paula Moreno,20,Female,Montreal,Gold
42,Fred Smith,22,Male,Vancouver,Platinum
43,Shawn Decker,36,Male,Calgary,Basic
44,Amy Humphrey,72,Female,Toronto,Platinum
45,Angelica Tucker,58,Female,Toronto,Silver
46,Paige Cannon,52,Female,Vancouver,Silver
47,Karen Pierce,64,Female,Toronto,Platinum
48,Shelia Henderson,64,Female,Toronto,Basic
49,Kimberly Blair,65,Female,Vancouver,Basic
50,Emily Carney,29,Female,Toronto,VIP
51,Jessica Holmes,32,Female,Quebec City,Basic
52,Danny Morgan,62,Male,Vancouver,Basic
53,Crystal Robinson,26,Female,Calgary,Platinum
54,Mark Perez,39,Male,Quebec City,Basic
55,Shannon Jones,42,Female,Vancouver,Basic
56,Michael Lewis,57,Male,Calgary,Platinum
57,Timothy Duncan,29,Male,Vancouver,Basic
58,Rachel Aguirre,43,Female,Montreal,Basic
59,Anne Jordan,50,Female,Calgary,Basic
60,Julie Daniel,21,Female,Calgary,Basic
61,William Garcia,25,Male,Quebec City,Silver
62,Gina Hensley,57,Female,Montreal,Basic
63,Connor West,48,Male,Victoria,Basic
64,Diana Wright,36,Female,Mont-Tremblant,Basic
65,Jeremy Callahan,39,Male,Kelowna,Platinum
66,Amber Kidd,43,Female,Whistler,Silver
67,Wayne House,28,Male,Vancouver,Silver
68,Christopher Tucker,38,Male,Vancouver,Basic
69,James Brown,24,Male,Calgary,Silver
70,William Baker,42,Male,Toronto,Gold
71,Jordan Henderson,61,Female,Halifax,Silver
72,Zachary Peters,41,Male,Halifax,Platinum
73,Brittney Phillips,36,Female,Montreal,Basic
74,Mr. Joshua Adkins,57,Male,Ottawa,Gold
75,Lauren Shaw,41,Female,Quebec City,Basic
76,Christopher Yu,63,Male,Toronto,Basic
77,Cody Larson,57,Male,Vancouver,Platinum
78,Cynthia Wilson,30,Female,Winnipeg,Basic
79,Danielle Wheeler,45,Female,Niagara Falls,Basic
80,Jason Silva,28,Male,Toronto,Platinum
81,Timothy Harris,32,Male,Victoria,Basic
82,Cynthia Foster,70,Female,Calgary,Platinum
83,Elizabeth Stewart,28,Female,Vancouver,Basic
84,Angel Ellis,46,Female,Vancouver,Basic
85,Dr. Angel Lewis MD,42,Female,Banff,Basic
86,Shirley Suarez,49,Female,Montreal,Silver
87,Christopher Bass,60,Male,Montreal,Gold
88,Logan Archer,19,Male,Vancouver,Basic
89,Aimee Montoya,55,Female,Toronto,Gold
90,Matthew Mcmillan,55,Male,Vancouver,Basic
91,Ashley Rodriguez,35,Female,Toronto,Silver
92,Denise Jacobs,60,Female,Montreal,Basic
93,Dalton Walters,28,Male,Quebec City,Basic
94,John Whitehead,55,Male,Vancouver,Basic
95,Brandon Henderson,55,Male,Toronto,Basic
96,Aaron Wise,25,Male,Vancouver,Basic
97,Deborah Figueroa,74,Female,Toronto,Basic
98,Jeffrey Smith,37,Male,Toronto,Basic
99,Sonya Mckee,60,Female,Toronto,Basic
100,Ruben Aguilar,30,Male,Vancouver,Gold
101,Cameron Parker,30,Male,Toronto,Gold
102,Robert Valencia,26,Male,Edmonton,Basic
103,Daniel Wright,43,Male,Mont-Tremblant,Basic
104,Richard Henson,46,Male,Quebec City,Silver
105,Marc Moore,28,Male,Toronto,Basic
106,Sean Cherry,44,Male,Vancouver,Basic
107,Sierra Johnson,36,Female,Niagara Falls,Silver
108,Evelyn Galvan,67,Female,Toronto,Basic
109,Sean Cochran,18,Male,Toronto,Basic
110,Rachel Rodriguez,32,Female,Montreal,Basic
111,Scott Walker,43,Male,Toronto,Basic
112,Joe Torres,31,Male,Vancouver,Basic
113,Crystal Johnson,28,Female,Banff,Basic
114,Garrett Lin,43,Male,Mont-Tremblant,Basic
115,Mrs. Margaret Ross,31,Female,Montreal,Basic
116,Joshua Crosby Jr.,24,Male,Calgary,Basic
117,Mrs. Tonya Baker,59,Female,Toronto,Basic
118,Jessica Chandler,74,Female,Winnipeg,Basic
119,Larry Dixon,23,Male,Quebec City,Basic
120,Kenneth Scott,33,Male,Niagara Falls,Basic
121,Aaron Frost,70,Male,Victoria,Silver
122,Nathan Harmon,36,Male,Winnipeg,Platinum
123,Jackson Jones,60,Male,Niagara Falls,Basic
124,Gary Edwards,44,Male,Vancouver,Basic
125,Michelle Evans,33,Female,Whistler,Basic
126,Jason Powell,69,Male,Vancouver,Basic
127,Bethany Fisher,60,Female,Whistler,Basic
128,Michael Orr,57,Male,Montreal,Basic
129,Elizabeth Kelley,52,Female,Halifax,Basic
130,Dustin Jordan,67,Male,Vancouver,Basic
131,Mary Marshall,30,Female,Toronto,VIP
132,Daniel Kennedy,48,Male,Montreal,Basic
133,Robert Jackson,49,Male,Toronto,Silver
134,Kaylee Schultz,31,Female,Halifax,Gold
135,Robert Potter,44,Male,Whistler,Basic
136,Courtney Gonzalez,64,Female,Ottawa,Basic
137,Danielle Alvarez,68,Female,Toronto,Basic
138,Benjamin Perry,23,Male,Vancouver,Basic
139,Cheyenne Horton,50,Female,Toronto,Basic
140,Dana Douglas,33,Female,Vancouver,Basic
141,Nicole Carrillo,68,Female,Mont-Tremblant,Basic
142,Jeffery Thompson,38,Male,Quebec City,Basic
143,Kelly Williams,24,Female,Halifax,Basic
144,Ryan Bryant,38,Male,Toronto,Gold
145,Michael Travis,73,Male,Ottawa,Basic
146,Travis Vance,65,Male,Victoria,Basic
147,Nathan Wagner,22,Male,Calgary,Silver
148,Kimberly Merritt,46,Female,Vancouver,Basic
149,Karen Green,22,Female,Vancouver,Basic
150,Marcia Cannon,66,Female,Montreal,Platinum
151,Mark Hill,60,Male,Kelowna,Basic
152,Donna Nelson,31,Female,Toronto,VIP
153,Kimberly Taylor,74,Female,Banff,Basic
154,Michael Mccarthy,43,Male,Vancouver,Silver
155,Jason Daniels,56,Male,Toronto,Basic
156,Christine Fisher,52,Female,Quebec City,Basic
157,Lauren Dominguez,48,Female,Toronto,Platinum
158,Ralph James,26,Male,Toronto,Basic
159,Heather Molina,67,Female,Quebec City,Silver
160,Tiffany Barnes,58,Female,Niagara Falls,Basic
161,Joshua Morrison,36,Male,Halifax,Basic
162,Colleen Graham,66,Female,Toronto,Basic
163,Gabriella Shelton,47,Female,Calgary,Basic
164,Christopher Mcdonald,52,Male,Winnipeg,Silver
165,Lisa Johnson,51,Female,Banff,Basic
166,Kristy Johnson,53,Female,Halifax,Basic
167,Chad Murray,28,Male,Whistler,Basic
168,Jamie Lewis,45,Female,Toronto,Basic
169,Paige Gray,60,Female,Montreal,Basic
170,Ronnie King,27,Male,Toronto,Silver
171,Alec Ryan,29,Male,Toronto,Basic
172,Mrs. Marie Harrington DDS,43,Female,Toronto,Basic
173,Travis Gonzalez,39,Male,Vancouver,Basic
174,Brittany Martinez,32,Female,Halifax,Basic
175,Kristy Robinson,25,Female,Whistler,Basic
176,Randall Jackson,55,Male,Vancouver,Basic
177,Paul Wilson,62,Male,Toronto,Basic
178,Traci Rodriguez,33,Female,Quebec City,Basic
179,Eric Byrd,23,Male,Whistler,Platinum
180,Jennifer Espinoza,22,Female,Quebec City,Basic
181,Michael Burton,52,Male,Halifax,Basic
182,Raymond Jefferson,36,Male,Banff,Gold
183,Barbara Riggs,45,Female,Quebec City,Basic
184,Gregory Patterson,38,Male,Niagara Falls,Basic
185,Jonathan Peterson,47,Male,Toronto,Basic
186,Samantha Garcia,24,Female,Montreal,Basic
187,Mr. Ronald Zimmerman,70,Male,Toronto,Basic
188,Morgan Sheppard,53,Female,Montreal,Basic
189,Robert Medina,26,Male,Toronto,Basic
190,Jessica Simon,38,Female,Toronto,Basic
191,Samuel Rivas,35,Male,Edmonton,Silver
192,Stephen Sanchez,42,Male,Toronto,Basic
193,Leonard Gray,56,Male,Toronto,Gold
194,Samuel White,74,Male,Vancouver,Basic
195,Rebecca Peterson,41,Female,Toronto,Basic
196,Meredith Hill,56,Female,Toronto,Gold
197,Tiffany Miller,41,Female,Whistler,Silver
198,Katherine Chang,28,Female,Toronto,Basic
199,Matthew Henry,49,Male,Vancouver,Basic
200,Anna Walker,47,Female,Toronto,Silver
201,Elizabeth Perkins,59,Female,Calgary,Platinum
202,Kiara Coleman,39,Female,Toronto,Basic
203,Gary Warner,30,Male,Vancouver,Basic
204,David Martinez,38,Male,Toronto,Gold
205,Barbara Herrera,43,Female,Quebec City,Platinum
206,Cody Robinson,70,Male,Calgary,Basic
207,Nathaniel Bray,19,Male,Banff,Gold
208,Douglas Garcia,46,Male,Vancouver,Basic
209,Crystal White,23,Female,Mont-Tremblant,Basic
210,Kimberly Hill,28,Female,Quebec City,Basic
211,Ms. Melissa Martinez,33,Female,Vancouver,Basic
212,John Salas,72,Male,Calgary,Basic
213,John Alexander,55,Male,Banff,Basic
214,Amber Everett,47,Female,Quebec City,Basic
215,Rodney Morales,21,Male,Vancouver,Silver
216,Lori Brown,22,Female,Halifax,Basic
217,Kristine Torres,61,Female,Calgary,Gold
218,Bailey Duran DDS,20,Female,Halifax,Silver
219,Darius Mills,42,Male,Vancouver,Silver
220,Jessica Dalton,59,Female,Vancouver,Basic
221,Elizabeth Oliver DDS,64,Female,Vancouver,Platinum
222,Travis Clark,41,Male,Montreal,Basic
223,Matthew Moore,53,Male,Toronto,Basic
224,Angela Smith,48,Female,Vancouver,Silver
225,Linda Carter,24,Female,Toronto,Platinum
226,Michelle Warner,67,Female,Toronto,Basic
227,Melissa Bradshaw,29,Female,Vancouver,Basic
228,Mario Guerrero,18,Male,Vancouver,Gold
229,Jeffery Stephens,59,Male,Quebec City,Platinum
230,Terry Serrano,27,Male,Montreal,Basic
231,Christopher Parker,24,Male,Quebec City,Basic
232,Laura Roberts,29,Female,Quebec City,Basic
233,Michael Lyons,23,Male,Vancouver,Basic
234,Jonathan Snyder,62,Male,Kelowna,Basic
235,Andrew Reynolds,25,Male,Toronto,Basic
236,Danielle Davis,31,Female,Vancouver,Silver
237,Dr. Laura Sampson,55,Female,Toronto,Basic
238,Miss Debra Williams PhD,59,Female,Winnipeg,Basic
239,Matthew Moon,59,Male,Toronto,Basic
240,Lauren Walters,38,Female,Montreal,VIP
241,Brandon Bailey,51,Male,Vancouver,Gold
242,Meagan Hodge,40,Female,Montreal,Basic
243,Melissa Roberts,34,Female,Montreal,Basic
244,Robert Pierce,58,Male,Toronto,Basic
245,Emily Morris,31,Female,Vancouver,Basic
246,Mrs. Kayla Travis,25,Female,Vancouver,Basic
247,Joshua Gutierrez,65,Male,Quebec City,Silver
248,Heidi Avila,34,Female,Kelowna,Basic
249,Olivia Harris,19,Female,Vancouver,Basic
250,Tanya Kim,20,Female,Calgary,Platinum
251,Barbara Dudley,56,Female,Vancouver,Basic
252,David Moore,60,Male,Montreal,Platinum
253,Kristen Davis,51,Female,Winnipeg,Basic
254,Thomas Murray Jr.,19,Male,Montreal,Platinum
255,Jonathan Moran,55,Male,Calgary,Silver
256,Donald Davenport,34,Male,Ottawa,Platinum
257,Dana Arnold MD,32,Female,Winnipeg,Silver
258,Jordan Suarez,40,Male,Montreal,VIP
259,Desiree Tyler,24,Female,Winnipeg,Silver
260,Taylor Romero,47,Female,Toronto,Basic
261,Douglas Evans,33,Male,Whistler,Silver
262,Zachary Burns,67,Male,Montreal,Gold
263,Joshua Reed,34,Male,Vancouver,Silver
264,Kimberly Gibson,74,Female,Toronto,Basic
265,Colin Terry,47,Male,Montreal,Basic
266,David Rowe,55,Male,Halifax,Basic
267,Patrick Thornton,28,Male,Victoria,Basic
268,Jasmin Alvarado,45,Female,Montreal,Basic
269,Veronica Simpson,41,Female,Vancouver,Basic
270,Jonathan Lawrence,35,Male,Vancouver,Basic
271,Shane Alexander,66,Male,Winnipeg,Basic
272,Joyce Bowen,43,Female,Toronto,Basic
273,Matthew Moore,74,Male,Quebec City,Basic
274,Wayne Morgan,39,Male,Toronto,Basic
275,Matthew Christian,68,Male,Toronto,Platinum
276,Shannon James,23,Female,Toronto,Basic
277,Michelle Malone,54,Female,Montreal,Gold
278,Amanda Jones,57,Female,Vancouver,Basic
279,Thomas Bright,47,Male,Vancouver,Basic
280,Jessica Garcia,48,Female,Toronto,Basic
281,Shelia Wallace,56,Female,Edmonton,Basic
282,Steven Williams,20,Male,Ottawa,Gold
283,Edward Brooks,63,Male,Vancouver,Basic
284,Kim Knight,54,Female,Quebec City,Basic
285,Christopher Miller,60,Male,Banff,Basic
286,Lisa Allen,45,Female,Quebec City,Basic
287,Briana Murray,52,Female,Ottawa,Basic
288,Dawn Smith,57,Female,Toronto,Basic
289,Stephanie Byrd,18,Female,Montreal,Basic
290,Jeremy Reed,44,Male,Whistler,Silver
291,Mark Coleman,23,Male,Winnipeg,Basic
292,Sarah Gonzalez,39,Female,Montreal,Basic
293,Karen Young,53,Female,Quebec City,Basic
294,Laura Haney,22,Female,Victoria,Silver
295,William Barrett,37,Male,Vancouver,Basic
296,Kylie Jennings,40,Female,Kelowna,Gold
297,Anthony Obrien,56,Male,Niagara Falls,Basic
298,Tanner Mitchell,53,Male,Niagara Falls,Basic
299,Lisa Gomez,52,Female,Toronto,Platinum
300,Marc Byrd,23,Male,Ottawa,Basic
301,Matthew Massey,50,Male,Vancouver,Platinum
302,Steven Lucas,22,Male,Vancouver,Basic
303,Jeremiah Riley,46,Male,Mont-Tremblant,Basic
304,Brandon Phillips,74,Male,Vancouver,Basic
305,Casey Anderson,75,Female,Toronto,Basic
306,Valerie Schmidt,43,Female,Winnipeg,Basic
307,Sandra Scott,68,Female,Vancouver,Gold
308,Karen Drake,50,Female,Toronto,Basic
309,Gina Wilson,27,Female,Halifax,Platinum
310,Mr. Vincent Dalton,28,Male,Toronto,VIP
311,Veronica Coffey,24,Female,Vancouver,Silver
312,Jacob Gibbs,45,Male,Vancouver,Basic
313,Kimberly Gibson,34,Female,Vancouver,Basic
314,Megan Richards,32,Female,Quebec City,Platinum
315,Todd Rodriguez,68,Male,Toronto,Silver
316,Alexander Henson,44,Male,Edmonton,Gold
317,Suzanne Walker,47,Female,Montreal,Basic
318,Samantha Blankenship,26,Female,Mont-Tremblant,Basic
319,Jason Taylor,68,Male,Toronto,Basic
320,Eric Vasquez,30,Male,Montreal,Basic
321,Stephen Taylor,38,Male,Ottawa,Basic
322,Meagan Paul,46,Female,Vancouver,Silver
323,Jason Newton,75,Male,Montreal,Basic
324,Jason Garcia,58,Male,Vancouver,Platinum
325,Jennifer Lynn,31,Female,Calgary,Basic
326,Jacqueline Ramos,34,Female,Winnipeg,Basic
327,Savannah Garcia,45,Female,Winnipeg,Basic
328,Joshua Levine,36,Male,Vancouver,Basic
329,Jennifer Lopez,48,Female,Toronto,Basic
330,Sarah Gibson,64,Female,Vancouver,Basic
331,Maria Harper,46,Female,Vancouver,Basic
332,Rachel Sanchez,46,Female,Toronto,VIP
333,Kristy Jones,55,Female,Vancouver,Gold
334,Daniel Robinson,37,Male,Toronto,Platinum
335,Erin Hernandez,58,Female,Quebec City,Basic
336,April Garrison,39,Female,Calgary,Basic
337,Carlos King,36,Male,Halifax,Basic
338,Mary Johnson,69,Female,Vancouver,Basic
339,Richard Young,39,Male,Quebec City,Platinum
340,Christopher Williams,51,Male,Toronto,Basic
341,Joseph Reese,27,Male,Ottawa,Basic
342,Paula Palmer,29,Female,Vancouver,Basic
343,Kathy Dougherty,52,Female,Calgary,Silver
344,Richard Camacho,38,Male,Vancouver,Basic
345,Jimmy Maynard,44,Male,Montreal,Gold
346,Karen Morales,35,Female,Vancouver,Basic
347,John Browning,22,Male,Quebec City,Basic
348,Bobby Franklin,21,Male,Vancouver,Gold
349,Denise Schultz,53,Female,Edmonton,Basic
350,Erika Vang,40,Female,Toronto,Silver
351,Jody Jacobs,30,Female,Montreal,Gold
352,Mia Farrell,18,Female,Vancouver,Gold
353,Patricia Le,26,Female,Montreal,Basic
354,Jocelyn Perez,71,Female,Montreal,Basic
355,Jesse Perry,37,Male,Montreal,Basic
356,Jessica Ortega,34,Female,Toronto,Basic
357,Christian Leblanc,40,Male,Vancouver,Basic
358,Ronald Davis,52,Male,Vancouver,Gold
359,Nancy Cain,46,Female,Toronto,Basic
360,Kevin Hoffman,20,Male,Toronto,Gold
361,Bryan Gomez,62,Male,Whistler,Platinum
362,Nicole Parrish,60,Female,Vancouver,Platinum
363,Warren Burke,30,Male,Toronto,Gold
364,Kenneth Lewis,24,Male,Niagara Falls,Basic
365,Courtney Rodriguez,55,Female,Vancouver,Silver
366,Holly Farmer,23,Female,Toronto,Basic
367,Robert Bruce,57,Male,Kelowna,Basic
368,Dr. Lisa Day,36,Female,Vancouver,Platinum
369,Tanya Gallegos,47,Female,Victoria,Basic
370,Christopher Park,41,Male,Ottawa,Basic
371,Gerald Smith,18,Male,Niagara Falls,Basic
372,Keith Morales,24,Male,Montreal,Basic
373,Mark Johnson,31,Male,Quebec City,Silver
374,Daniel Barnes,31,Male,Ottawa,Basic
375,Jacob Griffith,41,Male,Toronto,Basic
376,Keith Miller,22,Male,Vancouver,Basic
377,Christopher Williamson,28,Male,Montreal,Basic
378,Dillon Stanley,24,Male,Vancouver,Basic
379,Jeremy Nelson,33,Male,Vancouver,Basic
380,Brian Jordan,24,Male,Kelowna,Basic
381,Michael Tucker,52,Male,Vancouver,Basic
382,Andrew Foster,64,Male,Quebec City,Basic
383,Aimee Turner,68,Female,Niagara Falls,Basic
384,Breanna Scott,24,Female,Calgary,Basic
385,Adam Burgess,24,Male,Victoria,Basic
386,James Padilla,42,Male,Montreal,Silver
387,Sandra Drake,31,Female,Toronto,Basic
388,Scott Williams,57,Male,Kelowna,Basic
389,Thomas Atkins,21,Male,Montreal,Basic
390,Laura Mckinney,41,Female,Montreal,Basic
391,Brian Smith,68,Male,Toronto,Basic
392,Robert Montgomery,63,Male,Vancouver,Basic
393,Thomas Davis,32,Male,Montreal,Basic
394,David Chapman,48,Male,Toronto,Basic
395,Jennifer Collins,72,Female,Vancouver,Basic
396,Felicia Jackson,64,Female,Victoria,Basic
397,Ashley Hicks,35,Female,Montreal,Basic
398,Gregory Luna,31,Male,Quebec City,Silver
399,Robert Young,19,Male,Vancouver,Gold
400,Christina Morrison,57,Female,Quebec City,Basic
401,Mary Thompson,54,Female,Mont-Tremblant,Basic
402,Johnny Webster,19,Male,Toronto,Basic
403,Jerry Glass,24,Male,Vancouver,Basic
404,Madison Weber,63,Female,Quebec City,Basic
405,Mark Hernandez,30,Male,Whistler,Platinum
406,Jeremy Turner,44,Male,Vancouver,Basic
407,Anthony Romero,27,Male,Toronto,Silver
408,Jesse Brown,34,Male,Victoria,Basic
409,Billy Lin,32,Male,Vancouver,Basic
410,Lisa Hunter,59,Female,Montreal,VIP
411,Kristen Conner,54,Female,Whistler,Basic
412,Joanna Pacheco,19,Female,Victoria,Basic
413,Erica Alvarez,42,Female,Toronto,Basic
414,Antonio Garcia,23,Male,Montreal,Basic
415,Gwendolyn Klein,37,Female,Kelowna,Basic
416,Carrie Wright,24,Female,Mont-Tremblant,VIP
417,Jeffrey Mills,64,Male,Toronto,Basic
418,Jacqueline Campbell,33,Female,Quebec City,Basic
419,George Harper,47,Male,Vancouver,Silver
420,Maria Jones,44,Female,Vancouver,Basic
421,Meghan Mitchell,59,Female,Quebec City,Basic
422,Mary Escobar,42,Female,Banff,Basic
423,Gavin Aguilar,33,Male,Quebec City,Basic
424,Hannah Ponce,19,Female,Quebec City,Gold
425,Jenna Larson,25,Female,Toronto,Platinum
426,Emily Bennett,28,Female,Vancouver,Gold
427,Robert Santiago,31,Male,Vancouver,Platinum
428,Parker Jennings,36,Male,Vancouver,Basic
429,Matthew Henderson,27,Male,Vancouver,Basic
430,Heidi White,58,Female,Calgary,Basic
431,Travis Tucker,48,Male,Vancouver,Platinum
432,Brenda Jones,49,Female,Quebec City,Basic
433,Ashley Wise,50,Female,Montreal,Silver
434,Stephen Johnson,43,Male,Halifax,Basic
435,Pamela Anderson,57,Female,Vancouver,Basic
436,Christopher Guerra,52,Male,Quebec City,Basic
437,Rhonda Martin,54,Female,Vancouver,Basic
438,Jason Rhodes,52,Male,Montreal,Basic
439,Jill Mitchell,29,Female,Winnipeg,Platinum
440,Joann Ferguson,56,Female,Montreal,Basic
441,Rhonda Harrison,27,Female,Toronto,Basic
442,Jacob Valentine,54,Male,Quebec City,Basic
443,Julia Campbell MD,26,Female,Montreal,Basic
444,Vincent Montoya,73,Male,Toronto,Basic
445,Brenda Wright,47,Female,Vancouver,Basic
446,Shane Spencer,24,Male,Toronto,Basic
447,Sarah Rosales,50,Female,Toronto,Silver
448,Phillip Nelson,69,Male,Montreal,Gold
449,Charles Kim,53,Male,Ottawa,Basic
450,Daniel Hayes,31,Male,Vancouver,VIP
451,Alexander Brown,30,Male,Montreal,Basic
452,David Vang,27,Male,Calgary,Basic
453,Alfred Galvan,61,Male,Vancouver,Basic
454,Matthew Moody,74,Male,Toronto,Gold
455,Donna Gallegos,21,Female,Vancouver,Silver
456,Charles Thornton,30,Male,Toronto,Gold
457,Abigail Miller,25,Female,Whistler,Silver
458,Ruben Dunn,40,Male,Vancouver,Basic
459,Kelsey Rodriguez,44,Female,Winnipeg,Silver
460,Elizabeth Williams,49,Female,Toronto,Basic
461,Riley Bryant,45,Male,Kelowna,Basic
462,Susan Carlson,48,Female,Vancouver,VIP
463,Kaylee Allen,63,Female,Ottawa,Basic
464,Jessica Mendez,40,Female,Montreal,Silver
465,Jason Beck,57,Male,Toronto,Basic
466,Vanessa Jones,22,Female,Halifax,Platinum
467,Katie Mcneil,43,Female,Vancouver,Basic
468,Jeanette Harrison,49,Female,Toronto,Basic
469,William King,35,Male,Montreal,Basic
470,Richard Cooper,54,Male,Banff,Basic
471,Lori Ingram,31,Female,Ottawa,VIP
472,Gary Williams,34,Male,Toronto,Basic
473,Robin Thompson,25,Female,Toronto,Silver
474,John Dominguez,52,Male,Toronto,Gold
475,Robin Brown,53,Female,Mont-Tremblant,Basic
476,Jimmy Carter,49,Male,Toronto,Gold
477,Curtis Williams,61,Male,Toronto,Basic
478,Jose Hays,28,Male,Vancouver,Basic
479,David Mullins,33,Male,Toronto,Basic
480,Howard Norman,44,Male,Toronto,Basic
481,Gary Martinez,69,Male,Vancouver,VIP
482,Steve Paul,40,Male,Montreal,Silver
483,Jasmine Beltran,37,Female,Toronto,Basic
484,Kathleen Glass,46,Female,Banff,Basic
485,Rebecca Acosta,20,Female,Toronto,Basic
486,Lindsey Short,61,Female,Edmonton,Platinum
487,Erica Miller,34,Female,Toronto,Basic
488,Elizabeth Morrison,61,Female,Ottawa,Basic
489,Michael Bell,74,Male,Winnipeg,Platinum
490,Sergio Gomez,31,Male,Toronto,Basic
491,Mr. William Gould Jr.,35,Male,Banff,Basic
492,Heidi Owen,61,Female,Toronto,Basic
493,Tiffany Thomas,56,Female,Kelowna,Basic
494,Richard Johnson,22,Male,Vancouver,VIP
495,Richard Diaz,60,Male,Quebec City,Basic
496,Latoya Jacobs,73,Female,Vancouver,Basic
497,Travis Watson,54,Male,Toronto,Silver
498,Laura Moreno,30,Female,Toronto,Basic
499,Marie Wright,48,Female,Niagara Falls,Basic
500,Noah Porter,63,Male,Quebec City,VIP
501,Kristina Green,55,Female,Montreal,Basic
502,Jeremy Davies,32,Male,Ottawa,Basic
503,Thomas Henry,24,Male,Montreal,Basic
504,Samuel Hayes,36,Male,Toronto,Basic
505,Jeremy Miller,32,Male,Toronto,Basic
506,Sarah Flores,31,Female,Vancouver,VIP
507,Ana Daniels,34,Female,Quebec City,Basic
508,Samuel Joseph,67,Male,Calgary,Silver
509,Mark Leon,36,Male,Toronto,Basic
510,Bryan Harris,18,Male,Vancouver,Basic
511,Rachel Johnson,18,Female,Vancouver,Basic
512,Jacob Lara,24,Male,Montreal,Platinum
513,Lisa Miller,40,Female,Whistler,Basic
514,Zachary Higgins,36,Male,Halifax,Basic
515,Patricia Morrow,28,Female,Vancouver,Basic
516,Valerie Day,57,Female,Banff,Basic
517,Melanie Cooper,36,Female,Montreal,Basic
518,Penny Bowman,33,Female,Toronto,Silver
519,Tracy Reynolds,73,Female,Toronto,Basic
520,Amy Martinez,28,Female,Toronto,Basic
521,Carmen Morris,47,Female,Vancouver,Basic
522,Gregory Everett,29,Male,Victoria,Basic
523,Ryan King,33,Male,Quebec City,Basic
524,Juan Martinez,19,Male,Victoria,Gold
525,Kim Shaw,44,Female,Quebec City,Basic
526,Todd Moore,57,Male,Toronto,Platinum
527,Nathan Jacobs,53,Male,Whistler,Basic
528,Justin Bryan,44,Male,Halifax,Basic
529,Angel May,43,Male,Victoria,Basic
530,Marilyn Wang,25,Female,Vancouver,Gold
531,Margaret Jimenez,74,Female,Toronto,Silver
532,Donna Frye,29,Female,Toronto,Gold
533,Robert Cohen,18,Male,Mont-Tremblant,Silver
534,Angel Brown,32,Female,Calgary,Basic
535,John Harris,68,Male,Quebec City,Basic
536,Emily Higgins,47,Female,Vancouver,Basic
537,Shannon Hester,74,Female,Vancouver,Basic
538,Jacqueline Hoffman,29,Female,Montreal,Basic
539,Julie Adams,27,Female,Banff,Basic
540,Anne Roberts,41,Female,Halifax,Basic
541,Luis Wright,41,Male,Quebec City,Basic
542,Caitlin Murphy,54,Female,Vancouver,Basic
543,Emily Hines,53,Female,Vancouver,Silver
544,Jose Jimenez,21,Male,Whistler,Gold
545,Allison Landry,49,Female,Ottawa,Basic
546,Vincent Lewis,41,Male,Ottawa,Basic
547,Amber Simpson,36,Female,Calgary,Basic
548,Martha Ruiz,38,Female,Halifax,Gold
549,Ryan Jordan,20,Male,Ottawa,Silver
550,Monica Gallagher,75,Female,Vancouver,Basic
551,Jennifer Hudson,39,Female,Vancouver,Basic
552,Juan Jones,28,Male,Quebec City,Platinum
553,Pamela Ramirez,41,Female,Montreal,Basic
554,Michael Wilson DVM,66,Male,Vancouver,Basic
555,Robert Morgan,34,Male,Victoria,Basic
556,Paul Gonzalez,45,Male,Montreal,Basic
557,Kathryn Williams,19,Female,Toronto,Basic
558,Gary Wells,29,Male,Toronto,Basic
559,Larry Robertson,35,Male,Toronto,Basic
560,Louis Martin,65,Male,Toronto,Basic
561,Patrick Evans MD,54,Male,Niagara Falls,Basic
562,Kim Erickson,33,Female,Vancouver,Platinum
563,Robert Richardson,75,Male,Banff,Basic
564,Veronica Silva,18,Female,Quebec City,Basic
565,Molly Watts,28,Female,Vancouver,Basic
566,Karen Coffey,45,Female,Toronto,Basic
567,Ricardo Lane,33,Male,Vancouver,Basic
568,Kevin Jackson,26,Male,Vancouver,Basic
569,Lisa Randall,27,Female,Toronto,Basic
570,Michael Johnson,22,Male,Halifax,VIP
571,Brian Smith,26,Male,Montreal,Basic
572,Christian Vaughn,28,Male,Toronto,Basic
573,Reginald Knapp,73,Male,Montreal,Silver
574,Noah Brown,22,Male,Vancouver,Basic
575,Christine Nguyen,66,Female,Banff,Basic
576,Joseph Edwards,46,Male,Toronto,Basic
577,Thomas Peterson,70,Male,Vancouver,Silver
578,Raymond Le,24,Male,Kelowna,Basic
579,Melissa Bishop,50,Female,Toronto,Basic
580,Danielle Grant,24,Female,Mont-Tremblant,Basic
581,William Evans,56,Male,Quebec City,Gold
582,Christine Bush,68,Female,Niagara Falls,Basic
583,Gregory Peck,39,Male,Toronto,Gold
584,Denise Martinez,52,Female,Winnipeg,Basic
585,Jamie Baird,48,Female,Montreal,Silver
586,Tina Ballard,49,Female,Halifax,Basic
587,Dwayne Klein,50,Male,Montreal,Basic
588,Jeremy Scott,55,Male,Vancouver,VIP
589,Dale Ryan,57,Male,Banff,Basic
590,Melissa Taylor,25,Female,Montreal,Basic
591,Laurie Sanchez,24,Female,Toronto,Basic
592,Kiara Little,71,Female,Vancouver,Basic
593,Jennifer Love,66,Female,Banff,Gold
594,Randy Smith,60,Male,Ottawa,Basic
595,Timothy Russell,45,Male,Vancouver,Gold
596,Shawn Woods,32,Male,Toronto,Basic
597,Tracey Morris,48,Female,Vancouver,Basic
598,Susan Davis,21,Female,Ottawa,Basic
599,Kimberly Sharp,48,Female,Victoria,Basic
600,Susan Thompson,25,Female,Toronto,Silver
601,Christopher Gillespie,50,Male,Calgary,Basic
602,Mr. Jon Zuniga DVM,55,Male,Montreal,Basic
603,Sherri Smith,53,Female,Vancouver,Basic
604,Ashley Bird,27,Female,Ottawa,Silver
605,Virginia Daniels,72,Female,Ottawa,Basic
606,Todd Rosales,56,Male,Niagara Falls,Basic
607,Cheryl Rodriguez,26,Female,Calgary,Basic
608,Jimmy Scott,42,Male,Calgary,Platinum
609,Nancy Gibbs,29,Female,Montreal,Basic
610,Nicole Thompson,20,Female,Winnipeg,Basic
611,Steven Wilcox,51,Male,Edmonton,Basic
612,Brandon Caldwell,72,Male,Quebec City,Basic
613,Charles Morris,38,Male,Calgary,Basic
614,Dean Young,55,Male,Kelowna,Basic
615,Troy Turner,74,Male,Whistler,Gold
616,Alexandra Valdez,51,Female,Victoria,VIP
617,Antonio Wilson,50,Male,Kelowna,Silver
618,Jared Shaw,37,Male,Toronto,Basic
619,Michael Collins,49,Male,Toronto,Platinum
620,Sydney Phillips,54,Female,Montreal,Basic
621,Colleen Anderson,36,Female,Kelowna,Basic
622,Paul Obrien,41,Male,Toronto,Basic
623,Joshua Ruiz,35,Male,Kelowna,Basic
624,Mary Robinson,45,Female,Toronto,Basic
625,Nicole Marks,64,Female,Kelowna,Basic
626,Jillian Padilla,67,Female,Vancouver,Silver
627,Kristy Brown,59,Female,Montreal,Basic
628,Jonathan Armstrong,19,Male,Toronto,Platinum
629,Garrett Meyer,28,Male,Quebec City,Basic
630,Christine Aguilar,24,Female,Quebec City,Platinum
631,Jordan Stokes,39,Male,Toronto,Basic
632,Jose Bryant,21,Male,Mont-Tremblant,Basic
633,Joel Roman,41,Male,Calgary,Basic
634,Jennifer Velasquez,46,Female,Ottawa,Basic
635,Kenneth Williams,54,Male,Quebec City,Basic
636,Arthur Mcknight,45,Male,Montreal,Basic
637,Benjamin Peck,54,Male,Kelowna,Basic
638,Jennifer Mack,56,Female,Kelowna,Basic
639,William Brewer,27,Male,Quebec City,Basic
640,Willie Reyes,56,Male,Vancouver,Platinum
641,Terry Bennett,27,Male,Halifax,Basic
642,Mary Ryan,74,Female,Edmonton,VIP
643,Hannah White,28,Female,Toronto,Basic
644,Joseph Luna,33,Male,Calgary,Basic
645,Aaron Johnson,25,Male,Montreal,Basic
646,Megan Stephens,56,Female,Banff,Platinum
647,Rodney Wright,58,Male,Vancouver,Basic
648,Donald Pineda,43,Male,Vancouver,Basic
649,Brian Pacheco,53,Male,Halifax,Basic
650,Ralph Stephenson,62,Male,Ottawa,Platinum
651,Christine Garcia,57,Female,Edmonton,Basic
652,Kyle Warner,69,Male,Montreal,Silver
653,Patrick Morales,54,Male,Toronto,Basic
654,Daniel Shields,21,Male,Halifax,Gold
655,Jonathan Roberts,43,Male,Toronto,Basic
656,Monique Flores,25,Female,Niagara Falls,Basic
657,Michael Flores,36,Male,Toronto,Basic
658,Charles Keller,43,Male,Whistler,Basic
659,Eric Brown,71,Male,Banff,Gold
660,Sheryl Buck,28,Female,Vancouver,Basic
661,Jeffery Simpson,36,Male,Montreal,Basic
662,Dr. Michael Floyd,29,Male,Montreal,Basic
663,Jason Hernandez,51,Male,Toronto,Basic
664,Nicole Wells,58,Female,Banff,Silver
665,Eric Zimmerman,20,Male,Quebec City,Basic
666,Thomas Hart,49,Male,Quebec City,Basic
667,Mr. Cesar Sanchez,34,Male,Montreal,Basic
668,Maria Nielsen,72,Female,Calgary,Basic
669,Brandon Hardy,74,Male,Montreal,Basic
670,Derrick Nunez,50,Male,Quebec City,Basic
671,Shelly Lopez,70,Female,Quebec City,Basic
672,Nathaniel Hansen,26,Male,Calgary,Gold
673,Sean Cook,70,Male,Toronto,Silver
674,Adrian Giles,33,Male,Mont-Tremblant,Basic
675,Mrs. Yvonne Mendoza,58,Female,Montreal,Basic
676,Lindsey Harris,25,Female,Victoria,Basic
677,Kristen Rowe,48,Female,Vancouver,Basic
678,Kimberly Howard,27,Female,Whistler,Basic
679,Kayla Crawford,48,Female,Montreal,Basic
680,Vicki Harrison,32,Female,Toronto,Basic
681,Suzanne Wood,40,Female,Quebec City,VIP
682,Justin Walker,60,Male,Toronto,Basic
683,Debbie Donovan,57,Female,Ottawa,Gold
684,Jennifer Hernandez,34,Female,Toronto,Basic
685,Jamie Whitaker,46,Female,Toronto,VIP
686,Matthew Cohen,27,Male,Montreal,Basic
687,Roberto Levy,24,Male,Niagara Falls,Basic
688,John Jackson,61,Male,Niagara Falls,Gold
689,Christopher Cortez,28,Male,Niagara Falls,Basic
690,Sydney Weaver,36,Female,Quebec City,Basic
691,Amy Johnson,62,Female,Winnipeg,Silver
692,Tony Barnett,45,Male,Ottawa,Basic
693,Jason Kirby,56,Male,Vancouver,Gold
694,Michelle Smith,41,Female,Quebec City,Basic
695,Jake Williamson,22,Male,Vancouver,Basic
696,Luis Webb,37,Male,Calgary,VIP
697,Adriana Arnold,59,Female,Calgary,Platinum
698,Joseph Hill,41,Male,Quebec City,VIP
699,Alan Li DDS,40,Male,Montreal,Basic
700,Theodore Rodriguez,28,Male,Ottawa,Basic
701,Chase Lee,35,Male,Whistler,Basic
702,Robin Adams,68,Female,Ottawa,Basic
703,Jake Sullivan,21,Male,Halifax,Basic
704,William Perez,28,Male,Montreal,Basic
705,Sarah Valdez,56,Female,Quebec City,Basic
706,Olivia Davis,68,Female,Toronto,Silver
707,Juan Brown,49,Male,Toronto,Silver
708,Carolyn Porter,41,Female,Whistler,Silver
709,Richard Knight,39,Male,Calgary,Basic
710,Anna Rice,37,Female,Toronto,Basic
711,Christine Parrish,34,Female,Montreal,Basic
712,John Williams,65,Male,Montreal,Basic
713,Tammy Lam,53,Female,Banff,Basic
714,Andrew Mcfarland,49,Male,Montreal,Basic
715,Tyrone Matthews,71,Male,Montreal,Silver
716,Micheal Sanders,46,Male,Vancouver,Basic
717,Carla Allen,32,Female,Montreal,Basic
718,Jasmine Mosley,65,Female,Vancouver,Basic
719,Nicole Taylor,50,Female,Winnipeg,Basic
720,Misty Mason DVM,59,Female,Whistler,Basic
721,Jessica Roberson,20,Female,Quebec City,Platinum
722,Patricia Friedman,31,Female,Toronto,Basic
723,Patricia Johnson,57,Female,Vancouver,Basic
724,Willie Henry,59,Male,Vancouver,Basic
725,Teresa Reynolds,47,Female,Vancouver,Basic
726,Mary Miller,30,Female,Toronto,Basic
727,Robert Marquez,33,Male,Toronto,Platinum
728,Christian Dawson,59,Male,Quebec City,Basic
729,Patrick Stewart,55,Male,Whistler,Basic
730,Abigail Parker,33,Female,Kelowna,Basic
731,Debra Anderson,58,Female,Montreal,Basic
732,Jerry Peters,31,Male,Montreal,Basic
733,Alexander Gomez,20,Male,Vancouver,Basic
734,Linda Nguyen,68,Female,Vancouver,Silver
735,Dorothy Hughes,56,Female,Toronto,Platinum
736,Steven Stein,57,Male,Banff,Basic
737,Laura Jackson MD,37,Female,Vancouver,Silver
738,Eric Snyder,63,Male,Toronto,Basic
739,Jeffrey Fisher,60,Male,Toronto,Basic
740,Angela King,19,Female,Vancouver,Basic
741,Mario Wheeler,18,Male,Montreal,Basic
742,Ashley Torres,68,Female,Calgary,Basic
743,Evelyn Oliver,22,Female,Victoria,Basic
744,Gary Cook,57,Male,Banff,Basic
745,Scott Mccann,59,Male,Vancouver,VIP
746,Erica Valentine,28,Female,Winnipeg,Basic
747,Ernest Oconnell,30,Male,Ottawa,Basic
748,Mr. Michael Henry,40,Male,Whistler,Gold
749,David Bennett,55,Male,Toronto,Silver
750,James Wilson,18,Male,Quebec City,Basic
751,Kevin Gardner,52,Male,Toronto,Basic
752,Krista Benton,71,Female,Toronto,Basic
753,Michelle Gonzales,25,Female,Vancouver,VIP
754,Melissa Fuentes,59,Female,Ottawa,Basic
755,Jennifer Porter,30,Female,Montreal,Basic
756,Dana Hopkins,20,Female,Montreal,Basic
757,Rachel Jones,50,Female,Toronto,Basic
758,John Morales MD,29,Male,Victoria,Basic
759,Melissa Stephens,56,Female,Victoria,Basic
760,Heather Woodard,41,Female,Toronto,Basic
761,Mark Miller,42,Male,Quebec City,Basic
762,Matthew Kelly,49,Male,Toronto,Basic
763,Andrew Terrell,28,Male,Halifax,Basic
764,Jennifer Goodwin,40,Female,Vancouver,Silver
765,Mrs. Alexandra Green,47,Female,Montreal,Basic
766,Kelly Carpenter,74,Female,Vancouver,Silver
767,Jeremy Myers,19,Male,Halifax,Basic
768,Leah Mason,21,Female,Montreal,Basic
769,Alexander Garcia,50,Male,Quebec City,Basic
770,Tonya Wilson,59,Female,Ottawa,Basic
771,Brenda Collins,39,Female,Calgary,Basic
772,Christine Webb,69,Female,Winnipeg,Basic
773,Jessica Horton,39,Female,Quebec City,Basic
774,Elizabeth Patrick,65,Female,Vancouver,Basic
775,Samuel Wong,22,Male,Quebec City,Basic
776,Christopher Riggs,36,Male,Vancouver,Basic
777,Carrie Moore,49,Female,Toronto,Basic
778,Tyler Hall,64,Male,Vancouver,Gold
779,Cody Davidson,72,Male,Toronto,Basic
780,Allen Mendez,72,Male,Quebec City,Platinum
781,Kevin Price,57,Male,Toronto,Basic
782,Daniel Goodwin,58,Male,Niagara Falls,Basic
783,Amy Garcia,45,Female,Quebec City,Basic
784,Chelsea Nguyen,33,Female,Vancouver,Basic
785,Deborah Huffman,68,Female,Edmonton,Basic
786,Mark Harper,49,Male,Toronto,Basic
787,Kevin Bailey,31,Male,Vancouver,Basic
788,Lisa Cervantes,35,Female,Montreal,Basic
789,Elizabeth Mendez,52,Female,Vancouver,Basic
790,Brandi Wilson,48,Female,Calgary,Basic
791,Clayton Steele,45,Male,Edmonton,Basic
792,Jennifer Taylor,49,Female,Montreal,Platinum
793,Charlene Reid,19,Female,Toronto,Basic
794,Maria Cooke,74,Female,Vancouver,Basic
795,John Taylor,39,Male,Vancouver,Basic
796,Joanne Brown,44,Female,Quebec City,VIP
797,Alexandra Taylor,30,Female,Vancouver,Basic
798,Tracey Wagner,43,Female,Calgary,Basic
799,Michael Perry,71,Male,Vancouver,Basic
800,Katherine Miller,41,Female,Montreal,Silver
801,Philip Carter,47,Male,Toronto,Basic
802,Kimberly Jackson,21,Female,Niagara Falls,Basic
803,Natalie Cannon,28,Female,Vancouver,Basic
804,Ashley Wilson,30,Female,Quebec City,Gold
805,Samantha Richardson,26,Female,Niagara Falls,Basic
806,Andrew Ball,24,Male,Montreal,Basic
807,Wanda Garcia,33,Female,Vancouver,Basic
808,Paul Evans,28,Male,Toronto,Basic
809,Mrs. Hannah Montoya MD,33,Female,Montreal,Platinum
810,Patricia Young PhD,50,Female,Vancouver,Basic
811,Gregory Page,33,Male,Ottawa,Silver
812,Christopher Taylor,43,Male,Ottawa,Gold
813,Christine Brown,21,Female,Toronto,Basic
814,Diana Ryan,36,Female,Quebec City,Basic
815,Michael Roberts,49,Male,Montreal,Basic
816,Scott Duke,68,Male,Montreal,Basic
817,Brandon Estes,75,Male,Vancouver,Basic
818,Tamara Riddle,47,Female,Toronto,Platinum
819,Beth Cline,59,Female,Whistler,Basic
820,Michelle Poole,55,Female,Vancouver,Platinum
821,Megan Burns,46,Female,Montreal,Basic
822,Derrick Perry,69,Male,Montreal,VIP
823,Mark Beard,46,Male,Toronto,Basic
824,Kelli Ramirez,34,Female,Vancouver,Basic
825,Jackie Clements,28,Female,Montreal,Silver
826,April Schroeder,72,Female,Montreal,Basic
827,Nicholas Ellis,35,Male,Whistler,Basic
828,Heather Brown,50,Female,Ottawa,Basic
829,Daniel Jordan,41,Male,Ottawa,VIP
830,Derrick Clayton,46,Male,Edmonton,Platinum
831,Laura Knight,20,Female,Toronto,Silver
832,Gregg Fleming,59,Male,Vancouver,Basic
833,Ariana Bowers,22,Female,Toronto,Basic
834,Becky Mathews,60,Female,Vancouver,Basic
835,Aaron Rubio,27,Male,Toronto,Platinum
836,Melissa Anderson,51,Female,Toronto,Basic
837,Christopher Cantu,71,Male,Quebec City,Basic
838,Matthew Wright,20,Male,Toronto,Basic
839,Stephanie Martin,50,Female,Kelowna,Silver
840,Eric Lyons,55,Male,Vancouver,Basic
841,Matthew Padilla,54,Male,Montreal,Basic
842,John Anderson,35,Male,Calgary,Basic
843,Melanie Smith,47,Female,Montreal,Basic
844,Ruth Mcneil,39,Female,Vancouver,Basic
845,Brandi Jones,60,Female,Montreal,Basic
846,Nicholas Garcia,54,Male,Winnipeg,Basic
847,Sierra Taylor,21,Female,Victoria,VIP
848,Paul Anderson,51,Male,Toronto,Basic
849,Brenda Moreno MD,39,Female,Edmonton,Basic
850,Jeremiah Bowen,45,Male,Halifax,Basic
851,Brittany Jenkins,44,Female,Victoria,Basic
852,Shannon Miller,69,Female,Whistler,Basic
853,Nicole Lawrence,26,Female,Vancouver,Silver
854,Tracey Edwards,28,Female,Vancouver,Platinum
855,Donald Miller,18,Male,Vancouver,Basic
856,Kyle Lawson,50,Male,Quebec City,Gold
857,Melissa Abbott,30,Female,Vancouver,Basic
858,Eric Holmes,54,Male,Vancouver,Basic
859,Nicole Phillips,47,Female,Montreal,Basic
860,Steven Blevins,25,Male,Ottawa,Basic
861,Brian Porter,74,Male,Winnipeg,Basic
862,Joseph Levine,24,Male,Ottawa,Basic
863,Taylor Anderson DVM,47,Female,Vancouver,Platinum
864,Holly Vega,45,Female,Quebec City,Basic
865,Troy Townsend,22,Male,Montreal,Silver
866,Austin Baker,19,Male,Toronto,Basic
867,Antonio Mccormick,39,Male,Vancouver,Platinum
868,Lori Mason,22,Female,Quebec City,Basic
869,Michael Miller,30,Male,Toronto,Basic
870,Luis Ramirez,59,Male,Quebec City,Basic
871,Kayla Harris,47,Female,Winnipeg,Silver
872,Joshua Myers,59,Male,Toronto,Basic
873,Sandra Becker,36,Female,Toronto,Platinum
874,Michael Blair,28,Male,Vancouver,Gold
875,Anthony Miller,19,Male,Vancouver,Basic
876,Jody Lynch,49,Female,Montreal,Basic
877,Patrick Yang,47,Male,Victoria,Basic
878,Michael Miles,50,Male,Winnipeg,Basic
879,Tiffany Mills,58,Female,Quebec City,Basic
880,Nathan Jackson,60,Male,Toronto,Basic
881,Richard Adams,38,Male,Kelowna,Basic
882,Patricia Johnson,57,Female,Vancouver,Basic
883,Dillon Brown,27,Male,Mont-Tremblant,Basic
884,Kenneth Jones,26,Male,Vancouver,Basic
885,Ian Porter,65,Male,Quebec City,Platinum
886,Holly Scott,40,Female,Winnipeg,Basic
887,Kenneth Sharp,54,Male,Toronto,Platinum
888,Jordan Williams,56,Male,Toronto,Basic
889,David Ruiz,55,Male,Ottawa,Basic
890,Chris Velazquez,20,Male,Toronto,Basic
891,Kristen Sloan,28,Female,Toronto,Basic
892,Jason Morris,71,Male,Montreal,VIP
893,Michelle Nelson,43,Female,Whistler,Basic
894,Jacqueline Shaw,42,Female,Quebec City,Basic
895,Christopher Brock,60,Male,Halifax,Basic
896,Troy Jones MD,40,Male,Toronto,Basic
897,Ryan Murphy,47,Male,Toronto,Silver
898,Aimee Gonzalez,59,Female,Montreal,Basic
899,Eric Dean,47,Male,Calgary,Basic
900,Leslie Snyder,69,Female,Victoria,Basic
901,Craig Mccullough,58,Male,Vancouver,VIP
902,David Smith,54,Male,Ottawa,Basic
903,David Reed,18,Male,Calgary,Basic
904,Shawn Tapia,33,Male,Montreal,Gold
905,Matthew Sweeney,37,Male,Toronto,Basic
906,Ashley Moreno,25,Female,Vancouver,Basic
907,Johnathan Brown,26,Male,Whistler,Basic
908,Dr. Brandon Morse PhD,63,Male,Halifax,Silver
909,Michael Watson,50,Male,Vancouver,Silver
910,Mrs. Anna Anderson,48,Female,Toronto,Basic
911,Benjamin Bradley,75,Male,Montreal,Basic
912,Victor Young,24,Male,Toronto,Platinum
913,Emily Owen,71,Female,Kelowna,Basic
914,Nicolas Stewart,53,Male,Vancouver,Basic
915,Angela Harris,36,Female,Ottawa,Basic
916,Kevin Moore,50,Male,Vancouver,Basic
917,John Russell,32,Male,Calgary,Basic
918,Vincent Clark,27,Male,Toronto,Platinum
919,Deborah Wilson,71,Female,Toronto,Platinum
920,Melissa Mckenzie,34,Female,Whistler,Basic
921,Andrew Huff,71,Male,Montreal,VIP
922,Anna Wright,55,Female,Vancouver,Silver
923,Jose Byrd,30,Male,Vancouver,Gold
924,William Johnson,64,Male,Quebec City,Basic
925,Jesse Adkins,51,Male,Quebec City,Basic
926,Joel Lara,19,Male,Quebec City,Basic
927,Alexandra Greer,28,Female,Toronto,Basic
928,Carlos Colon MD,41,Male,Quebec City,Basic
929,Matthew Aguilar,31,Male,Montreal,Basic
930,Robin Johnson,40,Female,Vancouver,Basic
931,Stephanie Ramos,56,Female,Montreal,VIP
932,Taylor Calderon,51,Male,Toronto,Basic
933,Andrew Murray,48,Male,Quebec City,Basic
934,Laura Underwood,49,Female,Toronto,Basic
935,Allen Vega,38,Male,Montreal,VIP
936,Cindy Lopez,23,Female,Toronto,Silver
937,Stephen Johnson,59,Male,Niagara Falls,Gold
938,Danielle Phillips,19,Female,Toronto,Basic
939,Juan Brown,61,Male,Vancouver,Basic
940,Breanna Gonzalez,74,Female,Victoria,Basic
941,Kelly Mccoy,48,Female,Toronto,Basic
942,Robert Mayo,23,Male,Banff,VIP
943,Ian Stephens,70,Male,Montreal,Basic
944,Thomas Shaw,20,Male,Vancouver,Basic
945,Christopher Flores,50,Male,Montreal,Platinum
946,Steven Osborne,57,Male,Victoria,Basic
947,William Moreno,19,Male,Ottawa,Basic
948,Yvonne Dickson,60,Female,Calgary,Basic
949,Mary Adams,34,Female,Quebec City,Basic
950,Sylvia Brown,71,Female,Banff,Basic
951,Mrs. Sarah Salinas MD,26,Female,Winnipeg,Basic
952,Sarah Thompson,43,Female,Victoria,Basic
953,Robert Wolfe,60,Male,Montreal,Basic
954,Alfred Haynes,35,Male,Montreal,Basic
955,Kristy Hart,18,Female,Niagara Falls,Basic
956,William Keith,21,Male,Ottawa,Basic
957,Eric Henry,55,Male,Vancouver,Basic
958,David Robinson,35,Male,Vancouver,Basic
959,Aaron Hardin,63,Male,Vancouver,Basic
960,Carlos Love,35,Male,Quebec City,VIP
961,Ryan Morris,46,Male,Vancouver,Basic
962,Kevin Stark,52,Male,Whistler,Basic
963,Sarah Valencia,50,Female,Quebec City,Basic
964,Mr. Tom Foster,35,Male,Quebec City,Gold
965,Elizabeth Taylor,52,Female,Vancouver,Basic
966,Tiffany Conner,75,Female,Quebec City,Basic
967,Mr. Christopher Novak,30,Male,Vancouver,Basic
968,Tanya Buchanan,25,Female,Vancouver,Basic
969,Leah Thompson,63,Female,Vancouver,Basic
970,Michael Anderson,50,Male,Ottawa,Gold
971,Travis Fry,33,Male,Whistler,Basic
972,Zachary Sanford,29,Male,Whistler,Basic
973,Lance Mccall,24,Male,Edmonton,Basic
974,Mrs. Krystal Zuniga,28,Female,Toronto,Platinum
975,Patrick Young,71,Male,Vancouver,Basic
976,Christopher Mcclure Jr.,23,Male,Toronto,Basic
977,Margaret Tanner,23,Female,Vancouver,Basic
978,Deborah Wright,51,Female,Edmonton,Silver
979,Dawn Rodriguez,42,Female,Vancouver,Basic
980,James Oconnor,32,Male,Montreal,Basic
981,Dr. Katherine Gray,40,Female,Victoria,Platinum
982,Ashley Mendoza,25,Female,Toronto,Basic
983,Marilyn Mcdaniel,20,Female,Vancouver,Basic
984,Angela Singleton,29,Female,Vancouver,VIP
985,Fernando Lynn,43,Male,Ottawa,Basic
986,Christopher Bennett,55,Male,Vancouver,Basic
987,Joshua Villanueva,59,Male,Montreal,Basic
988,Kirk Austin,52,Male,Montreal,VIP
989,Andre Dunlap,43,Male,Kelowna,Basic
990,Stacy Moore,20,Female,Halifax,Basic
991,Daniel Lee,18,Male,Winnipeg,Basic
992,Nathan Blair,18,Male,Calgary,VIP
993,Douglas Young,69,Male,Vancouver,Platinum
994,Kenneth Larsen,25,Male,Niagara Falls,Basic
995,Heather Patterson,38,Female,Montreal,Basic
996,Mary Greene,49,Female,Victoria,Silver
997,Alexander Jackson,25,Male,Mont-Tremblant,Basic
998,Bradley Anthony,36,Male,Montreal,Basic
999,Jennifer Burns,52,Female,Victoria,Silver
1000,Brandon Stephens,47,Male,Winnipeg,Basic
1001,Stacey Wood,30,Female,Mont-Tremblant,Basic
1002,Deborah Marshall,40,Female,Toronto,Basic
1003,Derrick Brown,51,Male,Ottawa,Basic
1004,Mary Miller,42,Female,Ottawa,Basic
1005,Kimberly Arellano,22,Female,Montreal,Gold
1006,Juan Randall,73,Male,Vancouver,Basic
1007,Jason Nichols,25,Male,Ottawa,Silver
1008,John Keith,44,Male,Toronto,Gold
1009,Blake Orr,59,Male,Vancouver,Silver
1010,Jonathan Lester,60,Male,Toronto,Basic
1011,Michael Oliver,71,Male,Vancouver,Basic
1012,Nicole Thompson,23,Female,Quebec City,Basic
1013,Valerie Stokes MD,32,Female,Vancouver,Silver
1014,William Graham,49,Male,Vancouver,Gold
1015,Mr. Roy Scott DVM,42,Male,Quebec City,Platinum
1016,Austin Hughes,47,Male,Montreal,Silver
1017,Gabriel Hill,55,Male,Whistler,Gold
1018,Shane Buchanan,56,Male,Toronto,Basic
1019,Joseph Barnes,40,Male,Victoria,Basic
1020,Charles Matthews,26,Male,Vancouver,Basic
1021,Teresa Buckley,48,Female,Vancouver,Platinum
1022,Brian Mitchell,23,Male,Vancouver,Basic
1023,Hailey Jenkins,55,Female,Toronto,Basic
1024,John Lynch,20,Male,Calgary,Basic
1025,Desiree Thomas,32,Female,Toronto,Silver
1026,Michael Williams,28,Male,Montreal,Basic
1027,Gary Young,28,Male,Toronto,Basic
1028,Tammie Prince,51,Female,Toronto,Basic
1029,Ruth Turner,70,Female,Vancouver,Basic
1030,Katherine Horton,27,Female,Toronto,Gold
1031,Sheila Taylor,54,Female,Toronto,Silver
1032,Mrs. Samantha Adams,75,Female,Montreal,Silver
1033,Maria Lopez,32,Female,Toronto,Basic
1034,Rodney Figueroa,19,Male,Edmonton,Basic
1035,Sharon Nicholson,40,Female,Ottawa,Basic
1036,Christopher Collins,22,Male,Montreal,Silver
1037,Brandy York,24,Female,Vancouver,Gold
1038,Allen Lee,60,Male,Niagara Falls,Basic
1039,Sara Wright,57,Female,Montreal,Basic
1040,Thomas Bush,32,Male,Ottawa,Platinum
1041,Rodney Wagner,21,Male,Quebec City,VIP
1042,Becky Johnson,53,Female,Edmonton,Silver
1043,Linda Thompson,57,Female,Vancouver,Basic
1044,Laurie Bailey,33,Female,Edmonton,Basic
1045,Steven Curry,49,Male,Toronto,Silver
1046,Dustin Hughes,20,Male,Vancouver,Basic
1047,Laura Hanna,19,Female,Calgary,Basic
1048,Matthew Byrd,44,Male,Montreal,Basic
1049,Jennifer Smith,30,Female,Winnipeg,Platinum
1050,Randall Smith,68,Male,Montreal,Basic
1051,Maria Burke,34,Female,Montreal,Basic
1052,David Trujillo,28,Male,Montreal,Basic
1053,Walter Day,50,Male,Montreal,Basic
1054,Jamie Bailey,56,Female,Edmonton,Basic
1055,Julie Byrd,23,Female,Vancouver,Silver
1056,Jennifer Garcia,32,Female,Vancouver,VIP
1057,Matthew Bridges,21,Male,Quebec City,Basic
1058,Matthew Lynch,39,Male,Toronto,Basic
1059,Ashley Brown,42,Female,Vancouver,Basic
1060,Margaret Hensley MD,41,Female,Vancouver,Basic
1061,Stephanie Evans,25,Female,Montreal,Silver
1062,Pamela Yoder,42,Female,Vancouver,Basic
1063,Robert Greene,64,Male,Vancouver,Basic
1064,Michael Griffith,19,Male,Ottawa,Basic
1065,Zachary Green,60,Male,Vancouver,Basic
1066,Jasmine Johnson,38,Female,Montreal,Basic
1067,Kenneth Lee,59,Male,Calgary,Basic
1068,Courtney Nichols,34,Female,Quebec City,Basic
1069,Susan Powers,42,Female,Niagara Falls,Silver
1070,Ryan Pittman,36,Male,Toronto,Basic
1071,Christopher Davis,31,Male,Quebec City,Gold
1072,David Stokes,28,Male,Quebec City,Basic
1073,Clayton Frazier,22,Male,Montreal,Basic
1074,Ann Kelly,20,Female,Vancouver,Basic
1075,Eric French,46,Male,Kelowna,Basic
1076,Debbie Carter,27,Female,Vancouver,Basic
1077,Julie Delacruz,47,Female,Vancouver,Gold
1078,Tony Jones,48,Male,Montreal,Gold
1079,Kathryn Dillon,31,Female,Vancouver,Basic
1080,Edwin Brown,57,Male,Banff,Silver
1081,Chad Gonzalez,21,Male,Kelowna,Basic
1082,Laura Knox,40,Female,Calgary,Basic
1083,Eugene Baldwin,22,Male,Whistler,Platinum
1084,Katherine Welch,45,Female,Quebec City,Platinum
1085,Madison Smith,46,Female,Calgary,Silver
1086,Paige Jackson,40,Female,Mont-Tremblant,Basic
1087,John Gallagher,29,Male,Mont-Tremblant,Basic
1088,Lucas Schultz,21,Male,Vancouver,Gold
1089,Vincent Reyes,42,Male,Victoria,Basic
1090,Christina Watson,42,Female,Niagara Falls,Basic
1091,Erica Whitaker,20,Female,Calgary,Basic
1092,Megan Sims,55,Female,Montreal,Basic
1093,Melissa Cooper,49,Female,Toronto,Basic
1094,Janet Chapman,21,Female,Montreal,VIP
1095,Samantha Evans,58,Female,Victoria,Basic
1096,Monica Carlson,39,Female,Victoria,Basic
1097,Stephen Cowan,74,Male,Whistler,Basic
1098,Stephanie Howard,52,Female,Mont-Tremblant,VIP
1099,Tiffany Hull,24,Female,Quebec City,Basic
1100,Crystal Acosta,27,Female,Toronto,Silver
1101,Morgan Lawrence,44,Female,Toronto,Silver
1102,Holly Santos,54,Female,Ottawa,Basic
1103,Shawn Scott,22,Male,Ottawa,Basic
1104,Amber Vang,22,Female,Vancouver,Basic
1105,Martha Smith,47,Female,Toronto,Basic
1106,Jennifer James,57,Female,Ottawa,Silver
1107,John Hernandez,23,Male,Niagara Falls,Basic
1108,Lorraine Turner,46,Female,Toronto,Basic
1109,Mary Nelson,49,Female,Kelowna,Basic
1110,Chad Rivas,39,Male,Whistler,Basic
1111,Michelle Wilson,19,Female,Vancouver,VIP
1112,Ashley Gonzalez,40,Female,Niagara Falls,Basic
1113,Deborah Mills,53,Female,Montreal,Basic
1114,Michele Phillips,33,Female,Quebec City,Platinum
1115,Jon Clark,18,Male,Vancouver,Basic
1116,Erin Smith,44,Female,Toronto,Basic
1117,Terry Conley,33,Male,Toronto,Basic
1118,Chase Davis,26,Male,Banff,Basic
1119,Nathaniel Garcia,61,Male,Montreal,Basic
1120,David Hinton,48,Male,Whistler,Basic
1121,Julie Garcia,32,Female,Halifax,Basic
1122,Amanda Roberts,59,Female,Quebec City,Basic
1123,Erik Rodgers,27,Male,Kelowna,Basic
1124,Olivia Williams,70,Female,Toronto,Gold
1125,Matthew Jackson,47,Male,Montreal,Basic
1126,Jeffrey Howell,24,Male,Toronto,Gold
1127,Anna Briggs,33,Female,Toronto,Basic
1128,Jennifer Rivers,33,Female,Vancouver,Basic
1129,James Jefferson,41,Male,Montreal,Basic
1130,Mariah Robles,50,Female,Montreal,Basic
1131,Michael Brown,36,Male,Quebec City,Silver
1132,Caitlin Perry,47,Female,Vancouver,Basic
1133,Robert Gregory,20,Male,Calgary,Basic
1134,James Howard,47,Male,Mont-Tremblant,Basic
1135,Michael Roberson,37,Male,Vancouver,Basic
1136,Mr. Thomas Rodriguez,59,Male,Toronto,Basic
1137,Angel Green,65,Male,Vancouver,Silver
1138,Michael Gregory,55,Male,Kelowna,Gold
1139,Kenneth Cunningham,53,Male,Whistler,Basic
1140,Michael Morgan MD,20,Male,Calgary,Basic
1141,Anna Stanley,60,Female,Vancouver,Gold
1142,Haley Rhodes,71,Female,Vancouver,Basic
1143,Ryan Grant,18,Male,Calgary,Basic
1144,Anthony Schneider Jr.,21,Male,Montreal,Basic
1145,Samuel Booth,43,Male,Toronto,Basic
1146,Katherine Allen,59,Female,Kelowna,Basic
1147,Mrs. Courtney Schneider,27,Female,Banff,Basic
1148,David Stevens,58,Male,Winnipeg,Gold
1149,Joan Gates,54,Female,Toronto,Basic
1150,Barbara Jimenez,75,Female,Banff,Basic
1151,Ashley Gutierrez,39,Female,Quebec City,Basic
1152,April Davis,27,Female,Niagara Falls,Basic
1153,Manuel Torres,35,Male,Montreal,Basic
1154,Christine Powers,59,Female,Toronto,Basic
1155,Heidi Brown,56,Female,Victoria,Silver
1156,Jordan Castro,31,Female,Calgary,Basic
1157,Kara Sandoval,24,Female,Niagara Falls,Basic
1158,Ashley Malone,66,Female,Whistler,Basic
1159,Gloria Gallegos,61,Female,Banff,Basic
1160,Mr. Joseph Park,60,Male,Vancouver,Basic
1161,Christopher Taylor,65,Male,Whistler,Gold
1162,Mikayla Rodriguez,18,Female,Niagara Falls,Basic
1163,Chelsea Conrad,19,Female,Victoria,Basic
1164,Jim Harrington,48,Male,Toronto,Basic
1165,Brian Perry,59,Male,Edmonton,Basic
1166,Ryan Chapman,33,Male,Toronto,Basic
1167,Joanna Barrett,25,Female,Vancouver,Basic
1168,Chad Porter,56,Male,Quebec City,Basic
1169,Amber Mcconnell,49,Female,Banff,Basic
1170,John Romero,73,Male,Calgary,Platinum
1171,Cassandra Lane,47,Female,Toronto,Basic
1172,Carl Hughes,18,Male,Calgary,Basic
1173,Stephen Gordon,54,Male,Vancouver,Platinum
1174,Veronica Moon,55,Female,Mont-Tremblant,Basic
1175,Denise Stuart,72,Female,Vancouver,Basic
1176,Mrs. Brandi Gutierrez,59,Female,Calgary,Platinum
1177,Paul Evans,22,Male,Toronto,Basic
1178,Shannon Joseph,69,Female,Winnipeg,Basic
1179,Mackenzie Harris,34,Female,Toronto,Platinum
1180,Dylan Reed,54,Male,Ottawa,VIP
1181,William Santos,40,Male,Toronto,Silver
1182,Jonathan Benson,45,Male,Montreal,VIP
1183,Ashley Bell,52,Female,Vancouver,Basic
1184,Laura Contreras,57,Female,Montreal,Basic
1185,Nicole Skinner,56,Female,Montreal,Basic
1186,Ryan Stokes,24,Male,Whistler,Basic
1187,Alexander Thomas,41,Male,Whistler,Basic
1188,Christina Christensen,60,Female,Ottawa,Basic
1189,Donna King,43,Female,Toronto,Silver
1190,Michael Phillips,25,Male,Toronto,Basic
1191,Amanda Cervantes,24,Female,Toronto,Basic
1192,Shawna Stevenson,22,Female,Winnipeg,Basic
1193,Natalie Hoffman,27,Female,Vancouver,Platinum
1194,Richard Lindsey,25,Male,Toronto,Basic
1195,Matthew House,38,Male,Quebec City,Platinum
1196,Tyler Daugherty,49,Male,Edmonton,Basic
1197,Juan Smith,39,Male,Toronto,Basic
1198,Marc Norman,66,Male,Montreal,Platinum
1199,Sandra Pruitt,50,Female,Ottawa,Basic
1200,Maria Fischer,48,Female,Quebec City,Basic
1201,Lindsey Parsons,51,Female,Edmonton,Basic
1202,Mrs. Cassandra Fleming,29,Female,Vancouver,Basic
1203,Carrie Palmer,47,Female,Banff,Basic
1204,Jeffrey Hawkins,61,Male,Vancouver,Basic
1205,Lauren Scott,31,Female,Toronto,Basic
1206,Michael Moore,31,Male,Toronto,Platinum
1207,Frank Williams,63,Male,Toronto,Basic
1208,Luis Stanley,39,Male,Vancouver,Platinum
1209,Kenneth Howard,27,Male,Quebec City,Basic
1210,Evan Robinson,18,Male,Vancouver,Basic
1211,Barry Wagner,45,Male,Vancouver,VIP
1212,Joshua Davis,49,Male,Vancouver,Basic
1213,Cindy Rivera,20,Female,Vancouver,VIP
1214,Colleen Goodwin,43,Female,Toronto,Gold
1215,Yesenia Colon,50,Female,Toronto,Platinum
1216,Alexa Caldwell MD,57,Female,Winnipeg,Gold
1217,Lisa Oliver,34,Female,Ottawa,Basic
1218,Michael Flores,20,Male,Ottawa,VIP
1219,Tony Cruz,39,Male,Whistler,Platinum
1220,Diane Pruitt,53,Female,Vancouver,VIP
1221,James Lang,45,Male,Mont-Tremblant,Basic
1222,Amanda Villanueva,18,Female,Calgary,Basic
1223,Kayla Vaughan,47,Female,Victoria,Basic
1224,Tyler Medina,59,Male,Calgary,Basic
1225,Ana Santiago,34,Female,Halifax,Gold
1226,Sean Coleman,35,Male,Montreal,Basic
1227,Joshua Park,66,Male,Toronto,Gold
1228,Patricia Lucas DVM,25,Female,Kelowna,Basic
1229,Brittany Stevens,45,Female,Toronto,Gold
1230,Anita Brown,60,Female,Toronto,Basic
1231,Kristin Andrews,50,Female,Toronto,Basic
1232,David Hughes,52,Male,Whistler,Silver
1233,Jessica Smith,28,Female,Montreal,Basic
1234,Joseph May,71,Male,Calgary,Basic
1235,Peter Richards,58,Male,Vancouver,Basic
1236,Benjamin Reilly,52,Male,Toronto,Platinum
1237,Richard Turner,39,Male,Toronto,Basic
1238,Pamela Kim,67,Female,Kelowna,Platinum
1239,Matthew Wells,28,Male,Toronto,Basic
1240,Brandy Myers,55,Female,Halifax,Basic
1241,Kimberly Choi,55,Female,Montreal,Basic
1242,Megan Sloan,32,Female,Quebec City,Basic
1243,Nicholas Brooks,23,Male,Whistler,Basic
1244,Juan Peters,46,Male,Vancouver,Basic
1245,Abigail Carlson,54,Female,Halifax,Basic
1246,Travis Torres,73,Male,Calgary,Basic
1247,Stephanie Cooper,70,Female,Toronto,Basic
1248,Matthew Hunt,35,Male,Toronto,Basic
1249,Connie Davenport,49,Female,Quebec City,Basic
1250,Catherine Marsh,36,Female,Toronto,Basic
1251,Sarah Randolph,40,Female,Vancouver,Platinum
1252,Joel Dunn IV,39,Male,Vancouver,VIP
1253,Annette Swanson,21,Female,Montreal,Gold
1254,Gary Anderson,21,Male,Quebec City,Basic
1255,Brett Harvey,43,Male,Quebec City,Basic
1256,Emily Hayes,58,Female,Vancouver,Basic
1257,Elizabeth Silva,29,Female,Quebec City,Basic
1258,Jacob Stewart,39,Male,Banff,Basic
1259,Abigail Sanchez,18,Female,Toronto,Basic
1260,Patrick Graham,27,Male,Mont-Tremblant,Basic
1261,Chad Quinn,36,Male,Whistler,Silver
1262,Julie Howard,18,Female,Toronto,Basic
1263,Kristen Thompson,28,Female,Victoria,Basic
1264,Ryan Trevino,23,Male,Calgary,Platinum
1265,Kimberly Baker,75,Female,Ottawa,Basic
1266,Billy Jones,26,Male,Vancouver,Basic
1267,Katie Johnson,18,Female,Edmonton,Basic
1268,Jared Lawrence,21,Male,Toronto,Silver
1269,Kristen Stephens,75,Female,Montreal,Silver
1270,Mrs. Patricia Diaz MD,50,Female,Montreal,Silver
1271,Nicholas Carter,43,Male,Toronto,Silver
1272,Jordan Sanders,68,Male,Vancouver,Basic
1273,Mary Charles,21,Female,Whistler,Basic
1274,Lucas Martin,41,Male,Quebec City,Platinum
1275,Jill White,19,Female,Vancouver,Basic
1276,Matthew Faulkner,39,Male,Vancouver,Basic
1277,Karen Howard,41,Female,Toronto,Basic
1278,John Brown,65,Male,Halifax,Basic
1279,Amanda Clark,62,Female,Toronto,Basic
1280,Isaiah Harrison,53,Male,Vancouver,Gold
1281,Anthony Hooper,49,Male,Winnipeg,Silver
1282,Michele Boyd,22,Female,Vancouver,Basic
1283,Sandy Baker,45,Female,Montreal,Basic
1284,Christopher Valdez,36,Male,Ottawa,Basic
1285,Martha Houston,59,Female,Ottawa,Basic
1286,James Solomon,24,Male,Vancouver,Basic
1287,Harry Parrish,49,Male,Vancouver,Silver
1288,Karen Munoz,36,Female,Vancouver,Basic
1289,Brenda Martin,39,Female,Quebec City,Basic
1290,Mason Lewis,66,Male,Quebec City,Silver
1291,Heidi Love,41,Female,Vancouver,Basic
1292,David Shepherd,27,Male,Kelowna,Basic
1293,John Mendoza,50,Male,Toronto,Basic
1294,Christopher Whitaker,24,Male,Vancouver,Basic
1295,Andrew Berry,26,Male,Toronto,Basic
1296,Mark Williams,63,Male,Montreal,Basic
1297,Amy Scott,63,Female,Whistler,Basic
1298,Tina Greene,27,Female,Niagara Falls,Basic
1299,Alicia Ball,29,Female,Winnipeg,Basic
1300,Diane Miller,23,Female,Mont-Tremblant,Gold
1301,Wendy Dillon,54,Female,Quebec City,Platinum
1302,Sandra Burke,57,Female,Quebec City,Gold
1303,Robert White,72,Male,Montreal,Basic
1304,Deborah Ramsey,18,Female,Vancouver,Gold
1305,Jody Garza,31,Female,Calgary,Silver
1306,James Rodriguez,69,Male,Toronto,Basic
1307,Scott Gordon,58,Male,Montreal,Basic
1308,Chase Davis,28,Male,Ottawa,Basic
1309,Lisa Williams,29,Female,Vancouver,Silver
1310,Kathy Wilson,43,Female,Toronto,Basic
1311,Bianca Munoz,22,Female,Halifax,Basic
1312,Steven Hampton,41,Male,Toronto,Basic
1313,Joseph Wood,34,Male,Vancouver,Basic
1314,Joseph Perez,48,Male,Vancouver,Basic
1315,Richard James,51,Male,Niagara Falls,Basic
1316,Patrick Juarez,29,Male,Vancouver,Basic
1317,Brent Anderson,73,Male,Halifax,Basic
1318,David Trevino,39,Male,Vancouver,Basic
1319,Sherri Ortiz,42,Female,Toronto,Basic
1320,Michael Clarke,39,Male,Toronto,Basic
1321,Autumn Smith,40,Female,Toronto,Platinum
1322,Melissa Stewart,32,Female,Ottawa,Silver
1323,Brittney Pearson,32,Female,Quebec City,VIP
1324,Sarah Henderson,72,Female,Toronto,Basic
1325,Desiree Becker,71,Female,Montreal,Basic
1326,Jennifer Bowers,36,Female,Montreal,Silver
1327,Jacob Peters,48,Male,Vancouver,Silver
1328,Elizabeth Cooper,23,Female,Montreal,Basic
1329,Nancy Wyatt,27,Female,Winnipeg,Basic
1330,Paul Griffin,30,Male,Montreal,VIP
1331,Christopher Lewis,23,Male,Vancouver,Basic
1332,Gina Pierce,73,Female,Calgary,Silver
1333,Michael Martin,43,Male,Quebec City,Basic
1334,Mrs. Anna Thomas,20,Female,Niagara Falls,Basic
1335,Jessica Brown,51,Female,Vancouver,Basic
1336,Bobby Johnson,52,Male,Vancouver,Basic
1337,Victoria Mendez,64,Female,Vancouver,Silver
1338,Michelle Harper,34,Female,Montreal,Basic
1339,Robert Bowman,25,Male,Toronto,Basic
1340,Christina Sandoval,70,Female,Montreal,Basic
1341,Dustin Johnson,38,Male,Vancouver,Basic
1342,Jose Hall,33,Male,Mont-Tremblant,Basic
1343,Amanda Allen,41,Female,Niagara Falls,Platinum
1344,Christopher Shea,31,Male,Vancouver,Basic
1345,Harry Foster,51,Male,Edmonton,Platinum
1346,Kelly Mclaughlin,44,Female,Quebec City,Basic
1347,Brandon Mitchell,36,Male,Vancouver,Basic
1348,Suzanne Bailey,49,Female,Vancouver,Basic
1349,Mr. Larry Lee,50,Male,Toronto,Silver
1350,Laura Green,31,Female,Montreal,Basic
1351,Ashley Jones,38,Female,Montreal,Basic
1352,Theresa Pratt,47,Female,Toronto,Basic
1353,Sherri Li,35,Female,Niagara Falls,Basic
1354,Melissa Church,45,Female,Toronto,Silver
1355,Randy Todd,42,Male,Toronto,Basic
1356,Mr. Joe Matthews,19,Male,Montreal,Gold
1357,Brian Jones,21,Male,Vancouver,Platinum
1358,Wendy Rhodes,50,Female,Toronto,Basic
1359,Ethan Moses,21,Male,Montreal,Basic
1360,Adam Collier,45,Male,Calgary,Silver
1361,Brandon Nunez,57,Male,Quebec City,VIP
1362,Angela Velazquez,39,Female,Quebec City,Basic
1363,Hayden Shannon,36,Male,Niagara Falls,Basic
1364,Travis Vega,39,Male,Banff,Basic
1365,Jonathan Gonzalez,49,Male,Toronto,Basic
1366,Shelley Clark,52,Female,Vancouver,Basic
1367,David Montgomery,35,Male,Toronto,Basic
1368,Brian Mora,46,Male,Kelowna,Silver
1369,Matthew Austin,31,Male,Vancouver,Platinum
1370,Joshua Williams,48,Male,Ottawa,Basic
1371,Marc Vasquez,30,Male,Toronto,Silver
1372,Stephanie Melton DDS,43,Female,Toronto,Basic
1373,Sydney Ramirez MD,21,Female,Toronto,Platinum
1374,Anthony Lloyd,61,Male,Toronto,Platinum
1375,Kimberly Shaw,22,Female,Calgary,Platinum
1376,Melissa Thompson,71,Female,Ottawa,Basic
1377,Melissa Stevens DDS,73,Female,Niagara Falls,Basic
1378,Christine Carpenter,57,Female,Calgary,Silver
1379,Louis Green,22,Male,Toronto,Basic
1380,Cynthia Ruiz,72,Female,Niagara Falls,Basic
1381,Jacob Jimenez,29,Male,Vancouver,Basic
1382,Michael Watson,40,Male,Victoria,Platinum
1383,Diana White,48,Female,Vancouver,Basic
1384,Kenneth Perez,74,Male,Vancouver,Basic
1385,Devin Young,46,Male,Quebec City,Basic
1386,James Thomas,72,Male,Quebec City,Basic
1387,Chase Shaffer,61,Male,Winnipeg,Basic
1388,Jonathan Cowan,52,Male,Ottawa,Basic
1389,Jose Le,41,Male,Vancouver,Gold
1390,Elijah Hart,24,Male,Vancouver,Basic
1391,Jennifer Vaughn,38,Female,Vancouver,Platinum
1392,Robin Woods,23,Female,Edmonton,Basic
1393,Joanna Cook,59,Female,Calgary,Basic
1394,Justin Frederick,64,Male,Vancouver,Silver
1395,Alejandro Martinez,48,Male,Calgary,VIP
1396,Tracey Gonzalez,34,Female,Niagara Falls,Basic
1397,Matthew Thompson,26,Male,Calgary,Basic
1398,Heather Nunez,30,Female,Toronto,Basic
1399,Nancy Preston,24,Female,Victoria,VIP
1400,Dustin Welch,41,Male,Vancouver,Basic
1401,Christopher Morton,25,Male,Quebec City,Platinum
1402,Lynn Duncan,68,Female,Vancouver,Silver
1403,Benjamin Martin,42,Male,Vancouver,Basic
1404,Emily Carter,69,Female,Toronto,Gold
1405,Maria Nelson,44,Female,Toronto,Gold
1406,Shari Cox,51,Female,Kelowna,Platinum
1407,Tracie Gutierrez,26,Female,Montreal,Basic
1408,Allison Luna,47,Female,Quebec City,Gold
1409,Teresa Haynes,40,Female,Kelowna,Basic
1410,Carol Garcia,18,Female,Niagara Falls,Basic
1411,Sherry Kelley,44,Female,Calgary,Basic
1412,James Hubbard,35,Male,Calgary,Basic
1413,Dennis Moore,21,Male,Kelowna,Basic
1414,Stephen Parker,27,Male,Vancouver,Basic
1415,Diane Sims,25,Female,Toronto,Basic
1416,Sara Johnson,31,Female,Quebec City,Basic
1417,Shannon Nguyen,50,Female,Vancouver,Basic
1418,William Fernandez,27,Male,Vancouver,Basic
1419,Jill Montes,39,Female,Quebec City,Basic
1420,Christopher Harper,64,Male,Vancouver,Basic
1421,Mark Elliott,73,Male,Niagara Falls,Basic
1422,Mark Collins,60,Male,Toronto,Basic
1423,Joshua Ballard,32,Male,Whistler,Basic
1424,Jacob Green,41,Male,Montreal,Basic
1425,April Ochoa,20,Female,Toronto,Basic
1426,Hailey Harrison,56,Female,Ottawa,Basic
1427,Tammy Arroyo,23,Female,Victoria,Basic
1428,Adam Jordan,75,Male,Niagara Falls,Basic
1429,David Smith,39,Male,Halifax,Basic
1430,Jason Castro,27,Male,Toronto,Silver
1431,Christopher Mclaughlin,67,Male,Calgary,Platinum
1432,Jamie Baker,48,Female,Vancouver,Basic
1433,Cynthia Duran,56,Female,Vancouver,Silver
1434,Rhonda Cohen,69,Female,Calgary,Basic
1435,Patrick Lamb,73,Male,Montreal,Basic
1436,Sarah White,30,Female,Vancouver,Basic
1437,Mark Williamson,64,Male,Halifax,Gold
1438,Marcus Lopez,37,Male,Vancouver,Silver
1439,Anthony Nichols,30,Male,Niagara Falls,Platinum
1440,Brian Adams,25,Male,Vancouver,Basic
1441,Monica Hall,23,Female,Toronto,Basic
1442,Katherine Peterson,67,Female,Toronto,Basic
1443,Rebecca Bolton,24,Female,Vancouver,Basic
1444,Raven Rivera,43,Female,Calgary,Basic
1445,Tiffany Brown,21,Female,Toronto,Basic
1446,Benjamin Harrison,30,Male,Toronto,Basic
1447,Sarah Roth,42,Female,Montreal,Basic
1448,Bryan Tate,57,Male,Montreal,Platinum
1449,Ray Ramos,19,Male,Victoria,Basic
1450,Andrew Murray,46,Male,Calgary,Basic
1451,Kelly Hendrix,38,Female,Vancouver,Basic
1452,Melanie Collins,50,Female,Vancouver,Silver
1453,Lori Williams,24,Female,Toronto,Silver
1454,Kelly King,34,Female,Toronto,Gold
1455,Cristian Clay,24,Male,Toronto,VIP
1456,Daniel Rodriguez,47,Male,Whistler,Basic
1457,Erika Jackson,64,Female,Vancouver,Basic
1458,Barbara Mccormick,37,Female,Vancouver,Platinum
1459,Andrew Logan,63,Male,Toronto,Basic
1460,Kyle Watson,32,Male,Montreal,Basic
1461,Christopher Davis,28,Male,Toronto,Basic
1462,Timothy Shea,56,Male,Ottawa,Basic
1463,Anthony Newman,41,Male,Toronto,Basic
1464,Rebecca Martinez,28,Female,Banff,Basic
1465,William Kramer,70,Male,Vancouver,Silver
1466,Robert Gonzales,46,Male,Toronto,Basic
1467,Melissa Howard,56,Female,Whistler,Basic
1468,Stephanie Washington,24,Female,Montreal,Platinum
1469,Edward Terry,33,Male,Vancouver,Platinum
1470,Chelsea Bailey,24,Female,Montreal,Basic
1471,Donald Guerra,41,Male,Quebec City,Basic
1472,Julian Jones,27,Male,Vancouver,Basic
1473,Elizabeth Baker,37,Female,Vancouver,Basic
1474,April Little,18,Female,Montreal,Basic
1475,Charlene Smith,33,Female,Vancouver,Silver
1476,Ricardo Allen,48,Male,Toronto,Basic
1477,Matthew Ryan,26,Male,Vancouver,Basic
1478,Joseph Jimenez,71,Male,Banff,Gold
1479,Lisa Morris,18,Female,Montreal,VIP
1480,Ashley Mills,24,Female,Niagara Falls,Basic
1481,Sandy Anderson,25,Female,Vancouver,Basic
1482,Christina Washington,49,Female,Montreal,Silver
1483,Kenneth Huff,44,Male,Toronto,Basic
1484,Joseph Miles,34,Male,Quebec City,Basic
1485,Jacob Obrien,35,Male,Toronto,Basic
1486,Tara Clark,62,Female,Ottawa,Basic
1487,Steve Miller,24,Male,Toronto,Gold
1488,Amy Grant,21,Female,Victoria,Basic
1489,Jennifer Wood,45,Female,Kelowna,Basic
1490,Rodney Baker,51,Male,Toronto,Silver
1491,Andrea Torres,44,Female,Toronto,Basic
1492,Toni Davis,18,Female,Toronto,Basic
1493,Kim Lopez,21,Female,Toronto,Basic
1494,Danielle Garrett,28,Female,Vancouver,Platinum
1495,Paul Perry,19,Male,Vancouver,Platinum
1496,Mark Howard,40,Male,Niagara Falls,Platinum
1497,Mary Andrade,26,Female,Vancouver,Basic
1498,Catherine Morales,54,Female,Vancouver,Basic
1499,Brooke Murillo,73,Female,Mont-Tremblant,Silver
1500,Heather Edwards,73,Female,Calgary,Basic
1501,Erika Watson PhD,60,Female,Banff,Basic
1502,Molly Franklin,23,Female,Winnipeg,Basic
1503,Daniel Cannon,42,Male,Quebec City,Basic
1504,Dawn Nixon,67,Female,Vancouver,Basic
1505,Jennifer Barber,57,Female,Toronto,Silver
1506,Linda Holmes DVM,52,Female,Ottawa,Basic
1507,Elizabeth Walker,26,Female,Montreal,Basic
1508,Alison Short,33,Female,Vancouver,Basic
1509,Desiree Spencer,64,Female,Vancouver,Basic
1510,Timothy Moore,49,Male,Vancouver,Basic
1511,Henry Taylor,47,Male,Montreal,Basic
1512,Kevin Hall,21,Male,Toronto,Basic
1513,Brandon Ross,20,Male,Ottawa,Basic
1514,Nicholas Cummings,29,Male,Vancouver,Basic
1515,Christopher Petersen,50,Male,Toronto,Gold
1516,Laura Velez,53,Female,Mont-Tremblant,Basic
1517,Eric Cross,19,Male,Montreal,VIP
1518,Blake Brown,52,Male,Vancouver,Gold
1519,Hannah Montoya,25,Female,Montreal,Basic
1520,Sean Kane,23,Male,Quebec City,Basic
1521,Matthew Guzman,55,Male,Toronto,Basic
1522,Richard Reyes,54,Male,Toronto,Basic
1523,Andrew Fernandez,27,Male,Quebec City,Basic
1524,Jonathan Walker,38,Male,Toronto,Basic
1525,Nicholas Long,24,Male,Ottawa,VIP
1526,Kurt Wagner,32,Male,Montreal,Silver
1527,Donna Foster,30,Female,Vancouver,Basic
1528,Angela Duncan,21,Female,Whistler,Gold
1529,Jennifer Miller,26,Female,Montreal,Silver
1530,Patricia Anderson,33,Female,Vancouver,Basic
1531,Justin Freeman,73,Male,Calgary,Basic
1532,Christina Gilbert,70,Female,Quebec City,Basic
1533,David Jones,69,Male,Whistler,Silver
1534,Frank Glass,34,Male,Niagara Falls,Basic
1535,Michael Henderson,20,Male,Ottawa,Basic
1536,Erica Wheeler,59,Female,Calgary,Basic
1537,Elizabeth Huerta,22,Female,Vancouver,Gold
1538,William Ramos,39,Male,Vancouver,Basic
1539,Andrew Meyers,71,Male,Toronto,VIP
1540,Jacqueline Todd,45,Female,Toronto,Basic
1541,Ashley Brown,64,Female,Vancouver,Basic
1542,Timothy Melton,59,Male,Toronto,Basic
1543,Alexis Benson,42,Female,Toronto,Basic
1544,Joanna Johnson,44,Female,Toronto,Basic
1545,Kimberly Harris,21,Female,Vancouver,Basic
1546,David Webb,66,Male,Victoria,VIP
1547,Charles Hale,28,Male,Vancouver,Basic
1548,Kevin Alvarado,31,Male,Vancouver,Silver
1549,Christopher Campbell,53,Male,Toronto,Basic
1550,Luke Brown,65,Male,Toronto,Basic
1551,Adam Price,50,Male,Kelowna,Basic
1552,Sarah Keller,51,Female,Toronto,Basic
1553,Alec Dillon,72,Male,Ottawa,Silver
1554,David James,33,Male,Montreal,Basic
1555,Ariana Stewart DVM,29,Female,Winnipeg,Platinum
1556,Charlotte Mason,48,Female,Toronto,Silver
1557,Tammy Smith,57,Female,Vancouver,Basic
1558,Kendra Cook,66,Female,Banff,Basic
1559,Christopher Reed,72,Male,Montreal,VIP
1560,Mario Young,58,Male,Montreal,Silver
1561,Jonathan Cain DDS,34,Male,Quebec City,Basic
1562,Steve Briggs,58,Male,Quebec City,Silver
1563,Kristen Ramirez,19,Female,Banff,Basic
1564,Stephanie Sandoval,44,Female,Ottawa,Basic
1565,Janet Yu,30,Female,Calgary,Gold
1566,Lori Perez,48,Female,Toronto,Basic
1567,Brittany Waller,67,Female,Mont-Tremblant,Basic
1568,Gary Daniels,73,Male,Vancouver,Basic
1569,Charles Weaver,58,Male,Calgary,Basic
1570,Scott Parker,23,Male,Halifax,Basic
1571,Joseph Taylor,27,Male,Winnipeg,Basic
1572,Dr. Charles Fitzpatrick DVM,46,Male,Banff,Basic
1573,Kristin Fry,63,Female,Vancouver,Basic
1574,Evan Hobbs,49,Male,Montreal,Basic
1575,Pamela Beard,53,Female,Halifax,Basic
1576,Jason Ramos,18,Male,Quebec City,Basic
1577,Stephanie Mahoney,62,Female,Quebec City,Basic
1578,Peggy Rodriguez,56,Female,Toronto,Basic
1579,Phillip Salazar,57,Male,Victoria,Basic
1580,Latasha Hall,48,Female,Toronto,Platinum
1581,Michael Howard,34,Male,Toronto,Basic
1582,Karen Shaw,44,Female,Victoria,Basic
1583,Michelle Brooks,24,Female,Vancouver,Basic
1584,Katherine Taylor,18,Female,Mont-Tremblant,Basic
1585,Amanda Duran,23,Female,Winnipeg,Basic
1586,Debra Gutierrez,22,Female,Niagara Falls,Basic
1587,William Todd,33,Male,Vancouver,Basic
1588,Timothy Duke,19,Male,Ottawa,Platinum
1589,John Nguyen,66,Male,Ottawa,Basic
1590,Danielle Sullivan,41,Female,Niagara Falls,Basic
1591,Nancy James,57,Female,Toronto,Silver
1592,Logan Newton,25,Male,Montreal,Basic
1593,Joseph Liu,32,Male,Quebec City,Basic
1594,Joseph Hayes,47,Male,Montreal,Platinum
1595,Andrew Forbes,40,Male,Vancouver,Basic
1596,James Moss,21,Male,Toronto,Basic
1597,Kelli Mccoy,23,Female,Calgary,Silver
1598,Doris Sanders,36,Female,Quebec City,Basic
1599,Samantha Murray,22,Female,Ottawa,Platinum
1600,Lisa Brown,58,Female,Calgary,Basic
1601,Charles Gallegos,25,Male,Montreal,VIP
1602,Nathan Wilson,23,Male,Quebec City,Basic
1603,Todd Horton,45,Male,Mont-Tremblant,Basic
1604,Jason Hayes,75,Male,Montreal,Basic
1605,Kevin Marquez,58,Male,Ottawa,Basic
1606,Jesse Wright,55,Male,Montreal,Basic
1607,Susan Hogan,32,Female,Halifax,Platinum
1608,Caleb Wilson,49,Male,Toronto,Basic
1609,Jack Mills,21,Male,Ottawa,Gold
1610,Raven Hunt,18,Female,Vancouver,Silver
1611,Jamie James,23,Female,Calgary,Silver
1612,Susan Cunningham,70,Female,Montreal,Basic
1613,Brittany Melton,75,Female,Vancouver,Basic
1614,Michelle Barnes,60,Female,Winnipeg,Basic
1615,Randy Griffin,38,Male,Ottawa,Basic
1616,Bruce Anderson,51,Male,Calgary,Basic
1617,Marcus King,59,Male,Banff,Basic
1618,Scott Stephens,55,Male,Edmonton,Basic
1619,Stephen Young,33,Male,Vancouver,Basic
1620,Karen Ortiz,41,Female,Toronto,Basic
1621,Kyle Sanchez,71,Male,Toronto,Basic
1622,Manuel Grant,25,Male,Toronto,Basic
1623,Anthony Hernandez,31,Male,Vancouver,Basic
1624,Andrew Nash,43,Male,Vancouver,Basic
1625,Sara Evans,38,Female,Toronto,Basic
1626,Amber Butler,32,Female,Calgary,Basic
1627,Michael Carr,18,Male,Quebec City,Basic
1628,Kurt Cobb,72,Male,Ottawa,Basic
1629,Jordan Riley,65,Female,Montreal,Basic
1630,Anna Evans,54,Female,Ottawa,Basic
1631,Jamie Jones,38,Female,Halifax,Basic
1632,Krista Carter,23,Female,Whistler,Basic
1633,Michael Hill,34,Male,Winnipeg,Platinum
1634,Kelly Dominguez,23,Female,Kelowna,Basic
1635,Brian Blair,18,Male,Quebec City,VIP
1636,Victoria Webb,20,Female,Victoria,Basic
1637,Timothy Andersen,40,Male,Winnipeg,Basic
1638,Lee Stewart,23,Male,Vancouver,Basic
1639,Whitney Gomez,74,Female,Quebec City,Basic
1640,Kristine Stone,24,Female,Halifax,Basic
1641,Katherine White,24,Female,Vancouver,Silver
1642,Michelle Krause,53,Female,Whistler,Basic
1643,Alexander Garrett,69,Male,Toronto,Platinum
1644,Ryan Marsh,53,Male,Vancouver,Basic
1645,Mr. Gene Castro DDS,58,Male,Victoria,Basic
1646,Curtis Campbell,18,Male,Montreal,Basic
1647,Eric Hunter,70,Male,Quebec City,Basic
1648,Aaron Jennings,43,Male,Toronto,Basic
1649,Nathaniel Gilbert,42,Male,Vancouver,Gold
1650,Christopher Rivera,73,Male,Halifax,Basic
1651,Michael Hendricks,22,Male,Toronto,Silver
1652,Maria Olson,30,Female,Montreal,Basic
1653,Stephanie Herrera,32,Female,Whistler,Platinum
1654,Richard Gutierrez,39,Male,Banff,Basic
1655,Russell Evans,35,Male,Vancouver,Basic
1656,Emily Herrera,41,Female,Victoria,Gold
1657,Melissa Marsh,56,Female,Montreal,Basic
1658,Hayden Montes,26,Male,Toronto,Silver
1659,Andre Terrell,73,Male,Vancouver,Basic
1660,Sarah Duncan,54,Female,Toronto,Gold
1661,Linda Hancock,43,Female,Halifax,Basic
1662,Michele Edwards,27,Female,Toronto,Basic
1663,Jason Crawford,27,Male,Calgary,Silver
1664,Jesse Sampson,25,Male,Toronto,Platinum
1665,Eric Rodriguez,45,Male,Banff,Basic
1666,Richard Gentry,19,Male,Montreal,Basic
1667,Alexander Webb,41,Male,Toronto,Basic
1668,Cheryl Mclean,53,Female,Banff,Basic
1669,Kelly Rowe,29,Female,Toronto,Gold
1670,Shane Short,51,Male,Montreal,Basic
1671,Megan Anderson,37,Female,Vancouver,Basic
1672,Joe Reeves,29,Male,Vancouver,Basic
1673,April Randolph,28,Female,Whistler,Basic
1674,Linda Miller,68,Female,Whistler,Basic
1675,Angel Meyer,35,Male,Vancouver,Silver
1676,Erik Lane,56,Male,Calgary,Basic
1677,Stephanie Flores,28,Female,Vancouver,Basic
1678,Destiny Flores,44,Female,Quebec City,Basic
1679,Bruce Hernandez,53,Male,Toronto,Basic
1680,Adrian Dean,57,Male,Toronto,Basic
1681,Daniel Bell,60,Male,Niagara Falls,Basic
1682,Brenda Bush,52,Female,Toronto,Platinum
1683,David Jones,75,Male,Toronto,Basic
1684,Gina Wallace,23,Female,Quebec City,Gold
1685,John Lowe,57,Male,Toronto,Basic
1686,Anthony Simmons,38,Male,Vancouver,Silver
1687,Linda Watkins,47,Female,Quebec City,Basic
1688,Michael Jensen,45,Male,Vancouver,Basic
1689,Robert Marquez,28,Male,Montreal,Basic
1690,Kim Beltran,40,Female,Quebec City,Basic
1691,John Anderson,41,Male,Whistler,Basic
1692,Tamara Mcdonald,25,Female,Vancouver,Basic
1693,Michael Mckinney,75,Male,Banff,Basic
1694,Crystal Walker,22,Female,Toronto,Basic
1695,Lisa Durham,41,Female,Quebec City,Basic
1696,Melissa Ortega,65,Female,Calgary,Basic
1697,Stephen Chavez,61,Male,Toronto,Basic
1698,Karen Bell,46,Female,Vancouver,Basic
1699,Carolyn Tate,46,Female,Vancouver,Basic
1700,Bethany Garcia,75,Female,Quebec City,Platinum
1701,Robert Nguyen,26,Male,Vancouver,Basic
1702,Rebecca Patel,64,Female,Toronto,Basic
1703,Jennifer Oliver,41,Female,Calgary,Silver
1704,William Reyes,49,Male,Vancouver,Basic
1705,Robert Garza,75,Male,Vancouver,Basic
1706,Jeffrey Cobb,27,Male,Toronto,Basic
1707,Cynthia Bates,30,Female,Winnipeg,Basic
1708,Tara Andrews,20,Female,Montreal,Basic
1709,Leslie Ford,65,Female,Toronto,Basic
1710,Samantha Thompson,26,Female,Vancouver,Silver
1711,Andrea Rodriguez,68,Female,Ottawa,Platinum
1712,Raymond Gray,53,Male,Vancouver,Basic
1713,Matthew Davis,44,Male,Vancouver,Basic
1714,Stacy Berger,26,Female,Vancouver,Basic
1715,Aaron Thomas,72,Male,Montreal,Silver
1716,Joseph Price,53,Male,Vancouver,Basic
1717,Craig Maldonado,41,Male,Montreal,Gold
1718,Kelly Gentry,20,Male,Calgary,Basic
1719,Tony Graham,45,Male,Mont-Tremblant,Silver
1720,Hailey Davis MD,35,Female,Edmonton,Basic
1721,Jared Anderson IV,30,Male,Banff,Basic
1722,Kimberly Brown,43,Female,Vancouver,Silver
1723,Robert Howard,68,Male,Ottawa,Platinum
1724,Sean Young,53,Male,Toronto,Basic
1725,James Flores,37,Male,Vancouver,Basic
1726,Jane Gardner,48,Female,Vancouver,Basic
1727,Karen Lopez,29,Female,Montreal,Basic
1728,Tim Larsen,51,Male,Vancouver,Basic
1729,Yolanda Santiago,47,Female,Montreal,Basic
1730,Benjamin Smith,36,Male,Quebec City,Basic
1731,John Kim,18,Male,Toronto,Basic
1732,Bradley May MD,52,Male,Toronto,Silver
1733,Richard Munoz,56,Male,Montreal,Basic
1734,Christopher Hicks,32,Male,Montreal,Basic
1735,Jerry Kelly,58,Male,Toronto,Basic
1736,Larry Lane,56,Male,Vancouver,Basic
1737,David Shaw,70,Male,Toronto,Basic
1738,Joshua Richardson,48,Male,Quebec City,Gold
1739,Laura Bush MD,40,Female,Niagara Falls,Basic
1740,Melissa Thomas,28,Female,Toronto,Basic
1741,William Terrell,42,Male,Montreal,Basic
1742,Julie Miller,59,Female,Vancouver,Basic
1743,Ann Kennedy,40,Female,Vancouver,Basic
1744,Toni Miller,42,Female,Vancouver,Basic
1745,Rebecca Edwards,52,Female,Montreal,Basic
1746,Gwendolyn Osborne,26,Female,Vancouver,Platinum
1747,Kayla Harrison,54,Female,Vancouver,Basic
1748,Jason Yu,25,Male,Quebec City,Silver
1749,Donna Johnson,19,Female,Vancouver,Silver
1750,Paul Acosta,18,Male,Halifax,Basic
1751,Antonio Kennedy,41,Male,Mont-Tremblant,Basic
1752,Amber Mooney,48,Female,Vancouver,Gold
1753,Lori Mitchell,18,Female,Toronto,Platinum
1754,Kathy York,58,Female,Vancouver,Basic
1755,Casey Campbell,47,Male,Toronto,Basic
1756,Alexis Rodriguez,39,Female,Montreal,Basic
1757,Leslie Hernandez,22,Female,Montreal,Basic
1758,Rhonda Green,42,Female,Vancouver,Basic
1759,Kari Lloyd,21,Female,Montreal,Basic
1760,Grant Miller,34,Male,Toronto,Basic
1761,Taylor Moore,37,Female,Winnipeg,Silver
1762,Wendy Townsend,21,Female,Quebec City,Basic
1763,Jessica Walsh,26,Female,Montreal,Basic
1764,Morgan Reed,38,Female,Niagara Falls,Basic
1765,Nicole Wilson,54,Female,Mont-Tremblant,Silver
1766,James Turner,68,Male,Vancouver,Gold
1767,Nicole Patel,23,Female,Banff,Silver
1768,Michael Wells,23,Male,Vancouver,Basic
1769,Sheila Smith,55,Female,Whistler,Basic
1770,Joan Gregory,35,Female,Halifax,Basic
1771,Mr. Andrew Hardin,45,Male,Vancouver,Basic
1772,Tyler Reynolds,25,Male,Toronto,Gold
1773,Scott Rogers,19,Male,Kelowna,Gold
1774,Brett Pena,26,Male,Quebec City,Silver
1775,Patricia Curry,52,Female,Quebec City,Basic
1776,Kevin Lee,36,Male,Whistler,Basic
1777,Melissa White,60,Female,Vancouver,Basic
1778,Megan Decker,58,Female,Kelowna,Basic
1779,Brent Garcia,39,Male,Calgary,Basic
1780,Daniel Campbell,74,Male,Banff,Basic
1781,Alexander Davis,35,Male,Whistler,Silver
1782,Mary Houston,39,Female,Vancouver,Gold
1783,Mark Erickson,25,Male,Ottawa,Basic
1784,Scott Anderson,34,Male,Montreal,Silver
1785,Stephanie Knight,49,Female,Quebec City,Basic
1786,Dr. Melissa King,23,Female,Mont-Tremblant,Silver
1787,Taylor Fowler,40,Female,Montreal,VIP
1788,Donald Simmons,54,Male,Banff,Platinum
1789,Randy Morris,45,Male,Toronto,Basic
1790,Benjamin Waters,44,Male,Toronto,Basic
1791,Faith Brown,46,Female,Vancouver,Basic
1792,Deborah Alexander,22,Female,Whistler,Basic
1793,Tanya Bishop,45,Female,Toronto,Gold
1794,Johnathan Thomas,57,Male,Toronto,Basic
1795,Daniel Schneider,29,Male,Vancouver,Basic
1796,Michelle Garcia,57,Female,Vancouver,Basic
1797,Laura King,36,Female,Vancouver,VIP
1798,Stephanie Hernandez,48,Female,Montreal,Basic
1799,Tasha Ortega,44,Female,Quebec City,Basic
1800,Melissa Conway,62,Female,Quebec City,Basic
1801,Kaylee Case,24,Female,Quebec City,Basic
1802,Jessica Anthony,25,Female,Vancouver,Basic
1803,Richard Fernandez,42,Male,Whistler,Basic
1804,Tiffany Meyers,44,Female,Vancouver,Basic
1805,Latoya Donovan,31,Female,Niagara Falls,Basic
1806,Michael Morales,26,Male,Ottawa,Basic
1807,Tina Davis,24,Female,Montreal,Basic
1808,Tyler Miller,67,Male,Vancouver,Basic
1809,Randall Holland,71,Male,Vancouver,Basic
1810,Amanda Cruz,22,Female,Montreal,Basic
1811,Melissa Mosley,37,Female,Montreal,Basic
1812,Heather Miller,75,Female,Toronto,Basic
1813,Nicolas Taylor,33,Male,Montreal,VIP
1814,Michelle Watkins,19,Female,Montreal,Basic
1815,Arthur Fernandez,23,Male,Quebec City,Platinum
1816,Joseph Flowers,22,Male,Banff,Gold
1817,Zachary Johnson,57,Male,Niagara Falls,Basic
1818,Richard Williams,48,Male,Ottawa,Basic
1819,Robert Contreras,57,Male,Vancouver,Silver
1820,Michael Sawyer,60,Male,Vancouver,Basic
1821,Kerry Buckley,70,Male,Toronto,Basic
1822,Charles Valdez,61,Male,Toronto,Gold
1823,Thomas Williams,32,Male,Vancouver,Basic
1824,Bianca Jackson,39,Female,Montreal,Platinum
1825,Elizabeth Leon,74,Female,Vancouver,Basic
1826,Christopher Garza,53,Male,Calgary,Basic
1827,Brian Crawford,23,Male,Halifax,Silver
1828,Daniel Brock,51,Male,Vancouver,Basic
1829,Robert Hendrix,35,Male,Toronto,Basic
1830,Frederick Daugherty,29,Male,Quebec City,Basic
1831,Chad Copeland,22,Male,Vancouver,Basic
1832,Phillip Watkins,60,Male,Winnipeg,Basic
1833,Bryan Thomas,73,Male,Montreal,Basic
1834,Melissa Tran,50,Female,Whistler,Basic
1835,Tammy Williams,28,Female,Ottawa,Basic
1836,Ryan Salazar,71,Male,Quebec City,Basic
1837,Alexis Tucker,34,Female,Mont-Tremblant,Basic
1838,Christopher Davis,67,Male,Vancouver,Basic
1839,Stephen Butler,49,Male,Ottawa,Basic
1840,Raymond Schwartz,26,Male,Vancouver,Basic
1841,Margaret Mills,40,Female,Toronto,Basic
1842,Todd Bishop,62,Male,Toronto,Basic
1843,Christopher Porter,45,Male,Edmonton,Silver
1844,Mark Patton,21,Male,Vancouver,Basic
1845,Abigail Young,49,Female,Vancouver,Basic
1846,Joseph Davis,58,Male,Vancouver,Basic
1847,Philip Fernandez,43,Male,Vancouver,Basic
1848,Randy Hopkins,59,Male,Banff,Basic
1849,Cheryl Hogan,49,Female,Montreal,Basic
1850,Warren Wells,54,Male,Vancouver,Basic
1851,Meagan Williams,47,Female,Montreal,Basic
1852,Dustin Hamilton,69,Male,Calgary,Basic
1853,Renee Chang,41,Female,Calgary,Platinum
1854,Patrick Buckley,29,Male,Toronto,Basic
1855,Rachel Washington,23,Female,Vancouver,Basic
1856,Steven Griffith,59,Male,Quebec City,Basic
1857,Gabriel Gonzalez,23,Male,Quebec City,Basic
1858,Gabriel Maxwell,64,Male,Edmonton,Platinum
1859,Brent Rojas,57,Male,Quebec City,Basic
1860,James Walker,51,Male,Kelowna,Basic
1861,Kari Zamora,46,Female,Winnipeg,Basic
1862,Tanya Gibson,34,Female,Montreal,Basic
1863,Chad Cortez,34,Male,Vancouver,Basic
1864,William Harris,56,Male,Toronto,Basic
1865,Melissa Brown,35,Female,Mont-Tremblant,Basic
1866,Sarah Ellis,48,Female,Vancouver,Basic
1867,Greg Tanner,38,Male,Banff,Silver
1868,Richard Little,25,Male,Calgary,VIP
1869,Carolyn Cordova,21,Female,Vancouver,Basic
1870,Angelica Vincent,47,Female,Quebec City,Basic
1871,Zachary Vargas,39,Male,Vancouver,Basic
1872,Douglas Blair,60,Male,Toronto,Platinum
1873,David Murphy,48,Male,Montreal,Basic
1874,Steven Vargas,73,Male,Banff,Basic
1875,Laura Smith,45,Female,Montreal,Platinum
1876,Amanda Ruiz PhD,37,Female,Ottawa,Basic
1877,Kim Mendoza,44,Female,Ottawa,Gold
1878,Roberto Chavez,24,Male,Montreal,Basic
1879,Justin Smith,37,Male,Toronto,Gold
1880,Travis Anderson,22,Male,Toronto,Gold
1881,Matthew Davis,56,Male,Vancouver,Basic
1882,Elizabeth Warner,34,Female,Vancouver,Basic
1883,Paul Johnson,19,Male,Vancouver,Basic
1884,Raymond Sawyer,19,Male,Toronto,Basic
1885,Rachel Wood,43,Female,Calgary,Basic
1886,Madeline Dalton,59,Female,Toronto,Basic
1887,Stephanie Cook,48,Female,Vancouver,VIP
1888,Jessica Nelson,58,Female,Vancouver,Basic
1889,Kimberly Norton,47,Female,Halifax,Basic
1890,Brad Gilmore,38,Male,Quebec City,Basic
1891,Amy Dougherty,27,Female,Montreal,Silver
1892,Stacy Rodriguez,53,Female,Montreal,Basic
1893,Manuel Diaz,29,Male,Vancouver,Basic
1894,Justin Jones,39,Male,Toronto,Basic
1895,Daniel Zavala,59,Male,Quebec City,Basic
1896,Brian Mendoza,61,Male,Vancouver,Basic
1897,Kevin Haley,68,Male,Vancouver,Basic
1898,Patrick Perez,27,Male,Kelowna,Basic
1899,Derek Frazier,26,Male,Vancouver,Basic
1900,Amy Reed,27,Female,Quebec City,Basic
1901,Joseph Martinez,54,Male,Quebec City,Basic
1902,Meghan Patel,27,Female,Niagara Falls,Basic
1903,Marc Marsh,22,Male,Toronto,Basic
1904,Rhonda Everett,42,Female,Vancouver,Basic
1905,Steven Ellis,48,Male,Calgary,Basic
1906,Stephanie Roberts,41,Female,Vancouver,Basic
1907,Brian Hill,63,Male,Niagara Falls,Basic
1908,Kathleen Golden,43,Female,Calgary,Basic
1909,Lori Carter,42,Female,Vancouver,Basic
1910,Mr. Carlos Reed,47,Male,Quebec City,Silver
1911,Matthew Carter,27,Male,Quebec City,Basic
1912,Shane Hall,57,Male,Quebec City,Gold
1913,Matthew Jenkins,36,Male,Toronto,Platinum
1914,Matthew Nguyen,29,Male,Vancouver,Basic
1915,Melissa Wilkinson,73,Female,Toronto,Basic
1916,Elizabeth Anderson,50,Female,Vancouver,Silver
1917,Carolyn Green,58,Female,Whistler,VIP
1918,Wesley Carrillo,37,Male,Whistler,Basic
1919,Heather Bryant,72,Female,Toronto,Basic
1920,Thomas Joseph,30,Male,Vancouver,Silver
1921,Valerie Franco,32,Female,Toronto,Gold
1922,Mary Hernandez,50,Female,Vancouver,Basic
1923,Andrew Stewart,37,Male,Toronto,Basic
1924,Debbie Lopez,36,Female,Edmonton,Basic
1925,Andrew Stewart,37,Male,Quebec City,Basic
1926,Jake Fernandez,36,Male,Whistler,Basic
1927,Eric Knapp,54,Male,Montreal,Basic
1928,Kathryn Thomas,49,Female,Quebec City,Gold
1929,Francisco Smith,70,Male,Vancouver,Basic
1930,Vanessa Rivera,57,Female,Montreal,Platinum
1931,Kara Roberts,55,Female,Montreal,Basic
1932,Veronica Berry,68,Female,Toronto,Platinum
1933,Krystal Meadows,38,Female,Vancouver,Basic
1934,Melissa Dennis,21,Female,Vancouver,Basic
1935,Brenda Pierce,52,Female,Ottawa,Basic
1936,Jennifer Randall,69,Female,Toronto,Basic
1937,Anna Brown,73,Female,Toronto,Basic
1938,Kevin Walker,52,Male,Vancouver,Silver
1939,Diana Johnson,37,Female,Toronto,Basic
1940,Jeremy Powers,69,Male,Vancouver,Basic
1941,Kayla Lee,32,Female,Montreal,Silver
1942,Lisa Harding,19,Female,Montreal,Basic
1943,Heather Hernandez,54,Female,Quebec City,Basic
1944,Jacob Watson,73,Male,Quebec City,Basic
1945,Heather Madden,65,Female,Edmonton,Basic
1946,Brandon Luna,38,Male,Kelowna,Basic
1947,Willie Lara,38,Male,Quebec City,Basic
1948,Robert Waller,26,Male,Montreal,Basic
1949,Steven Taylor,43,Male,Vancouver,Basic
1950,Brandon Clark,21,Male,Vancouver,Basic
1951,Sharon Hatfield,22,Female,Niagara Falls,Basic
1952,Tyler Avila,24,Male,Victoria,Gold
1953,Jason Rocha,68,Male,Calgary,Silver
1954,Justin Page,68,Male,Niagara Falls,Gold
1955,Chad Lopez,55,Male,Montreal,Basic
1956,Julian Williams,57,Male,Toronto,Basic
1957,Ruben Torres,37,Male,Toronto,Silver
1958,Julie Johnson,40,Female,Toronto,Basic
1959,Deborah Blanchard,51,Female,Quebec City,Basic
1960,John Valdez,25,Male,Niagara Falls,Basic
1961,Jennifer Vasquez,57,Female,Calgary,Platinum
1962,David Wilson,57,Male,Toronto,Basic
1963,Wendy Jones,38,Female,Toronto,Basic
1964,Kevin Cunningham,58,Male,Banff,Gold
1965,Lori Alvarez,59,Female,Vancouver,Basic
1966,Bryan Hunt,38,Male,Calgary,Basic
1967,Sarah Martin,55,Female,Kelowna,Basic
1968,Emma Johns,23,Female,Montreal,Basic
1969,Carla Nelson,53,Female,Quebec City,Platinum
1970,Susan Kelly,44,Female,Victoria,Gold
1971,Kendra Mayer,42,Female,Winnipeg,Platinum
1972,Randall White,38,Male,Quebec City,Basic
1973,Nicole Stephens,73,Female,Toronto,Basic
1974,Samantha Cohen,59,Female,Quebec City,VIP
1975,Melissa Barker,37,Female,Montreal,Platinum
1976,Kevin Morrow,34,Male,Quebec City,Basic
1977,Kelly Watson,58,Female,Whistler,Basic
1978,Gina Bartlett,29,Female,Vancouver,Basic
1979,Christopher Walker,55,Male,Montreal,Basic
1980,Stephanie Austin,75,Female,Whistler,Gold
1981,Kelly Patel,20,Female,Toronto,Basic
1982,Peter Wilson,23,Male,Kelowna,Basic
1983,Billy Fuentes,22,Male,Toronto,VIP
1984,Karen Collins,45,Female,Toronto,Platinum
1985,Ruth Preston,43,Female,Whistler,Gold
1986,Phillip Peterson,35,Male,Vancouver,Basic
1987,Allen Olsen,27,Male,Ottawa,Basic
1988,Scott Thomas,40,Male,Ottawa,Basic
1989,Beth Anderson,56,Female,Montreal,Basic
1990,Michael Bowers,42,Male,Vancouver,Gold
1991,Patricia Todd,58,Female,Niagara Falls,Basic
1992,Ashley Mcguire,57,Female,Whistler,Basic
1993,Amy Wilson,61,Female,Toronto,Basic
1994,Austin Contreras,25,Male,Edmonton,Basic
1995,Rachel Mora,56,Female,Quebec City,Gold
1996,Steven Lopez,33,Male,Ottawa,Gold
1997,Ann Singleton,20,Female,Toronto,Basic
1998,Travis Bailey,55,Male,Toronto,Basic
1999,Jonathan Chandler,49,Male,Mont-Tremblant,Basic
2000,Laura Garcia,34,Female,Toronto,Basic
2001,Adrian Robinson,25,Male,Montreal,Basic
2002,Douglas Winters,73,Male,Quebec City,Basic
2003,Valerie Garcia,28,Female,Montreal,Platinum
2004,Jonathan Zimmerman,35,Male,Toronto,Basic
2005,Kevin Gonzales,48,Male,Ottawa,Basic
2006,Christopher Kelly,38,Male,Vancouver,VIP
2007,Cindy Perez,53,Female,Edmonton,Basic
2008,Victoria Martinez,46,Female,Ottawa,Silver
2009,Brandy Farmer,61,Female,Toronto,Basic
2010,Justin Williams,44,Male,Montreal,Basic
2011,Ashley Campbell,59,Female,Winnipeg,Basic
2012,Eric Cherry,55,Male,Vancouver,Platinum
2013,Kristen Roberts,43,Female,Calgary,Basic
2014,Chelsea Jones,23,Female,Vancouver,Basic
2015,John Shelton,74,Male,Toronto,Basic
2016,Yvonne Vasquez,42,Female,Quebec City,Platinum
2017,Jessica Barrett,26,Female,Toronto,Gold
2018,Charles Morales,56,Male,Montreal,Silver
2019,Ashley Schaefer,26,Female,Vancouver,Basic
2020,Amy Hester MD,32,Female,Calgary,Basic
2021,William Martinez,72,Male,Toronto,Platinum
2022,Molly Ramirez,41,Female,Vancouver,Platinum
2023,Lauren Nelson,33,Female,Ottawa,Basic
2024,Maria Ross,51,Female,Niagara Falls,Basic
2025,Larry Sullivan,33,Male,Montreal,Basic
2026,Diana Tate,67,Female,Victoria,Basic
2027,David Crawford,47,Male,Vancouver,Platinum
2028,Chad Garcia,49,Male,Vancouver,Basic
2029,Barry Gregory,54,Male,Montreal,Silver
2030,Mr. Michael Hernandez,32,Male,Montreal,Basic
2031,Anne Jones,55,Female,Whistler,Platinum
2032,Patricia Sparks,43,Female,Vancouver,Basic
2033,Mary Henry,38,Female,Vancouver,Basic
2034,Gwendolyn Heath,56,Female,Vancouver,Gold
2035,Tiffany Johnson,30,Female,Quebec City,Gold
2036,Suzanne Reyes,37,Female,Quebec City,Basic
2037,James Stevens,29,Male,Toronto,Gold
2038,Justin Dalton,53,Male,Toronto,Silver
2039,Michelle Henry,57,Female,Quebec City,Gold
2040,Mike Freeman,28,Male,Kelowna,Basic
2041,Megan Keller,42,Female,Banff,Silver
2042,Laura Alvarez,43,Female,Quebec City,Basic
2043,Katie Myers,58,Female,Calgary,Basic
2044,Wesley Jensen,62,Male,Vancouver,Basic
2045,William Flores,66,Male,Banff,Basic
2046,Andrew Hood,30,Male,Vancouver,Basic
2047,Natalie Johnson,26,Female,Victoria,Basic
2048,Glenn Davis,34,Male,Halifax,Gold
2049,Heather Bell,52,Female,Vancouver,Basic
2050,David Wong,44,Male,Quebec City,Silver
2051,Susan Jones,39,Female,Banff,Platinum
2052,Gail Smith,32,Female,Toronto,Basic
2053,Julia Boyer,34,Female,Vancouver,Basic
2054,Steven Adams,57,Male,Halifax,Basic
2055,Kevin Odom,24,Male,Toronto,Platinum
2056,Jeanette Armstrong,31,Female,Vancouver,Basic
2057,Brett Leonard,22,Male,Toronto,Basic
2058,Jonathan Hubbard,68,Male,Quebec City,Basic
2059,Lucas Cox,27,Male,Montreal,Basic
2060,Kathleen Boone,20,Female,Halifax,Basic
2061,Sara Herrera,72,Female,Vancouver,Silver
2062,Amber Davies,40,Female,Mont-Tremblant,Platinum
2063,Darrell Newton,63,Male,Vancouver,Gold
2064,Sarah Davis,48,Female,Winnipeg,Silver
2065,Austin Solis,36,Male,Ottawa,Silver
2066,Christine Flynn,68,Female,Vancouver,Gold
2067,Eric Brock,47,Male,Kelowna,Basic
2068,Kimberly Gonzalez,23,Female,Montreal,Silver
2069,Mario Chavez,65,Male,Quebec City,Platinum
2070,Catherine Smith,33,Female,Winnipeg,Basic
2071,Shari Ray,55,Female,Vancouver,Silver
2072,Victor Harmon,55,Male,Whistler,VIP
2073,Teresa Patel,47,Female,Quebec City,Basic
2074,Patricia Hamilton,27,Female,Victoria,VIP
2075,Mark Boyd,72,Male,Toronto,Basic
2076,Brittany Hernandez,67,Female,Banff,Basic
2077,Elizabeth Graham,22,Female,Vancouver,Silver
2078,Ronald Brown,24,Male,Vancouver,Basic
2079,Jason Colon,32,Male,Montreal,Basic
2080,Dawn Burke,23,Female,Toronto,Basic
2081,Brian Lee,38,Male,Toronto,Platinum
2082,Samantha Marshall,64,Female,Quebec City,Basic
2083,Jessica Lucas,28,Female,Mont-Tremblant,Basic
2084,Caitlin Taylor,50,Female,Montreal,Gold
2085,Regina Hopkins,75,Female,Kelowna,Platinum
2086,Samuel Stuart,40,Male,Calgary,Basic
2087,Alejandro Heath,20,Male,Winnipeg,Platinum
2088,Lindsay Camacho,41,Female,Victoria,Platinum
2089,Jason Cox,20,Male,Vancouver,Gold
2090,Brandon Hahn,44,Male,Banff,Platinum
2091,Brenda Rodriguez,26,Female,Toronto,Basic
2092,Tasha Boyd,57,Female,Edmonton,Basic
2093,Travis Huynh,54,Male,Niagara Falls,Basic
2094,Stephen Young,19,Male,Vancouver,Basic
2095,Robert Murphy,54,Male,Victoria,Basic
2096,James Goodman,65,Male,Whistler,Silver
2097,Jay Thomas,30,Male,Montreal,Basic
2098,Wayne Gonzales,61,Male,Banff,Basic
2099,Leah Henry,56,Female,Calgary,Basic
2100,Travis Stewart,21,Male,Ottawa,Basic
2101,Michael Richmond,45,Male,Toronto,Basic
2102,Timothy Cox,36,Male,Calgary,Platinum
2103,Roberto Smith,36,Male,Vancouver,Gold
2104,Mr. Ryan Bates,28,Male,Vancouver,Platinum
2105,Melissa Mccormick,65,Female,Vancouver,Gold
2106,Juan Parker,58,Male,Banff,Basic
2107,Jack Burnett,53,Male,Quebec City,Basic
2108,Sharon Mathews,36,Female,Toronto,Basic
2109,Susan Long,26,Female,Vancouver,Platinum
2110,Dawn Davis DVM,67,Female,Vancouver,Basic
2111,Daniel Zamora,57,Male,Banff,Platinum
2112,Lynn Suarez,33,Female,Montreal,Basic
2113,Jared Johnson,24,Male,Toronto,Silver
2114,Rodney Shepard,59,Male,Ottawa,Basic
2115,Jennifer Randall,35,Female,Edmonton,Silver
2116,Shawn Wilkins,22,Male,Niagara Falls,Basic
2117,Melissa Hunter,33,Female,Niagara Falls,Basic
2118,Lindsey Li,43,Female,Toronto,Basic
2119,Jody Johnson,34,Female,Toronto,VIP
2120,Margaret Mccoy,29,Female,Quebec City,Basic
2121,Chad Morales,19,Male,Calgary,Basic
2122,Erik Miller,32,Male,Halifax,Silver
2123,Kelli Booker,25,Female,Niagara Falls,Basic
2124,Pamela Bradford,36,Female,Calgary,Basic
2125,Rebecca Flores,33,Female,Montreal,Gold
2126,Nicholas Green,57,Male,Winnipeg,Platinum
2127,Ronald Marsh,49,Male,Toronto,Basic
2128,Jennifer White,63,Female,Halifax,Basic
2129,Tony Wilkerson,43,Male,Montreal,Basic
2130,Travis Leblanc,35,Male,Vancouver,Silver
2131,Lori Meadows,56,Female,Mont-Tremblant,Basic
2132,Mr. Michael Jackson,51,Male,Vancouver,Basic
2133,Jeffrey Green,73,Male,Whistler,Basic
2134,Jacob Valentine,71,Male,Vancouver,Basic
2135,Nathan Graham,57,Male,Quebec City,Basic
2136,Jody Nunez,57,Female,Quebec City,Gold
2137,Micheal Lee,20,Male,Edmonton,Basic
2138,Rachael Roberts,30,Female,Calgary,Silver
2139,Carlos Gates,61,Male,Vancouver,Basic
2140,Zachary Campbell,51,Male,Vancouver,Basic
2141,Jason Ortiz,68,Male,Montreal,Silver
2142,Dylan Green,49,Male,Toronto,Basic
2143,Terry Wood,60,Male,Calgary,Basic
2144,Jimmy Smith,20,Male,Mont-Tremblant,Basic
2145,Erica Steele,44,Female,Toronto,Basic
2146,Michelle Erickson,70,Female,Quebec City,Basic
2147,Dawn Davis,56,Female,Whistler,VIP
2148,Gary Young,22,Male,Calgary,Platinum
2149,Yesenia Crosby,64,Female,Kelowna,Basic
2150,Ms. Nicole Williams,27,Female,Winnipeg,Basic
2151,Lisa Turner,66,Female,Halifax,Basic
2152,Jacqueline Donaldson,68,Female,Vancouver,Basic
2153,Lauren Green,42,Female,Vancouver,Basic
2154,Tara Humphrey,55,Female,Quebec City,Basic
2155,Emily Moreno,45,Female,Vancouver,Basic
2156,Bruce Williams,53,Male,Calgary,Basic
2157,Shelby Davenport,58,Female,Ottawa,Basic
2158,Timothy Campbell,22,Male,Vancouver,Platinum
2159,Louis Juarez,55,Male,Whistler,Platinum
2160,Erik Stafford,52,Male,Toronto,Basic
2161,Wendy Gallagher,47,Female,Toronto,Basic
2162,Sarah Sandoval,49,Female,Quebec City,VIP
2163,Amy Hernandez,32,Female,Quebec City,Basic
2164,Amanda Green,63,Female,Toronto,Platinum
2165,Jessica Carney,18,Female,Ottawa,Basic
2166,Andrew Kelly,60,Male,Quebec City,Basic
2167,Karina Vasquez,61,Female,Montreal,Basic
2168,Sharon Martinez,35,Female,Calgary,Silver
2169,Sean White,36,Male,Toronto,Basic
2170,Katie Nelson,38,Female,Vancouver,Basic
2171,Kevin Silva,28,Male,Vancouver,Silver
2172,Mr. Kenneth Butler,30,Male,Quebec City,Gold
2173,Patricia Rhodes,45,Female,Winnipeg,Basic
2174,Allison Maldonado,72,Female,Calgary,Basic
2175,James Garza,59,Male,Vancouver,Gold
2176,Russell Hernandez,35,Male,Vancouver,Basic
2177,Ronald Keller,66,Male,Niagara Falls,Gold
2178,Tyler Wheeler,68,Male,Toronto,Silver
2179,Tracy Douglas,73,Female,Vancouver,VIP
2180,Frederick Dennis,28,Male,Mont-Tremblant,Basic
2181,Tyler Carroll,25,Male,Toronto,Basic
2182,Anthony Schneider,37,Male,Vancouver,Basic
2183,Anthony Jones,63,Male,Montreal,Basic
2184,James Ross,72,Male,Montreal,Basic
2185,Traci Glenn,58,Female,Montreal,Platinum
2186,Samuel Martin,42,Male,Quebec City,Basic
2187,Dustin Goodwin,33,Male,Vancouver,VIP
2188,Bryan Henry,35,Male,Niagara Falls,Basic
2189,Renee Collins,60,Female,Victoria,Basic
2190,Carlos Wade,20,Male,Kelowna,Silver
2191,Kayla Burns,52,Female,Banff,Basic
2192,Karen Hart,32,Female,Vancouver,Basic
2193,Nicole Shepherd,37,Female,Toronto,Basic
2194,Jessica Simmons,56,Female,Halifax,Basic
2195,Gloria Ford,44,Female,Quebec City,Silver
2196,Michael Moore,35,Male,Banff,Basic
2197,Lori Warren,18,Female,Ottawa,Basic
2198,Jeffrey Solomon,58,Male,Ottawa,Gold
2199,Charles Anderson,29,Male,Calgary,Silver
2200,Ryan Mills,63,Male,Montreal,Basic
2201,Anthony Jones,37,Male,Montreal,Basic
2202,Brian Coleman,55,Male,Kelowna,Basic
2203,Mary Carroll,39,Female,Halifax,Basic
2204,David Miller,34,Male,Vancouver,Gold
2205,Brian Stanley,46,Male,Whistler,Basic
2206,Clarence Long,19,Male,Toronto,Basic
2207,Sherri Evans,23,Female,Winnipeg,Basic
2208,Jordan Santiago,30,Female,Montreal,Basic
2209,Derek Levy,51,Male,Montreal,Basic
2210,Cody Lopez,28,Male,Calgary,Basic
2211,Lindsey Savage,30,Female,Vancouver,Basic
2212,Kimberly Smith,39,Female,Vancouver,Basic
2213,Carolyn Woods,29,Female,Calgary,Basic
2214,Sean Church,51,Male,Vancouver,Basic
2215,John Montgomery,69,Male,Whistler,Basic
2216,Mrs. Megan Vaughn,72,Female,Quebec City,Basic
2217,Eric Martinez,53,Male,Vancouver,Basic
2218,Brian Smith,29,Male,Montreal,VIP
2219,Dr. Christine Wong,19,Female,Toronto,Gold
2220,Jessica Garrett,27,Female,Ottawa,Basic
2221,Connor Turner,54,Male,Vancouver,Basic
2222,Kara Johnson,65,Female,Vancouver,Basic
2223,Brittany Park,64,Female,Montreal,Silver
2224,Mr. Scott Richards,34,Male,Niagara Falls,Basic
2225,Laura Bass,52,Female,Toronto,Basic
2226,Adam Mccoy,18,Male,Niagara Falls,Platinum
2227,William Allison,50,Male,Toronto,Basic
2228,Linda Spencer,56,Female,Toronto,Basic
2229,Katherine Tucker,65,Female,Toronto,Basic
2230,Lisa Gregory,62,Female,Mont-Tremblant,Silver
2231,John Klein,68,Male,Toronto,Basic
2232,Javier Stewart,72,Male,Quebec City,Basic
2233,Steven Butler,49,Male,Vancouver,Basic
2234,Johnny Mcmillan,43,Male,Vancouver,VIP
2235,Michael Smith,22,Male,Ottawa,Silver
2236,Corey Cooper,51,Male,Vancouver,Basic
2237,Colleen Stout,74,Female,Halifax,Basic
2238,Lindsey Kirby,46,Female,Vancouver,Basic
2239,Bonnie Carter,40,Female,Calgary,Basic
2240,Tyler Whitaker,56,Male,Vancouver,Basic
2241,Morgan Flynn,49,Female,Banff,Silver
2242,Sarah Howell,42,Female,Toronto,Basic
2243,Nicole Estrada,59,Female,Edmonton,Gold
2244,Curtis Obrien,33,Male,Quebec City,Basic
2245,Jason Chaney,49,Male,Winnipeg,Silver
2246,Daniel Williams,48,Male,Winnipeg,Basic
2247,Shirley Kelly,34,Female,Ottawa,Basic
2248,Ronald Kline,40,Male,Montreal,Basic
2249,Arthur Jordan,58,Male,Calgary,VIP
2250,Barbara Walker,21,Female,Ottawa,Platinum
2251,Gina Kelly,31,Female,Calgary,Basic
2252,Shawn Adams,28,Male,Toronto,Gold
2253,Michael Robertson,20,Male,Banff,Basic
2254,Michael House,23,Male,Calgary,Basic
2255,Jim Skinner,38,Male,Vancouver,Basic
2256,Ashley Bishop,25,Female,Winnipeg,Basic
2257,Travis Colon,41,Male,Edmonton,Silver
2258,Ashley Soto,71,Female,Montreal,Basic
2259,Thomas Moore,68,Male,Vancouver,Basic
2260,Jessica Hunter,48,Female,Montreal,Silver
2261,Annette Holland,22,Female,Quebec City,Silver
2262,Brenda Allison,28,Female,Toronto,Gold
2263,Jennifer Mack,34,Female,Montreal,Basic
2264,Rhonda Peterson,46,Female,Vancouver,Basic
2265,Bradley Watson,34,Male,Toronto,Basic
2266,Heather Ortega,62,Female,Toronto,Basic
2267,Nicole Fisher,50,Female,Victoria,Basic
2268,Robert Gutierrez,60,Male,Vancouver,Basic
2269,Judy Phelps,20,Female,Toronto,VIP
2270,Isaiah Johnson,42,Male,Toronto,Basic
2271,Alexandra Drake,25,Female,Toronto,Basic
2272,Bradley Edwards,28,Male,Vancouver,Basic
2273,Carly Brown PhD,62,Female,Toronto,Basic
2274,Martin Orr,56,Male,Quebec City,Basic
2275,Lynn Reeves,48,Female,Quebec City,Basic
2276,Joseph Phillips,45,Male,Vancouver,Basic
2277,Melanie Spencer,29,Female,Vancouver,Gold
2278,Patrick Blankenship,35,Male,Toronto,Basic
2279,Douglas Rose,31,Male,Toronto,Basic
2280,Melody Griffin,26,Female,Winnipeg,Basic
2281,Kimberly Kramer,40,Female,Niagara Falls,Gold
2282,Melissa Barron,23,Female,Victoria,Basic
2283,Jennifer Gonzalez,36,Female,Ottawa,Basic
2284,Amanda Cook,71,Female,Whistler,Basic
2285,Natalie Martinez,31,Female,Montreal,Basic
2286,Duane Davis MD,63,Male,Victoria,Basic
2287,Peter Moore,55,Male,Vancouver,Basic
2288,Robert Vargas,69,Male,Montreal,Silver
2289,Patricia Barber,49,Female,Montreal,Basic
2290,Brian Brown MD,31,Male,Vancouver,Basic
2291,Henry Williams,39,Male,Niagara Falls,Basic
2292,Calvin Evans,64,Male,Banff,Basic
2293,Jesse Bird,35,Male,Edmonton,Platinum
2294,Virginia Cunningham,40,Female,Ottawa,Basic
2295,Mark Ferguson,32,Male,Ottawa,Gold
2296,Gregory Mitchell,55,Male,Toronto,Basic
2297,Miguel Chambers,37,Male,Niagara Falls,Basic
2298,Joseph Wright,19,Male,Kelowna,Gold
2299,Kevin Carson,22,Male,Niagara Falls,Basic
2300,Annette Dawson,42,Female,Toronto,Basic
2301,Angela Brown,60,Female,Montreal,Basic
2302,John Griffin,46,Male,Toronto,Basic
2303,Kelsey Chapman,19,Female,Niagara Falls,Basic
2304,Jennifer Baker,45,Female,Toronto,VIP
2305,Jay Alexander,21,Male,Quebec City,Basic
2306,Katherine Mcpherson,49,Female,Toronto,Basic
2307,Charles Martinez,67,Male,Vancouver,Basic
2308,Carl Bush,53,Male,Banff,Basic
2309,Bruce Lewis,27,Male,Toronto,Basic
2310,Paul Raymond,22,Male,Montreal,Gold
2311,Trevor Guzman,19,Male,Vancouver,Basic
2312,Barbara Armstrong,73,Female,Vancouver,Basic
2313,Brittany Watson,39,Female,Vancouver,Basic
2314,Elizabeth Tucker PhD,56,Female,Toronto,Basic
2315,Leah Williams,24,Female,Vancouver,Basic
2316,Stephen Lewis,36,Male,Vancouver,Gold
2317,Katherine Martinez,47,Female,Montreal,Gold
2318,Seth Butler,44,Male,Montreal,Basic
2319,Keith Mccullough,37,Male,Vancouver,VIP
2320,John Cortez,71,Male,Montreal,Basic
2321,Philip Wagner,30,Male,Edmonton,Basic
2322,Jerry Cole,46,Male,Vancouver,Basic
2323,Frederick Marsh,24,Male,Vancouver,Platinum
2324,Jason Hall,36,Male,Whistler,Basic
2325,Kimberly Rubio,74,Female,Niagara Falls,Basic
2326,Nancy Brewer,64,Female,Toronto,VIP
2327,Michael Armstrong,53,Male,Banff,Basic
2328,Michael Hoffman,50,Male,Toronto,Platinum
2329,Justin Lee,73,Male,Vancouver,Gold
2330,Laura Brown,34,Female,Toronto,Basic
2331,Chelsey Alvarez,53,Female,Montreal,Basic
2332,Barbara Mayer,27,Female,Edmonton,Basic
2333,Albert Buchanan,44,Male,Calgary,Basic
2334,Michael Clay,40,Male,Victoria,Basic
2335,Robert Lawson,42,Male,Toronto,Gold
2336,Andrew Atkins,23,Male,Halifax,Basic
2337,Jeffrey Perry,29,Male,Vancouver,Basic
2338,Evan Scott,49,Male,Montreal,Basic
2339,Brett Jackson,57,Male,Vancouver,Basic
2340,David Davis,43,Male,Ottawa,Basic
2341,Jason Jackson,64,Male,Niagara Falls,Platinum
2342,Frederick Johnson,25,Male,Mont-Tremblant,Platinum
2343,James Flores,44,Male,Toronto,VIP
2344,Frederick Bennett,38,Male,Niagara Falls,Basic
2345,Bryan Harris,53,Male,Toronto,Basic
2346,Kevin Vasquez,39,Male,Victoria,Basic
2347,James Wilson,26,Male,Quebec City,Platinum
2348,John Russell,31,Male,Winnipeg,Basic
2349,Jason Hall,53,Male,Toronto,Silver
2350,Debra Richmond,36,Female,Toronto,Basic
2351,David Peters,58,Male,Victoria,Platinum
2352,Elizabeth Russell,64,Female,Toronto,Basic
2353,Mark Harris,31,Male,Vancouver,Platinum
2354,Mrs. Victoria Casey,28,Female,Montreal,Platinum
2355,Jessica Buck,65,Female,Quebec City,Basic
2356,April Marshall,55,Female,Montreal,Basic
2357,Donna Stanton,52,Female,Vancouver,Basic
2358,Timothy Olson,44,Male,Winnipeg,VIP
2359,Sara James,53,Female,Toronto,Basic
2360,Lynn Richards,64,Female,Montreal,Basic
2361,Amber Stevenson,41,Female,Vancouver,Basic
2362,Eric Foster,31,Male,Victoria,Platinum
2363,Charles Hawkins,42,Male,Montreal,Basic
2364,Jeffrey Bishop,25,Male,Niagara Falls,Basic
2365,Evan Fleming,21,Male,Quebec City,Basic
2366,Dean Mullins,31,Male,Toronto,Basic
2367,David Bird,31,Male,Niagara Falls,Silver
2368,Joe Greene,25,Male,Toronto,Basic
2369,Michael Lucas,56,Male,Calgary,Basic
2370,John Valenzuela,27,Male,Toronto,Basic
2371,Jennifer Woodard,57,Female,Banff,Basic
2372,Phillip Medina,47,Male,Halifax,Basic
2373,Mariah Jones,32,Female,Montreal,Basic
2374,Ronnie Powers,34,Male,Calgary,Gold
2375,Heather Hess,41,Female,Vancouver,Platinum
2376,Heather Thompson,51,Female,Vancouver,Basic
2377,Michael Smith,48,Male,Toronto,VIP
2378,Taylor Wallace,39,Female,Calgary,Basic
2379,Alejandro Campbell,28,Male,Calgary,Basic
2380,Hunter Davis,60,Male,Calgary,Basic
2381,Eric Robbins,22,Male,Vancouver,Gold
2382,Katherine Cox,55,Female,Montreal,Gold
2383,Summer Mann,50,Female,Toronto,Silver
2384,Craig Nicholson,39,Male,Toronto,Platinum
2385,Sheila Carroll,75,Female,Vancouver,Basic
2386,Juan Keller,39,Male,Banff,Basic
2387,Michael Cunningham,51,Male,Vancouver,Basic
2388,Bethany Brown,41,Female,Whistler,VIP
2389,Laura Perez,30,Female,Montreal,Silver
2390,Rachael Lee,46,Female,Vancouver,Basic
2391,Wendy Steele,24,Female,Niagara Falls,Platinum
2392,David Castro,36,Male,Montreal,Basic
2393,Todd Davidson,27,Male,Vancouver,Basic
2394,Anthony Mcmillan,68,Male,Vancouver,Basic
2395,Zachary Hill,58,Male,Toronto,Gold
2396,Julie Ward,46,Female,Montreal,Basic
2397,Stacey Walker,52,Female,Niagara Falls,Basic
2398,Jason Cole,45,Male,Calgary,Basic
2399,Chloe Miller,20,Female,Niagara Falls,Silver
2400,Alexander Mclaughlin,34,Male,Mont-Tremblant,Basic
2401,Jeff Jones II,65,Male,Winnipeg,Basic
2402,Eric Garrett,19,Male,Halifax,Basic
2403,Karen Morton,53,Female,Kelowna,Basic
2404,Mark Cook,59,Male,Montreal,Basic
2405,Ashley Allen,31,Female,Vancouver,Basic
2406,Amy Cook,47,Female,Winnipeg,Basic
2407,Terri Parsons,51,Female,Montreal,Platinum
2408,Phillip Garrett,73,Male,Edmonton,Basic
2409,Angela Brown,21,Female,Quebec City,Basic
2410,Emily Abbott,72,Female,Vancouver,Basic
2411,Cameron Ellison,57,Male,Vancouver,Basic
2412,Eric Sims,27,Male,Vancouver,VIP
2413,Megan Hansen,29,Female,Kelowna,Gold
2414,Jane Davis,48,Female,Quebec City,Basic
2415,Crystal Greene,48,Female,Quebec City,Basic
2416,Adam Reyes,42,Male,Vancouver,Gold
2417,Spencer Harvey,63,Male,Calgary,Gold
2418,Timothy Logan,47,Male,Winnipeg,Basic
2419,Erin Lee,29,Female,Winnipeg,Basic
2420,Linda Jones,70,Female,Quebec City,Basic
2421,Cheryl Berry,55,Female,Whistler,Basic
2422,Dawn Fisher,22,Female,Vancouver,Silver
2423,Jill Sanchez,26,Female,Niagara Falls,Gold
2424,Amy Collins,48,Female,Whistler,Silver
2425,Tina Webster,39,Female,Vancouver,Basic
2426,Stacey Rowe,48,Female,Whistler,Basic
2427,Eric Cooper,20,Male,Quebec City,Basic
2428,Adam Willis,28,Male,Mont-Tremblant,Silver
2429,Amy Hunter,33,Female,Toronto,Platinum
2430,Scott Henderson,61,Male,Calgary,Gold
2431,Christina Kerr,60,Female,Montreal,Basic
2432,Gloria Contreras,26,Female,Vancouver,Basic
2433,William Greene,53,Male,Vancouver,Gold
2434,Kenneth Mccarty,60,Male,Toronto,Basic
2435,Jennifer Martin,50,Female,Banff,Basic
2436,Richard Williams,52,Male,Winnipeg,Silver
2437,April Walker,21,Female,Vancouver,Basic
2438,Marcus Allen,18,Male,Vancouver,Basic
2439,Troy Rivera,48,Male,Whistler,Basic
2440,Christine Lopez,59,Female,Calgary,Gold
2441,Jack Jones Jr.,28,Male,Halifax,Basic
2442,Donna Lee,37,Female,Toronto,Basic
2443,Pamela Williams,25,Female,Montreal,Basic
2444,Craig Thompson,34,Male,Vancouver,Basic
2445,Michelle Morgan,56,Female,Vancouver,Basic
2446,Cassandra Smith,57,Female,Vancouver,Basic
2447,Thomas Smith,60,Male,Vancouver,VIP
2448,Jamie Cobb,22,Female,Ottawa,Basic
2449,Timothy Torres,54,Male,Ottawa,Basic
2450,Rhonda Guerrero,22,Female,Vancouver,Basic
2451,Vanessa Cuevas,70,Female,Victoria,Basic
2452,Shawn Jones,33,Male,Kelowna,Basic
2453,Tammy Norton,45,Female,Montreal,Basic
2454,Jamie Brooks,37,Female,Quebec City,Basic
2455,Vanessa Sanchez,56,Female,Toronto,Basic
2456,Luis Lopez,23,Male,Vancouver,Silver
2457,Richard Murphy,29,Male,Calgary,Basic
2458,Robert Salas,64,Male,Montreal,Basic
2459,Warren Blackwell,69,Male,Montreal,Basic
2460,Brad Ruiz,22,Male,Toronto,Basic
2461,Austin Romero,59,Male,Whistler,Basic
2462,Maria Hicks,22,Female,Victoria,Basic
2463,Julie Morris,22,Female,Montreal,Basic
2464,Michael Baldwin,51,Male,Victoria,Platinum
2465,Debra Morales,27,Female,Vancouver,Basic
2466,Kevin Johnson,34,Male,Toronto,Basic
2467,Dale Roy,34,Male,Banff,Basic
2468,Eric Oneal,51,Male,Toronto,Basic
2469,Timothy Brooks,19,Male,Ottawa,Silver
2470,Brandy Miller,58,Female,Toronto,Basic
2471,Gregory Silva,23,Male,Toronto,Basic
2472,Marc Simmons,20,Male,Vancouver,Basic
2473,Jason Ballard,53,Male,Ottawa,Silver
2474,Janet White,70,Female,Whistler,Platinum
2475,Maria Howard,27,Female,Montreal,Basic
2476,Ryan Hunt,59,Male,Vancouver,Basic
2477,Rachel House,45,Female,Toronto,Basic
2478,Benjamin Johnson,27,Male,Toronto,Basic
2479,Craig Murphy,48,Male,Quebec City,Basic
2480,Robyn Sutton,46,Female,Montreal,Basic
2481,Michael Bolton,69,Male,Halifax,Basic
2482,Dr. Nancy Gaines MD,26,Female,Montreal,Basic
2483,Rodney Logan,24,Male,Montreal,Gold
2484,Jennifer Carpenter,47,Female,Montreal,Basic
2485,Kaitlyn Hunt,39,Female,Montreal,Basic
2486,Chase Sanders,18,Male,Victoria,Silver
2487,Nicole Wells,47,Female,Vancouver,Silver
2488,Rachel Todd,21,Female,Montreal,Gold
2489,Julia Conner,46,Female,Victoria,Silver
2490,Chelsea Carrillo,66,Female,Vancouver,Basic
2491,Christine Cole,53,Female,Toronto,Basic
2492,Jade Ray,38,Female,Montreal,Platinum
2493,Tony Smith,46,Male,Vancouver,Basic
2494,Ruben Morgan,18,Male,Toronto,Basic
2495,Michael Powell,40,Male,Ottawa,Basic
2496,Joshua Nguyen,24,Male,Toronto,Basic
2497,Richard Weeks,56,Male,Vancouver,Basic
2498,Tiffany Rivera,46,Female,Quebec City,Basic
2499,Larry Franklin,69,Male,Montreal,Basic
2500,Veronica Harris,50,Female,Toronto,Basic
2501,Kimberly Lopez,65,Female,Halifax,Basic
2502,Laura Hayes,28,Female,Ottawa,VIP
2503,Anna Garcia,36,Female,Montreal,Basic
2504,Amanda Barker,22,Female,Vancouver,Basic
2505,Cody Jones,50,Male,Montreal,Basic
2506,Mr. David Keller,29,Male,Vancouver,Basic
2507,Anthony Stone,58,Male,Vancouver,Basic
2508,Scott Jenkins,74,Male,Vancouver,Platinum
2509,Brian Herrera,66,Male,Edmonton,Gold
2510,Benjamin Friedman,28,Male,Vancouver,Basic
2511,Carlos Harris,72,Male,Toronto,Basic
2512,Michael Wells,38,Male,Montreal,Platinum
2513,Teresa Matthews,21,Female,Ottawa,Basic
2514,Michael Hill,22,Male,Vancouver,VIP
2515,Brenda Brown,23,Female,Toronto,Basic
2516,Rhonda Fox,21,Female,Vancouver,Silver
2517,Sherry Stevens,39,Female,Whistler,Basic
2518,Nancy Roberts,47,Female,Toronto,Basic
2519,Joyce Graves,46,Female,Quebec City,Basic
2520,Elizabeth Austin,21,Female,Toronto,Basic
2521,Christopher Wright,30,Male,Ottawa,Platinum
2522,Morgan Ellis,39,Female,Winnipeg,Basic
2523,Catherine Carroll,45,Female,Toronto,Basic
2524,Theresa Allen,19,Female,Vancouver,Basic
2525,Denise Fuller,29,Female,Vancouver,Basic
2526,Sydney Wolfe,38,Female,Banff,Basic
2527,Claudia Snyder,75,Female,Quebec City,Basic
2528,Kristen Carney MD,18,Female,Toronto,Basic
2529,Pamela Nguyen,54,Female,Toronto,Basic
2530,Dawn Hunter,29,Female,Quebec City,Silver
2531,Benjamin Neal,51,Male,Quebec City,Basic
2532,James Reese,42,Male,Toronto,Basic
2533,Jennifer Smith,49,Female,Montreal,Basic
2534,Sylvia Murphy,55,Female,Vancouver,Platinum
2535,Kari Jones,48,Female,Toronto,Basic
2536,David Dodson,21,Male,Whistler,Basic
2537,Robert Skinner,31,Male,Banff,Silver
2538,Alicia Garcia,21,Female,Toronto,Basic
2539,Kimberly Myers,42,Female,Montreal,Basic
2540,Phillip Byrd,58,Male,Edmonton,Basic
2541,Hunter Robinson,37,Male,Vancouver,VIP
2542,Michael Robinson,59,Male,Victoria,Basic
2543,Sara Cain,72,Female,Whistler,Basic
2544,Mitchell Prince,32,Male,Toronto,Basic
2545,Elizabeth Williams,46,Female,Montreal,VIP
2546,Raymond Wang,34,Male,Niagara Falls,Silver
2547,James Allen,57,Male,Edmonton,Silver
2548,Jennifer Hays,57,Female,Whistler,Basic
2549,Cheryl Caldwell,59,Female,Toronto,Basic
2550,Sonya Robles,52,Female,Toronto,Basic
2551,Carol Jackson,70,Female,Quebec City,VIP
2552,Brian Murphy,20,Male,Halifax,Gold
2553,Chelsey Clark,58,Female,Vancouver,Basic
2554,Todd Martinez,60,Male,Toronto,Basic
2555,Howard Thompson,71,Male,Montreal,Silver
2556,Emily Price,52,Female,Vancouver,Basic
2557,Andrea Briggs,69,Female,Toronto,Platinum
2558,Jackie Jones,74,Female,Toronto,Basic
2559,Elizabeth George,75,Female,Calgary,Basic
2560,Ashley Herrera DVM,49,Female,Vancouver,Silver
2561,Christopher Haley,47,Male,Victoria,Basic
2562,William Horton,21,Male,Toronto,Basic
2563,Valerie Benson,49,Female,Edmonton,Gold
2564,Mark Henson,62,Male,Vancouver,Basic
2565,Sarah Olson,22,Female,Halifax,Basic
2566,Lisa Richards,50,Female,Montreal,Basic
2567,Margaret Hall,41,Female,Mont-Tremblant,Basic
2568,William Hall,67,Male,Montreal,Basic
2569,Stephanie Parker,29,Female,Toronto,Basic
2570,Nicole Harvey,38,Female,Quebec City,Basic
2571,James Phillips,34,Male,Whistler,Basic
2572,Christine Johnson,49,Female,Toronto,Basic
2573,Kyle Bautista,68,Male,Montreal,Basic
2574,Erin Ramirez,33,Female,Ottawa,Silver
2575,Philip Meyer,18,Male,Quebec City,Basic
2576,Maria Roberts MD,57,Female,Niagara Falls,VIP
2577,Erin Allen,22,Female,Toronto,Platinum
2578,Terry Ortega,64,Male,Vancouver,Basic
2579,Melissa Ball,34,Female,Vancouver,Platinum
2580,James Morris,68,Male,Toronto,Gold
2581,Aaron Kane,27,Male,Toronto,Basic
2582,Corey Walters,55,Male,Toronto,Basic
2583,Dan Davis,21,Male,Montreal,Platinum
2584,Ronald Frederick,50,Male,Whistler,Basic
2585,Blake Hardy,32,Male,Montreal,Basic
2586,Nathan Sanchez,48,Male,Vancouver,Basic
2587,Danielle Mitchell,60,Female,Calgary,Basic
2588,Mark Nelson,19,Male,Whistler,Platinum
2589,Angela Kaufman,21,Female,Vancouver,Platinum
2590,Carol Alexander,44,Female,Victoria,Basic
2591,Nancy Wolf,64,Female,Whistler,Basic
2592,Rebecca Smith,28,Female,Winnipeg,Basic
2593,Sarah Blake,29,Female,Montreal,Silver
2594,Linda Hernandez,32,Female,Montreal,Silver
2595,Dawn Ford,24,Female,Montreal,Gold
2596,James Obrien,57,Male,Montreal,Basic
2597,Chad Harrison,55,Male,Calgary,Basic
2598,Chelsey Smith,39,Female,Montreal,Basic
2599,Nicholas Henry,47,Male,Montreal,Silver
2600,Teresa Waller,27,Female,Vancouver,Basic
2601,John Davidson,53,Male,Vancouver,Basic
2602,Jennifer Williams,63,Female,Toronto,Platinum
2603,Janice Cunningham,72,Female,Ottawa,Basic
2604,Jessica Scott,53,Female,Montreal,Basic
2605,Miranda Hicks,31,Female,Quebec City,Basic
2606,Melissa Horton,30,Female,Calgary,Basic
2607,Timothy Fitzgerald,67,Male,Montreal,Basic
2608,Amanda Li,27,Female,Montreal,Basic
2609,Megan Terry,59,Female,Montreal,Basic
2610,Dean Gibson,58,Male,Montreal,Silver
2611,Dawn Guzman,35,Female,Montreal,Silver
2612,Sarah Smith,45,Female,Vancouver,Basic
2613,Matthew Rangel,22,Male,Whistler,Basic
2614,Laurie Santana,39,Female,Calgary,Basic
2615,Colin Henderson,34,Male,Victoria,Basic
2616,David Turner,67,Male,Montreal,Basic
2617,Miss Janet Parker,50,Female,Quebec City,Basic
2618,Sherri Luna,53,Female,Victoria,Gold
2619,Makayla Frank,32,Female,Vancouver,Basic
2620,Brenda Goodman,39,Female,Ottawa,Platinum
2621,Jennifer Parker,34,Female,Vancouver,Basic
2622,Robert Smith Jr.,40,Male,Toronto,Gold
2623,Joseph Pena,56,Male,Vancouver,Platinum
2624,Christopher Brooks,39,Male,Toronto,Basic
2625,Christina White,52,Female,Toronto,Basic
2626,Joanne Olsen,74,Female,Quebec City,Platinum
2627,Anthony White,30,Male,Toronto,Gold
2628,David Barrera,47,Male,Halifax,Basic
2629,Mark Weber,39,Male,Banff,Basic
2630,Christopher Carter,51,Male,Banff,Basic
2631,Destiny Peterson,24,Female,Montreal,Basic
2632,Karen Chambers,63,Female,Calgary,Basic
2633,Amy Walton,46,Female,Victoria,Basic
2634,Lauren Huerta,72,Female,Quebec City,Basic
2635,Kelly Smith,25,Female,Toronto,Basic
2636,Victoria Juarez,56,Female,Vancouver,Platinum
2637,Kara Rogers,73,Female,Vancouver,Basic
2638,Jacqueline Wu,43,Female,Montreal,Basic
2639,Dr. Todd Ortega MD,55,Male,Winnipeg,Platinum
2640,Heather Rivera,58,Female,Kelowna,Silver
2641,Joyce Hale,50,Female,Montreal,Basic
2642,Stephen Taylor,24,Male,Winnipeg,Basic
2643,Sean Ramirez,20,Male,Banff,Basic
2644,Robin Richardson,21,Female,Toronto,Gold
2645,Mary Alvarez,55,Female,Toronto,Basic
2646,Cole Andersen,28,Male,Vancouver,Silver
2647,Robert Smith,41,Male,Vancouver,Basic
2648,Angel Aguirre,72,Male,Winnipeg,Basic
2649,Jill Lawson,38,Female,Quebec City,Basic
2650,Lonnie Miller,34,Male,Mont-Tremblant,Basic
2651,Timothy Galvan,20,Male,Ottawa,Gold
2652,Scott Stein DDS,49,Male,Vancouver,Basic
2653,Cory Thomas,31,Male,Toronto,Silver
2654,Kenneth Vincent,44,Male,Toronto,Silver
2655,Carl Robles,25,Male,Vancouver,Silver
2656,Michael Dunn,23,Male,Montreal,Basic
2657,Christopher Griffin,60,Male,Toronto,Basic
2658,Matthew Allen,19,Male,Montreal,Silver
2659,Paul Keller,69,Male,Vancouver,Basic
2660,Jessica Baldwin,48,Female,Quebec City,Basic
2661,Timothy Orr,35,Male,Niagara Falls,Basic
2662,Connie Scott,66,Female,Toronto,Basic
2663,Stephanie Martinez,24,Female,Whistler,Platinum
2664,Kimberly Swanson,47,Female,Quebec City,Basic
2665,Michael Wiggins,28,Male,Vancouver,VIP
2666,Pamela Burke,39,Female,Quebec City,Basic
2667,James Love,60,Male,Vancouver,Gold
2668,Jane May,53,Female,Whistler,Basic
2669,Scott Stokes,48,Male,Toronto,Basic
2670,Ashley Miller,34,Female,Quebec City,Basic
2671,Patrick Pineda,59,Male,Edmonton,Platinum
2672,Brian Richardson,55,Male,Toronto,Platinum
2673,Troy Ray,18,Male,Banff,Silver
2674,Amy Nichols,30,Female,Montreal,Basic
2675,William Flores,59,Male,Montreal,Basic
2676,Michael Hogan,23,Male,Calgary,Basic
2677,Lindsay Walker,73,Female,Halifax,Silver
2678,Kimberly Murray,22,Female,Winnipeg,Basic
2679,Tommy Hood,55,Male,Toronto,Basic
2680,Jesus Guzman,27,Male,Whistler,Gold
2681,Maurice Solis,56,Male,Calgary,Basic
2682,Kyle Parker,69,Male,Toronto,Basic
2683,Caleb Shea DDS,44,Male,Toronto,Basic
2684,Sandra Simpson,24,Female,Toronto,Basic
2685,James Zavala,28,Male,Niagara Falls,VIP
2686,Samantha Clark,19,Female,Quebec City,Silver
2687,Robert Graves,33,Male,Mont-Tremblant,Basic
2688,Sean White,23,Male,Calgary,Platinum
2689,Jenna Joyce,27,Female,Ottawa,Basic
2690,Samuel Ritter,35,Male,Montreal,Basic
2691,Gail Gregory,48,Female,Toronto,Silver
2692,Peter Myers MD,26,Male,Calgary,Basic
2693,Michael Lee,28,Male,Vancouver,Basic
2694,James Anderson,27,Male,Toronto,Gold
2695,Kevin Trujillo,31,Male,Banff,Silver
2696,Michelle Ellis,56,Female,Toronto,Basic
2697,Chad Dominguez,25,Male,Toronto,Basic
2698,Charles Robinson,40,Male,Vancouver,Silver
2699,Nancy Smith,31,Female,Whistler,Silver
2700,Laura Gregory,67,Female,Toronto,Basic
2701,Brittany Clements MD,34,Female,Quebec City,Basic
2702,Tammy Davis,29,Female,Vancouver,Basic
2703,Mrs. Amy Baird,62,Female,Vancouver,Basic
2704,Leslie Booker,45,Female,Vancouver,Silver
2705,Jared Johnson,27,Male,Vancouver,Platinum
2706,Katherine Watts,59,Female,Vancouver,Platinum
2707,Matthew Bennett,40,Male,Vancouver,Basic
2708,Robert Barrett,32,Male,Toronto,Gold
2709,Sean Santos,18,Male,Edmonton,Silver
2710,Matthew Richardson,24,Male,Quebec City,Basic
2711,Angela Burns,20,Female,Vancouver,Basic
2712,Jordan Johnson,56,Male,Montreal,Basic
2713,Laura Hill,72,Female,Toronto,Basic
2714,Robert White,18,Male,Montreal,Basic
2715,Matthew Hamilton,66,Male,Kelowna,Platinum
2716,Brett Brown,32,Male,Ottawa,Basic
2717,Robert Lopez,40,Male,Montreal,Silver
2718,Alejandro Hawkins,26,Male,Toronto,Basic
2719,Robin Freeman,24,Female,Toronto,Gold
2720,Lauren Reeves,57,Female,Montreal,Basic
2721,Caleb Mullins,20,Male,Calgary,Basic
2722,Dr. Catherine George,42,Female,Toronto,VIP
2723,Justin Mcbride,19,Male,Toronto,Basic
2724,Carl Harris,29,Male,Ottawa,Basic
2725,Kristina York,53,Female,Quebec City,Basic
2726,Veronica Hunter,34,Female,Toronto,Basic
2727,Kimberly Henderson,44,Female,Niagara Falls,Basic
2728,April Turner,47,Female,Toronto,Basic
2729,Kelly Patton,38,Female,Toronto,Platinum
2730,Jeremy Ray,30,Male,Montreal,Basic
2731,Kelly Andersen,58,Female,Toronto,Silver
2732,Kimberly Clark,48,Female,Winnipeg,Basic
2733,Sally Young,63,Female,Whistler,Gold
2734,Elijah Wall,18,Male,Montreal,Gold
2735,Lance Robinson,18,Male,Halifax,Basic
2736,Betty Dean,53,Female,Toronto,Platinum
2737,Dawn James,52,Female,Vancouver,Silver
2738,James Miller,43,Male,Mont-Tremblant,Platinum
2739,Jeffery Neal,26,Male,Montreal,Basic
2740,Andrea Oconnor,19,Female,Winnipeg,Platinum
2741,Mr. Corey Watson DDS,19,Male,Montreal,Platinum
2742,Lisa Barnes,70,Female,Winnipeg,VIP
2743,Wendy Hamilton,30,Female,Banff,Basic
2744,Larry Jones,31,Male,Banff,Basic
2745,Ashley Kelley,41,Female,Toronto,Basic
2746,Mark Cox,71,Male,Banff,Basic
2747,Denise Melton,49,Female,Montreal,Silver
2748,Alexandra Bennett,68,Female,Calgary,Basic
2749,Mr. Brian Frost,53,Male,Mont-Tremblant,Basic
2750,Nicholas Parker,44,Male,Whistler,Basic
2751,John Rice,72,Male,Quebec City,Basic
2752,Sean Arnold,59,Male,Quebec City,Gold
2753,Stephanie Jackson,28,Female,Toronto,Basic
2754,Jean Reed,57,Female,Vancouver,Basic
2755,Tracy Schmidt,25,Female,Montreal,Basic
2756,Samuel Woods,41,Male,Toronto,VIP
2757,Alexandra Palmer,58,Female,Vancouver,Basic
2758,Beth Gray,73,Female,Vancouver,Basic
2759,Anthony Swanson,58,Male,Toronto,Basic
2760,Dr. Danielle Franklin,59,Female,Quebec City,Basic
2761,Catherine Andersen,19,Female,Vancouver,Gold
2762,Kathryn Hill,56,Female,Calgary,VIP
2763,Todd Keith,51,Male,Ottawa,Basic
2764,Elizabeth Hodge,66,Female,Toronto,Basic
2765,Jason Edwards,41,Male,Vancouver,Gold
2766,Bobby Blair,65,Male,Edmonton,Basic
2767,Carmen Brown,30,Female,Whistler,Basic
2768,Kristen Vasquez,31,Female,Montreal,Silver
2769,Tonya Coleman,26,Female,Toronto,Basic
2770,Monica Castillo,45,Female,Whistler,Basic
2771,Zachary Barron,22,Male,Vancouver,Gold
2772,Jared Jensen,34,Male,Mont-Tremblant,Basic
2773,Nichole Klein,52,Female,Calgary,Basic
2774,Nicole Sanchez,41,Female,Quebec City,Basic
2775,Trevor Morrow,55,Male,Banff,Basic
2776,Joseph Lynch,50,Male,Toronto,Basic
2777,Vincent Craig,57,Male,Whistler,Basic
2778,Joseph Walker,30,Male,Vancouver,Basic
2779,Sara Palmer,42,Female,Vancouver,Basic
2780,Jay Gray,37,Male,Vancouver,Basic
2781,Brian Sloan,28,Male,Calgary,Basic
2782,Kimberly Miranda,50,Female,Toronto,Platinum
2783,Elizabeth Carter,42,Female,Montreal,Basic
2784,Oscar Carroll,22,Male,Vancouver,Gold
2785,Eric Fitzpatrick,29,Male,Quebec City,Silver
2786,Roger Johnson,26,Male,Banff,Basic
2787,Lisa Freeman,41,Female,Whistler,Silver
2788,Luis Murphy,38,Male,Toronto,Basic
2789,Abigail Zamora,18,Female,Toronto,Platinum
2790,Heather Garcia,20,Female,Vancouver,VIP
2791,Bradley Robertson,72,Male,Calgary,Basic
2792,Caleb Freeman,18,Male,Toronto,Basic
2793,Matthew Perez,37,Male,Montreal,Basic
2794,Edwin Patterson,45,Male,Toronto,Basic
2795,Robert Rodriguez,33,Male,Toronto,Basic
2796,Sara Martin,29,Female,Niagara Falls,Basic
2797,Jessica Howard,50,Female,Quebec City,Basic
2798,Craig Lopez,21,Male,Montreal,Basic
2799,James Manning,23,Male,Calgary,Silver
2800,Caitlin Gonzalez,40,Female,Winnipeg,Basic
2801,Maurice Baker,38,Male,Toronto,Basic
2802,Joshua Marsh,37,Male,Vancouver,Silver
2803,Frederick Duran,58,Male,Vancouver,Basic
2804,Jonathan Mclean,51,Male,Halifax,Basic
2805,James Rodriguez,68,Male,Vancouver,Basic
2806,Alisha Moore,31,Female,Montreal,Platinum
2807,Randall Young,50,Male,Montreal,Basic
2808,Gloria Bray,34,Female,Banff,Platinum
2809,Jeffrey Roberts,31,Male,Quebec City,Basic
2810,Philip Wright,35,Male,Toronto,Basic
2811,Jorge Wright,49,Male,Vancouver,Platinum
2812,Sean Gamble,30,Male,Halifax,Gold
2813,Samantha Gonzalez,41,Female,Montreal,Basic
2814,Robert Haynes,34,Male,Vancouver,Basic
2815,Christopher Riddle,30,Male,Banff,Basic
2816,Mark Perez,27,Male,Quebec City,Basic
2817,Andrew Mooney,55,Male,Vancouver,Basic
2818,Jeffery Jensen,37,Male,Whistler,Silver
2819,Amber Russell,33,Female,Whistler,Silver
2820,Mark Hall,68,Male,Quebec City,Basic
2821,John Hicks,33,Male,Vancouver,Basic
2822,Elizabeth Adams,69,Female,Ottawa,Basic
2823,Gregory Barnes,74,Male,Quebec City,Basic
2824,Amber Williams,19,Female,Toronto,Basic
2825,Natasha Lewis,20,Female,Niagara Falls,Basic
2826,Terry Garcia,30,Male,Ottawa,Basic
2827,Travis Cox,19,Male,Toronto,Basic
2828,Brent Smith,57,Male,Montreal,Basic
2829,Scott Rivera,60,Male,Ottawa,Basic
2830,Heather Maxwell,24,Female,Victoria,Basic
2831,Jacob Santos,55,Male,Quebec City,Basic
2832,Janet Eaton,25,Female,Vancouver,Silver
2833,Natalie Martinez,23,Female,Vancouver,Gold
2834,Susan Pena,46,Female,Toronto,Silver
2835,Michael Schaefer,50,Male,Toronto,Gold
2836,Joshua Cooper,57,Male,Montreal,Basic
2837,Wanda Harris,41,Female,Vancouver,Basic
2838,Amanda Lee,65,Female,Whistler,Silver
2839,Dawn Wiley,65,Female,Toronto,Basic
2840,Terry Hester,53,Male,Victoria,Basic
2841,Jerry Love,51,Male,Vancouver,Basic
2842,Barry Barnes,41,Male,Toronto,Basic
2843,Kathy Johnson,32,Female,Montreal,VIP
2844,Michael Anderson,56,Male,Toronto,Gold
2845,Keith Bauer,59,Male,Whistler,Basic
2846,Patrick Sanders,63,Male,Montreal,Silver
2847,Seth Mata,69,Male,Quebec City,Gold
2848,Paul Cruz,69,Male,Halifax,Silver
2849,Jennifer Nelson,62,Female,Victoria,Basic
2850,Caitlin Robinson,25,Female,Montreal,Silver
2851,Shawn Gibbs,34,Male,Victoria,Basic
2852,Michelle Warren,53,Female,Toronto,Silver
2853,Daniel Erickson,34,Male,Toronto,Platinum
2854,Carolyn Williams,37,Female,Ottawa,Basic
2855,Andrew Hernandez,54,Male,Vancouver,Gold
2856,Timothy Nelson,29,Male,Halifax,Basic
2857,Marvin Wright,45,Male,Niagara Falls,Basic
2858,Joseph Smith,55,Male,Vancouver,Platinum
2859,Larry Wood,25,Male,Winnipeg,Basic
2860,Michele Dunn,75,Female,Victoria,Basic
2861,Jennifer Carr,74,Female,Montreal,Basic
2862,Anthony Cabrera,24,Male,Toronto,Platinum
2863,Colleen Sanford,45,Female,Montreal,Basic
2864,Valerie Medina,46,Female,Toronto,Basic
2865,Paula Deleon MD,48,Female,Winnipeg,Basic
2866,James Valdez,46,Male,Ottawa,Basic
2867,Madison Pierce,27,Female,Toronto,Basic
2868,Connie Adams,45,Female,Toronto,Basic
2869,Rhonda Mullins,54,Female,Quebec City,Basic
2870,Crystal Barber,27,Female,Montreal,Basic
2871,Steven Davis,66,Male,Toronto,Basic
2872,Cathy Huffman,31,Female,Kelowna,Silver
2873,John Blair,38,Male,Banff,Basic
2874,Alisha Martin,22,Female,Vancouver,Basic
2875,Jennifer Franklin,34,Female,Toronto,Platinum
2876,Andrea Sanchez,56,Female,Montreal,Basic
2877,Wesley Garcia,63,Male,Vancouver,Basic
2878,Monica Morton,42,Female,Montreal,Basic
2879,Jamie Smith,38,Female,Niagara Falls,Basic
2880,Pamela Newman,36,Female,Vancouver,VIP
2881,Danielle Miller,33,Female,Montreal,Basic
2882,Lori Smith,72,Female,Toronto,Basic
2883,Dr. Brian Fitzgerald,41,Male,Toronto,Basic
2884,Michael Harris,23,Male,Mont-Tremblant,Basic
2885,Kristine Wallace,29,Female,Calgary,Basic
2886,Gary Moore,19,Male,Montreal,Basic
2887,Melissa Burton,49,Female,Vancouver,Basic
2888,Samantha Garcia,20,Female,Toronto,Basic
2889,Jorge Copeland,22,Male,Calgary,Basic
2890,Thomas Johnson,20,Male,Toronto,Platinum
2891,Brittany Rios,30,Female,Toronto,Gold
2892,Sherry Cruz,23,Female,Toronto,Basic
2893,Rodney Rodriguez,73,Male,Calgary,Basic
2894,Ashley Garcia,46,Female,Montreal,Basic
2895,Hunter Gilbert,35,Male,Halifax,Basic
2896,Tammy Gillespie,56,Female,Quebec City,Platinum
2897,Lindsey Thompson,24,Female,Vancouver,Basic
2898,Kyle Shelton,51,Male,Calgary,Basic
2899,Michael Turner,75,Male,Vancouver,Basic
2900,Hannah Garcia,31,Female,Montreal,Basic
2901,Mary Cantu,66,Female,Whistler,Basic
2902,Michelle Jones,36,Female,Mont-Tremblant,Basic
2903,Timothy Hernandez,30,Male,Toronto,VIP
2904,Erica Myers,57,Female,Quebec City,Platinum
2905,Rachel Mendoza,24,Female,Ottawa,Basic
2906,Laura Moyer,25,Female,Montreal,Basic
2907,Ann Cooley,21,Female,Quebec City,Basic
2908,Janice Flores,36,Female,Toronto,Basic
2909,Melissa Gutierrez,55,Female,Vancouver,Basic
2910,Felicia Pham,21,Female,Winnipeg,Basic
2911,David Barnes,43,Male,Montreal,Basic
2912,Joseph Patel,72,Male,Victoria,Basic
2913,James Carpenter,18,Male,Ottawa,Basic
2914,Laura Steele,30,Female,Vancouver,Basic
2915,Michele Young,69,Female,Vancouver,Basic
2916,Xavier Smith,43,Male,Vancouver,Basic
2917,Tyler Mccall,59,Male,Vancouver,Gold
2918,Hannah Allison,39,Female,Halifax,Gold
2919,Sabrina Phillips,58,Female,Vancouver,Basic
2920,Sarah Bonilla,34,Female,Victoria,Platinum
2921,David Carey,31,Male,Vancouver,VIP
2922,Brenda Hayden,25,Female,Toronto,Gold
2923,James Johnson,45,Male,Toronto,Basic
2924,Mr. Michael Bates,50,Male,Toronto,Platinum
2925,Ryan Harrell,60,Male,Ottawa,Basic
2926,Jacob Miller,58,Male,Vancouver,Basic
2927,Keith Cervantes,55,Male,Quebec City,Basic
2928,Clarence Manning,57,Male,Quebec City,Basic
2929,Melissa Evans,36,Female,Montreal,Silver
2930,Gail Harrington,24,Female,Quebec City,Basic
2931,Dustin Moore,26,Male,Vancouver,VIP
2932,Andrew Potter,26,Male,Toronto,Silver
2933,Adam Wall,21,Male,Quebec City,Basic
2934,Sherri Spencer,28,Female,Niagara Falls,Basic
2935,Thomas Shaw,71,Male,Vancouver,Basic
2936,Jessica Moore,24,Female,Winnipeg,Platinum
2937,Ms. Vanessa Martinez,49,Female,Ottawa,Silver
2938,Lisa Robinson,65,Female,Niagara Falls,Basic
2939,Paul Hansen,60,Male,Vancouver,Platinum
2940,Robert Mcdonald,35,Male,Toronto,Silver
2941,Martin Wilcox,30,Male,Vancouver,Basic
2942,Regina Lucas,27,Female,Vancouver,Gold
2943,Brian Miller,62,Male,Quebec City,Basic
2944,Sarah Johnson,47,Female,Vancouver,Platinum
2945,Kimberly Jones,41,Female,Whistler,Basic
2946,Nicole Parker,64,Female,Toronto,Silver
2947,Margaret Johnson,53,Female,Toronto,Basic
2948,Vanessa Cunningham,51,Female,Niagara Falls,Basic
2949,Richard Williams,40,Male,Kelowna,Basic
2950,Tony Smith,75,Male,Whistler,Basic
2951,Diane Sanders,26,Female,Banff,Basic
2952,Nicole Swanson,53,Female,Vancouver,Basic
2953,Dr. Brent Russell,22,Male,Quebec City,Basic
2954,Brian Aguirre,28,Male,Quebec City,Basic
2955,Laurie Reyes,42,Female,Whistler,Basic
2956,Samuel Roberts,24,Male,Calgary,Platinum
2957,Julie Mcclure,55,Female,Vancouver,Basic
2958,Michelle Wilkerson,46,Female,Montreal,Basic
2959,Martha Mack,58,Female,Toronto,Basic
2960,Tracey Black,27,Female,Quebec City,Basic
2961,Marisa Conrad,49,Female,Ottawa,VIP
2962,Richard Morgan,75,Male,Vancouver,Basic
2963,Scott Jordan,35,Male,Niagara Falls,Basic
2964,Raymond Hughes,56,Male,Halifax,Basic
2965,Leroy Jones,56,Male,Whistler,Silver
2966,Lori Jimenez,60,Female,Vancouver,Basic
2967,Brenda Harrell,53,Female,Ottawa,Platinum
2968,Wayne Harrington,21,Male,Montreal,Basic
2969,Brandon Edwards,41,Male,Kelowna,Basic
2970,Christopher Ramirez,23,Male,Vancouver,Basic
2971,Brandon White,38,Male,Montreal,Gold
2972,David Kennedy,23,Male,Quebec City,Basic
2973,Shawn Santos,64,Male,Toronto,Gold
2974,Caleb Carroll,48,Male,Vancouver,Basic
2975,Scott Morales,65,Male,Calgary,Basic
2976,Sylvia Anderson,74,Female,Toronto,Silver
2977,Ryan Crane,59,Male,Quebec City,Basic
2978,Michael Hunter,71,Male,Mont-Tremblant,Basic
2979,Sheri Fleming,40,Female,Mont-Tremblant,Basic
2980,Mathew Figueroa,31,Male,Mont-Tremblant,Basic
2981,Roberto Smith,53,Male,Ottawa,Basic
2982,Earl Moore,37,Male,Halifax,Basic
2983,Benjamin Price,34,Male,Whistler,Platinum
2984,Anna Owens,39,Female,Whistler,Gold
2985,Steven Marshall,42,Male,Vancouver,Basic
2986,Nicholas Lowery,18,Male,Quebec City,Basic
2987,Patricia Gonzalez,59,Female,Niagara Falls,Basic
2988,Evan Davies,46,Male,Toronto,Platinum
2989,Michaela Alvarez,47,Female,Vancouver,Basic
2990,Amanda Moore,18,Female,Quebec City,Basic
2991,Margaret Flores,51,Female,Edmonton,Basic
2992,Kyle James,75,Male,Toronto,Basic
2993,Isaiah Jordan,57,Male,Toronto,Silver
2994,Anthony Parrish,60,Male,Victoria,Basic
2995,Melinda Nelson,35,Female,Mont-Tremblant,Basic
2996,Angela Jones,52,Female,Calgary,Basic
2997,Elizabeth Joseph,23,Female,Halifax,Basic
2998,Kelly Caldwell,23,Female,Vancouver,Basic
2999,Sandra Davis,68,Female,Vancouver,Platinum
3000,Glenn Mullins,41,Male,Quebec City,Silver
3001,Hannah Barnes,21,Female,Vancouver,Basic
3002,Michael Martin,28,Male,Halifax,Gold
3003,Heather Schwartz,50,Female,Ottawa,VIP
3004,Alexandra Logan,53,Female,Montreal,Basic
3005,Blake Contreras,37,Male,Toronto,Basic
3006,Franklin Downs,49,Male,Toronto,Basic
3007,Patrick Doyle,27,Male,Vancouver,VIP
3008,Brittany Ellis,70,Female,Toronto,Gold
3009,Sharon Wilson,23,Female,Vancouver,Basic
3010,Mrs. Kelly Smith,64,Female,Vancouver,Basic
3011,Sandra Martinez,60,Female,Whistler,Basic
3012,Wayne Davis,24,Male,Calgary,Basic
3013,William Fisher,39,Male,Vancouver,Basic
3014,Christopher Gray,49,Male,Toronto,Basic
3015,Tristan Bonilla,30,Male,Montreal,Basic
3016,Alexis Cervantes,56,Female,Vancouver,Basic
3017,Steven Shaw,37,Male,Quebec City,Silver
3018,Melissa Banks,42,Female,Winnipeg,Basic
3019,Jennifer Bell,55,Female,Vancouver,Basic
3020,Joseph Hubbard,51,Male,Quebec City,Basic
3021,Casey Patterson,18,Female,Banff,Basic
3022,Linda Daniels,47,Female,Quebec City,Basic
3023,Sarah Barker,22,Female,Toronto,Basic
3024,Diane Oliver,70,Female,Vancouver,Basic
3025,Scott Cowan,60,Male,Vancouver,Basic
3026,Brian Banks,27,Male,Winnipeg,Basic
3027,Jason Crawford,59,Male,Kelowna,Basic
3028,Tammy Garcia,42,Female,Vancouver,Gold
3029,Lauren Johnson,54,Female,Vancouver,Basic
3030,Jason Walker,29,Male,Kelowna,Basic
3031,Jane Gonzalez,19,Female,Toronto,Basic
3032,Caleb Ponce,23,Male,Montreal,Basic
3033,Jennifer Hoover,38,Female,Montreal,Silver
3034,Patrick Smith,57,Male,Vancouver,Basic
3035,Danny Campbell,43,Male,Quebec City,Platinum
3036,Dennis Roberson,57,Male,Whistler,Basic
3037,Jason Allen,29,Male,Vancouver,Basic
3038,Jason Smith,24,Male,Winnipeg,Basic
3039,Jacqueline Montoya,32,Female,Whistler,Basic
3040,Lindsay Rogers,39,Female,Vancouver,Basic
3041,Wendy Allen,23,Female,Toronto,Basic
3042,Mrs. Maria Poole,36,Female,Winnipeg,Gold
3043,Laura Anderson,55,Female,Quebec City,Basic
3044,Vanessa Thompson,23,Female,Edmonton,Gold
3045,Joseph Kim,22,Male,Victoria,Silver
3046,Robert Gordon,52,Male,Edmonton,Basic
3047,Rachel Cameron,43,Female,Vancouver,Basic
3048,David Tran,28,Male,Halifax,Basic
3049,Dalton Davis,58,Male,Toronto,Silver
3050,Mark Watkins,53,Male,Toronto,Basic
3051,Michelle Knapp,59,Female,Toronto,Basic
3052,James Newton,23,Male,Vancouver,Gold
3053,Jesse Welch,58,Male,Vancouver,Basic
3054,Cynthia Hurst,21,Female,Toronto,Basic
3055,Kimberly Sanchez,31,Female,Toronto,Basic
3056,Rachel Townsend,23,Female,Toronto,Silver
3057,Denise Donovan,41,Female,Whistler,Basic
3058,Mark Riley,60,Male,Kelowna,Basic
3059,Judy Carlson,70,Female,Vancouver,Basic
3060,Diane Kline,23,Female,Vancouver,Basic
3061,Kathleen Ward,46,Female,Whistler,Basic
3062,Jeanette Henry,28,Female,Ottawa,Basic
3063,Benjamin Chung,37,Male,Vancouver,Basic
3064,Michael Brooks,42,Male,Montreal,Basic
3065,Terry Stokes,45,Male,Toronto,Silver
3066,Alexandra White,49,Female,Quebec City,Basic
3067,Lisa Johnson,28,Female,Toronto,Basic
3068,Wendy Webb DDS,22,Female,Toronto,Basic
3069,Christopher Harmon,26,Male,Victoria,Gold
3070,Corey Johnson,53,Male,Vancouver,Basic
3071,Jorge Hernandez,75,Male,Edmonton,Basic
3072,Ashley Robinson,52,Female,Toronto,Basic
3073,Colleen Luna,21,Female,Whistler,Basic
3074,Derek Olson,31,Male,Ottawa,Basic
3075,Hannah Arnold,29,Female,Montreal,Basic
3076,Natasha Simpson,39,Female,Vancouver,Silver
3077,Jennifer Lee,19,Female,Niagara Falls,Basic
3078,Melissa Clay,60,Female,Toronto,Basic
3079,Jenna Silva,46,Female,Toronto,Basic
3080,Emily Bauer,45,Female,Toronto,Silver
3081,Katherine Andrade,18,Female,Whistler,Basic
3082,Nicole Cabrera,65,Female,Calgary,Basic
3083,Lisa Patterson,60,Female,Quebec City,Basic
3084,James Chen,27,Male,Niagara Falls,Basic
3085,Christopher Johnson,52,Male,Montreal,Platinum
3086,Laurie Carter,55,Female,Montreal,Platinum
3087,Matthew Sanford,27,Male,Victoria,Basic
3088,Amanda White,49,Female,Niagara Falls,Basic
3089,Richard Howard,47,Male,Victoria,Basic
3090,Mary Watson,25,Female,Kelowna,Basic
3091,Barbara Flores,46,Female,Calgary,Platinum
3092,Gary Marshall,25,Male,Vancouver,Basic
3093,Steven Hoffman,19,Male,Quebec City,Basic
3094,Lance Rose,48,Male,Montreal,Basic
3095,Donald Franklin,37,Male,Vancouver,Basic
3096,Scott Jones,63,Male,Toronto,Basic
3097,Javier Avila,57,Male,Halifax,Basic
3098,Erica Gonzalez,51,Female,Vancouver,Basic
3099,Kathleen Mooney,54,Female,Montreal,Basic
3100,Becky Jackson,37,Female,Montreal,Gold
3101,James Ray,56,Male,Toronto,Silver
3102,Maria Chase,37,Female,Quebec City,Platinum
3103,Susan Mitchell DVM,27,Female,Ottawa,Basic
3104,Steven Hull,39,Male,Victoria,Basic
3105,Matthew Jones,41,Male,Vancouver,Basic
3106,Robert Cummings,50,Male,Toronto,Basic
3107,Nicole Ross,73,Female,Vancouver,Basic
3108,Erik Salazar,57,Male,Vancouver,Basic
3109,Melissa Gibson,50,Female,Banff,Silver
3110,Tracy Martinez,24,Female,Toronto,Basic
3111,Luke Johnson,55,Male,Toronto,Basic
3112,Alexandra Garcia,46,Female,Toronto,Basic
3113,Michael Graham,62,Male,Banff,Basic
3114,Corey Barrera,47,Male,Vancouver,Basic
3115,Stephanie Mayo,49,Female,Whistler,Basic
3116,Shawna Green,29,Female,Toronto,Basic
3117,Brian Valentine,41,Male,Vancouver,Basic
3118,Erin Salazar,24,Female,Toronto,Platinum
3119,Derrick Jackson,60,Male,Vancouver,Basic
3120,Julia Martinez,41,Female,Vancouver,Gold
3121,Nicole Barron,24,Female,Ottawa,Basic
3122,Mr. Jeremy Martinez,24,Male,Banff,Basic
3123,Kenneth Stanley,46,Male,Vancouver,Basic
3124,Erica Simon MD,25,Female,Niagara Falls,Platinum
3125,Elizabeth Miller,62,Female,Montreal,Basic
3126,Shelley Keller,53,Female,Quebec City,Basic
3127,Daniel Miller,26,Male,Toronto,Basic
3128,Mr. Adam Robinson,50,Male,Ottawa,Basic
3129,Cole Garcia,23,Male,Toronto,Basic
3130,Kevin Rose,55,Male,Banff,Basic
3131,Paige Collins,29,Female,Niagara Falls,Basic
3132,Christian Wagner,50,Male,Calgary,Basic
3133,Daniel Cox,42,Male,Toronto,Basic
3134,Dr. Jose Deleon,26,Male,Winnipeg,Basic
3135,Diana Martin,35,Female,Vancouver,Basic
3136,Sergio Wong,32,Male,Whistler,VIP
3137,Sherri Mcgee,50,Female,Vancouver,Basic
3138,Steven Lopez,45,Male,Winnipeg,Basic
3139,Mary Chavez,21,Female,Ottawa,Basic
3140,Tammy Miller,52,Female,Vancouver,Basic
3141,Brittany Shaw,25,Female,Vancouver,Platinum
3142,Amy Nelson,44,Female,Montreal,Basic
3143,Mariah Dennis,50,Female,Toronto,Platinum
3144,Edward Powell,53,Male,Vancouver,Basic
3145,Kendra Snyder,62,Female,Montreal,Basic
3146,Melanie Lucas,36,Female,Montreal,Basic
3147,Daniel Brown,49,Male,Ottawa,Basic
3148,Deborah Jones,34,Female,Quebec City,Basic
3149,Darrell Oliver,38,Male,Quebec City,Basic
3150,James Garcia,37,Male,Calgary,Basic
3151,Shawn Adams,33,Male,Quebec City,Basic
3152,Rachel Bailey,27,Female,Vancouver,Basic
3153,Kyle Gross,41,Male,Montreal,Basic
3154,Kathy Graves,44,Female,Vancouver,Basic
3155,Elizabeth Knox,31,Female,Kelowna,Basic
3156,Ethan Jones,42,Male,Montreal,Basic
3157,Stephanie Thomas,41,Female,Ottawa,Basic
3158,Karen Cook,29,Female,Vancouver,Basic
3159,Dennis Jones,57,Male,Whistler,Basic
3160,Sarah Wheeler,63,Female,Vancouver,VIP
3161,Mr. John Wright,46,Male,Toronto,Basic
3162,Sabrina Bradley,32,Female,Victoria,Basic
3163,Sara Fox MD,28,Female,Banff,Basic
3164,Anna Torres,60,Female,Vancouver,Gold
3165,Jodi Navarro,36,Female,Toronto,Platinum
3166,David Tucker MD,18,Male,Vancouver,Basic
3167,Heather Mckinney,40,Female,Quebec City,Basic
3168,Raymond Vincent,37,Male,Edmonton,Basic
3169,Linda Rodriguez,54,Female,Montreal,Basic
3170,Nicholas Smith,45,Male,Calgary,Basic
3171,Selena Hopkins MD,45,Female,Toronto,Silver
3172,Dana Figueroa,21,Female,Vancouver,Basic
3173,Mr. Patrick Lee,46,Male,Vancouver,Basic
3174,Mark Sheppard,67,Male,Banff,Basic
3175,Michael Nolan,20,Male,Toronto,Platinum
3176,Tyler Rose,39,Male,Niagara Falls,Silver
3177,Meghan Barron,18,Female,Vancouver,Basic
3178,Jennifer Mcknight,29,Female,Vancouver,Basic
3179,Andrew Meyer,39,Male,Vancouver,Basic
3180,Logan Hamilton,52,Male,Montreal,Basic
3181,Walter Sparks,23,Male,Ottawa,Basic
3182,Tracy Porter,61,Female,Toronto,Basic
3183,John Hernandez,19,Male,Niagara Falls,Silver
3184,Miss Mary Torres,25,Female,Montreal,Basic
3185,Rebecca Smith,56,Female,Quebec City,Silver
3186,Douglas Watkins,28,Male,Vancouver,Basic
3187,Elizabeth Jordan,41,Female,Toronto,Basic
3188,April King,30,Female,Vancouver,Basic
3189,Douglas Trevino,31,Male,Vancouver,Basic
3190,Randy Moore,35,Male,Vancouver,Basic
3191,Debra Ferrell,54,Female,Toronto,Silver
3192,Kevin Miller,43,Male,Toronto,Basic
3193,John Gomez,44,Male,Montreal,Basic
3194,Mandy Henderson,31,Female,Calgary,Basic
3195,Mrs. Debbie Turner,67,Female,Niagara Falls,Basic
3196,Kristy Shelton,47,Female,Vancouver,Basic
3197,Kenneth Vega,42,Male,Toronto,Basic
3198,Chad Spencer,58,Male,Vancouver,Basic
3199,Angela Knight,30,Female,Toronto,Basic
3200,Joshua Bennett,38,Male,Vancouver,Basic
3201,Jeffrey Taylor,50,Male,Quebec City,Basic
3202,Emily Donovan,24,Female,Toronto,Basic
3203,John Patterson,53,Male,Winnipeg,Basic
3204,Jennifer Johnson,46,Female,Toronto,Basic
3205,Tyler Fisher,52,Male,Halifax,Basic
3206,Luis Turner,27,Male,Vancouver,Basic
3207,Jose Martinez,37,Male,Ottawa,Basic
3208,Krystal Carter,74,Female,Calgary,Silver
3209,James Powell,56,Male,Banff,Platinum
3210,Rhonda Golden,33,Female,Niagara Falls,Silver
3211,Anthony Brown,25,Male,Ottawa,Basic
3212,Marie Cook,47,Female,Banff,Basic
3213,Donna Olson,68,Female,Whistler,Basic
3214,Amy Yang,37,Female,Niagara Falls,Gold
3215,Nancy Brown,25,Female,Edmonton,Basic
3216,Brianna Yang,20,Female,Ottawa,Basic
3217,Courtney Lowe,48,Female,Victoria,Basic
3218,Elizabeth Collins,47,Female,Vancouver,Platinum
3219,Abigail Washington DDS,27,Female,Calgary,Gold
3220,April Munoz,48,Female,Montreal,Basic
3221,Brent Harris,75,Male,Vancouver,Basic
3222,Ross Wallace,55,Male,Ottawa,Basic
3223,Barbara Sullivan,61,Female,Edmonton,Basic
3224,Samantha Skinner DDS,19,Female,Toronto,Basic
3225,Michael Villarreal,69,Male,Toronto,Basic
3226,Jeffrey Fields,66,Male,Toronto,Silver
3227,Robert Sandoval,32,Male,Halifax,Silver
3228,Patrick Payne,65,Male,Vancouver,Basic
3229,Donna Contreras,73,Female,Victoria,Basic
3230,Johnny Contreras,62,Male,Vancouver,Basic
3231,Michael Rodriguez,23,Male,Vancouver,Basic
3232,Jessica Johnson,42,Female,Toronto,Basic
3233,Kristy Smith,23,Female,Whistler,Gold
3234,Matthew Barry,23,Male,Victoria,Basic
3235,Andrew Meadows,70,Male,Toronto,Basic
3236,Mr. Nathan Hill,43,Male,Toronto,Basic
3237,Heather Foley DDS,58,Female,Toronto,Platinum
3238,Michelle Myers,37,Female,Vancouver,Gold
3239,Matthew Bell,70,Male,Winnipeg,Basic
3240,Gina Espinoza,26,Female,Whistler,Basic
3241,Diana Farmer,23,Female,Kelowna,Basic
3242,Jennifer Hendricks,21,Female,Toronto,Basic
3243,James Ruiz,69,Male,Whistler,Basic
3244,Kenneth Pennington,27,Male,Vancouver,Basic
3245,Joseph Anderson,30,Male,Vancouver,Basic
3246,Tina Bailey,45,Female,Quebec City,Basic
3247,Jennifer Williams,69,Female,Montreal,Basic
3248,Caitlin Davis,21,Female,Halifax,Silver
3249,Taylor Alvarez,25,Female,Toronto,Basic
3250,Vicki Stokes,32,Female,Victoria,Silver
3251,Cynthia Yoder,46,Female,Vancouver,Platinum
3252,Stephanie Campos,69,Female,Montreal,Basic
3253,Amy Salazar,64,Female,Ottawa,Basic
3254,Ryan Jones,22,Male,Toronto,Silver
3255,Lisa Pittman,23,Female,Toronto,Gold
3256,Erica Hale,20,Female,Vancouver,Basic
3257,Virginia Berry,62,Female,Calgary,Basic
3258,Dawn Kim,56,Female,Montreal,Basic
3259,Curtis Martin,25,Male,Calgary,Gold
3260,Rhonda Lee,23,Female,Winnipeg,Basic
3261,Mark Barnett,54,Male,Toronto,Basic
3262,Rhonda Barry,43,Female,Toronto,Silver
3263,Jason Payne,37,Male,Whistler,Basic
3264,Cody Blair,25,Male,Halifax,Silver
3265,Martin Crawford,51,Male,Toronto,Basic
3266,Laura Wells,22,Female,Vancouver,Basic
3267,Luke Hansen,33,Male,Montreal,Basic
3268,Austin Patterson,73,Male,Toronto,Basic
3269,Benjamin Miller,67,Male,Ottawa,Basic
3270,Edward Wilson,29,Male,Toronto,Basic
3271,Kyle Rivera,21,Male,Toronto,Platinum
3272,Todd Nielsen,51,Male,Quebec City,Basic
3273,Michael Jones,34,Male,Toronto,Basic
3274,Tracy Jones,60,Female,Whistler,Basic
3275,Samuel Frederick,22,Male,Vancouver,Platinum
3276,Jennifer Brown,60,Female,Toronto,Basic
3277,Ashley Ruiz,29,Female,Montreal,Basic
3278,Deborah Johnson,21,Female,Edmonton,Basic
3279,Debbie Cook,20,Female,Toronto,Basic
3280,Charles Payne,65,Male,Edmonton,Basic
3281,Tammy Alvarado,53,Female,Vancouver,Gold
3282,David Jones,27,Male,Toronto,Basic
3283,Sue Warner,36,Female,Niagara Falls,Basic
3284,Andrew Zavala,45,Male,Winnipeg,Basic
3285,Kyle Salazar,56,Male,Toronto,Basic
3286,Kristen Potts,26,Female,Quebec City,Gold
3287,Andrew Johnson,73,Male,Ottawa,Silver
3288,Marie Reynolds,42,Female,Victoria,Platinum
3289,Samuel Mata,24,Male,Winnipeg,Platinum
3290,Anthony Ayala,29,Male,Montreal,Basic
3291,Kimberly Dalton,27,Female,Toronto,Basic
3292,Nancy Tran,24,Female,Vancouver,Basic
3293,Pamela Dominguez,35,Female,Vancouver,VIP
3294,Jessica Taylor,52,Female,Vancouver,Basic
3295,Steven Haas,69,Male,Toronto,Basic
3296,Cory Kim,34,Male,Toronto,Gold
3297,Crystal Chapman,25,Female,Calgary,Silver
3298,Paul Beasley,35,Male,Edmonton,Basic
3299,Laura Ritter,38,Female,Ottawa,VIP
3300,Michelle Hess,45,Female,Montreal,Basic
3301,Beth White,19,Female,Vancouver,Basic
3302,Hannah Rios,27,Female,Edmonton,Basic
3303,Eduardo Obrien,43,Male,Ottawa,Basic
3304,Barbara Jones,46,Female,Vancouver,Basic
3305,Joshua Simpson,62,Male,Niagara Falls,Gold
3306,Howard Herman,36,Male,Toronto,Basic
3307,Michelle Pugh,53,Female,Calgary,Basic
3308,Edward Valdez,59,Male,Toronto,Basic
3309,Derek Wolfe,56,Male,Calgary,Basic
3310,Amy Mccullough,49,Female,Winnipeg,Basic
3311,Lisa Ramirez,23,Female,Vancouver,Silver
3312,Chad Daugherty,41,Male,Niagara Falls,Basic
3313,Natalie Clark,57,Female,Montreal,Basic
3314,Robert Thomas,28,Male,Ottawa,Gold
3315,Melissa Santos MD,26,Female,Toronto,Basic
3316,Jonathan Johnson,65,Male,Kelowna,Basic
3317,James Wilcox,31,Male,Montreal,Basic
3318,Douglas Lynch,56,Male,Quebec City,Basic
3319,Shari Cruz,25,Female,Toronto,Basic
3320,Daniel Lopez,49,Male,Quebec City,Basic
3321,Amy Torres,71,Female,Toronto,Basic
3322,Hannah Johnson,41,Female,Toronto,Basic
3323,Steven Livingston,24,Male,Vancouver,Basic
3324,Robert Garza,19,Male,Toronto,Silver
3325,Glen Calderon,63,Male,Quebec City,VIP
3326,Jeffrey Daniel,18,Male,Calgary,Basic
3327,Anthony Rodriguez,42,Male,Montreal,Basic
3328,Mikayla Gregory,53,Female,Vancouver,Silver
3329,Todd Ford,20,Male,Winnipeg,Basic
3330,Laura Stone,29,Female,Toronto,Basic
3331,James Reese,51,Male,Kelowna,Basic
3332,Carlos Smith,42,Male,Toronto,VIP
3333,Trevor Miller,32,Male,Ottawa,Basic
3334,Kimberly Morgan,29,Female,Montreal,Gold
3335,Luis Ward,41,Male,Kelowna,Gold
3336,Richard Patrick,75,Male,Montreal,VIP
3337,Caleb Carroll,65,Male,Victoria,Basic
3338,Dennis White,18,Male,Quebec City,Basic
3339,Jessica Owens,26,Female,Vancouver,Basic
3340,Mrs. Sarah Robinson,23,Female,Whistler,Gold
3341,Todd Hill,41,Male,Montreal,Platinum
3342,Erik Brown,53,Male,Quebec City,Silver
3343,Ralph Hill,45,Male,Kelowna,Basic
3344,Cameron Mccoy,48,Male,Toronto,Silver
3345,Luke Williams,49,Male,Montreal,Basic
3346,Andrew Cohen,28,Male,Quebec City,Basic
3347,Kevin Williams,19,Male,Montreal,Basic
3348,Amy Klein,67,Female,Vancouver,Silver
3349,David Gregory,18,Male,Toronto,Basic
3350,Harry Higgins,53,Male,Toronto,Silver
3351,Gregory Jones,46,Male,Vancouver,Silver
3352,Jorge Young,68,Male,Toronto,Silver
3353,Jacob Carson,18,Male,Vancouver,Basic
3354,Martin Liu,30,Male,Toronto,Gold
3355,Gabriel French,44,Male,Banff,Basic
3356,Jason Pearson,25,Male,Edmonton,Basic
3357,Valerie Howell,73,Female,Vancouver,Platinum
3358,Amanda Conrad,46,Female,Ottawa,Basic
3359,Alexander Lynch,68,Male,Banff,Basic
3360,Jorge Norman,21,Male,Kelowna,Basic
3361,Kevin Cooper,25,Male,Niagara Falls,Basic
3362,Sandra Johnson,29,Female,Montreal,Silver
3363,James Cuevas,19,Male,Niagara Falls,Basic
3364,Angela Walls,27,Female,Montreal,Gold
3365,Jonathan Andrews,57,Male,Vancouver,Basic
3366,Jason Quinn,36,Male,Toronto,Gold
3367,Joseph Williams,63,Male,Victoria,Basic
3368,Kelly Alexander,40,Female,Montreal,VIP
3369,Russell Carter,38,Male,Toronto,Silver
3370,David Saunders,19,Male,Vancouver,Basic
3371,Joy Goodman,56,Female,Halifax,Basic
3372,David Oconnor,56,Male,Toronto,Basic
3373,Heidi Bell,75,Female,Vancouver,Silver
3374,Thomas Valdez,32,Male,Halifax,Platinum
3375,Jerry Barnes,18,Male,Vancouver,Basic
3376,Samantha Martinez,53,Female,Whistler,Basic
3377,Paula Russell,52,Female,Quebec City,Basic
3378,Charles Green,18,Male,Vancouver,Basic
3379,Emily Miller,18,Female,Vancouver,Basic
3380,William Johnston,25,Male,Ottawa,Silver
3381,Patricia Yoder,57,Female,Ottawa,Basic
3382,Alexis Martinez,64,Female,Vancouver,Basic
3383,Justin Conrad,22,Male,Mont-Tremblant,Basic
3384,Cameron Johnson,42,Male,Halifax,Basic
3385,Melissa Fritz,32,Female,Toronto,Silver
3386,Sharon Sellers,32,Female,Toronto,Basic
3387,Hector Morales,23,Male,Vancouver,Basic
3388,Michael Wilson,59,Male,Toronto,Silver
3389,Steven Vargas,40,Male,Victoria,Basic
3390,Zachary Williams,43,Male,Toronto,Basic
3391,Heather Cole,24,Female,Banff,Silver
3392,Joanna Davenport,60,Female,Calgary,Basic
3393,John Taylor,69,Male,Toronto,Basic
3394,Pamela Hendricks,55,Female,Ottawa,Basic
3395,Bradley Huang,22,Male,Victoria,Basic
3396,Jacqueline Banks,63,Female,Quebec City,Gold
3397,Jeffrey Romero,33,Male,Toronto,Basic
3398,Tony Davis,31,Male,Halifax,Silver
3399,Glenn Elliott,41,Male,Montreal,Basic
3400,Kevin Anthony,67,Male,Ottawa,Gold
3401,Frank Flores,45,Male,Victoria,Basic
3402,Briana Cervantes,52,Female,Toronto,Basic
3403,Virginia Clark,40,Female,Victoria,Basic
3404,Laura Gilbert,21,Female,Quebec City,Silver
3405,Dustin Wilson,67,Male,Kelowna,Silver
3406,Jessica Mcclure,58,Female,Montreal,Silver
3407,Tabitha Zhang,39,Female,Vancouver,Basic
3408,Tammy Estrada,64,Female,Halifax,Basic
3409,Daniel Roberson,24,Male,Ottawa,Basic
3410,Alexander Orr,50,Male,Niagara Falls,Basic
3411,Kimberly Lloyd,56,Female,Calgary,Basic
3412,Sandra Johnson,20,Female,Toronto,Basic
3413,Teresa Duncan,22,Female,Halifax,Basic
3414,Joseph Guerra,19,Male,Halifax,Platinum
3415,Ashley Mccarthy,50,Female,Toronto,Basic
3416,Jill Reynolds,45,Female,Toronto,VIP
3417,Sharon Kaiser,31,Female,Toronto,Basic
3418,Bruce Gomez,73,Male,Toronto,Basic
3419,Ricky Luna,18,Male,Whistler,Basic
3420,Jonathon Hill,20,Male,Vancouver,Basic
3421,Jose Waters,48,Male,Whistler,Basic
3422,Emily Middleton,36,Female,Mont-Tremblant,Basic
3423,Tara Bauer,55,Female,Vancouver,Basic
3424,Sarah Guerrero,55,Female,Toronto,Basic
3425,Andrew Walters,34,Male,Winnipeg,Basic
3426,Chad Bennett,62,Male,Banff,Basic
3427,Michael Baker,58,Male,Toronto,Gold
3428,Robert Gross,50,Male,Montreal,Basic
3429,Craig Liu,25,Male,Vancouver,Silver
3430,Scott Curry,58,Male,Vancouver,Basic
3431,Andrea Grant,45,Female,Toronto,Basic
3432,Cassandra Barnes,50,Female,Quebec City,Basic
3433,Jamie Silva,54,Female,Whistler,Basic
3434,John Sandoval,46,Male,Quebec City,Basic
3435,Elizabeth Hall,20,Female,Toronto,Basic
3436,John Robles,55,Male,Vancouver,VIP
3437,Heather Castillo,23,Female,Vancouver,Silver
3438,Brian Ibarra,70,Male,Montreal,Basic
3439,Donna Montes,21,Female,Edmonton,Basic
3440,Matthew Wilson,20,Male,Quebec City,Basic
3441,Francis Wilson,52,Male,Toronto,Gold
3442,Michele Ayala,27,Female,Toronto,Silver
3443,Robert Burns,70,Male,Quebec City,Basic
3444,David Carter,67,Male,Toronto,Basic
3445,Steve Patton,18,Male,Vancouver,Basic
3446,Patricia Green,59,Female,Vancouver,VIP
3447,James Ramos,31,Male,Ottawa,Basic
3448,Susan Adams,24,Female,Halifax,Basic
3449,Gina Cardenas,41,Female,Vancouver,Basic
3450,Jennifer Armstrong,67,Female,Toronto,Gold
3451,Daniel Garrett,53,Male,Vancouver,Basic
3452,Louis Rivera,23,Male,Calgary,Gold
3453,Alejandro Bowen,33,Male,Toronto,Basic
3454,Ann Bush,25,Female,Montreal,Basic
3455,Randall Tran,49,Male,Vancouver,Silver
3456,Joseph Cox,26,Male,Vancouver,Gold
3457,Brooke Nichols,48,Female,Quebec City,Silver
3458,Dave Solis,44,Male,Toronto,Basic
3459,Erin Lewis,75,Female,Vancouver,Basic
3460,Teresa Johnson,40,Female,Whistler,Platinum
3461,Todd Garcia,38,Male,Kelowna,Basic
3462,John Moore,40,Male,Ottawa,Basic
3463,Crystal Barton,66,Female,Calgary,Silver
3464,Dominic Martinez,26,Male,Vancouver,Basic
3465,Mary Anderson,35,Female,Whistler,Basic
3466,Devin Miller,57,Male,Toronto,Basic
3467,Nathan Farmer,50,Male,Vancouver,Silver
3468,Adrian Greer,54,Male,Montreal,Basic
3469,Brittany Fitzgerald,71,Female,Toronto,Gold
3470,Cory Obrien,62,Male,Vancouver,Basic
3471,Erica Hunt,58,Female,Vancouver,Gold
3472,Donald Harris,37,Male,Mont-Tremblant,Platinum
3473,Matthew Ruiz,58,Male,Toronto,Basic
3474,Anna Rasmussen,21,Female,Quebec City,Basic
3475,Karen Velez,21,Female,Montreal,Basic
3476,Dana Smith,27,Female,Vancouver,Gold
3477,James Watson,26,Male,Toronto,Basic
3478,Brian Walker,42,Male,Halifax,Basic
3479,Mrs. Crystal Wood,35,Female,Ottawa,Silver
3480,Marvin Cook,43,Male,Toronto,Basic
3481,Vanessa Davis,52,Female,Calgary,Basic
3482,Sean Burns,29,Male,Quebec City,Silver
3483,Brenda Jensen,65,Female,Toronto,Basic
3484,Nathan Knight,65,Male,Toronto,Silver
3485,Randall King,57,Male,Montreal,Basic
3486,Gail Hernandez,21,Female,Victoria,Basic
3487,Krystal Russell,58,Female,Banff,Basic
3488,Michael Fischer,45,Male,Winnipeg,Gold
3489,Kimberly Edwards,22,Female,Calgary,Basic
3490,Erica Fletcher,37,Female,Victoria,Basic
3491,Scott Haney,39,Male,Victoria,Basic
3492,Brian Lyons,45,Male,Toronto,Gold
3493,Peter Martin,20,Male,Vancouver,Basic
3494,Christopher Kim,24,Male,Ottawa,Basic
3495,Mrs. Jessica Jackson,23,Female,Vancouver,Gold
3496,John Curry,53,Male,Toronto,Basic
3497,James Phillips,45,Male,Halifax,Basic
3498,Edward Weeks,28,Male,Vancouver,Basic
3499,Kelly Gilbert,54,Female,Vancouver,Basic
3500,Matthew Thomas,18,Male,Vancouver,Basic
3501,Dan Mendez,56,Male,Whistler,Basic
3502,Joseph King,57,Male,Edmonton,Basic
3503,Taylor Ho,56,Female,Calgary,Platinum
3504,Samuel Taylor,30,Male,Niagara Falls,Basic
3505,Sandra Smith,48,Female,Toronto,Basic
3506,Brittany Jones,57,Female,Toronto,VIP
3507,Emily Lopez DDS,39,Female,Whistler,Basic
3508,Gary Brown,36,Male,Vancouver,Basic
3509,Brooke Bell,24,Female,Montreal,Silver
3510,Courtney Fuller,20,Female,Vancouver,Platinum
3511,Denise Hoover,31,Female,Quebec City,Silver
3512,Lauren Torres,35,Female,Montreal,Basic
3513,Jennifer Scott,35,Female,Quebec City,Basic
3514,Matthew Jones,44,Male,Winnipeg,Basic
3515,Monica Ramirez,45,Female,Halifax,Basic
3516,Brian Robles,25,Male,Toronto,Basic
3517,Pamela Rivera,57,Female,Calgary,Basic
3518,Kevin Ramirez,47,Male,Vancouver,Basic
3519,Shelby Barnett,68,Female,Toronto,Gold
3520,Carol Logan,31,Female,Calgary,Basic
3521,Brandon Pratt Jr.,20,Male,Vancouver,Basic
3522,Shannon Morris,59,Male,Toronto,Silver
3523,Amy Hunt,54,Female,Quebec City,Basic
3524,Maurice Murphy,27,Male,Montreal,Platinum
3525,Autumn Castro,52,Female,Kelowna,Basic
3526,Janice Wells,22,Female,Vancouver,Basic
3527,Joseph Schmidt,70,Male,Toronto,Basic
3528,Ryan Moses,22,Male,Winnipeg,Basic
3529,Roy Dawson,53,Male,Calgary,Basic
3530,Justin Henry,71,Male,Banff,Basic
3531,Michael Grant,29,Male,Vancouver,Basic
3532,Hannah Johnson,55,Female,Whistler,Basic
3533,Julie Santiago,62,Female,Vancouver,Gold
3534,Cindy Castro,49,Female,Mont-Tremblant,Basic
3535,Dr. James White DDS,73,Male,Toronto,Basic
3536,Jessica Fox,38,Female,Toronto,Gold
3537,Emily Davis,31,Female,Montreal,Basic
3538,Dawn Dorsey,34,Female,Calgary,Silver
3539,Amanda Hill,29,Female,Calgary,Basic
3540,Amanda Dominguez,55,Female,Kelowna,Basic
3541,Lori Maddox,24,Female,Montreal,Basic
3542,Scott Pennington,57,Male,Halifax,Basic
3543,Mr. John Wells PhD,18,Male,Montreal,Gold
3544,Robert Johnson,20,Male,Winnipeg,Basic
3545,Stephanie Hernandez,35,Female,Vancouver,Basic
3546,Seth Anderson,44,Male,Whistler,Basic
3547,Sarah Brown,49,Female,Vancouver,Basic
3548,Antonio Davis,19,Male,Niagara Falls,Basic
3549,William Lee,26,Male,Mont-Tremblant,Basic
3550,Alice Hood,52,Female,Quebec City,Basic
3551,Eugene Fletcher,52,Male,Vancouver,Basic
3552,Laurie Blackburn,23,Female,Vancouver,Silver
3553,Teresa Powell,59,Female,Victoria,Silver
3554,Michael Brown,24,Male,Banff,Basic
3555,Jonathan Daniel,23,Male,Whistler,Basic
3556,Jeremy Hill,41,Male,Vancouver,VIP
3557,Jonathan Thompson,24,Male,Banff,Basic
3558,Sara Smith,31,Female,Toronto,Basic
3559,Gregory Peterson,75,Male,Calgary,Basic
3560,Melissa Knight,26,Female,Vancouver,Basic
3561,Audrey Davis,24,Female,Vancouver,VIP
3562,Charlene Garza,35,Female,Whistler,Basic
3563,Dr. Rachel Robinson,71,Female,Banff,Basic
3564,Angela Ramsey,52,Female,Vancouver,Silver
3565,Sara May,43,Female,Ottawa,Basic
3566,Cheryl Campos,38,Female,Toronto,Basic
3567,Amy Mccarthy,65,Female,Whistler,Gold
3568,Charles Stewart,35,Male,Winnipeg,Basic
3569,Cole Stephenson,18,Male,Whistler,Basic
3570,Elizabeth Wolfe,57,Female,Toronto,Basic
3571,John Lane,52,Male,Halifax,Gold
3572,Maria Cole,19,Female,Toronto,Basic
3573,Ronald Johnson,74,Male,Montreal,Basic
3574,Janice Medina,57,Female,Vancouver,Silver
3575,Michaela Reed,29,Female,Vancouver,VIP
3576,Robert Clark,23,Male,Halifax,Basic
3577,Kathy Gallegos,32,Female,Quebec City,Basic
3578,Brandon Ayala,70,Male,Niagara Falls,Gold
3579,Julie Johnson,56,Female,Vancouver,Basic
3580,Matthew Lopez,29,Male,Montreal,Basic
3581,Laurie Watson,60,Female,Toronto,Silver
3582,Leah Johnson,45,Female,Vancouver,Silver
3583,Mark Booth,55,Male,Vancouver,Basic
3584,Jennifer Cook,41,Female,Toronto,Basic
3585,Brett Gentry,25,Male,Winnipeg,Basic
3586,John Lopez,50,Male,Kelowna,Basic
3587,Rhonda Bryant,47,Female,Quebec City,Basic
3588,Jeffrey Ross,20,Male,Banff,Gold
3589,Dawn Brooks,29,Female,Victoria,Basic
3590,Meghan Evans,33,Female,Victoria,Basic
3591,Dr. Pamela Santana,25,Female,Vancouver,Basic
3592,Jason Schroeder,30,Male,Winnipeg,Basic
3593,Jennifer Johnson,21,Female,Kelowna,Basic
3594,Thomas Tanner,41,Male,Toronto,Basic
3595,Dr. Craig Compton,45,Male,Vancouver,Basic
3596,Beverly Cook,25,Female,Vancouver,Silver
3597,Tracy Parker,28,Female,Toronto,Basic
3598,Rebecca Ellis,22,Female,Toronto,Basic
3599,Aaron Hernandez,38,Male,Toronto,Basic
3600,Elizabeth Miller,49,Female,Toronto,Gold
3601,Dalton Davis,34,Male,Edmonton,Silver
3602,Melinda Singleton,69,Female,Quebec City,Basic
3603,Karen Cooper,59,Female,Montreal,Basic
3604,Michael Hale,47,Male,Winnipeg,Basic
3605,Mary Guerra,21,Female,Ottawa,Basic
3606,Phillip Davis,70,Male,Winnipeg,Basic
3607,Phillip Anderson,30,Male,Edmonton,Gold
3608,Steven Weiss,69,Male,Montreal,VIP
3609,Jeff Long,48,Male,Quebec City,Basic
3610,Katherine Yang,54,Female,Whistler,Basic
3611,Connie Franklin,24,Female,Vancouver,Basic
3612,Jackie Morgan,55,Female,Toronto,Basic
3613,Leroy Walton,57,Male,Toronto,VIP
3614,Maria Taylor,18,Female,Vancouver,Basic
3615,Daniel Graham,37,Male,Vancouver,Basic
3616,Martha Simmons,49,Female,Mont-Tremblant,Platinum
3617,Jasmine Nicholson,31,Female,Banff,Basic
3618,Tina Fisher,44,Female,Banff,VIP
3619,Michael Flowers,27,Male,Vancouver,Basic
3620,Bradley Parks,47,Male,Ottawa,Basic
3621,Scott Lara,59,Male,Toronto,Platinum
3622,Francis Andrews,61,Male,Vancouver,Basic
3623,Jesse Tucker,18,Male,Toronto,Basic
3624,Jennifer Wise,29,Female,Quebec City,Basic
3625,David Walters,19,Male,Winnipeg,Basic
3626,Rebekah Cole,20,Female,Toronto,Basic
3627,John Rogers,73,Male,Vancouver,Basic
3628,Jacob Floyd,28,Male,Banff,VIP
3629,Kim Reyes DDS,30,Female,Toronto,VIP
3630,Gabrielle Villa,38,Female,Calgary,Basic
3631,Christina Hess,61,Female,Vancouver,Silver
3632,Jesse Williams,39,Male,Vancouver,Basic
3633,Barbara Burns,26,Female,Quebec City,Basic
3634,Stephen Parks,74,Male,Vancouver,Basic
3635,George Phillips,28,Male,Vancouver,Basic
3636,Joshua White,57,Male,Toronto,VIP
3637,Alicia Nguyen,54,Female,Montreal,Basic
3638,Kyle Howard,58,Male,Mont-Tremblant,Basic
3639,Parker Wright,66,Male,Montreal,Basic
3640,Brandon Acosta,25,Male,Vancouver,Silver
3641,Jeffrey Hill,55,Male,Vancouver,Basic
3642,Mr. David Petersen,22,Male,Vancouver,Basic
3643,Nicholas Mills,46,Male,Ottawa,VIP
3644,Billy Watson,23,Male,Calgary,VIP
3645,William Little,48,Male,Quebec City,Silver
3646,Janet Baird,57,Female,Montreal,Silver
3647,Tammy Curry,58,Female,Vancouver,Platinum
3648,Alex Clements,44,Male,Vancouver,Basic
3649,Marissa Andrade,28,Female,Montreal,Silver
3650,Jessica Wilson,60,Female,Banff,Basic
3651,Debbie Turner,48,Female,Quebec City,Basic
3652,Scott Sanchez,21,Male,Halifax,Basic
3653,Jacqueline Kennedy,28,Female,Toronto,Basic
3654,Jeffrey Burgess,26,Male,Niagara Falls,Basic
3655,Destiny Powers,75,Female,Kelowna,Basic
3656,Susan Gregory,43,Female,Montreal,Basic
3657,Jason Smith,55,Male,Calgary,Basic
3658,Carlos Adams,53,Male,Calgary,Basic
3659,William Flores,50,Male,Montreal,Basic
3660,Albert Nguyen,49,Male,Whistler,Basic
3661,Dwayne Joseph,31,Male,Vancouver,Basic
3662,Leah Walters,25,Female,Vancouver,Basic
3663,James Spears,52,Male,Toronto,Basic
3664,Gina Reed,64,Female,Calgary,Basic
3665,Julia Newton,49,Female,Mont-Tremblant,Basic
3666,Michael Chambers,67,Male,Whistler,Basic
3667,Amanda Phelps,38,Female,Ottawa,Basic
3668,Mr. Justin Reed,46,Male,Vancouver,Silver
3669,William Wood,54,Male,Toronto,Basic
3670,Ethan Craig,38,Male,Ottawa,Basic
3671,Mario Jackson,58,Male,Montreal,Silver
3672,Jeffrey Forbes,40,Male,Quebec City,Basic
3673,Valerie Hawkins,18,Female,Vancouver,Basic
3674,Cynthia Morse,41,Female,Whistler,Silver
3675,Lisa Atkinson,43,Female,Vancouver,Basic
3676,Daniel Gay,35,Male,Winnipeg,Basic
3677,Christopher Moore,53,Male,Halifax,Basic
3678,Morgan Morales,58,Female,Toronto,Silver
3679,Nicole Barnes,22,Female,Quebec City,Gold
3680,Emma Cox,58,Female,Vancouver,Basic
3681,Stacey Horne,41,Female,Toronto,Basic
3682,Emily Nichols,69,Female,Banff,Basic
3683,Scott Simpson,55,Male,Vancouver,Basic
3684,Ronald Cole,34,Male,Toronto,Basic
3685,Cassandra Roberts,68,Female,Vancouver,Gold
3686,Geoffrey Marshall,43,Male,Ottawa,Basic
3687,Susan Reyes,33,Female,Mont-Tremblant,Basic
3688,Valerie Jenkins,46,Female,Vancouver,Basic
3689,Malik Taylor,41,Male,Calgary,VIP
3690,Yvonne Greene,56,Female,Vancouver,Basic
3691,Theresa Nguyen,65,Female,Vancouver,Silver
3692,Keith Kennedy,37,Male,Quebec City,Silver
3693,Jacqueline Paul,18,Female,Halifax,Gold
3694,Matthew Arnold,46,Male,Halifax,Basic
3695,Samuel Martin,33,Male,Toronto,Basic
3696,Shaun Thompson,42,Male,Kelowna,Basic
3697,Tammy Morris,39,Female,Edmonton,Basic
3698,Steven Clark,65,Male,Montreal,Basic
3699,David Morrison,42,Male,Banff,Gold
3700,Robert Kaufman MD,24,Male,Vancouver,Basic
3701,Lindsey Rivera,65,Female,Toronto,Basic
3702,Caitlin Ford,21,Female,Vancouver,Basic
3703,Mr. Andrew Rhodes,36,Male,Halifax,Gold
3704,Whitney Atkins,36,Female,Vancouver,Basic
3705,Jennifer Green,35,Female,Montreal,Basic
3706,Barbara Frank,30,Female,Montreal,Silver
3707,Kimberly Johnson,53,Female,Ottawa,Basic
3708,Nicholas Carter,47,Male,Banff,Basic
3709,Samantha Mack,60,Female,Toronto,Basic
3710,Michelle Hunt,23,Female,Vancouver,Basic
3711,Jeffrey Martinez,21,Male,Vancouver,Silver
3712,Dennis Bryan,61,Male,Quebec City,Basic
3713,Brian Jackson,29,Male,Whistler,Basic
3714,Gina Durham,24,Female,Toronto,Silver
3715,Daniel Davis,74,Male,Toronto,Basic
3716,Angela Nolan,49,Female,Vancouver,Basic
3717,David Green,22,Male,Toronto,Basic
3718,Jeremy Cobb,38,Male,Montreal,Basic
3719,Laura Wheeler,22,Female,Toronto,Platinum
3720,Brittany Roberts,50,Female,Vancouver,Basic
3721,Jacob Cox,57,Male,Calgary,Gold
3722,Theresa Moore,28,Female,Edmonton,Basic
3723,John Gonzales,57,Male,Ottawa,Silver
3724,Patrick Neal,35,Male,Toronto,VIP
3725,Eduardo Cruz,35,Male,Calgary,Basic
3726,Alfred Lewis,69,Male,Niagara Falls,Silver
3727,Lauren Green,20,Female,Whistler,Gold
3728,Nichole Ferrell,29,Female,Niagara Falls,Platinum
3729,Luke Jackson,28,Male,Montreal,Basic
3730,Brittney Farrell,75,Female,Toronto,Basic
3731,James Grimes,58,Male,Vancouver,Basic
3732,Caroline Fox,46,Female,Calgary,Basic
3733,Stephanie Smith,53,Female,Toronto,Silver
3734,Gordon Parker,26,Male,Toronto,Gold
3735,Diana Strickland,59,Female,Ottawa,Basic
3736,Marie Kelly,30,Female,Quebec City,Basic
3737,Susan Escobar,57,Female,Toronto,Gold
3738,Ryan Logan,42,Male,Vancouver,Basic
3739,Darryl Harris,31,Male,Toronto,Basic
3740,James Garcia,73,Male,Calgary,Basic
3741,Andrea Tran,32,Female,Toronto,Basic
3742,Natalie Salas,32,Female,Montreal,Basic
3743,Mrs. Lacey Wright,41,Female,Vancouver,Silver
3744,Patrick Norris,25,Male,Quebec City,Basic
3745,Danielle Norris,26,Female,Quebec City,Basic
3746,Amanda Lynch,58,Female,Calgary,Basic
3747,Brandon Lee,46,Male,Vancouver,Basic
3748,Arthur Leach,36,Male,Winnipeg,Basic
3749,Antonio Perez,59,Male,Vancouver,Basic
3750,Lauren Marshall,64,Female,Toronto,Basic
3751,Rachael Flores,59,Female,Calgary,Basic
3752,Craig Wilson,36,Male,Montreal,Silver
3753,Craig Daniels,35,Male,Toronto,Basic
3754,Katelyn Hudson,71,Female,Mont-Tremblant,Basic
3755,Scott Rodriguez,55,Male,Halifax,Basic
3756,Richard Lee,41,Male,Banff,Silver
3757,Lisa Bryant,59,Female,Whistler,Basic
3758,Paul Guzman,64,Male,Quebec City,Basic
3759,Christopher Hunter,38,Male,Vancouver,VIP
3760,Trevor Evans,64,Male,Banff,Basic
3761,Danielle Hill,47,Female,Montreal,Platinum
3762,Eric Alexander,51,Male,Whistler,Basic
3763,Tracy Freeman MD,50,Male,Quebec City,Silver
3764,Mr. Christopher Jones,24,Male,Kelowna,Silver
3765,Eric Schaefer,47,Male,Vancouver,Basic
3766,Mark Ryan,21,Male,Vancouver,Basic
3767,Peggy Hines,40,Female,Quebec City,Basic
3768,Jonathan Flores,43,Male,Mont-Tremblant,Basic
3769,Ashley Evans,57,Female,Toronto,Basic
3770,Laura Moore,31,Female,Niagara Falls,Basic
3771,Pamela Floyd,58,Female,Toronto,Basic
3772,Leonard Moore,26,Male,Calgary,Basic
3773,Veronica Valdez,75,Female,Winnipeg,Basic
3774,Penny Adams,57,Female,Calgary,Basic
3775,Kaitlyn Chase,25,Female,Banff,Basic
3776,Charles Cook,49,Male,Montreal,Basic
3777,Patrick Cole,18,Male,Banff,Basic
3778,James Butler,61,Male,Quebec City,Basic
3779,Jennifer Schmitt,21,Female,Vancouver,Basic
3780,Renee Proctor,67,Female,Montreal,Basic
3781,Alec Bush,36,Male,Vancouver,Gold
3782,Mitchell Phillips,49,Male,Toronto,Basic
3783,Erica Gibbs,31,Female,Whistler,Basic
3784,Justin Gonzalez,24,Male,Montreal,Basic
3785,Jonathan Gates,31,Male,Vancouver,Basic
3786,David Nguyen,29,Male,Quebec City,Basic
3787,Nathan Harrison,41,Male,Mont-Tremblant,Basic
3788,Mrs. Mary Watts,30,Female,Toronto,Basic
3789,John Ramirez,27,Male,Quebec City,Silver
3790,Jaime Garcia,71,Female,Vancouver,Basic
3791,Donald Wood,57,Male,Halifax,Basic
3792,Ashley Taylor,26,Female,Vancouver,VIP
3793,Frederick Rowe,21,Male,Halifax,Silver
3794,Christian Hernandez,57,Male,Montreal,Basic
3795,Curtis Miller,25,Male,Edmonton,Platinum
3796,Laura Farmer,31,Female,Vancouver,Basic
3797,Joseph Carter,32,Male,Vancouver,Silver
3798,Patricia Jones,55,Female,Vancouver,Basic
3799,Michael Edwards,54,Male,Vancouver,Basic
3800,Taylor Griffin,26,Male,Banff,Basic
3801,Cathy Mcdonald,36,Female,Toronto,Basic
3802,Gary Byrd,21,Male,Montreal,Basic
3803,David Adkins,60,Male,Victoria,Basic
3804,Bryan Jenkins,55,Male,Vancouver,Basic
3805,Katelyn Williams,29,Female,Toronto,Basic
3806,Thomas Hunt,72,Male,Toronto,Platinum
3807,Jessica Johnson,18,Female,Toronto,Basic
3808,Rebecca Tyler,71,Female,Calgary,Basic
3809,Laura Walters,63,Female,Toronto,Silver
3810,Krystal Mccann,24,Female,Montreal,Basic
3811,Joseph Lindsey,49,Male,Toronto,VIP
3812,Anita Nielsen,26,Female,Toronto,Basic
3813,Willie Walton,64,Male,Whistler,Basic
3814,Jeffrey Hill,33,Male,Calgary,Basic
3815,Shirley Stevenson,19,Female,Toronto,Basic
3816,Benjamin Holland,51,Male,Vancouver,Basic
3817,Joseph Schwartz,73,Male,Vancouver,Basic
3818,Jeffrey Smith,71,Male,Vancouver,Basic
3819,Aaron Clayton,38,Male,Quebec City,Basic
3820,Danny Simmons,42,Male,Toronto,Basic
3821,Courtney Craig,64,Female,Montreal,Basic
3822,Judith Ortega,64,Female,Vancouver,Basic
3823,Kenneth Gomez,52,Male,Vancouver,Gold
3824,Sharon Hernandez,67,Female,Vancouver,Basic
3825,Daniel White,57,Male,Kelowna,Basic
3826,Lindsay Kirk,24,Female,Vancouver,Basic
3827,Kimberly Blevins,24,Female,Halifax,Basic
3828,Emily Hall,53,Female,Niagara Falls,Basic
3829,Elizabeth Coleman,42,Female,Toronto,Basic
3830,Taylor Robinson,36,Female,Toronto,Basic
3831,Brenda Nolan,33,Female,Vancouver,Basic
3832,Sandra Brooks,72,Female,Niagara Falls,Platinum
3833,Natasha Singh,22,Female,Vancouver,Basic
3834,Jeremy Ross,52,Male,Calgary,Basic
3835,James Olsen,38,Male,Quebec City,Basic
3836,Carrie Gentry,69,Female,Victoria,Basic
3837,Barbara Sherman,47,Female,Toronto,Platinum
3838,John Jacobs,29,Male,Vancouver,Basic
3839,Evan Lee,20,Male,Victoria,Silver
3840,Robert Ward III,60,Male,Kelowna,Platinum
3841,Joyce Smith,37,Female,Quebec City,Basic
3842,Jennifer Mathews,35,Female,Quebec City,Basic
3843,Tracy Copeland,37,Male,Halifax,Silver
3844,Sarah Turner,38,Female,Vancouver,Basic
3845,Mr. Mason Price MD,20,Male,Ottawa,Basic
3846,Denise Holland,35,Female,Vancouver,Basic
3847,Brenda Wright,62,Female,Toronto,Basic
3848,Bethany Moore,47,Female,Quebec City,Basic
3849,Philip Brown,64,Male,Vancouver,Basic
3850,Sean Guerrero,34,Male,Vancouver,Silver
3851,Jason Moore,53,Male,Ottawa,Basic
3852,Timothy Sanford,22,Male,Vancouver,Platinum
3853,Robert White,53,Male,Montreal,Basic
3854,Ashley Martin,53,Female,Toronto,Basic
3855,Eric Garrett,46,Male,Toronto,Basic
3856,Derek Morris,22,Male,Quebec City,Silver
3857,Gary Oneal,22,Male,Calgary,Platinum
3858,Shane Mcintyre,42,Male,Halifax,Platinum
3859,Jamie George,19,Female,Whistler,Basic
3860,Christopher Smith,73,Male,Vancouver,Basic
3861,Brandon Mcneil,49,Male,Winnipeg,Basic
3862,John Lucero,48,Male,Montreal,Platinum
3863,Joshua Taylor,30,Male,Toronto,Silver
3864,Mallory Collins,25,Female,Toronto,Gold
3865,Steven Anderson,45,Male,Winnipeg,Basic
3866,Holly Austin,26,Female,Quebec City,Basic
3867,John Goodman,59,Male,Halifax,Basic
3868,Craig Robinson,51,Male,Kelowna,Basic
3869,Tom Perez,42,Male,Toronto,Basic
3870,Anna Powell,28,Female,Montreal,Basic
3871,Ashley Perez,27,Female,Winnipeg,Basic
3872,Matthew Murphy,30,Male,Toronto,Basic
3873,Mr. Joseph Ray,27,Male,Calgary,VIP
3874,Peter Anderson,40,Male,Vancouver,VIP
3875,Mary Riley,47,Female,Toronto,Basic
3876,Amanda Bullock,25,Female,Quebec City,Basic
3877,Amber Gonzalez,66,Female,Vancouver,Basic
3878,Brenda Johnson,46,Female,Toronto,Basic
3879,Candice Morris,43,Female,Vancouver,Basic
3880,John Cooper,54,Male,Whistler,Gold
3881,Ruth Ray,20,Female,Vancouver,Basic
3882,Daniel Howell,24,Male,Whistler,Basic
3883,Bruce Ramirez,71,Male,Niagara Falls,Basic
3884,Tammy Rogers,42,Female,Whistler,Basic
3885,David Roman,48,Male,Whistler,Basic
3886,Kimberly Alvarado,30,Female,Calgary,VIP
3887,Gordon Stone,20,Male,Toronto,Basic
3888,Holly May,28,Female,Toronto,Basic
3889,Mr. Darren Ellis,54,Male,Toronto,Basic
3890,Joshua Phillips,27,Male,Quebec City,Basic
3891,Eric Graham,53,Male,Montreal,Gold
3892,Angela Camacho DDS,19,Female,Niagara Falls,Basic
3893,Teresa Lutz,51,Female,Vancouver,Silver
3894,Ryan Walker,49,Male,Niagara Falls,Basic
3895,Nicholas Gomez,56,Male,Kelowna,Basic
3896,Brittany Heath,29,Female,Toronto,Basic
3897,Robert Cox,38,Male,Mont-Tremblant,Silver
3898,Travis Schmidt,49,Male,Victoria,Basic
3899,Ariel Martin,44,Female,Quebec City,Silver
3900,Lisa Bridges,18,Female,Toronto,Basic
3901,Brittany Dunlap,24,Female,Vancouver,Basic
3902,Shannon Ramirez,45,Female,Calgary,Basic
3903,Tiffany Phillips,48,Female,Vancouver,Basic
3904,Valerie English,36,Female,Banff,Basic
3905,Chad Hurley,39,Male,Kelowna,Platinum
3906,Danielle Peters,29,Female,Montreal,Basic
3907,Tammy Austin,58,Female,Quebec City,Basic
3908,Amy Jenkins,42,Female,Toronto,Basic
3909,Rodney Duran,36,Male,Montreal,Basic
3910,Trevor Sanchez,33,Male,Montreal,Basic
3911,Maria Myers,27,Female,Whistler,Basic
3912,Sandra Jones,35,Female,Montreal,Basic
3913,Mrs. Stephanie Martinez,54,Female,Vancouver,Basic
3914,Terry Hernandez,18,Female,Montreal,Basic
3915,Michael Hodges,35,Male,Vancouver,Basic
3916,Bruce Collins,54,Male,Toronto,Basic
3917,Lori Ruiz,55,Female,Montreal,Basic
3918,Elizabeth Martinez,67,Female,Toronto,Basic
3919,Jesse Jones,40,Male,Montreal,Basic
3920,Thomas Peterson III,23,Male,Calgary,Basic
3921,James Vance Jr.,28,Male,Montreal,Gold
3922,Kevin Walter,33,Male,Quebec City,Basic
3923,Rebecca Blake,59,Female,Toronto,Basic
3924,Ashley Bright,45,Female,Vancouver,Basic
3925,Linda Cox,66,Female,Calgary,Basic
3926,Maurice Copeland,18,Male,Vancouver,VIP
3927,Mrs. Margaret Grimes,62,Female,Halifax,Basic
3928,Nathaniel Hill,56,Male,Toronto,Basic
3929,Katie Barnes,27,Female,Vancouver,Basic
3930,William Miller,47,Male,Quebec City,Basic
3931,Robert Sanchez,55,Male,Montreal,Basic
3932,Kevin Wade,53,Male,Ottawa,Basic
3933,Richard Erickson,45,Male,Ottawa,Basic
3934,Sara Bennett,22,Female,Victoria,Basic
3935,Timothy Reyes,47,Male,Kelowna,Basic
3936,Leslie Leon,31,Female,Vancouver,Basic
3937,Kenneth Wilson,18,Male,Victoria,Basic
3938,Heather Chambers,27,Female,Calgary,Basic
3939,Javier Long,42,Male,Ottawa,Basic
3940,Hannah French,58,Female,Toronto,Basic
3941,Laura Mills,55,Female,Montreal,Basic
3942,Robin Fuller,49,Female,Toronto,Basic
3943,Michael Johnson,43,Male,Toronto,Basic
3944,Alexander Bautista,33,Male,Toronto,Basic
3945,Thomas Pham,20,Male,Vancouver,Basic
3946,Sarah King,36,Female,Mont-Tremblant,Basic
3947,Gregory Beltran,29,Male,Toronto,Platinum
3948,Jill Williams,52,Female,Quebec City,Basic
3949,William Baker,19,Male,Vancouver,Basic
3950,Christine Townsend,41,Female,Vancouver,Basic
3951,Erica Morales,37,Female,Toronto,Basic
3952,Robin Kirk,31,Female,Whistler,Basic
3953,Felicia Jensen,19,Female,Victoria,Basic
3954,Russell Perez,42,Male,Vancouver,Basic
3955,Ashley Bowen,23,Female,Toronto,Basic
3956,Erik Crawford,64,Male,Kelowna,Platinum
3957,Janet Baker,55,Female,Niagara Falls,Basic
3958,Gregory Shaffer,38,Male,Quebec City,Basic
3959,Nicole Chung,40,Female,Halifax,Basic
3960,Brian Perkins,24,Male,Quebec City,VIP
3961,Michael Castro,74,Male,Toronto,Gold
3962,Joshua Sanders,25,Male,Whistler,Silver
3963,Christina Davis,45,Female,Quebec City,Basic
3964,Sherri Sullivan,33,Female,Toronto,Basic
3965,Michelle Patel,45,Female,Toronto,Silver
3966,Thomas Garcia,45,Male,Vancouver,Basic
3967,Robin Clay,63,Female,Vancouver,Gold
3968,Laura Miller,35,Female,Vancouver,Basic
3969,Mr. Andrew Kelley DDS,49,Male,Victoria,Basic
3970,Kathleen Whitaker,53,Female,Vancouver,Silver
3971,David Perez DDS,45,Male,Vancouver,Basic
3972,Adam Sanchez,73,Male,Montreal,Basic
3973,Lisa Massey,74,Female,Toronto,Gold
3974,Kristen Carroll,54,Female,Montreal,Basic
3975,Ryan Carpenter,69,Male,Vancouver,VIP
3976,Stacy Werner,57,Female,Toronto,Silver
3977,Michelle Holden,41,Female,Montreal,Silver
3978,Dennis Wood,23,Male,Quebec City,Basic
3979,Taylor Flores,70,Female,Toronto,Basic
3980,Tyler Taylor,46,Male,Toronto,Basic
3981,William Wright,75,Male,Quebec City,Basic
3982,Betty Pollard,61,Female,Toronto,Platinum
3983,Jordan Alvarez,30,Male,Montreal,Basic
3984,Renee Munoz,46,Female,Vancouver,Basic
3985,Mitchell Newman,23,Male,Vancouver,Platinum
3986,Victoria Marshall,51,Female,Montreal,Basic
3987,Amy Montgomery,43,Female,Vancouver,Basic
3988,Jessica Benton,24,Female,Montreal,Basic
3989,Justin Hansen,59,Male,Montreal,Basic
3990,Hannah Dillon,25,Female,Victoria,Basic
3991,Melanie Jones,51,Female,Montreal,Basic
3992,Kelly Valentine,67,Male,Winnipeg,Basic
3993,Micheal Henry,57,Male,Montreal,Basic
3994,Tommy Andersen,24,Male,Toronto,Gold
3995,Jodi Ryan,35,Female,Vancouver,Basic
3996,Gary Hudson,39,Male,Montreal,Basic
3997,Tracy Thomas,21,Male,Quebec City,Basic
3998,Michael Edwards,24,Male,Calgary,Basic
3999,Lisa Joseph,30,Female,Toronto,Basic
4000,Barbara Madden,44,Female,Quebec City,Basic
4001,Kendra Cross,26,Female,Vancouver,Basic
4002,David Guzman,58,Male,Quebec City,Gold
4003,Christopher White,46,Male,Toronto,Basic
4004,Kathleen Wilson,36,Female,Toronto,Basic
4005,Theresa Berry,27,Female,Niagara Falls,Basic
4006,James Russell,36,Male,Quebec City,Silver
4007,Charles Cooper,43,Male,Mont-Tremblant,Platinum
4008,Heather Mann,33,Female,Vancouver,Basic
4009,Jonathan Lopez,29,Male,Victoria,Basic
4010,Darrell Duke,20,Male,Ottawa,Basic
4011,Gina Walton,30,Female,Vancouver,Basic
4012,Alicia Obrien,44,Female,Toronto,Basic
4013,Amy Brooks MD,32,Female,Calgary,Basic
4014,Mr. Aaron Cruz,58,Male,Vancouver,Basic
4015,Taylor Elliott,27,Male,Ottawa,Basic
4016,Tyler Lopez,45,Male,Toronto,Silver
4017,Catherine Robinson,49,Female,Winnipeg,Basic
4018,Shane Gaines,35,Male,Kelowna,Basic
4019,Laura Vance,52,Female,Winnipeg,Silver
4020,Shawn Thompson,36,Male,Vancouver,Silver
4021,Sabrina Johnson,47,Female,Mont-Tremblant,Basic
4022,Joshua Rubio,20,Male,Vancouver,Basic
4023,Robert Collins,51,Male,Calgary,Gold
4024,Hannah White,75,Female,Halifax,Basic
4025,Steven Jimenez,25,Male,Whistler,Basic
4026,Yolanda Mora,31,Female,Banff,Basic
4027,Tanya Kelley,71,Female,Vancouver,Basic
4028,Jo Wilson,21,Female,Toronto,VIP
4029,George Diaz,58,Male,Vancouver,Silver
4030,Robert Lopez,34,Male,Winnipeg,Basic
4031,Ian Rangel,49,Male,Toronto,Basic
4032,Robert Browning,45,Male,Vancouver,Basic
4033,Ryan Garcia,20,Male,Montreal,Basic
4034,Matthew Flores,28,Male,Calgary,Basic
4035,Laura Patel,51,Female,Vancouver,Silver
4036,Joshua Harris,18,Male,Toronto,Basic
4037,Jo Gonzalez,47,Female,Quebec City,Basic
4038,Jessica Graham,30,Female,Toronto,Basic
4039,Alexander Garcia,62,Male,Vancouver,Platinum
4040,Leonard Torres,52,Male,Toronto,Basic
4041,Randy Townsend DDS,36,Male,Victoria,Basic
4042,Amanda Arroyo,31,Female,Toronto,Basic
4043,Laurie Mccullough,38,Female,Victoria,Platinum
4044,Margaret Stevenson,56,Female,Mont-Tremblant,Basic
4045,Amber Turner,23,Female,Calgary,Platinum
4046,Tracey Williams,27,Female,Montreal,Platinum
4047,Shelly Rodgers,33,Female,Toronto,Basic
4048,Christopher Wood,52,Male,Montreal,Basic
4049,Susan Garcia,48,Female,Vancouver,Basic
4050,Stephanie Joseph,44,Female,Vancouver,Platinum
4051,Christina Clark,67,Female,Niagara Falls,Basic
4052,Alexis Weeks,31,Female,Ottawa,Basic
4053,Melissa Glass,41,Female,Toronto,Basic
4054,David Cervantes,29,Male,Quebec City,Basic
4055,William Benitez,74,Male,Vancouver,Basic
4056,Jacqueline Monroe,69,Female,Kelowna,Basic
4057,Brenda Sanchez,48,Female,Toronto,Basic
4058,Stephen Henderson,44,Male,Vancouver,Basic
4059,Sharon Sims,29,Female,Vancouver,Platinum
4060,Sherry Doyle,43,Female,Toronto,Platinum
4061,Michael Perry,47,Male,Kelowna,Basic
4062,Diana Santana,66,Female,Banff,Basic
4063,Katherine Greene,54,Female,Montreal,Basic
4064,James Dominguez,27,Male,Toronto,Basic
4065,Matthew Walker,69,Male,Halifax,Basic
4066,Ashley Barrera,45,Female,Victoria,Basic
4067,Clifford Murphy,66,Male,Quebec City,Basic
4068,Dawn Becker,22,Female,Toronto,Silver
4069,Jennifer Herrera,49,Female,Winnipeg,Basic
4070,Kelly Rodriguez,19,Male,Quebec City,Basic
4071,Rodney Henson,60,Male,Quebec City,Basic
4072,Justin Jimenez,24,Male,Calgary,Basic
4073,Whitney Harrison,36,Female,Montreal,Silver
4074,Crystal Whitaker,55,Female,Montreal,Silver
4075,Pamela Drake,41,Female,Niagara Falls,VIP
4076,Luis Kim,60,Male,Vancouver,Silver
4077,Kyle Williams,28,Male,Vancouver,Platinum
4078,Randall Lopez,24,Male,Calgary,Platinum
4079,Emily Carroll,35,Female,Calgary,Gold
4080,Gloria Clements,52,Female,Calgary,Platinum
4081,Hayley Gonzalez,58,Female,Halifax,Basic
4082,Jeanne Hernandez,36,Female,Toronto,Gold
4083,Arthur White,29,Male,Niagara Falls,Platinum
4084,Matthew Gonzales,67,Male,Victoria,Basic
4085,Andrea Sanchez,36,Female,Whistler,Silver
4086,Kristin Thomas,61,Female,Vancouver,Silver
4087,Mr. Michael Ortiz,18,Male,Quebec City,Basic
4088,Luke Jackson,46,Male,Montreal,Basic
4089,Jacqueline Thomas,46,Female,Calgary,Basic
4090,David James,27,Male,Vancouver,Basic
4091,Robin Mack,61,Female,Vancouver,Platinum
4092,Danny Fuller,56,Male,Toronto,Basic
4093,Angela Banks,23,Female,Toronto,Basic
4094,Timothy Newman,31,Male,Toronto,Basic
4095,Lisa Cole,52,Female,Banff,Silver
4096,Melanie Salazar,31,Female,Victoria,Silver
4097,William Gibson,45,Male,Vancouver,Gold
4098,Christian Herrera,37,Male,Toronto,Basic
4099,Brianna Walsh,56,Female,Toronto,Basic
4100,Walter Kidd,28,Male,Vancouver,Basic
4101,Jacob Smith,46,Male,Victoria,Gold
4102,Brianna Stevens,31,Female,Montreal,Platinum
4103,Kimberly Perez,36,Female,Calgary,Basic
4104,Ryan Gomez,32,Male,Vancouver,Basic
4105,Jason Butler,63,Male,Halifax,Basic
4106,Jeremy Price,34,Male,Edmonton,Basic
4107,Erika Ross,22,Female,Montreal,Basic
4108,Daniel Robinson,27,Male,Quebec City,Basic
4109,Cory Russo,52,Male,Toronto,Gold
4110,Lisa Mccullough,67,Female,Ottawa,Platinum
4111,Phillip Russell,33,Male,Mont-Tremblant,Basic
4112,Cindy Thomas,32,Female,Niagara Falls,Platinum
4113,Marissa Evans,46,Female,Vancouver,Basic
4114,Patricia Hanson,46,Female,Toronto,Basic
4115,Daniel Arnold,28,Male,Toronto,Basic
4116,James Holmes,44,Male,Vancouver,Basic
4117,Jeremy Benson,48,Male,Ottawa,Basic
4118,Michael Nelson,31,Male,Montreal,Silver
4119,Justin Moore,66,Male,Vancouver,Silver
4120,Rachael Gonzalez,71,Female,Winnipeg,Basic
4121,Julie Parrish,42,Female,Toronto,Basic
4122,Tara Stewart,57,Female,Mont-Tremblant,Platinum
4123,Lisa Moss,20,Female,Montreal,Gold
4124,Megan Buchanan,60,Female,Vancouver,Basic
4125,Alexa Atkins,27,Female,Whistler,Silver
4126,Sarah Edwards,44,Female,Toronto,Basic
4127,Christina Hernandez,29,Female,Montreal,Basic
4128,Sara Cox,47,Female,Vancouver,Basic
4129,Kevin Clayton,20,Male,Toronto,Silver
4130,Michele Roberts,25,Female,Quebec City,Basic
4131,Kristina Lester,46,Female,Toronto,Basic
4132,Jennifer Patel,28,Female,Victoria,Basic
4133,Brooke Tran,24,Female,Calgary,Basic
4134,Victoria Vaughn,33,Female,Vancouver,Basic
4135,William Beck,74,Male,Montreal,Basic
4136,Jeremy Campos,48,Male,Vancouver,Basic
4137,Jane Gray,18,Female,Toronto,Basic
4138,Alejandro Watts,18,Male,Victoria,Silver
4139,Timothy Richards,57,Male,Montreal,Silver
4140,Steven Waller,52,Male,Montreal,Basic
4141,Lacey Blackwell,52,Female,Ottawa,Basic
4142,Stacey Jones MD,60,Female,Vancouver,Basic
4143,James Hernandez,19,Male,Victoria,VIP
4144,Richard Caldwell DVM,37,Male,Quebec City,Gold
4145,Michelle Rush,39,Female,Toronto,Basic
4146,Larry Lloyd,47,Male,Quebec City,Silver
4147,Steven Butler,44,Male,Toronto,Basic
4148,Sarah Lee,59,Female,Vancouver,Basic
4149,Kelly Moon,58,Female,Edmonton,Gold
4150,Taylor Williams,24,Male,Edmonton,Basic
4151,Elizabeth Cole,66,Female,Vancouver,Basic
4152,Amanda Brady,68,Female,Ottawa,Gold
4153,Judith Miller,28,Female,Niagara Falls,Silver
4154,Carlos Good,22,Male,Victoria,Platinum
4155,Nicholas Smith,45,Male,Vancouver,Basic
4156,Tanner James,54,Male,Toronto,Basic
4157,Michael Terry,27,Male,Vancouver,Basic
4158,Regina Nash,44,Female,Toronto,Basic
4159,Jennifer Peterson,60,Female,Niagara Falls,Basic
4160,Michelle Tran,18,Female,Vancouver,Basic
4161,Debra Gentry,21,Female,Calgary,Basic
4162,Angela Wade,49,Female,Victoria,Silver
4163,Jordan Wilson,60,Male,Niagara Falls,Basic
4164,Robert Rodriguez,22,Male,Toronto,Silver
4165,Jacqueline Moore,25,Female,Toronto,Basic
4166,Richard Shields,19,Male,Montreal,Basic
4167,Alexis Roman,30,Female,Halifax,Basic
4168,Lisa Moore,53,Female,Halifax,Basic
4169,Shelby Murray,46,Female,Vancouver,Platinum
4170,Richard Rodriguez,26,Male,Halifax,Silver
4171,Michael Gonzalez,48,Male,Winnipeg,Platinum
4172,Brad Davis,28,Male,Halifax,Gold
4173,April Moody,24,Female,Vancouver,Basic
4174,Amber Miller,40,Female,Montreal,Basic
4175,Joseph Alvarez,38,Male,Quebec City,Basic
4176,William Jacobs,21,Male,Montreal,Basic
4177,Donna Lowe,57,Female,Montreal,Platinum
4178,Antonio Lopez,18,Male,Montreal,Basic
4179,Christopher Gonzalez,50,Male,Toronto,Basic
4180,Joshua Kaufman,73,Male,Halifax,Basic
4181,Michele Jones,30,Female,Edmonton,Basic
4182,Erica Braun,28,Female,Toronto,Basic
4183,Madison Vargas,36,Female,Vancouver,Basic
4184,Katie Mitchell,48,Female,Toronto,Gold
4185,Roger Moss,49,Male,Mont-Tremblant,Silver
4186,Matthew Donaldson,47,Male,Halifax,Silver
4187,Nicole Brown,71,Female,Ottawa,VIP
4188,Gregory Quinn,42,Male,Whistler,Platinum
4189,Sabrina Miller,21,Female,Vancouver,Basic
4190,Mike Smith,53,Male,Vancouver,Basic
4191,Anita Chapman,36,Female,Toronto,Basic
4192,Heather Becker,25,Female,Quebec City,Basic
4193,Andrea Baker,58,Female,Calgary,Basic
4194,Joanne Harmon,37,Female,Mont-Tremblant,Basic
4195,Kathryn Hines,72,Female,Toronto,Basic
4196,Zachary Lee,47,Male,Vancouver,Basic
4197,Andrew Gomez,68,Male,Toronto,Basic
4198,Julia Mclean,28,Female,Vancouver,Basic
4199,Valerie Ford,34,Female,Quebec City,Silver
4200,Jesse Thomas,52,Male,Banff,Basic
4201,Jason Johnson,58,Male,Vancouver,Platinum
4202,Emily Fritz,54,Female,Vancouver,Basic
4203,Jennifer Smith,63,Female,Calgary,Basic
4204,Matthew Thompson,56,Male,Toronto,Basic
4205,Clinton Davis,62,Male,Toronto,Silver
4206,Chris Rogers,37,Male,Toronto,Gold
4207,James Torres,31,Male,Whistler,Basic
4208,Kirsten Perez,23,Female,Winnipeg,Basic
4209,Nathaniel Reynolds,57,Male,Whistler,Basic
4210,Christopher Costa,55,Male,Vancouver,Basic
4211,Tonya Jones,61,Female,Quebec City,Basic
4212,Karen Roberts,42,Female,Quebec City,Silver
4213,Tony Lara,31,Male,Quebec City,Basic
4214,Alexandria Parker,51,Female,Quebec City,Basic
4215,Mark Sutton,49,Male,Vancouver,Basic
4216,Bryan Anderson,34,Male,Montreal,Basic
4217,Nathaniel Roman,36,Male,Kelowna,Basic
4218,Jacob Waller,69,Male,Vancouver,Platinum
4219,Jeremy Butler,40,Male,Banff,Basic
4220,Erika Hall,33,Female,Quebec City,Basic
4221,Erik Moon,45,Male,Quebec City,Basic
4222,Dr. Kristen Ray,56,Female,Quebec City,Gold
4223,Cheyenne Martinez,64,Female,Quebec City,Gold
4224,Mackenzie Maddox,35,Female,Vancouver,Basic
4225,Kevin Young,25,Male,Toronto,Basic
4226,John Harrison,55,Male,Vancouver,Basic
4227,Jorge Davis,38,Male,Ottawa,Basic
4228,Marcus Miller,67,Male,Montreal,Basic
4229,Lance Macdonald,32,Male,Montreal,Gold
4230,Deborah Cole,67,Female,Quebec City,Basic
4231,Rick Hill,18,Male,Kelowna,Basic
4232,Sarah Brown,75,Female,Niagara Falls,Basic
4233,Madeline Murphy,39,Female,Toronto,Basic
4234,John Thomas,71,Male,Toronto,Basic
4235,Erica Galloway,50,Female,Vancouver,Basic
4236,Joshua Holloway,67,Male,Quebec City,Basic
4237,Tina Harper,29,Female,Quebec City,Silver
4238,Morgan Moss,52,Female,Montreal,Basic
4239,Rebecca Campbell,75,Female,Toronto,Basic
4240,Jenny Cardenas,34,Female,Whistler,Gold
4241,Debbie Thomas,55,Female,Toronto,Gold
4242,Marissa Farmer,68,Female,Vancouver,Basic
4243,Julie Browning,31,Female,Quebec City,Silver
4244,Lori Peters,58,Female,Halifax,Gold
4245,Peter Rodriguez,36,Male,Toronto,Gold
4246,Donald Mccarthy,59,Male,Montreal,Basic
4247,Carla Anderson,51,Female,Toronto,Basic
4248,Becky Parrish,25,Female,Montreal,Basic
4249,Jacob Stewart,23,Male,Vancouver,Basic
4250,Joshua Fuller,38,Male,Vancouver,Basic
4251,Jennifer Nguyen,36,Female,Vancouver,Basic
4252,Andrew Campbell,25,Male,Calgary,Basic
4253,Laura Ware,21,Female,Halifax,Platinum
4254,Michelle Anderson,42,Female,Toronto,Basic
4255,Barry Hernandez,39,Male,Calgary,Basic
4256,Teresa Young,68,Female,Banff,Basic
4257,Valerie Morgan,37,Female,Calgary,Basic
4258,Nicole Vasquez,49,Female,Quebec City,Gold
4259,Joseph May,29,Male,Kelowna,Silver
4260,Christopher Carson,54,Male,Toronto,Gold
4261,Joan Wilson,40,Female,Toronto,Basic
4262,Dean Allen,25,Male,Edmonton,Basic
4263,Kristin Williams,18,Female,Quebec City,Basic
4264,Courtney Williams,56,Female,Vancouver,Silver
4265,Crystal Hernandez,55,Female,Vancouver,VIP
4266,Kathryn Morris,36,Female,Vancouver,Basic
4267,Meagan Smith,67,Female,Winnipeg,Basic
4268,Katherine Caldwell,18,Female,Vancouver,Basic
4269,Krista Williams,21,Female,Banff,Basic
4270,Daniel Aguilar,31,Male,Quebec City,Silver
4271,Mia Perkins,39,Female,Winnipeg,Basic
4272,Stephanie Martin,43,Female,Victoria,Basic
4273,Joshua Herman,43,Male,Vancouver,Basic
4274,Diana Hawkins,29,Female,Vancouver,Basic
4275,Christopher Harris,57,Male,Montreal,Basic
4276,Felicia Murphy,56,Female,Vancouver,VIP
4277,Bryan Mitchell,47,Male,Vancouver,Basic
4278,Larry Curtis,50,Male,Montreal,Platinum
4279,Jared Lopez,52,Male,Quebec City,Basic
4280,Robert Newton,19,Male,Vancouver,Basic
4281,Curtis Hudson,43,Male,Whistler,Basic
4282,Ross Craig,39,Male,Toronto,Basic
4283,Sabrina Ward,23,Female,Quebec City,Basic
4284,Lori Knight,63,Female,Mont-Tremblant,Basic
4285,Darlene Dixon,47,Female,Montreal,Silver
4286,Cindy White,44,Female,Montreal,Basic
4287,Jonathan Cortez,35,Male,Toronto,Basic
4288,Jimmy Myers,67,Male,Victoria,Basic
4289,Thomas Castillo,56,Male,Quebec City,Basic
4290,Rebecca Estrada,30,Female,Banff,Basic
4291,Angela Rodriguez,75,Female,Toronto,VIP
4292,Andre Williams,48,Male,Vancouver,Basic
4293,Donald Smith,19,Male,Quebec City,Basic
4294,Monica Ali,30,Female,Ottawa,VIP
4295,Jacob Brewer,41,Male,Toronto,Basic
4296,Dr. Jacqueline Ramirez,34,Female,Toronto,Basic
4297,Edward Johnson,46,Male,Halifax,Silver
4298,Charles Bryant,44,Male,Mont-Tremblant,Basic
4299,William Rocha,35,Male,Vancouver,Basic
4300,Mark Farley,47,Male,Vancouver,Basic
4301,Spencer Frederick,25,Male,Montreal,Basic
4302,Brian Hardy,72,Male,Vancouver,Basic
4303,Stacey Neal,42,Female,Ottawa,Silver
4304,Alison Hart,38,Female,Toronto,Basic
4305,Melissa Lewis,24,Female,Niagara Falls,Gold
4306,James Johnson,22,Male,Calgary,Platinum
4307,Julie Thompson,19,Female,Mont-Tremblant,Silver
4308,Steven Douglas,45,Male,Toronto,Silver
4309,Sherri Mckinney,33,Female,Toronto,Basic
4310,Dale Adams,42,Male,Banff,Platinum
4311,Victor Lopez,56,Male,Niagara Falls,Basic
4312,Robert Forbes,57,Male,Kelowna,Basic
4313,Justin Vincent,47,Male,Ottawa,Basic
4314,Michael Conner,56,Male,Montreal,Silver
4315,Patrick Mitchell,50,Male,Toronto,Basic
4316,Jacob Hoover,55,Male,Quebec City,Silver
4317,James Winters,32,Male,Toronto,Basic
4318,Joshua Flores,46,Male,Vancouver,VIP
4319,Jennifer Carpenter,20,Female,Mont-Tremblant,Platinum
4320,Victoria Saunders,26,Female,Toronto,Silver
4321,Michael Preston,40,Male,Halifax,Platinum
4322,Jennifer Ali,39,Female,Toronto,Basic
4323,David Taylor,39,Male,Montreal,VIP
4324,Matthew Hayes,66,Male,Quebec City,Basic
4325,Michael Preston,59,Male,Ottawa,Basic
4326,Tamara Mcgrath,70,Female,Banff,Basic
4327,Gloria Chen,33,Female,Whistler,Basic
4328,Sarah Berry,73,Female,Ottawa,Basic
4329,Rebecca Summers MD,37,Female,Calgary,Basic
4330,Shirley Mooney,51,Female,Montreal,Basic
4331,Kelly Johnston,39,Female,Ottawa,Basic
4332,Krista Dunlap,32,Female,Vancouver,Gold
4333,Melinda French,25,Female,Toronto,Basic
4334,Gabriel Copeland,60,Male,Vancouver,Basic
4335,Taylor Mills,24,Female,Montreal,Gold
4336,Colleen Bell,42,Female,Halifax,Basic
4337,Paul Rodriguez,66,Male,Victoria,Platinum
4338,Jesse Flowers,69,Male,Mont-Tremblant,Silver
4339,Chelsea Smith,21,Female,Toronto,Basic
4340,Kathy Rodriguez,42,Female,Montreal,Basic
4341,Benjamin Clements,71,Male,Montreal,Basic
4342,Jared Bryan,52,Male,Montreal,Basic
4343,Brent Olsen,55,Male,Toronto,Basic
4344,Andre Martinez,40,Male,Calgary,Silver
4345,Ricardo Jones,44,Male,Vancouver,Silver
4346,Trevor Henderson,54,Male,Winnipeg,Basic
4347,Jennifer Wolfe,39,Female,Edmonton,Gold
4348,Jasmine Clark,58,Female,Vancouver,Basic
4349,Kevin Mendoza,40,Male,Victoria,Basic
4350,Amanda Henry,42,Female,Vancouver,Silver
4351,Francisco Johnson,66,Male,Ottawa,Gold
4352,Scott Reyes,46,Male,Toronto,Silver
4353,Annette Barker,22,Female,Toronto,Basic
4354,Heather Mata,28,Female,Quebec City,Basic
4355,Alexander Johnson,53,Male,Montreal,Basic
4356,Susan Wells,61,Female,Vancouver,Silver
4357,Bradley Ramsey,23,Male,Whistler,Basic
4358,Tammy Gibson,41,Female,Winnipeg,Basic
4359,David Riggs,29,Male,Vancouver,Basic
4360,Eric Waters,68,Male,Halifax,Platinum
4361,Daniel Jenkins,60,Male,Toronto,Basic
4362,Carl Huffman,54,Male,Quebec City,Basic
4363,Timothy Wallace,40,Male,Vancouver,Silver
4364,Joel Terry,30,Male,Toronto,Basic
4365,Tim Valdez,35,Male,Quebec City,Gold
4366,Kevin Wolfe,69,Male,Toronto,Platinum
4367,Steven Carter,27,Male,Vancouver,Basic
4368,Dylan Rivera,43,Male,Quebec City,Silver
4369,Christopher Monroe,32,Male,Quebec City,Basic
4370,John Smith,28,Male,Calgary,Basic
4371,Renee Whitehead,21,Female,Calgary,Basic
4372,Amanda White,36,Female,Montreal,Basic
4373,Michael Bruce,42,Male,Vancouver,Silver
4374,Jeremy Haynes,23,Male,Vancouver,Basic
4375,Ashley Taylor,54,Female,Vancouver,Silver
4376,Theresa Hart,24,Female,Banff,Basic
4377,Jacob Hale,46,Male,Montreal,Platinum
4378,Joseph Benson,21,Male,Vancouver,Basic
4379,Brian Wells,19,Male,Niagara Falls,Basic
4380,Kristin Henderson,53,Female,Vancouver,Basic
4381,Dennis Fry,33,Male,Toronto,Platinum
4382,James Calhoun,32,Male,Vancouver,Basic
4383,Sheri Martinez,41,Female,Montreal,Gold
4384,Kelly Ortega,49,Male,Vancouver,Basic
4385,Zachary Brooks,56,Male,Montreal,Basic
4386,Austin Tyler,42,Male,Vancouver,Basic
4387,Jennifer Castro,71,Female,Quebec City,Silver
4388,Charles Anderson,54,Male,Montreal,Basic
4389,Adam Brown,59,Male,Quebec City,Basic
4390,Brian Wade,52,Male,Winnipeg,Basic
4391,Adam Beard,30,Male,Montreal,Basic
4392,Thomas Valencia,46,Male,Toronto,Basic
4393,Colin Wells,25,Male,Vancouver,Basic
4394,Brett Hughes,18,Male,Niagara Falls,Basic
4395,Joshua Lara,26,Male,Montreal,Basic
4396,Cameron Hicks,57,Male,Mont-Tremblant,Basic
4397,Barry Palmer,52,Male,Calgary,Silver
4398,Keith Wright DDS,36,Male,Vancouver,Basic
4399,Heidi Perez,40,Female,Ottawa,Basic
4400,Anthony Reynolds,26,Male,Montreal,Basic
4401,Richard Johnson,48,Male,Edmonton,Basic
4402,Timothy Myers,54,Male,Toronto,Basic
4403,Sean Goodman,36,Male,Vancouver,Silver
4404,Lucas Tyler,47,Male,Kelowna,Basic
4405,Matthew Campos,45,Male,Calgary,Platinum
4406,Kyle Roberts,42,Male,Halifax,Basic
4407,Jessica Johnson,39,Female,Toronto,VIP
4408,Angela Snow,37,Female,Ottawa,Silver
4409,Margaret Wood,57,Female,Vancouver,Basic
4410,John Roman,21,Male,Victoria,Basic
4411,Elizabeth Nichols,34,Female,Banff,Basic
4412,Eric Fry,49,Male,Halifax,Gold
4413,James Pitts,55,Male,Montreal,Basic
4414,Michael Mclean,35,Male,Toronto,Basic
4415,Matthew Berry,26,Male,Toronto,Silver
4416,Ann Burns,66,Female,Toronto,Basic
4417,Kelly Welch,23,Female,Toronto,Basic
4418,Debra Nelson,27,Female,Vancouver,Gold
4419,Jose Edwards,53,Male,Whistler,Platinum
4420,Susan Knight,19,Female,Vancouver,Basic
4421,Eric Petersen,75,Male,Toronto,Basic
4422,Jason Baker,35,Male,Toronto,Basic
4423,Mary Tate,44,Female,Toronto,Basic
4424,Brenda Carrillo,32,Female,Winnipeg,Basic
4425,Michael Ward,45,Male,Montreal,Basic
4426,Frank Yates,32,Male,Montreal,Basic
4427,Carrie Hardy,30,Female,Calgary,Basic
4428,Margaret Harris,28,Female,Toronto,Gold
4429,Sandra White,42,Female,Montreal,Basic
4430,Jonathan Sanchez,36,Male,Quebec City,Basic
4431,Devin Carroll,46,Male,Kelowna,Silver
4432,Brianna Obrien,20,Female,Vancouver,Basic
4433,Tracy Li,30,Female,Toronto,Basic
4434,April Lopez DVM,24,Female,Winnipeg,Basic
4435,Jordan Ewing,34,Female,Toronto,Basic
4436,Destiny Bradley,57,Female,Ottawa,Silver
4437,Anthony Patterson,49,Male,Toronto,Basic
4438,Linda Alvarez MD,59,Female,Vancouver,Basic
4439,Catherine Ward,64,Female,Toronto,VIP
4440,Amy Boone,51,Female,Calgary,Basic
4441,Joshua Adams,39,Male,Halifax,Basic
4442,Timothy Mcdaniel,56,Male,Toronto,Gold
4443,Steven Knight,73,Male,Toronto,Platinum
4444,George Weber,44,Male,Quebec City,Basic
4445,Jessica Hall,68,Female,Toronto,Platinum
4446,Kenneth Adams,18,Male,Vancouver,Basic
4447,Sara Hernandez,33,Female,Vancouver,Platinum
4448,Eugene Robinson,65,Male,Montreal,Basic
4449,Samantha Harris,36,Female,Montreal,Basic
4450,Tiffany Davis,57,Female,Montreal,Gold
4451,William Nelson,36,Male,Vancouver,Platinum
4452,Anna Bruce,59,Female,Calgary,Basic
4453,Joe Martin,52,Male,Toronto,Basic
4454,Connie Rodriguez,59,Female,Vancouver,Silver
4455,Elizabeth Riley,66,Female,Toronto,Basic
4456,Jasmine Lewis,70,Female,Vancouver,Gold
4457,Angela Marquez,47,Female,Winnipeg,Basic
4458,Nancy Cruz,18,Female,Montreal,Silver
4459,Jamie Weaver,54,Female,Banff,Basic
4460,Stephen Henry,44,Male,Vancouver,Platinum
4461,Kelly Morris,39,Female,Montreal,Basic
4462,Luis Massey,35,Male,Vancouver,Basic
4463,Jacqueline Warner,45,Female,Quebec City,Basic
4464,Melissa Gray,42,Female,Toronto,Basic
4465,Christine Edwards,28,Female,Ottawa,Basic
4466,David Roberts,44,Male,Toronto,Silver
4467,Kyle Harrison,40,Male,Montreal,Silver
4468,Taylor Sanchez,49,Female,Vancouver,Basic
4469,Jodi Mcbride,59,Female,Toronto,Silver
4470,Gregory James,23,Male,Toronto,Basic
4471,Nathaniel Blankenship,58,Male,Montreal,Platinum
4472,David Perez,21,Male,Calgary,Silver
4473,Zachary Mendoza,52,Male,Vancouver,Basic
4474,Sarah Newman,74,Female,Halifax,Platinum
4475,Rhonda Singleton,45,Female,Vancouver,Basic
4476,Jacob Hodges Jr.,41,Male,Vancouver,Basic
4477,Brandon Dominguez,44,Male,Ottawa,Basic
4478,Angela Frederick,39,Female,Vancouver,Basic
4479,Edward Garrison,27,Male,Quebec City,Silver
4480,Thomas Perez,23,Male,Kelowna,Platinum
4481,Joseph Hall,25,Male,Vancouver,VIP
4482,Anthony Pena,60,Male,Quebec City,VIP
4483,Tiffany David,69,Female,Vancouver,Basic
4484,Kimberly Mcmahon,63,Female,Toronto,Platinum
4485,David Morton,70,Male,Kelowna,Platinum
4486,Michelle Jones,70,Female,Victoria,Basic
4487,Robert White,44,Male,Toronto,Platinum
4488,Julia Hodges,53,Female,Banff,Gold
4489,Brittany Frederick,19,Female,Montreal,Basic
4490,Adam Foley,36,Male,Toronto,Basic
4491,Jose Smith,23,Male,Toronto,Basic
4492,Anthony Taylor,49,Male,Niagara Falls,Basic
4493,Brittney Anderson,47,Female,Ottawa,Basic
4494,Sandra Berry,22,Female,Montreal,Basic
4495,Danielle Thompson,22,Female,Vancouver,Basic
4496,Danielle Bowman,19,Female,Vancouver,Basic
4497,Austin Bennett,30,Male,Vancouver,Silver
4498,Julia Lindsey,54,Female,Ottawa,Platinum
4499,James Weaver,56,Male,Montreal,Basic
4500,Kelly Hayden,26,Female,Ottawa,Basic
4501,Hector Jacobs,43,Male,Winnipeg,Basic
4502,Paul Walton,39,Male,Montreal,Basic
4503,Jason Gordon,32,Male,Quebec City,Basic
4504,Renee Clark,45,Female,Quebec City,Basic
4505,Jacob Evans,49,Male,Montreal,Silver
4506,Jason Bennett,27,Male,Montreal,Basic
4507,Emily Gonzalez,25,Female,Quebec City,Basic
4508,Jeffrey Little,40,Male,Mont-Tremblant,Gold
4509,Sharon Gibbs,59,Female,Toronto,Basic
4510,Mariah Turner,43,Female,Vancouver,Gold
4511,Alexis Perez,65,Female,Quebec City,Basic
4512,John Owens,40,Male,Quebec City,Basic
4513,Sonya Ford,28,Female,Quebec City,VIP
4514,Anthony Gould,42,Male,Ottawa,Basic
4515,Tammy Phillips,38,Female,Toronto,Platinum
4516,Julie Hughes,44,Female,Toronto,VIP
4517,Jeffrey George,41,Male,Edmonton,Gold
4518,Kayla Woods,46,Female,Halifax,Basic
4519,Sheila Mendoza,26,Female,Quebec City,Basic
4520,Corey Weeks,61,Male,Quebec City,Silver
4521,Willie Thomas,23,Male,Montreal,Basic
4522,Debra Johnson,33,Female,Toronto,Basic
4523,Joseph Johnson,36,Male,Toronto,Silver
4524,Robert Stevens,46,Male,Mont-Tremblant,Basic
4525,Dustin Williams,62,Male,Edmonton,Basic
4526,Caleb Gonzales,25,Male,Kelowna,Basic
4527,Pamela Johnson,71,Female,Toronto,Basic
4528,Monica Knight,23,Female,Quebec City,VIP
4529,Tracy Fitzpatrick,27,Female,Montreal,Basic
4530,Mary Gonzales,58,Female,Calgary,Platinum
4531,Derek Thomas,66,Male,Vancouver,Basic
4532,Brandon Reyes,50,Male,Ottawa,Basic
4533,Andrew Turner,21,Male,Toronto,Basic
4534,Cheyenne Hudson,58,Female,Vancouver,Basic
4535,Samantha Hernandez,33,Female,Montreal,Basic
4536,Dawn Moon,30,Female,Ottawa,Basic
4537,Austin Trevino,49,Male,Ottawa,Silver
4538,John Jones,37,Male,Niagara Falls,Basic
4539,Vicki Buckley,57,Female,Quebec City,Basic
4540,Angela Stevens,50,Female,Victoria,Basic
4541,Luis Krause,55,Male,Montreal,Basic
4542,Tyler Scott,64,Male,Toronto,Basic
4543,Stephen Olsen,71,Male,Vancouver,Basic
4544,Maurice Rose,49,Male,Vancouver,Basic
4545,Sara Lawrence,35,Female,Ottawa,Basic
4546,Robert Osborne,19,Male,Vancouver,Basic
4547,Robert Hamilton,60,Male,Ottawa,Basic
4548,Teresa Turner,37,Female,Quebec City,Basic
4549,Dr. Anthony Vargas,54,Male,Niagara Falls,Basic
4550,Deanna Holloway,23,Female,Halifax,Basic
4551,Sarah Robinson,25,Female,Victoria,Basic
4552,John Hernandez,75,Male,Vancouver,Basic
4553,Joshua Cox,53,Male,Niagara Falls,VIP
4554,Jennifer Rivera,25,Female,Halifax,Basic
4555,Christopher Olson,67,Male,Victoria,Basic
4556,Andrea Edwards,67,Female,Vancouver,Gold
4557,Jessica Briggs,19,Female,Calgary,Gold
4558,Kara Johnson,52,Female,Vancouver,Basic
4559,Bryan Young,66,Male,Toronto,Basic
4560,Katherine Mullen,40,Female,Calgary,Basic
4561,Jennifer Atkinson,35,Female,Calgary,Basic
4562,Leroy Martin,46,Male,Toronto,Basic
4563,Erin Bennett,46,Female,Ottawa,Basic
4564,Angela Hogan,32,Female,Montreal,Basic
4565,Kimberly Vasquez,32,Female,Vancouver,Basic
4566,Wayne Morton,40,Male,Toronto,Gold
4567,William Smith,56,Male,Quebec City,Basic
4568,Brandi Terrell,50,Female,Vancouver,Basic
4569,Michael Serrano,25,Male,Toronto,Basic
4570,Laura Williams,54,Female,Montreal,Basic
4571,Gary Williams,43,Male,Montreal,Silver
4572,William Mendez,30,Male,Edmonton,Basic
4573,Corey Jackson,56,Male,Toronto,Basic
4574,Wendy Rodriguez,25,Female,Whistler,Basic
4575,Lisa Fox,67,Female,Montreal,Silver
4576,Duane Brown,60,Male,Whistler,Basic
4577,David Schneider,40,Male,Banff,Basic
4578,Anne Obrien,18,Female,Mont-Tremblant,Basic
4579,Amanda Phelps,18,Female,Toronto,Basic
4580,Michael Patrick,51,Male,Vancouver,Basic
4581,Katrina Carter,21,Female,Toronto,Basic
4582,James Roman,58,Male,Toronto,Basic
4583,William Parker,63,Male,Vancouver,Basic
4584,Cynthia Hernandez,39,Female,Toronto,Basic
4585,Angela Matthews,18,Female,Calgary,Basic
4586,Brian Cole,57,Male,Quebec City,Basic
4587,Benjamin Townsend,41,Male,Vancouver,Basic
4588,Kerry Higgins,30,Male,Toronto,Basic
4589,Bryan Newman,52,Male,Winnipeg,Basic
4590,Juan Matthews,42,Male,Vancouver,Basic
4591,Daniel Kennedy,51,Male,Vancouver,Basic
4592,Christopher Lee,43,Male,Victoria,Basic
4593,Andre Farrell,20,Male,Vancouver,Platinum
4594,Cody Jimenez,32,Male,Toronto,Basic
4595,Jennifer Fletcher,22,Female,Toronto,Basic
4596,Brandi Murphy,29,Female,Vancouver,Basic
4597,Mrs. Emily Sexton,50,Female,Vancouver,Basic
4598,Michael Smith,30,Male,Quebec City,Basic
4599,Troy Perry,24,Male,Quebec City,Gold
4600,Virginia Hernandez,38,Female,Toronto,Basic
4601,David Munoz,53,Male,Montreal,Gold
4602,Terry Le,64,Male,Montreal,Basic
4603,Patricia Welch,48,Female,Mont-Tremblant,Basic
4604,Rebecca Watson,48,Female,Niagara Falls,Silver
4605,John Holloway,45,Male,Vancouver,Basic
4606,Christine Cook,26,Female,Quebec City,Silver
4607,Nancy Wagner,49,Female,Ottawa,Gold
4608,Stacy Chaney,54,Female,Ottawa,Basic
4609,Lisa Graham,30,Female,Vancouver,Basic
4610,Rebecca Gibson,32,Female,Niagara Falls,VIP
4611,Joshua Ryan,23,Male,Niagara Falls,Basic
4612,Andrew Cook,27,Male,Calgary,Basic
4613,Mark Conner,37,Male,Victoria,Gold
4614,Shawn Hickman,43,Male,Montreal,Basic
4615,Lee Hall,57,Male,Vancouver,Basic
4616,Kevin Cole,44,Male,Quebec City,Silver
4617,Matthew Williams,25,Male,Vancouver,Basic
4618,Sue King,29,Female,Quebec City,Basic
4619,Kiara Williams,38,Female,Toronto,Gold
4620,Jerry Sanders,24,Male,Toronto,Basic
4621,Tyler Lang,19,Male,Ottawa,Basic
4622,Robin Payne,31,Female,Calgary,Basic
4623,Kathryn Cisneros,39,Female,Vancouver,Silver
4624,Mark Torres,22,Male,Toronto,Basic
4625,Amber Zhang,38,Female,Whistler,Basic
4626,Mary Roberts,37,Female,Montreal,Basic
4627,Cynthia Hays,19,Female,Toronto,Basic
4628,Erin Gardner,19,Female,Montreal,Platinum
4629,Michael Miller,38,Male,Quebec City,Gold
4630,Theresa Smith,32,Female,Toronto,Platinum
4631,Nicole Scott,46,Female,Winnipeg,Basic
4632,Megan Perry,38,Female,Toronto,VIP
4633,Christina Martin,37,Female,Vancouver,Basic
4634,Timothy Collins,58,Male,Winnipeg,Platinum
4635,Joshua Jones,48,Male,Montreal,Basic
4636,Shelley Farrell MD,29,Female,Whistler,Silver
4637,Peggy Bauer,50,Female,Vancouver,Basic
4638,Traci Wilson,60,Female,Quebec City,Basic
4639,Bryan Miranda,74,Male,Vancouver,Basic
4640,John Martinez,33,Male,Niagara Falls,Basic
4641,Diana Miller,41,Female,Halifax,VIP
4642,Heather Hughes,71,Female,Banff,Basic
4643,Tony Swanson,21,Male,Vancouver,Basic
4644,Lisa Montes,67,Female,Montreal,Basic
4645,Willie Martin,60,Male,Whistler,Gold
4646,Joseph Norris,62,Male,Vancouver,Basic
4647,Wendy Todd,51,Female,Niagara Falls,Basic
4648,Gerald Price,27,Male,Montreal,Basic
4649,Ashley Hunt,55,Female,Vancouver,Basic
4650,Christy Lee,28,Female,Toronto,Basic
4651,Patricia Adkins,67,Female,Kelowna,Basic
4652,Willie Perez,46,Male,Vancouver,Basic
4653,Susan Snyder,28,Female,Toronto,Platinum
4654,Jasmine Day,47,Female,Banff,Basic
4655,Amanda Chavez,37,Female,Victoria,VIP
4656,Heather Huerta,19,Female,Halifax,Basic
4657,Mariah Perry,21,Female,Montreal,Basic
4658,Tracy Atkins,57,Female,Montreal,Basic
4659,Ryan Wheeler,37,Male,Montreal,Basic
4660,Audrey Taylor,64,Female,Quebec City,Basic
4661,Zachary Swanson,42,Male,Toronto,Basic
4662,Lori Johnson,33,Female,Whistler,Basic
4663,Evan Collins,57,Male,Banff,Basic
4664,Elaine Trevino,52,Female,Banff,Basic
4665,Elizabeth Maynard,58,Female,Quebec City,Basic
4666,Deanna Gray,47,Female,Vancouver,Basic
4667,Gina Jenkins,27,Female,Calgary,Silver
4668,Kiara Jones,63,Female,Victoria,Basic
4669,Elizabeth Johnson,43,Female,Mont-Tremblant,Basic
4670,Garrett Joseph PhD,55,Male,Halifax,Basic
4671,Larry York,53,Male,Vancouver,Basic
4672,Anna Baker,58,Female,Edmonton,Silver
4673,Stephen White,62,Male,Toronto,Silver
4674,Robert Hall,29,Male,Vancouver,Basic
4675,Ryan Pierce,46,Male,Victoria,Platinum
4676,Scott Cain,44,Male,Niagara Falls,Basic
4677,Laura Vaughn,45,Female,Ottawa,Basic
4678,Juan Evans,24,Male,Toronto,Silver
4679,Nicole Williams,21,Female,Vancouver,Basic
4680,Jason Barrett,56,Male,Calgary,Basic
4681,Anthony Jones,25,Male,Winnipeg,Silver
4682,Leah Rodriguez,74,Female,Quebec City,Silver
4683,Julie Ward,53,Female,Ottawa,Basic
4684,Dennis Garza,57,Male,Kelowna,Basic
4685,Rebecca Miller,23,Female,Vancouver,Basic
4686,Matthew Carroll,26,Male,Vancouver,Gold
4687,Mark Smith,18,Male,Vancouver,Platinum
4688,Michelle Jackson,50,Female,Quebec City,VIP
4689,Scott Hicks,20,Male,Victoria,Basic
4690,Abigail Mills MD,31,Female,Toronto,Basic
4691,Paula Lopez,54,Female,Montreal,Basic
4692,Anthony Clark,25,Male,Halifax,Basic
4693,Corey Rose,47,Male,Montreal,Silver
4694,Jennifer Garza,51,Female,Quebec City,Basic
4695,Donna Wright,39,Female,Toronto,Silver
4696,Caleb Fisher,26,Male,Toronto,Basic
4697,Jonathan Levine,24,Male,Whistler,Basic
4698,Corey King,25,Male,Toronto,Basic
4699,Cathy Davidson,29,Female,Ottawa,Basic
4700,Michael Anderson,53,Male,Toronto,Basic
4701,Yvette Mcgee,73,Female,Quebec City,Gold
4702,Melinda Anderson,24,Female,Ottawa,Basic
4703,Tina Andrews,41,Female,Halifax,Basic
4704,Mitchell Greer,18,Male,Vancouver,Basic
4705,Ashley Clark,42,Female,Vancouver,Basic
4706,Misty Floyd,39,Female,Quebec City,Basic
4707,Frederick Jenkins,33,Male,Quebec City,Basic
4708,Michael Ramos,54,Male,Toronto,Basic
4709,Mark Clark,58,Male,Quebec City,VIP
4710,Sheila Hodge,48,Female,Vancouver,Basic
4711,John Avery,20,Male,Toronto,Silver
4712,David Hamilton,35,Male,Winnipeg,Basic
4713,Richard Bass,72,Male,Toronto,Basic
4714,Joseph Harris,39,Male,Ottawa,Basic
4715,Dustin Campbell,19,Male,Mont-Tremblant,Silver
4716,Randy Kennedy,50,Male,Montreal,Silver
4717,Austin Gibson,19,Male,Winnipeg,Basic
4718,Courtney Harris,23,Female,Banff,Basic
4719,Ryan Stuart,60,Male,Toronto,Basic
4720,Karen Kim,49,Female,Toronto,VIP
4721,Priscilla Brewer,38,Female,Calgary,Basic
4722,William Arnold,56,Male,Quebec City,Basic
4723,Brianna Adams,62,Female,Toronto,Basic
4724,Dawn Garcia,29,Female,Ottawa,Silver
4725,Kelli Collins,37,Female,Vancouver,Gold
4726,Amy Krueger,27,Female,Winnipeg,Gold
4727,Stephanie King,61,Female,Victoria,Basic
4728,Tina Velazquez,19,Female,Victoria,Basic
4729,Laura Middleton,29,Female,Mont-Tremblant,Basic
4730,Lori Madden,28,Female,Montreal,Basic
4731,Tina Murphy,28,Female,Winnipeg,Basic
4732,Julian Bradley,21,Male,Ottawa,Basic
4733,Corey Rodriguez,74,Male,Quebec City,Basic
4734,Pamela King,46,Female,Mont-Tremblant,Gold
4735,Laurie Fuller,40,Female,Whistler,Basic
4736,Toni Cunningham,74,Female,Quebec City,Basic
4737,Jamie Weber,52,Female,Kelowna,Basic
4738,Frederick Hodge,70,Male,Toronto,Basic
4739,Olivia Patel,54,Female,Victoria,Basic
4740,Jessica Hart,38,Female,Vancouver,Gold
4741,Brian Huang,63,Male,Ottawa,Basic
4742,Sharon Harris,36,Female,Vancouver,Basic
4743,Whitney Jones,45,Female,Niagara Falls,Silver
4744,Vanessa Alexander,64,Female,Niagara Falls,Basic
4745,Nancy Robinson,72,Female,Toronto,Gold
4746,Dawn Hull,39,Female,Montreal,Silver
4747,William Day,31,Male,Vancouver,Basic
4748,Steven Davis,30,Male,Montreal,Platinum
4749,Lisa Davis,48,Female,Banff,Gold
4750,Kyle Francis,71,Male,Quebec City,Basic
4751,Daisy Alvarez,26,Female,Montreal,Basic
4752,Christopher Todd,55,Male,Vancouver,Basic
4753,Tammy Burns,49,Female,Kelowna,Basic
4754,Rebecca Clay MD,20,Female,Niagara Falls,Basic
4755,Dave Johnston,39,Male,Calgary,Silver
4756,Michael Michael,37,Male,Quebec City,Basic
4757,Justin Martin,44,Male,Toronto,Basic
4758,Veronica Armstrong,56,Female,Vancouver,Basic
4759,Cheryl Short,63,Female,Toronto,Basic
4760,Andrew White,38,Male,Vancouver,Platinum
4761,Craig Phillips,41,Male,Toronto,Basic
4762,Jerry Montgomery,47,Male,Kelowna,Basic
4763,Molly Ramsey,24,Female,Vancouver,Basic
4764,Nicole Juarez,20,Female,Mont-Tremblant,Basic
4765,Jessica Watts,24,Female,Vancouver,Basic
4766,Christopher Gray,22,Male,Vancouver,Basic
4767,Amanda Thompson,24,Female,Vancouver,Basic
4768,Jennifer Miller,54,Female,Niagara Falls,Basic
4769,Benjamin Perry,64,Male,Quebec City,Basic
4770,Melissa Martin,26,Female,Toronto,Silver
4771,Michelle Stephenson,49,Female,Niagara Falls,Basic
4772,Steven Vargas,63,Male,Toronto,Basic
4773,Mr. Gary Chavez,19,Male,Montreal,Basic
4774,Linda Guerrero,31,Female,Kelowna,Basic
4775,Jerry Jackson,51,Male,Vancouver,Basic
4776,Jill Stewart,75,Female,Toronto,Basic
4777,Tammy Yates,52,Female,Quebec City,Basic
4778,Christina Phillips,24,Female,Victoria,Basic
4779,Julie Davis,25,Female,Toronto,Basic
4780,Rebecca Martinez,63,Female,Whistler,Basic
4781,Omar Ferguson,43,Male,Victoria,Basic
4782,Justin Foster,59,Male,Victoria,Platinum
4783,Micheal Velasquez,20,Male,Calgary,Basic
4784,Catherine Liu,63,Female,Vancouver,Basic
4785,David Williams,42,Male,Vancouver,Basic
4786,Kimberly Jones,29,Female,Halifax,Basic
4787,Bradley Warren,37,Male,Montreal,Basic
4788,Debbie Dunn,40,Female,Montreal,Basic
4789,Andrew Henry,37,Male,Toronto,Basic
4790,Brenda Tyler,44,Female,Montreal,Silver
4791,Brandon Hernandez,27,Male,Montreal,Basic
4792,Javier Schultz,41,Male,Montreal,Silver
4793,Paige Murray,24,Female,Calgary,Basic
4794,Willie Morgan,18,Male,Toronto,Basic
4795,Alexandra Johnson,61,Female,Vancouver,Silver
4796,Allison Pacheco,47,Female,Calgary,VIP
4797,Frank Todd,40,Male,Quebec City,Basic
4798,Kevin Miller,20,Male,Edmonton,VIP
4799,Tiffany Garcia,23,Female,Calgary,Basic
4800,Kimberly Watson,27,Female,Toronto,Basic
4801,Nicole Jacobs,29,Female,Niagara Falls,Basic
4802,Virginia Edwards,57,Female,Montreal,Platinum
4803,Robert Gordon,32,Male,Ottawa,Basic
4804,Edgar Moore,24,Male,Winnipeg,Basic
4805,Brittany Barnett,33,Female,Quebec City,Basic
4806,Dustin Boyd,62,Male,Toronto,Gold
4807,Chris Holloway,32,Male,Montreal,Silver
4808,Marc Williams,33,Male,Vancouver,Basic
4809,Amanda Hamilton,64,Female,Ottawa,Basic
4810,Kyle Smith,60,Male,Vancouver,Basic
4811,David Reed,39,Male,Quebec City,Gold
4812,Heather Black,59,Female,Ottawa,Basic
4813,Jared Hart,37,Male,Calgary,Basic
4814,Chase Adams,21,Male,Montreal,Basic
4815,Erica Stanley,35,Female,Vancouver,Platinum
4816,Samantha Glover,73,Female,Vancouver,Silver
4817,Amanda Klein,59,Female,Vancouver,Basic
4818,Anthony Clark,74,Male,Montreal,Basic
4819,Savannah Grant,30,Female,Victoria,Basic
4820,Richard Smith,37,Male,Vancouver,Basic
4821,Mark Mays,55,Male,Montreal,Basic
4822,Cathy Brown,37,Female,Vancouver,Basic
4823,Anthony Martinez,23,Male,Edmonton,Basic
4824,Sandy Martinez,19,Female,Toronto,VIP
4825,Joseph Smith,47,Male,Kelowna,Basic
4826,Deanna Vincent,55,Female,Quebec City,Gold
4827,Travis Jimenez,48,Male,Montreal,Basic
4828,Jose Gray,53,Male,Calgary,Gold
4829,Kelsey Brown,63,Female,Calgary,Basic
4830,Brittney Jones,71,Female,Niagara Falls,Basic
4831,Manuel Phillips,60,Male,Niagara Falls,Basic
4832,Laura Caldwell,74,Female,Edmonton,Basic
4833,Jason Moore,53,Male,Montreal,Basic
4834,Jennifer Love,62,Female,Montreal,Basic
4835,Nicholas Rice,50,Male,Toronto,Basic
4836,Eric Osborne,37,Male,Vancouver,Basic
4837,Shane Short,42,Male,Quebec City,Basic
4838,William Price,69,Male,Montreal,Basic
4839,Paul Todd,43,Male,Edmonton,VIP
4840,Andrew Powell,75,Male,Winnipeg,Silver
4841,Megan Morgan,18,Female,Calgary,VIP
4842,Elizabeth Chung,31,Female,Winnipeg,Basic
4843,Allison Miller,29,Female,Toronto,Gold
4844,Jennifer Ramirez,60,Female,Quebec City,Basic
4845,Kenneth Briggs,19,Male,Winnipeg,Basic
4846,Thomas Ingram,21,Male,Whistler,Basic
4847,Jacob Hawkins,55,Male,Quebec City,Basic
4848,Cassandra Haas,18,Female,Toronto,Basic
4849,William Owens,21,Male,Halifax,VIP
4850,Amy Watts,60,Female,Toronto,Basic
4851,Michael Brown,40,Male,Vancouver,Gold
4852,David Hendricks,51,Male,Montreal,Basic
4853,Phillip Kelly,69,Male,Edmonton,Basic
4854,David Edwards,54,Male,Vancouver,Gold
4855,James Walker,24,Male,Vancouver,Gold
4856,Ashley Davis,26,Female,Calgary,Basic
4857,Kelsey Griffith,69,Female,Ottawa,Basic
4858,Kimberly Obrien,37,Female,Vancouver,Platinum
4859,Leslie Mccoy,26,Female,Whistler,VIP
4860,Claire Sullivan,30,Female,Vancouver,Basic
4861,Darius Khan,59,Male,Toronto,Silver
4862,Nathaniel Huber,18,Male,Vancouver,Basic
4863,Logan Wagner,43,Male,Niagara Falls,Silver
4864,Garrett Price,72,Male,Calgary,Basic
4865,Kathryn Russell,45,Female,Ottawa,Basic
4866,Sharon Snow,36,Female,Halifax,Basic
4867,Cathy Hoover,36,Female,Banff,Basic
4868,Mrs. Ashley Osborne MD,56,Female,Montreal,Basic
4869,Kyle Glass,59,Male,Montreal,Silver
4870,James Kennedy,26,Male,Vancouver,Basic
4871,Deborah Campbell,52,Female,Ottawa,Basic
4872,Barbara Hardy MD,59,Female,Niagara Falls,Basic
4873,Lisa Lewis,20,Female,Vancouver,Basic
4874,Ricky Anderson,52,Male,Winnipeg,Silver
4875,Emily Jones,54,Female,Toronto,Basic
4876,Kelly Ingram,66,Female,Victoria,Basic
4877,Joshua Perez,68,Male,Vancouver,Basic
4878,Karen Massey,29,Female,Vancouver,VIP
4879,Nicole Russell,42,Female,Montreal,Basic
4880,Nathan David,50,Male,Vancouver,Basic
4881,Jonathan Jones,45,Male,Toronto,Gold
4882,George Barnes,55,Male,Quebec City,Basic
4883,Taylor Dominguez,30,Female,Montreal,Basic
4884,Edward Stone,20,Male,Niagara Falls,Basic
4885,Paul Gallegos,32,Male,Vancouver,Platinum
4886,Paula Rogers,36,Female,Vancouver,Basic
4887,James Graham,73,Male,Winnipeg,Basic
4888,Amber Steele,35,Female,Vancouver,Basic
4889,Carl Deleon,33,Male,Quebec City,Basic
4890,Amanda Lee,23,Female,Niagara Falls,Basic
4891,Kelly Harris MD,38,Female,Vancouver,Basic
4892,Anita Pitts,40,Female,Toronto,Basic
4893,Christian Bryant,49,Male,Quebec City,Basic
4894,Patrick Garcia,38,Male,Whistler,Basic
4895,Colleen Merritt,49,Female,Ottawa,Basic
4896,Ruth Hicks,25,Female,Whistler,Silver
4897,Kenneth Washington,47,Male,Vancouver,Basic
4898,Jessica Hoffman,47,Female,Vancouver,Platinum
4899,Lisa Riggs,30,Female,Banff,Basic
4900,Dylan Mccarty,53,Male,Montreal,Basic
4901,Elizabeth Spencer,30,Female,Toronto,Silver
4902,William Deleon,47,Male,Victoria,Silver
4903,Cynthia Roy,20,Female,Quebec City,VIP
4904,Norman Rice,45,Male,Quebec City,Basic
4905,Daniel Brewer,46,Male,Vancouver,Gold
4906,Caleb Garcia,30,Male,Ottawa,Basic
4907,Melissa Smith,33,Female,Banff,Basic
4908,Jordan Kaiser,31,Male,Quebec City,Basic
4909,Amy Roberts,22,Female,Ottawa,Silver
4910,Taylor Espinoza,60,Female,Toronto,Basic
4911,Dawn Aguirre,59,Female,Vancouver,Basic
4912,Kyle Armstrong,48,Male,Edmonton,Basic
4913,Jennifer Weber,72,Female,Vancouver,Basic
4914,Sergio Douglas,54,Male,Quebec City,Basic
4915,Maria Malone,47,Female,Quebec City,Basic
4916,Michael Juarez,27,Male,Toronto,Basic
4917,Brandon Boyd,21,Male,Toronto,Basic
4918,Rachel Riley,25,Female,Kelowna,Basic
4919,Laura Thomas,30,Female,Winnipeg,VIP
4920,Elizabeth Barton,25,Female,Toronto,Gold
4921,Laura Sparks,48,Female,Whistler,Silver
4922,Troy Zamora,45,Male,Toronto,Silver
4923,Ryan Roman,64,Male,Vancouver,Silver
4924,Richard Parsons,62,Male,Vancouver,Basic
4925,Justin Yu,60,Male,Montreal,Silver
4926,Lisa Johnson,49,Female,Vancouver,Gold
4927,Christopher Bowman,35,Male,Calgary,Platinum
4928,Jason Snow,46,Male,Vancouver,Platinum
4929,Carrie Lewis,64,Female,Edmonton,Basic
4930,Wendy Perez,24,Female,Whistler,Basic
4931,Erika Bates,41,Female,Vancouver,Basic
4932,Matthew Roach,51,Male,Calgary,Basic
4933,Mary Hoffman,29,Female,Victoria,Basic
4934,Robert Mitchell,58,Male,Toronto,Basic
4935,Haley Russell,57,Female,Vancouver,Basic
4936,William Barrera,51,Male,Quebec City,Basic
4937,Jeffrey Johnson,60,Male,Toronto,Basic
4938,Rachel Sullivan,49,Female,Calgary,Basic
4939,Joshua Thomas,32,Male,Vancouver,Silver
4940,Anna Pierce,51,Female,Mont-Tremblant,Basic
4941,Haley Mccoy,35,Female,Montreal,Basic
4942,Claire Hoffman,49,Female,Kelowna,Basic
4943,Annette Rivas,43,Female,Vancouver,Basic
4944,Pamela Aguirre,44,Female,Niagara Falls,Basic
4945,George Bradshaw,18,Male,Vancouver,Basic
4946,Sarah Waters,60,Female,Vancouver,Basic
4947,Chase Matthews,32,Male,Ottawa,Basic
4948,Samuel Nelson,19,Male,Ottawa,Silver
4949,Sarah Wall,26,Female,Vancouver,Basic
4950,Paul Smith,24,Male,Toronto,Basic
4951,Kayla Burke,23,Female,Vancouver,Silver
4952,Jean Murillo,63,Female,Ottawa,Basic
4953,Veronica Hughes,36,Female,Montreal,Basic
4954,Brad Lee,37,Male,Quebec City,Basic
4955,Samantha Morrow,42,Female,Victoria,Basic
4956,Tony Brooks,27,Male,Kelowna,Basic
4957,Mariah Miller,21,Female,Kelowna,Basic
4958,Angel Rojas,48,Female,Calgary,Silver
4959,Jennifer Thompson,57,Female,Victoria,Basic
4960,Christina Aguilar,27,Female,Vancouver,Basic
4961,Jennifer Thomas,53,Female,Toronto,Silver
4962,Daniel Ramirez,66,Male,Toronto,Basic
4963,Kathleen Ramos,45,Female,Vancouver,Gold
4964,Carla Klein,25,Female,Banff,Basic
4965,Charles Powell,39,Male,Ottawa,Basic
4966,Michael Carlson,56,Male,Vancouver,Basic
4967,Kristi Davis,31,Female,Winnipeg,Silver
4968,Molly Mckenzie,74,Female,Montreal,Basic
4969,Thomas Hendrix,24,Male,Kelowna,Silver
4970,Tara Jones,71,Female,Winnipeg,Basic
4971,Alison Zuniga,55,Female,Quebec City,Basic
4972,Deborah Waller,52,Female,Banff,Basic
4973,Jesse Davis,31,Male,Calgary,Basic
4974,Timothy Howard,26,Male,Kelowna,Basic
4975,Christina Moon,55,Female,Montreal,Platinum
4976,John Ho,74,Male,Winnipeg,Platinum
4977,Christine Ferrell,22,Female,Toronto,Silver
4978,Megan Miller,23,Female,Victoria,Silver
4979,Jamie Robinson,21,Female,Montreal,Basic
4980,Samantha Petty,71,Female,Montreal,VIP
4981,John Payne,67,Male,Whistler,Basic
4982,Jamie Lee MD,31,Female,Vancouver,Basic
4983,Kimberly Parker,26,Female,Whistler,VIP
4984,Molly Jackson,37,Female,Toronto,Silver
4985,Amber Lin,24,Female,Toronto,Basic
4986,Andrew Roth,47,Male,Kelowna,VIP
4987,Dustin Brown,59,Male,Vancouver,Basic
4988,Michael Collier,64,Male,Kelowna,Gold
4989,Kimberly Pennington,73,Female,Vancouver,Silver
4990,Natalie Porter,54,Female,Quebec City,Gold
4991,Thomas Jones,26,Male,Quebec City,Basic
4992,Mark Humphrey,32,Male,Toronto,Silver
4993,Leah Wilcox,20,Female,Edmonton,Basic
4994,Cheryl Stone,57,Female,Vancouver,Basic
4995,Mr. Joshua Navarro,51,Male,Montreal,Basic
4996,Monique Obrien,42,Female,Vancouver,Silver
4997,Jeffery Mckenzie,18,Male,Banff,Basic
4998,Joshua Mcdowell,45,Male,Montreal,Gold
4999,Cassandra Maldonado,42,Female,Mont-Tremblant,Silver
5000,Alyssa Perez,50,Female,Toronto,Gold
5001,Tina Johnson,52,Female,Vancouver,Basic
5002,Leah Ball,38,Female,Montreal,Gold
5003,Michael Vang,30,Male,Halifax,Silver
5004,Michael Powell,39,Male,Montreal,Basic
5005,Cynthia Sullivan,27,Female,Montreal,Basic
5006,Bridget Sparks,40,Female,Toronto,Platinum
5007,Aaron Fernandez,49,Male,Toronto,Basic
5008,Sara White,61,Female,Vancouver,Gold
5009,Erin Moore,34,Female,Kelowna,Basic
5010,Michael Keller Jr.,46,Male,Winnipeg,Basic
5011,William Giles,57,Male,Vancouver,Basic
5012,Jared Hernandez,25,Male,Vancouver,Basic
5013,Matthew Giles,60,Male,Edmonton,Basic
5014,Kenneth Murphy,51,Male,Vancouver,Platinum
5015,Joyce Wheeler,25,Female,Montreal,Basic
5016,Kevin Barton,72,Male,Vancouver,Silver
5017,Jeffrey Lynch,21,Male,Montreal,Basic
5018,Kimberly Smith,21,Female,Banff,Silver
5019,Stephanie Johnson,46,Female,Toronto,Basic
5020,Amanda Jacobs,30,Female,Vancouver,Basic
5021,Matthew Daniels,64,Male,Calgary,Basic
5022,Ms. Melissa Romero,22,Female,Vancouver,Basic
5023,Carlos Khan,45,Male,Vancouver,Basic
5024,Nancy Hunt,56,Female,Edmonton,Basic
5025,Maria Campbell,57,Female,Montreal,Platinum
5026,Joshua Ellis,40,Male,Vancouver,Silver
5027,Thomas Dominguez,36,Male,Montreal,Basic
5028,Howard White,20,Male,Quebec City,Basic
5029,Jennifer Myers,56,Female,Quebec City,Basic
5030,Randy Douglas,46,Male,Vancouver,Basic
5031,Luis Hill,71,Male,Montreal,Basic
5032,Tracey Brown,20,Female,Toronto,Basic
5033,Valerie Simpson,40,Female,Victoria,Silver
5034,Janice Hernandez,18,Female,Vancouver,Basic
5035,Suzanne Wagner,30,Female,Vancouver,Basic
5036,Christian Flowers,38,Male,Banff,Basic
5037,Kenneth Snyder,56,Male,Ottawa,Basic
5038,Richard Patel,38,Male,Toronto,Basic
5039,Aaron Schneider,41,Male,Vancouver,Basic
5040,Rebecca Wood,64,Female,Quebec City,Basic
5041,Sonya Alvarado,26,Female,Quebec City,Basic
5042,Perry Price,40,Male,Toronto,Basic
5043,Gary Bryant,19,Male,Toronto,Basic
5044,Michael Jackson,28,Male,Vancouver,Basic
5045,Christopher Francis,43,Male,Vancouver,Silver
5046,Debra White,26,Female,Montreal,Basic
5047,Joe Long,45,Male,Victoria,Basic
5048,Ronald Carr,42,Male,Vancouver,VIP
5049,David Lynn,72,Male,Toronto,Basic
5050,Patrick Bradford,51,Male,Calgary,Basic
5051,Sandra Walker,44,Female,Winnipeg,Silver
5052,Kimberly Valenzuela,21,Female,Montreal,Platinum
5053,Ashley Sullivan,56,Female,Quebec City,Basic
5054,Michael Moon,36,Male,Ottawa,Basic
5055,Pam Bowen,44,Female,Victoria,Basic
5056,Cassandra Landry,46,Female,Ottawa,Silver
5057,Wayne Jackson,29,Male,Calgary,Basic
5058,Connie Neal,59,Female,Montreal,Platinum
5059,Lawrence Parks,52,Male,Winnipeg,Basic
5060,Scott Ayers,57,Male,Montreal,Basic
5061,Michael Wood,46,Male,Toronto,Basic
5062,Maria Stone,57,Female,Vancouver,Gold
5063,Travis Hansen,65,Male,Victoria,Basic
5064,Frank Freeman,32,Male,Toronto,Basic
5065,Roger Walker,25,Male,Toronto,Basic
5066,Mark Wilson,38,Male,Vancouver,Basic
5067,Kayla Ray,24,Female,Vancouver,Basic
5068,Ashley Olson,19,Female,Vancouver,Basic
5069,Anthony Boyd,64,Male,Ottawa,Gold
5070,Kevin Adams,42,Male,Ottawa,Silver
5071,Sara Clark,61,Female,Toronto,Gold
5072,Erika Chavez,21,Female,Vancouver,Gold
5073,Erin Rodriguez,32,Female,Banff,Basic
5074,Jacob Mercado,63,Male,Quebec City,Silver
5075,Karen Singleton,18,Female,Toronto,Gold
5076,Cynthia Simmons,26,Female,Toronto,Basic
5077,Amber Moyer,47,Female,Quebec City,Basic
5078,Ryan Terry,71,Male,Victoria,Basic
5079,Brian Clements,52,Male,Halifax,Basic
5080,Andrew Gomez,44,Male,Toronto,Basic
5081,Luis Gould,70,Male,Halifax,Silver
5082,Leslie Kennedy,56,Female,Toronto,Platinum
5083,Morgan Anderson,27,Female,Vancouver,Gold
5084,Devon Anderson,50,Male,Kelowna,Basic
5085,Kelsey Gates,46,Female,Calgary,Platinum
5086,Christopher Taylor,60,Male,Montreal,Basic
5087,Robert Pacheco,29,Male,Vancouver,Basic
5088,Amy Nguyen,75,Female,Vancouver,VIP
5089,Jonathan Sparks,18,Male,Winnipeg,Basic
5090,Jessica Evans,44,Female,Calgary,Basic
5091,Johnathan Morgan,47,Male,Montreal,Platinum
5092,Patrick Caldwell,52,Male,Whistler,Basic
5093,Gerald Chapman,23,Male,Vancouver,Gold
5094,Dr. Evan Marquez,49,Male,Toronto,Silver
5095,Cassandra Anderson,55,Female,Quebec City,Basic
5096,Susan Ponce,74,Female,Toronto,Basic
5097,Jeffrey Cook,24,Male,Whistler,Basic
5098,Samuel Khan,19,Male,Toronto,Basic
5099,Robert Watson,41,Male,Victoria,Silver
5100,Maria Hall,53,Female,Vancouver,Silver
5101,Carlos Wiley,31,Male,Calgary,Basic
5102,Ronald Lloyd,52,Male,Vancouver,Basic
5103,Andrea Smith,41,Female,Toronto,Basic
5104,Andrew Harris,69,Male,Toronto,Gold
5105,Justin White,42,Male,Quebec City,Basic
5106,Elizabeth Rosales,46,Female,Montreal,Basic
5107,James Willis,27,Male,Calgary,Basic
5108,Mrs. Kathryn Jefferson DVM,68,Female,Mont-Tremblant,Basic
5109,Joann Walsh,54,Female,Montreal,Silver
5110,Tiffany Day,51,Female,Toronto,Basic
5111,Aaron Diaz,28,Male,Vancouver,Basic
5112,Nancy Jackson,66,Female,Quebec City,Basic
5113,Christine Benjamin,43,Female,Kelowna,Basic
5114,Robert Thompson,57,Male,Montreal,Silver
5115,Rose Mclaughlin,41,Female,Whistler,Basic
5116,Amy Gonzalez,30,Female,Toronto,Basic
5117,Sarah Smith,38,Female,Toronto,Basic
5118,Anna Bennett,64,Female,Toronto,Platinum
5119,Brandon Sanchez,66,Male,Toronto,Gold
5120,Christopher Robbins,38,Male,Quebec City,Gold
5121,Alexander Martin,61,Male,Vancouver,Basic
5122,Kelly Miller,66,Female,Toronto,Basic
5123,Richard Yoder,42,Male,Toronto,Basic
5124,Frank Francis,52,Male,Toronto,Silver
5125,Mark Webb,20,Male,Niagara Falls,Basic
5126,Shari Mcmahon,19,Female,Victoria,Basic
5127,Lisa Dixon,29,Female,Banff,Basic
5128,Michael Chavez,35,Male,Calgary,Basic
5129,Juan Blair,49,Male,Calgary,Basic
5130,Joshua White,26,Male,Toronto,Basic
5131,Barbara Harrison,75,Female,Ottawa,Basic
5132,Michael Gonzalez,28,Male,Quebec City,Basic
5133,Monica Frost,43,Female,Montreal,Basic
5134,Tracy Frye,56,Female,Montreal,Basic
5135,Erika Thompson,33,Female,Vancouver,Silver
5136,Latasha Mendez,35,Female,Ottawa,VIP
5137,Stephen Moses,34,Male,Toronto,Basic
5138,Robert Sandoval,34,Male,Quebec City,Basic
5139,Martin Young,34,Male,Montreal,Basic
5140,David Jackson,42,Male,Vancouver,Basic
5141,Michael Sanchez,44,Male,Vancouver,Silver
5142,Steven Harris,49,Male,Toronto,Basic
5143,Elizabeth Butler,57,Female,Quebec City,Basic
5144,Maria Mclaughlin,57,Female,Toronto,Basic
5145,Colleen Morton,47,Female,Vancouver,Platinum
5146,Teresa Duncan,24,Female,Toronto,Platinum
5147,Dawn Cochran,67,Female,Niagara Falls,Basic
5148,Logan Hardy,19,Male,Quebec City,Basic
5149,Jillian Summers,56,Female,Vancouver,Gold
5150,Jessica Lopez,63,Female,Quebec City,Gold
5151,Benjamin Brown,51,Male,Victoria,Basic
5152,Stephanie Mcdonald,40,Female,Banff,Silver
5153,Kathleen Rodriguez,31,Female,Halifax,Basic
5154,Stephanie Murphy,73,Female,Whistler,Basic
5155,Justin Herman,51,Male,Montreal,VIP
5156,Chase Burnett,70,Male,Whistler,Platinum
5157,Brett Mcguire,21,Male,Whistler,Basic
5158,Rachel Roy,38,Female,Montreal,Basic
5159,Carrie Ware,75,Female,Mont-Tremblant,Basic
5160,Julian Obrien,44,Male,Vancouver,Basic
5161,Stephen Stone,73,Male,Vancouver,Basic
5162,Keith Bailey,63,Male,Toronto,VIP
5163,Patrick Bush,73,Male,Calgary,Basic
5164,Kayla Lopez,26,Female,Vancouver,Platinum
5165,Jennifer Brown,43,Female,Toronto,Basic
5166,Nicole Bright,18,Female,Mont-Tremblant,Silver
5167,Christina Ramirez,50,Female,Calgary,Basic
5168,Tammy Brewer,37,Female,Montreal,VIP
5169,Scott Berry,53,Male,Vancouver,Basic
5170,Austin Conley,69,Male,Toronto,VIP
5171,Christine Luna,56,Female,Toronto,VIP
5172,Sean Johnson,36,Male,Montreal,Basic
5173,Laura Maxwell,36,Female,Victoria,Basic
5174,Kevin Bailey,55,Male,Quebec City,Platinum
5175,Elizabeth Woods,56,Female,Quebec City,Basic
5176,Nicholas Lee,51,Male,Niagara Falls,Basic
5177,Craig Smith,55,Male,Quebec City,Basic
5178,John Clark,44,Male,Vancouver,Basic
5179,Brandon Ponce,22,Male,Toronto,Basic
5180,Amber Hernandez,26,Female,Toronto,Basic
5181,Daniel Wilson,44,Male,Halifax,Basic
5182,Michael Stevens,57,Male,Toronto,Gold
5183,Matthew Brown,19,Male,Vancouver,Basic
5184,Paul Davis,58,Male,Winnipeg,Basic
5185,James Anderson,70,Male,Toronto,Basic
5186,Barbara Griffith,24,Female,Victoria,Platinum
5187,Nathan Stanley,54,Male,Halifax,VIP
5188,Olivia Randolph,25,Female,Vancouver,Basic
5189,Marcus Blair,67,Male,Montreal,Basic
5190,Laura Reynolds,57,Female,Toronto,Gold
5191,Joshua Guerrero,36,Male,Calgary,Basic
5192,Shawn Shepherd,50,Male,Whistler,Platinum
5193,Brian Duran,56,Male,Vancouver,Basic
5194,Brian Mitchell,68,Male,Toronto,Basic
5195,Melanie Garrett,25,Female,Calgary,Basic
5196,Gabrielle Smith,61,Female,Banff,Basic
5197,William Hernandez,58,Male,Edmonton,Basic
5198,Carl Larsen,51,Male,Niagara Falls,Basic
5199,Michael Richardson,54,Male,Banff,Platinum
5200,Dr. Sara Jones,37,Female,Whistler,Basic
5201,Matthew Trujillo,44,Male,Calgary,Platinum
5202,Michael Carlson,37,Male,Ottawa,Basic
5203,Michael Crawford,53,Male,Winnipeg,Silver
5204,Anne Novak,52,Female,Vancouver,Basic
5205,Donald Coleman,28,Male,Toronto,Basic
5206,Gabriel Richardson,28,Male,Toronto,Silver
5207,Tammy Lewis,55,Female,Whistler,Basic
5208,Teresa Beasley,23,Female,Vancouver,Gold
5209,Allison Branch,40,Female,Vancouver,Basic
5210,Jay Cox,35,Male,Toronto,Basic
5211,Crystal Simpson,30,Female,Calgary,Basic
5212,Kyle Brown,30,Male,Kelowna,Gold
5213,Victor Reynolds,64,Male,Toronto,VIP
5214,Alex Perez,20,Male,Vancouver,Basic
5215,Douglas Santos,51,Male,Vancouver,Basic
5216,Gordon Green,41,Male,Whistler,Silver
5217,Samantha Cohen,75,Female,Montreal,Gold
5218,Daniel Page,27,Male,Toronto,Basic
5219,Danielle Martinez,47,Female,Toronto,Basic
5220,Terry Sullivan,26,Male,Toronto,Gold
5221,Thomas Bowman,65,Male,Quebec City,Basic
5222,Steven Parker,36,Male,Whistler,Basic
5223,Jeremy Rhodes,68,Male,Whistler,Basic
5224,Mr. Jeffery Thompson II,55,Male,Toronto,Gold
5225,Ashley Copeland,50,Female,Vancouver,Basic
5226,Jessica Rodriguez,68,Female,Vancouver,Silver
5227,Randy Robles,48,Male,Niagara Falls,Basic
5228,Amanda Johnson,74,Female,Vancouver,Basic
5229,Ricky Spencer,38,Male,Kelowna,Basic
5230,James Hines,68,Male,Vancouver,Basic
5231,Candice Black,29,Female,Montreal,Basic
5232,Kelly Burnett,40,Female,Toronto,Basic
5233,Jerome Hernandez,25,Male,Montreal,Silver
5234,Nathan Mccann,37,Male,Montreal,Basic
5235,John Gonzalez,56,Male,Montreal,Basic
5236,Jodi Wright,45,Female,Whistler,Gold
5237,Daryl Miller,29,Male,Toronto,Gold
5238,Sheila Ward,28,Female,Victoria,Gold
5239,Desiree Evans,25,Female,Ottawa,Basic
5240,Carrie Padilla,65,Female,Whistler,Basic
5241,Krystal White,70,Female,Vancouver,Basic
5242,Kelsey Kelly,40,Female,Montreal,Gold
5243,Jeffrey King,46,Male,Toronto,Basic
5244,Barbara Smith,20,Female,Quebec City,Basic
5245,Michael Brennan,27,Male,Banff,Basic
5246,Jennifer Carson,37,Female,Kelowna,VIP
5247,Jessica King,56,Female,Vancouver,Silver
5248,James Morrow,34,Male,Toronto,Basic
5249,Lauren Warren,26,Female,Winnipeg,Basic
5250,Michael Alvarez,26,Male,Toronto,Basic
5251,Veronica Powell,63,Female,Banff,Basic
5252,Eric Rivera,52,Male,Mont-Tremblant,Basic
5253,Paul Pope,43,Male,Vancouver,Basic
5254,Leah Estrada,51,Female,Quebec City,Basic
5255,David Smith,55,Male,Vancouver,Gold
5256,Kevin Stephens,20,Male,Halifax,Basic
5257,Barry Espinoza,74,Male,Toronto,Basic
5258,Scott Welch,23,Male,Vancouver,Basic
5259,April Wright,31,Female,Vancouver,Basic
5260,Mr. Richard Williams DDS,42,Male,Ottawa,Gold
5261,Rhonda Evans,43,Female,Vancouver,Basic
5262,Samantha Noble,54,Female,Quebec City,Basic
5263,Larry Fritz,27,Male,Toronto,Basic
5264,Matthew Gonzalez,23,Male,Toronto,Platinum
5265,Melinda Cervantes,40,Female,Quebec City,Silver
5266,Justin Carter,31,Male,Halifax,Basic
5267,Janet Garcia,39,Female,Vancouver,Silver
5268,Dustin Williams,40,Male,Quebec City,Basic
5269,Deborah Hall,26,Female,Montreal,Gold
5270,Erica White,27,Female,Montreal,Basic
5271,Tracy Santiago,75,Female,Vancouver,VIP
5272,Kevin Barr,58,Male,Montreal,Basic
5273,Mrs. Alexis Dawson DVM,33,Female,Toronto,Basic
5274,Jessica Travis,33,Female,Vancouver,Basic
5275,Alexander Mcdonald,25,Male,Montreal,Basic
5276,Robert Fernandez,33,Male,Mont-Tremblant,VIP
5277,Ann Brown,35,Female,Banff,Platinum
5278,Mary Johnson,51,Female,Vancouver,Basic
5279,Lori Davis,22,Female,Kelowna,Basic
5280,Timothy Acevedo,39,Male,Whistler,Basic
5281,David Cohen,26,Male,Kelowna,Basic
5282,Laura Larson,68,Female,Calgary,Gold
5283,Penny West,56,Female,Edmonton,Basic
5284,Ashley Daugherty,24,Female,Edmonton,Basic
5285,Dr. Joshua Garrett,39,Male,Calgary,Basic
5286,Dr. Jordan Ochoa,59,Male,Quebec City,Basic
5287,Tracy Reilly,52,Female,Whistler,Basic
5288,Elizabeth Taylor,75,Female,Montreal,Basic
5289,Jocelyn Beard,61,Female,Vancouver,Silver
5290,Kayla Ho,23,Female,Halifax,Basic
5291,Jeremiah Hunter,21,Male,Calgary,Silver
5292,Alexandra Thompson,44,Female,Quebec City,Basic
5293,Debbie Williams,26,Female,Quebec City,Basic
5294,Kara Davis,26,Female,Quebec City,Basic
5295,Sarah James,42,Female,Victoria,Basic
5296,Linda Davis,73,Female,Toronto,Basic
5297,Angela Moore,22,Female,Toronto,Silver
5298,Michael Garza,24,Male,Vancouver,Gold
5299,Lindsay Henderson,28,Female,Edmonton,Silver
5300,Chris Barber,27,Male,Victoria,Basic
5301,Terri Santiago,38,Female,Vancouver,Basic
5302,Mary Williams,54,Female,Niagara Falls,Basic
5303,Henry Reeves,55,Male,Vancouver,Gold
5304,Richard Tyler,33,Male,Toronto,Basic
5305,Heather Williams,45,Female,Halifax,Platinum
5306,Martin Thompson,67,Male,Vancouver,Basic
5307,Steven Vazquez,71,Male,Winnipeg,Basic
5308,Felicia Bennett,28,Female,Victoria,Basic
5309,Timothy Carpenter,44,Male,Toronto,Platinum
5310,Matthew Davidson,37,Male,Toronto,Basic
5311,Mark Dyer,38,Male,Ottawa,VIP
5312,Michael Campbell,22,Male,Victoria,Basic
5313,Janet Wright,71,Female,Victoria,Basic
5314,Lisa Johnson,56,Female,Banff,Basic
5315,Emily Brown,23,Female,Vancouver,Gold
5316,Justin Garcia,58,Male,Vancouver,Basic
5317,William Kelly,36,Male,Toronto,Basic
5318,Roger Russell,35,Male,Whistler,Silver
5319,Calvin Shaw,28,Male,Montreal,Basic
5320,Richard Walker,30,Male,Vancouver,Basic
5321,Kim Shaw,29,Female,Banff,Basic
5322,Spencer Taylor,39,Male,Toronto,Basic
5323,John Ewing,20,Male,Ottawa,Basic
5324,Jill Johnston,35,Female,Toronto,Basic
5325,Lisa Brown,49,Female,Vancouver,Basic
5326,Daniel Gallegos,73,Male,Montreal,VIP
5327,Peter Hardy,20,Male,Toronto,Basic
5328,Pedro Greene,54,Male,Quebec City,Silver
5329,Yvette Marks,33,Female,Montreal,Silver
5330,Ashley Lewis,19,Female,Banff,Basic
5331,Steven Peterson,22,Male,Niagara Falls,Basic
5332,Amanda Scott DDS,56,Female,Toronto,Basic
5333,Evelyn Greer,20,Female,Toronto,Basic
5334,Christopher Knox,74,Male,Montreal,Basic
5335,Elizabeth Thomas,22,Female,Vancouver,Basic
5336,Brent Stewart,24,Male,Vancouver,Basic
5337,Corey Roberts,19,Male,Mont-Tremblant,VIP
5338,Keith Morales,53,Male,Montreal,Basic
5339,Perry Washington,18,Male,Calgary,Basic
5340,Nicole Barton,23,Female,Toronto,Basic
5341,Deanna Medina,58,Female,Montreal,Basic
5342,Mark Payne,73,Male,Toronto,Basic
5343,Nicholas Cline,35,Male,Banff,VIP
5344,Kristen Davis,52,Female,Edmonton,Platinum
5345,Denise Black,38,Female,Ottawa,Silver
5346,Dr. Sara Dean DVM,44,Female,Banff,Platinum
5347,Travis Gardner,72,Male,Montreal,Basic
5348,Joshua Ballard,39,Male,Quebec City,Basic
5349,Vanessa Foster,18,Female,Vancouver,Gold
5350,Jeremiah Conrad,46,Male,Victoria,Basic
5351,Erik Stafford,40,Male,Ottawa,Basic
5352,Gina Green,25,Female,Ottawa,Basic
5353,Matthew Rodriguez,61,Male,Quebec City,Basic
5354,Nathan Frazier,64,Male,Montreal,Basic
5355,Michael Woods,45,Male,Banff,Silver
5356,Michael James,27,Male,Toronto,Platinum
5357,Gregory Jones,28,Male,Banff,Silver
5358,Melanie Brown,56,Female,Vancouver,Basic
5359,Joshua Wise,27,Male,Toronto,Platinum
5360,Christine Edwards,45,Female,Edmonton,Basic
5361,Michael Martinez,31,Male,Victoria,Basic
5362,David Watson,60,Male,Quebec City,VIP
5363,Karla Williams,27,Female,Ottawa,Basic
5364,Matthew Turner,54,Male,Niagara Falls,Gold
5365,Kerri Carpenter,35,Female,Niagara Falls,Basic
5366,Elaine Bennett,67,Female,Whistler,Basic
5367,Sean Floyd,26,Male,Whistler,Basic
5368,Kristin Graham,19,Female,Quebec City,Gold
5369,Amber Mccormick,74,Female,Quebec City,Basic
5370,Alexis Gibbs,24,Female,Montreal,Gold
5371,Jeff Diaz,52,Male,Montreal,Basic
5372,Gina Stafford,45,Female,Banff,Basic
5373,Richard Parker,20,Male,Montreal,Basic
5374,Daniel Harrington,73,Male,Calgary,Basic
5375,Alyssa Anderson,73,Female,Toronto,Basic
5376,Jacob Lindsey,33,Male,Whistler,Basic
5377,Richard Dickerson,57,Male,Vancouver,Basic
5378,Jason Haynes,40,Male,Vancouver,Silver
5379,Jennifer Cook,49,Female,Toronto,Gold
5380,Darryl Brown,24,Male,Vancouver,Platinum
5381,Megan Martin,54,Female,Ottawa,Silver
5382,Christopher Phillips,23,Male,Toronto,Basic
5383,Dr. Jessica Keith,44,Female,Toronto,Basic
5384,Kara Morales,44,Female,Vancouver,Basic
5385,Louis Price,56,Male,Whistler,Basic
5386,Cassandra Fletcher,38,Female,Vancouver,Basic
5387,Jacqueline Compton,32,Female,Toronto,Basic
5388,Tyler Ferguson,24,Male,Whistler,Basic
5389,James Brown,48,Male,Quebec City,Basic
5390,Veronica Smith,21,Female,Calgary,Basic
5391,Kelli Foster,35,Female,Toronto,Basic
5392,Wendy Anderson,60,Female,Vancouver,Basic
5393,Christopher Larson,46,Male,Toronto,Basic
5394,Jill Floyd,32,Female,Toronto,Basic
5395,Rebecca Griffin,54,Female,Ottawa,Basic
5396,Jennifer Baker MD,49,Female,Quebec City,Basic
5397,Billy Cross,29,Male,Victoria,Basic
5398,Amy Rice,56,Female,Halifax,Basic
5399,Peter Mendoza,44,Male,Ottawa,Silver
5400,Gregory Chapman,20,Male,Calgary,Basic
5401,Paul Williams,19,Male,Toronto,Basic
5402,Valerie Reid,25,Female,Toronto,Basic
5403,Deborah Palmer,27,Female,Ottawa,Basic
5404,Becky Grant,27,Female,Vancouver,Basic
5405,Kathy Johns,73,Female,Montreal,Basic
5406,Paul Dodson,27,Male,Edmonton,Basic
5407,Megan Patterson,32,Female,Toronto,Silver
5408,Jacob Pearson,44,Male,Vancouver,Basic
5409,Brianna Gonzalez,18,Female,Toronto,Basic
5410,Ashley Blackburn,58,Female,Quebec City,Platinum
5411,Micheal West,28,Male,Quebec City,Basic
5412,Lucas Doyle,31,Male,Toronto,Basic
5413,Melanie Oliver PhD,40,Female,Vancouver,Basic
5414,Jessica Ayala,34,Female,Vancouver,Basic
5415,Dana Carter,34,Female,Toronto,Basic
5416,Patrick Burns,57,Male,Quebec City,Basic
5417,Sean Peters,44,Male,Halifax,Basic
5418,Carolyn Jones,24,Female,Vancouver,Basic
5419,Michelle Pena,37,Female,Montreal,Basic
5420,Ryan Lawson,52,Male,Niagara Falls,Basic
5421,David Williams,56,Male,Toronto,Basic
5422,Mark Johnson,47,Male,Ottawa,Basic
5423,Ricky Perez,23,Male,Vancouver,Basic
5424,Kathryn Thomas,31,Female,Montreal,Platinum
5425,Dave Abbott,21,Male,Montreal,Basic
5426,Adam Hodge,31,Male,Vancouver,Basic
5427,Richard Yang,28,Male,Quebec City,Basic
5428,Michelle Sanders,55,Female,Toronto,Gold
5429,Dustin Stein,48,Male,Quebec City,Basic
5430,Haley Jackson,65,Female,Montreal,Basic
5431,Sydney Moses,26,Female,Kelowna,Basic
5432,Jessica Petersen,19,Female,Vancouver,Basic
5433,Joseph Ward,20,Male,Banff,Basic
5434,Lindsey Robinson,27,Female,Mont-Tremblant,Basic
5435,Juan Smith,69,Male,Kelowna,Basic
5436,Perry Mcbride,26,Male,Toronto,Basic
5437,David Larson,59,Male,Whistler,Basic
5438,Jesus Shaw,37,Male,Calgary,Basic
5439,Shelly Moss,20,Female,Ottawa,Basic
5440,Keith Coleman,26,Male,Vancouver,Basic
5441,Jose Moore,73,Male,Toronto,VIP
5442,Melissa Brown,61,Female,Ottawa,Basic
5443,Emily Riley MD,34,Female,Niagara Falls,Basic
5444,Donald Cole,45,Male,Winnipeg,Basic
5445,Jamie Johnson,63,Female,Vancouver,Basic
5446,Monica George,29,Female,Vancouver,Basic
5447,James King,75,Male,Calgary,Basic
5448,Summer Decker,67,Female,Ottawa,Platinum
5449,Leslie Martin,60,Female,Montreal,Basic
5450,Laura Garcia,22,Female,Halifax,Basic
5451,William Keller MD,23,Male,Halifax,Basic
5452,Ruth Acevedo,60,Female,Kelowna,Basic
5453,Victoria Holmes,22,Female,Toronto,Basic
5454,Anthony Lane,51,Male,Quebec City,Basic
5455,Carol Martinez,72,Female,Ottawa,Basic
5456,Adrian Hall,48,Male,Banff,Basic
5457,Alexis Holt,71,Female,Toronto,Basic
5458,Jessica Wilson,42,Female,Montreal,Basic
5459,Katie Welch,36,Female,Vancouver,Platinum
5460,Justin Pham,40,Male,Quebec City,Basic
5461,James Smith,50,Male,Calgary,Basic
5462,Edward Watson,30,Male,Vancouver,Gold
5463,Donna Lowery,25,Female,Vancouver,Silver
5464,Kristen Mcfarland,38,Female,Calgary,Basic
5465,Martin Miller,59,Male,Vancouver,Basic
5466,Anthony Olson,26,Male,Niagara Falls,Gold
5467,Paul Chase,53,Male,Quebec City,Silver
5468,Cory Parker,70,Male,Vancouver,Basic
5469,Leah Collier,55,Female,Quebec City,Basic
5470,Andrew Gonzalez,56,Male,Toronto,Silver
5471,Alan Conley,60,Male,Vancouver,Basic
5472,Catherine Wood,64,Female,Vancouver,Basic
5473,Terri Cisneros,29,Female,Vancouver,Basic
5474,Jessica Jones,21,Female,Vancouver,Basic
5475,Melissa Graham,59,Female,Whistler,Platinum
5476,Mr. Javier Davis,71,Male,Toronto,Basic
5477,Matthew Hendricks,19,Male,Whistler,Gold
5478,Angelica Davis,52,Female,Vancouver,Gold
5479,Wendy Walker,66,Female,Whistler,Platinum
5480,Rhonda Weaver,39,Female,Niagara Falls,Basic
5481,Lucas Nielsen,47,Male,Toronto,Basic
5482,Raymond Harrison,75,Male,Toronto,Basic
5483,Alexis Mejia,24,Female,Ottawa,Basic
5484,Jessica Kelley,45,Female,Toronto,Gold
5485,Charles Ferguson,24,Male,Vancouver,Platinum
5486,Lisa Moore,63,Female,Toronto,Basic
5487,Richard Rice,43,Male,Toronto,Basic
5488,Justin Meyer,60,Male,Montreal,Basic
5489,Bryan Rice,27,Male,Quebec City,Basic
5490,Martin Harrington,45,Male,Vancouver,Basic
5491,Andre Pratt,54,Male,Vancouver,Basic
5492,Jack Anthony,18,Male,Vancouver,Basic
5493,Stephanie Johnson,19,Female,Vancouver,Basic
5494,Cameron Harding,30,Male,Ottawa,Silver
5495,Sierra Gallagher,21,Female,Quebec City,Basic
5496,Sarah Welch,31,Female,Montreal,Silver
5497,Sandra Lopez,60,Female,Ottawa,Platinum
5498,William Tran,43,Male,Mont-Tremblant,Gold
5499,Tony Merritt,49,Male,Victoria,Basic
5500,Brenda Jones,25,Female,Quebec City,Silver
5501,Gabriela Edwards,22,Female,Vancouver,Basic
5502,Julia Bryant,31,Female,Quebec City,Silver
5503,Michael Taylor,26,Male,Whistler,Basic
5504,Lindsey Bowers,38,Female,Ottawa,Basic
5505,Megan Davenport,44,Female,Banff,Basic
5506,Diana Franklin,26,Female,Quebec City,Basic
5507,Todd Graham,37,Male,Banff,Basic
5508,Brenda Hahn,39,Female,Vancouver,Platinum
5509,Kevin Cole,43,Male,Toronto,VIP
5510,Sierra Gentry,23,Female,Toronto,Basic
5511,Nicholas Adams,66,Male,Calgary,Basic
5512,Rodney Reed,38,Male,Niagara Falls,Gold
5513,Katelyn Conley,42,Female,Montreal,Basic
5514,Penny Martinez,70,Female,Niagara Falls,Basic
5515,Brenda Richard,73,Female,Toronto,Platinum
5516,Ronald Page,28,Male,Toronto,Basic
5517,Morgan Brown,31,Female,Winnipeg,Silver
5518,Timothy Roach,44,Male,Montreal,Basic
5519,Trevor Stevens,72,Male,Winnipeg,Basic
5520,Chad Abbott,37,Male,Toronto,Basic
5521,Christopher Martin,68,Male,Toronto,Basic
5522,Garrett Griffith,18,Male,Winnipeg,Basic
5523,Aaron Davis,23,Male,Montreal,Basic
5524,Tony Montoya,45,Male,Montreal,Basic
5525,Melissa Love,60,Female,Calgary,Basic
5526,Brandy Barnes,46,Female,Vancouver,VIP
5527,Timothy Glass,33,Male,Vancouver,Gold
5528,Jake Olson,32,Male,Toronto,Platinum
5529,Gregory Hart,38,Male,Vancouver,Basic
5530,Tiffany Davis,56,Female,Toronto,Silver
5531,William Bishop,25,Male,Toronto,Basic
5532,Stacey Rodriguez,33,Female,Vancouver,Basic
5533,Brandon Lopez,73,Male,Kelowna,Basic
5534,Spencer Manning,28,Male,Calgary,Basic
5535,Robert Bauer,19,Male,Toronto,Gold
5536,Laura Gonzalez,18,Female,Montreal,Basic
5537,Andrea Jordan,18,Female,Vancouver,Basic
5538,Alexis Krueger,42,Female,Victoria,Basic
5539,Michael Travis,51,Male,Quebec City,Basic
5540,Jonathan Glover,24,Male,Toronto,Basic
5541,Erin Carter,54,Female,Vancouver,Basic
5542,Charles Bradley,39,Male,Vancouver,Basic
5543,Leslie Berry,33,Female,Vancouver,Basic
5544,Jason Anderson,37,Male,Halifax,Basic
5545,Tyler Miranda,21,Male,Toronto,Basic
5546,Nicholas Chung,30,Male,Calgary,Platinum
5547,Kayla Thomas,63,Female,Montreal,Basic
5548,Regina Shepherd,44,Female,Ottawa,Basic
5549,Stephanie Swanson,59,Female,Banff,Basic
5550,Deanna Williams,66,Female,Toronto,Silver
5551,Justin Bishop,37,Male,Quebec City,Basic
5552,Clifford Mcdonald,30,Male,Toronto,Basic
5553,Tricia Bowers,67,Female,Vancouver,Basic
5554,Jessica Warren,40,Female,Banff,Basic
5555,Dana Savage,56,Female,Mont-Tremblant,Gold
5556,Joseph Sullivan,49,Male,Toronto,Platinum
5557,Joshua Williams,65,Male,Banff,Basic
5558,Cory Kelley,24,Male,Toronto,Gold
5559,Whitney Macdonald DVM,28,Female,Ottawa,Basic
5560,Joshua Ponce,66,Male,Calgary,Platinum
5561,Darren Morse,28,Male,Vancouver,Basic
5562,Mark Horn,54,Male,Vancouver,Basic
5563,Brenda Williams,63,Female,Montreal,Basic
5564,Jill Wallace,44,Female,Quebec City,Basic
5565,Anthony Ward,65,Male,Quebec City,Silver
5566,Heather Diaz,48,Female,Toronto,Silver
5567,Daniel White,71,Male,Ottawa,Basic
5568,Linda Fernandez,33,Female,Halifax,Platinum
5569,Ralph Rodriguez,21,Male,Vancouver,Basic
5570,Michael Cross,37,Male,Ottawa,Silver
5571,Kyle Preston,57,Male,Vancouver,Basic
5572,Angela Garcia,19,Female,Kelowna,VIP
5573,Teresa Davis,49,Female,Montreal,Basic
5574,Alicia Murphy MD,39,Female,Quebec City,Basic
5575,Michael Brown,49,Male,Montreal,Platinum
5576,Christopher Johnson,35,Male,Quebec City,Basic
5577,Jacqueline Hall,28,Female,Winnipeg,Basic
5578,Timothy Hale,35,Male,Quebec City,Silver
5579,Christopher Smith,62,Male,Toronto,Basic
5580,Chad Kim,22,Male,Toronto,Basic
5581,Rebecca Knight,41,Female,Winnipeg,Platinum
5582,Amy Moore,23,Female,Montreal,Basic
5583,Robert Ellison,51,Male,Toronto,Basic
5584,Ashley Lewis,61,Female,Montreal,Basic
5585,Clayton Johns,52,Male,Toronto,Basic
5586,Mr. Michael Green,62,Male,Ottawa,Basic
5587,Lisa Johnson,25,Female,Calgary,VIP
5588,Tina Vasquez,49,Female,Vancouver,Silver
5589,Michael Richard,18,Male,Quebec City,Basic
5590,Juan Galvan,53,Male,Vancouver,Basic
5591,Leslie Diaz,46,Female,Toronto,Basic
5592,Crystal Potter,75,Female,Quebec City,Silver
5593,Adam Long,29,Male,Toronto,Basic
5594,Lisa Booker,42,Female,Whistler,Platinum
5595,Adam Vaughn,34,Male,Kelowna,Silver
5596,Aaron Bailey,25,Male,Montreal,Basic
5597,Shawn Patterson,60,Male,Vancouver,Basic
5598,Melissa Wolf,48,Female,Vancouver,Basic
5599,Kimberly Sims,21,Female,Vancouver,Basic
5600,Tyler Mooney,24,Male,Kelowna,Basic
5601,Luis Mcclain,46,Male,Vancouver,VIP
5602,Heather Wolf,55,Female,Mont-Tremblant,Basic
5603,Jacqueline Bradley,25,Female,Whistler,Basic
5604,Isaiah Jones,74,Male,Quebec City,Basic
5605,Tracey Hudson,73,Female,Whistler,Basic
5606,Mathew Sanders,69,Male,Calgary,Basic
5607,Suzanne Holloway,72,Female,Whistler,Platinum
5608,Joshua Love,47,Male,Toronto,Basic
5609,Andrew Dominguez,24,Male,Vancouver,Basic
5610,John Adams,55,Male,Vancouver,Basic
5611,Mitchell Huber,48,Male,Montreal,Basic
5612,Laura Roberts,75,Female,Whistler,VIP
5613,Victor Brooks,25,Male,Toronto,Basic
5614,Aaron Henry,43,Male,Vancouver,Silver
5615,Ryan Moore,49,Male,Edmonton,Gold
5616,Claudia Chen,20,Female,Montreal,Basic
5617,Benjamin Lewis,24,Male,Whistler,VIP
5618,David Nolan,18,Male,Quebec City,Basic
5619,Ashley Medina,32,Female,Vancouver,Basic
5620,Antonio Lopez,29,Male,Toronto,Basic
5621,Michael Hernandez,75,Male,Montreal,Basic
5622,Elizabeth Chase,51,Female,Toronto,Platinum
5623,Nancy Johnson,74,Female,Quebec City,Basic
5624,Stephanie Fisher,37,Female,Quebec City,Basic
5625,Henry Smith,59,Male,Banff,Basic
5626,Joshua Mcintyre,25,Male,Vancouver,Basic
5627,Dana Hernandez,25,Female,Toronto,Basic
5628,Anita Long,60,Female,Winnipeg,Platinum
5629,Chad Pennington,41,Male,Vancouver,Platinum
5630,Michael Rosario,23,Male,Whistler,Silver
5631,Joyce Webster,53,Female,Winnipeg,Gold
5632,Mr. William Hayes PhD,26,Male,Ottawa,Basic
5633,Brandon Watkins,36,Male,Quebec City,Basic
5634,Jessica Jackson,34,Female,Vancouver,Silver
5635,Troy Allen,49,Male,Vancouver,Basic
5636,Sonya Salinas,34,Female,Toronto,Basic
5637,Charles Wood,51,Male,Whistler,Basic
5638,Billy Murray,37,Male,Niagara Falls,Basic
5639,Allison Larson,28,Female,Vancouver,Silver
5640,Jill Davis,38,Female,Vancouver,Basic
5641,Carla Reeves,67,Female,Calgary,Silver
5642,Catherine Reynolds,43,Female,Edmonton,Basic
5643,Brett Pope,41,Male,Whistler,Basic
5644,Carolyn Gomez,26,Female,Calgary,Platinum
5645,Richard Boyd,39,Male,Whistler,Platinum
5646,Nathan Parks,44,Male,Montreal,Basic
5647,Jessica Mejia,38,Female,Ottawa,Basic
5648,Daniel Watson,56,Male,Calgary,Basic
5649,Angela Chapman,36,Female,Quebec City,Basic
5650,Paul Vaughn,44,Male,Toronto,Basic
5651,Michael Davis,20,Male,Banff,Basic
5652,Andrew Williams,35,Male,Winnipeg,Gold
5653,Gina Young DDS,62,Female,Niagara Falls,Gold
5654,Lindsey Robinson,37,Female,Montreal,Basic
5655,James Bender,22,Male,Vancouver,Basic
5656,Kevin Nolan,27,Male,Montreal,Basic
5657,Desiree Ali,19,Female,Niagara Falls,Platinum
5658,Anthony Davis,31,Male,Calgary,Basic
5659,Carol Webster,67,Female,Winnipeg,Basic
5660,Amy Arnold,40,Female,Ottawa,Silver
5661,Joshua Garrett,33,Male,Vancouver,Basic
5662,Crystal Bates,48,Female,Victoria,Platinum
5663,David Ramirez,38,Male,Quebec City,Basic
5664,Diana Lewis,38,Female,Toronto,Basic
5665,Paul Warren,68,Male,Toronto,Basic
5666,Jennifer Ashley,62,Female,Banff,Basic
5667,Lindsey Gonzalez,47,Female,Quebec City,Basic
5668,Beth Burton,72,Female,Calgary,Basic
5669,Amanda Clark,50,Female,Toronto,Basic
5670,Teresa Dominguez,46,Female,Quebec City,Platinum
5671,Carlos Love,53,Male,Vancouver,Basic
5672,Samuel Martinez,35,Male,Quebec City,Basic
5673,Dana Robbins,20,Female,Vancouver,Silver
5674,Ricardo Anderson,47,Male,Kelowna,Basic
5675,Gabriela Williams,38,Female,Toronto,Basic
5676,Craig Fleming,38,Male,Toronto,Platinum
5677,Gregory Mcguire,27,Male,Vancouver,Gold
5678,Ronald Bryant,71,Male,Niagara Falls,Basic
5679,Steven Davis,29,Male,Vancouver,Silver
5680,Bonnie Jones,25,Female,Toronto,Basic
5681,Christopher George,49,Male,Edmonton,Basic
5682,Stephen Jennings,39,Male,Vancouver,Basic
5683,John Gray,36,Male,Vancouver,Basic
5684,Scott Moore,63,Male,Mont-Tremblant,Basic
5685,Kiara Wilson,21,Female,Victoria,Basic
5686,Deborah Wilkinson,18,Female,Halifax,VIP
5687,Samantha Jones,22,Female,Halifax,Basic
5688,Christopher Bradley,27,Male,Halifax,Basic
5689,Christina Wilson,38,Female,Banff,Basic
5690,Kathryn Richardson,49,Female,Quebec City,Basic
5691,Jacob Randall,27,Male,Toronto,VIP
5692,Terry Stevens,56,Male,Vancouver,Basic
5693,Steven Reyes,19,Male,Vancouver,Basic
5694,Timothy Miller,67,Male,Halifax,Silver
5695,James Ward,22,Male,Halifax,Basic
5696,Dustin Hines,37,Male,Vancouver,Basic
5697,Mary Alexander,31,Female,Vancouver,Basic
5698,Veronica Cohen,18,Female,Montreal,Basic
5699,Chelsea Walker,36,Female,Vancouver,Basic
5700,Alexa Holland,75,Female,Montreal,Basic
5701,Jesse Anderson,51,Male,Toronto,Silver
5702,Chad Macias,46,Male,Calgary,Basic
5703,Edward Thomas,58,Male,Quebec City,Basic
5704,Jason Taylor,42,Male,Toronto,Basic
5705,Gwendolyn Pena,52,Female,Vancouver,Gold
5706,Derek Hernandez,57,Male,Vancouver,Silver
5707,Samuel Fields,65,Male,Niagara Falls,Silver
5708,Kimberly Vasquez,55,Female,Toronto,Basic
5709,Tiffany Williamson PhD,56,Female,Toronto,Silver
5710,Charles Allen,56,Male,Ottawa,Basic
5711,Robert Miller,45,Male,Toronto,Platinum
5712,Melanie Baker,21,Female,Montreal,Basic
5713,Gina Allen,53,Female,Quebec City,Basic
5714,Vincent Hays,66,Male,Toronto,Basic
5715,Valerie Lopez,51,Female,Montreal,Basic
5716,Anthony Schmidt,38,Male,Toronto,Basic
5717,Dean Harris,46,Male,Montreal,Basic
5718,Robert Allen,48,Male,Toronto,Silver
5719,Sandra Charles,35,Female,Quebec City,Basic
5720,Jared Brooks,54,Male,Quebec City,Platinum
5721,Jacob Owens,55,Male,Toronto,Basic
5722,Sydney Elliott,28,Female,Vancouver,Basic
5723,Erin Chavez,25,Female,Montreal,Basic
5724,Stephanie Salinas,38,Female,Calgary,Basic
5725,Patricia Valenzuela,54,Female,Vancouver,Basic
5726,Theresa Ward,29,Female,Montreal,Basic
5727,Jacqueline Kennedy,44,Female,Victoria,Basic
5728,Jenna Velazquez,20,Female,Vancouver,Silver
5729,Jonathan Rivers,72,Male,Banff,Basic
5730,Christine Ramirez,60,Female,Kelowna,Silver
5731,Greg Wood,52,Male,Vancouver,Basic
5732,Terry Armstrong,30,Male,Vancouver,Platinum
5733,Taylor Stark,30,Female,Winnipeg,Gold
5734,Brandon Peterson,44,Male,Niagara Falls,Basic
5735,Linda Morris,53,Female,Whistler,Silver
5736,Laura Sanders,56,Female,Toronto,Platinum
5737,Christopher Castaneda,52,Male,Calgary,Basic
5738,Jody Pollard,28,Female,Vancouver,Basic
5739,Jacob Love,35,Male,Vancouver,Basic
5740,Derek Cruz DVM,51,Male,Montreal,Basic
5741,Zachary Mckay,69,Male,Banff,Basic
5742,Kevin Wright,61,Male,Toronto,Basic
5743,Todd Velasquez,28,Male,Toronto,Basic
5744,Eugene Parker,64,Male,Banff,Basic
5745,Anthony Knight,18,Male,Quebec City,Basic
5746,Randy Perez,26,Male,Quebec City,Basic
5747,Miss Alicia Ferguson,23,Female,Quebec City,Platinum
5748,Bryan Bentley,60,Male,Quebec City,Basic
5749,Tamara Thomas,18,Female,Calgary,Basic
5750,Isabella Dunn,25,Female,Vancouver,Basic
5751,Timothy Campbell,54,Male,Halifax,Basic
5752,Jack Montes,75,Male,Victoria,Basic
5753,Steven Hamilton,54,Male,Montreal,Basic
5754,Rebecca Green,72,Female,Quebec City,Basic
5755,Marie Shelton,18,Female,Halifax,Basic
5756,Kathleen Day,45,Female,Whistler,Basic
5757,Matthew Cabrera,48,Male,Toronto,Basic
5758,Kendra Hogan,23,Female,Whistler,Gold
5759,Robert Walker,21,Male,Toronto,Silver
5760,Jodi Ray,40,Female,Toronto,Gold
5761,Fred Lopez,24,Male,Montreal,Basic
5762,Ashley Bartlett,64,Female,Toronto,Basic
5763,Anthony Hines,57,Male,Montreal,Basic
5764,Robin Cervantes,42,Female,Ottawa,Platinum
5765,Arthur Pennington,41,Male,Whistler,Silver
5766,Matthew Barrett,20,Male,Toronto,Basic
5767,Allison Hernandez,66,Female,Vancouver,Gold
5768,Cassandra Anderson,35,Female,Toronto,Basic
5769,Francisco Bates,43,Male,Vancouver,Basic
5770,Bryan Johnson,22,Male,Vancouver,Basic
5771,Tracy Schwartz,42,Female,Montreal,Basic
5772,Tamara Hines,45,Female,Calgary,Basic
5773,Lori Miller,36,Female,Vancouver,Silver
5774,Susan Gonzalez MD,20,Female,Montreal,Basic
5775,Heather Moore,20,Female,Quebec City,Basic
5776,Casey Le,23,Female,Toronto,Silver
5777,Cody Barber,21,Male,Halifax,Basic
5778,Rachel Cooper,18,Female,Toronto,Basic
5779,Vincent Bell,37,Male,Halifax,Basic
5780,Matthew Lewis,24,Male,Vancouver,Basic
5781,Christopher Bowman,41,Male,Kelowna,Basic
5782,Jessica Lyons,53,Female,Banff,Basic
5783,Joseph Franklin,47,Male,Niagara Falls,Basic
5784,Jack Wells,19,Male,Toronto,Silver
5785,Stephanie Decker,42,Female,Montreal,Basic
5786,Darin Perez,23,Male,Toronto,Basic
5787,Jordan Stanton,20,Male,Victoria,Basic
5788,Brandon Williams,74,Male,Niagara Falls,Silver
5789,Amber Lopez DDS,45,Female,Vancouver,VIP
5790,Bryan Wagner,34,Male,Montreal,Basic
5791,Scott James,27,Male,Mont-Tremblant,Basic
5792,John Moore,44,Male,Victoria,Basic
5793,Matthew Farley,34,Male,Quebec City,Gold
5794,Courtney Estes DDS,44,Female,Whistler,Basic
5795,Catherine Davis,27,Female,Vancouver,Basic
5796,Melvin Wilkinson,54,Male,Edmonton,Basic
5797,Michael Baker,36,Male,Vancouver,Silver
5798,Richard Mendoza,47,Male,Quebec City,Basic
5799,Paul Anderson,49,Male,Montreal,Basic
5800,Wayne Robinson,22,Male,Whistler,Platinum
5801,Christian Farley,24,Male,Toronto,Basic
5802,Jordan Walters,62,Male,Vancouver,Basic
5803,Dorothy Osborn,42,Female,Vancouver,Basic
5804,Wanda Hodge,21,Female,Toronto,Basic
5805,Mitchell Ortega,32,Male,Ottawa,Platinum
5806,Scott White,75,Male,Toronto,Basic
5807,Jared Bennett,54,Male,Winnipeg,Basic
5808,Luke Kaiser,54,Male,Toronto,Basic
5809,Matthew Mccullough,23,Male,Toronto,Basic
5810,Stephanie Tyler,44,Female,Quebec City,Basic
5811,Robert Jones,27,Male,Whistler,VIP
5812,Joseph Nelson,21,Male,Calgary,Basic
5813,John Garcia,48,Male,Vancouver,Gold
5814,John Stewart,23,Male,Winnipeg,Basic
5815,Travis Barton,34,Male,Mont-Tremblant,Platinum
5816,Erica Smith,50,Female,Vancouver,Silver
5817,Daniel Cruz,33,Male,Vancouver,VIP
5818,Anthony Mueller,41,Male,Niagara Falls,Basic
5819,Crystal Clayton,53,Female,Quebec City,Basic
5820,Holly Brown,29,Female,Vancouver,Gold
5821,Richard Williams,38,Male,Quebec City,Platinum
5822,Laura Lloyd,25,Female,Quebec City,Silver
5823,Matthew Richardson,37,Male,Montreal,Basic
5824,Nathan Jones,18,Male,Toronto,VIP
5825,Thomas Peterson,73,Male,Toronto,Platinum
5826,Alice Mahoney,58,Female,Victoria,VIP
5827,Nathan Vargas,20,Male,Toronto,Basic
5828,Erica Payne,54,Female,Toronto,Basic
5829,Cody Woods,43,Male,Montreal,Basic
5830,Chad King,19,Male,Vancouver,Basic
5831,Christopher Smith,44,Male,Toronto,Silver
5832,Matthew Davis,56,Male,Quebec City,Basic
5833,Ann Parker,53,Female,Montreal,Basic
5834,Kenneth Walton,75,Male,Montreal,Silver
5835,Theresa Powell,23,Female,Montreal,Basic
5836,Maria Sullivan,35,Female,Vancouver,Basic
5837,Kelly Lewis,23,Female,Quebec City,Basic
5838,Katherine Webb,37,Female,Banff,Basic
5839,Lance Townsend,67,Male,Ottawa,Gold
5840,Marissa Leonard,57,Female,Vancouver,Basic
5841,Tyler Dominguez,43,Male,Mont-Tremblant,Basic
5842,Mr. John Stephens,20,Male,Toronto,Basic
5843,Ryan Boyle,57,Male,Vancouver,Basic
5844,Michael Mccullough,63,Male,Halifax,Basic
5845,Eric Wilson,70,Male,Quebec City,Basic
5846,Randy Murphy,52,Male,Montreal,Basic
5847,Tiffany Powers,25,Female,Ottawa,Basic
5848,Mark White,59,Male,Whistler,Basic
5849,Amber Martinez,56,Female,Ottawa,Silver
5850,Ryan Hampton,74,Male,Ottawa,Gold
5851,Jamie Kaiser,46,Female,Toronto,Basic
5852,Jesus Dorsey,25,Male,Quebec City,Basic
5853,Michael Smith,58,Male,Vancouver,Basic
5854,Justin Foster,30,Male,Toronto,Gold
5855,Maurice Graham,18,Male,Toronto,Basic
5856,Laura Watkins,20,Female,Vancouver,Basic
5857,Stephen Davis,39,Male,Toronto,VIP
5858,Janice Bailey,36,Female,Vancouver,Basic
5859,Andrew Hodge,50,Male,Toronto,Basic
5860,Jason Gomez,51,Male,Vancouver,Basic
5861,Julie Johnson,35,Female,Montreal,Basic
5862,Vanessa Cunningham,75,Female,Halifax,Basic
5863,Victor Alexander,27,Male,Toronto,Basic
5864,Mark Santos,64,Male,Winnipeg,Silver
5865,Michael Walker,54,Male,Vancouver,Basic
5866,Michael Watkins,58,Male,Toronto,Basic
5867,Cassidy Bailey,21,Female,Montreal,Basic
5868,Christopher Gutierrez,61,Male,Quebec City,Platinum
5869,Elizabeth Archer,68,Female,Niagara Falls,Silver
5870,Lisa Hendricks,43,Female,Vancouver,Basic
5871,Kristin Hudson,22,Female,Whistler,Basic
5872,Jennifer Livingston,51,Female,Vancouver,Silver
5873,Jessica Evans,27,Female,Vancouver,Basic
5874,Deborah Santana,33,Female,Toronto,Basic
5875,Nichole Parker,28,Female,Ottawa,Basic
5876,Benjamin Mosley,29,Male,Montreal,Basic
5877,James Reilly,58,Male,Toronto,Basic
5878,Paul Sanchez,72,Male,Banff,Basic
5879,Scott Hill,24,Male,Kelowna,Basic
5880,Courtney Ibarra,59,Female,Calgary,Gold
5881,Dennis Fox,22,Male,Toronto,Basic
5882,Mary Hoffman,30,Female,Toronto,Silver
5883,Anthony Murphy,59,Male,Montreal,Basic
5884,Larry Woods,31,Male,Quebec City,Platinum
5885,Virginia Caldwell,40,Female,Kelowna,Basic
5886,Patricia Boyd,27,Female,Vancouver,Gold
5887,Debra Wright,67,Female,Vancouver,Basic
5888,Aimee Shannon,19,Female,Kelowna,Basic
5889,Betty Vazquez,72,Female,Montreal,Basic
5890,John Williams,73,Male,Toronto,Basic
5891,Stephanie Stone,30,Female,Toronto,Basic
5892,Lorraine Mueller,52,Female,Vancouver,Basic
5893,John Richards,20,Male,Mont-Tremblant,Basic
5894,Beth Sanchez,59,Female,Montreal,Silver
5895,Donald Reynolds,42,Male,Toronto,Basic
5896,Timothy Hernandez,44,Male,Quebec City,Basic
5897,Keith Morrow,66,Male,Montreal,Gold
5898,Omar Kelly,26,Male,Ottawa,Basic
5899,Brian Gross,57,Male,Montreal,Platinum
5900,Scott Lin,30,Male,Vancouver,Platinum
5901,Kurt Lee,43,Male,Toronto,Basic
5902,Lori Franco,24,Female,Vancouver,VIP
5903,Ms. Jessica Drake,58,Female,Niagara Falls,Basic
5904,Lisa Blackburn,40,Female,Vancouver,Basic
5905,Heather Evans,27,Female,Vancouver,VIP
5906,Garrett Hughes,31,Male,Montreal,Basic
5907,Daniel Weaver,20,Male,Quebec City,Basic
5908,Stacey Phillips,69,Female,Halifax,Basic
5909,Ronald Moore,44,Male,Quebec City,Gold
5910,Brandy Hodge,47,Female,Quebec City,Platinum
5911,Jim White,53,Male,Ottawa,Basic
5912,Mary Smith,23,Female,Banff,Silver
5913,Jerry Riley,19,Male,Toronto,Basic
5914,Melissa Owen,25,Female,Vancouver,VIP
5915,Roberto Guerra,58,Male,Vancouver,VIP
5916,Rebecca Hinton,40,Female,Vancouver,Basic
5917,Michael Prince,24,Male,Toronto,Basic
5918,Diana Mullins,40,Female,Vancouver,Silver
5919,Brittany Ballard,31,Female,Toronto,Basic
5920,Mary Freeman,20,Female,Montreal,Basic
5921,Austin Baker,43,Male,Vancouver,Basic
5922,Elizabeth Skinner MD,36,Female,Victoria,Gold
5923,Rebecca Davenport,49,Female,Toronto,Basic
5924,Christopher Briggs,55,Male,Montreal,VIP
5925,Diana Myers,51,Female,Mont-Tremblant,VIP
5926,Nicole Blair,20,Female,Montreal,Basic
5927,Olivia Gonzalez,51,Female,Quebec City,Basic
5928,Xavier Hanson,54,Male,Montreal,Basic
5929,Chad Taylor,66,Male,Quebec City,Basic
5930,William Lewis,46,Male,Ottawa,Basic
5931,Crystal Robinson,21,Female,Montreal,Basic
5932,John Jones,51,Male,Toronto,Basic
5933,Meagan Patterson,39,Female,Vancouver,Gold
5934,Timothy Smith,52,Male,Toronto,Basic
5935,Charles Mendoza,49,Male,Ottawa,Silver
5936,Paul Edwards,65,Male,Victoria,Basic
5937,Anthony Ramirez,52,Male,Montreal,Platinum
5938,Amy David,19,Female,Vancouver,Basic
5939,David Perkins,24,Male,Ottawa,Basic
5940,Robert Jackson,34,Male,Kelowna,Silver
5941,Devin Hardin,55,Male,Calgary,Silver
5942,Amber Fernandez,63,Female,Quebec City,Basic
5943,Theresa Marsh,22,Female,Ottawa,Basic
5944,Rebecca Lowery,41,Female,Toronto,Platinum
5945,Jordan Martin,39,Female,Toronto,Silver
5946,Robert Carter,74,Male,Toronto,Basic
5947,Anthony Olsen,35,Male,Toronto,Basic
5948,Sydney Green,56,Female,Kelowna,Silver
5949,Joel Parsons,19,Male,Quebec City,Basic
5950,Thomas May,32,Male,Quebec City,Basic
5951,Frank Green,30,Male,Winnipeg,Basic
5952,Richard Burke,75,Male,Vancouver,Basic
5953,Tammy Williams,19,Female,Toronto,Silver
5954,Joshua Herrera,67,Male,Winnipeg,Basic
5955,Christian Byrd,38,Male,Victoria,Basic
5956,Gerald Brennan,29,Male,Montreal,Basic
5957,Christopher George,39,Male,Montreal,Basic
5958,Kevin Watts,44,Male,Toronto,Basic
5959,Peter Campbell,24,Male,Vancouver,Basic
5960,Katie Stevenson,42,Female,Whistler,Basic
5961,Karla Burton,46,Female,Edmonton,Basic
5962,Patricia Jones,20,Female,Vancouver,VIP
5963,Beverly Miller,24,Female,Toronto,Basic
5964,Joseph Church,18,Male,Quebec City,Basic
5965,Melissa Haas,57,Female,Toronto,Basic
5966,Renee Newton,18,Female,Toronto,Basic
5967,Sydney Daugherty,21,Female,Montreal,Platinum
5968,Scott Roy,52,Male,Quebec City,Silver
5969,Melissa Yates,52,Female,Banff,Basic
5970,Linda Gomez,19,Female,Quebec City,Basic
5971,Manuel King,33,Male,Toronto,Platinum
5972,Kyle Moss,53,Male,Calgary,Silver
5973,Brian Garcia,27,Male,Calgary,Basic
5974,Taylor Dougherty,54,Male,Toronto,Basic
5975,David Grant,46,Male,Ottawa,Basic
5976,Alex Vincent,43,Male,Calgary,VIP
5977,Brian Thompson,67,Male,Halifax,Gold
5978,Melinda Green,74,Female,Toronto,Basic
5979,James Rubio,60,Male,Quebec City,Basic
5980,Natalie Smith,45,Female,Montreal,Basic
5981,Craig Cherry,51,Male,Quebec City,Gold
5982,Jessica Stein,24,Female,Vancouver,Basic
5983,Jonathan Stone,69,Male,Toronto,Basic
5984,Lauren Rivera,25,Female,Montreal,Basic
5985,Alex Martin,60,Male,Toronto,Basic
5986,Lisa Gray,49,Female,Edmonton,Gold
5987,Gregory Salazar,68,Male,Vancouver,Basic
5988,Chelsey Maldonado,50,Female,Vancouver,Gold
5989,Marcus Mckee,44,Male,Toronto,Gold
5990,Madison Clark,34,Female,Vancouver,Basic
5991,Kyle Stewart,65,Male,Quebec City,Basic
5992,Cathy Morse,22,Female,Vancouver,Basic
5993,Robert Moore,54,Male,Calgary,Platinum
5994,Christian Barnes,63,Male,Ottawa,Basic
5995,Hannah Miller,19,Female,Banff,Basic
5996,Brandi Valdez,55,Female,Ottawa,Basic
5997,Timothy Hernandez,62,Male,Vancouver,Basic
5998,Benjamin Glass,23,Male,Toronto,Basic
5999,Patricia Robinson,27,Female,Montreal,Basic
6000,Evan Todd,53,Male,Montreal,Silver
