event_id,store_id,event_name,start_date,finish_date
1,1,Mega Sale,2019-01-05,2019-01-11
2,1,Inventory Liquidation Sale,2019-02-03,2019-02-09
3,1,Buy One Get One Free (BOGO) Event,2019-03-05,2019-03-08
4,1,Friends and Family Discount Days,2019-04-10,2019-04-17
5,1,Last Chance to Save,2019-05-03,2019-05-10
6,1,Last Chance to Save,2019-06-02,2019-06-07
7,1,Manager's Special,2019-07-04,2019-07-09
8,1,Midnight Madness,2019-08-06,2019-08-11
9,1,Flash Sale Frenzy,2019-09-06,2019-09-12
10,1,Flash Sale Frenzy,2019-10-09,2019-10-15
11,1,Seasonal Discount Event,2019-11-01,2019-11-07
12,1,Seasonal Discount Event,2019-12-09,2019-12-12
13,1,Midnight Madness,2020-01-09,2020-01-14
14,1,Seasonal Discount Event,2020-02-08,2020-02-13
15,1,Friends and Family Discount Days,2020-03-04,2020-03-09
16,1,Anniversary Sale,2020-04-08,2020-04-13
17,1,Last Chance to Save,2020-05-02,2020-05-09
18,1,Seasonal Discount Event,2020-06-06,2020-06-09
19,1,Customer Appreciation Week,2020-07-09,2020-07-13
20,1,Manager's Special,2020-08-05,2020-08-08
21,1,Customer Appreciation Week,2020-09-06,2020-09-11
22,1,Grand Opening Celebration,2020-10-06,2020-10-09
23,1,Flash Sale Frenzy,2020-11-01,2020-11-07
24,1,Last Chance to Save,2020-12-01,2020-12-07
25,1,Friends and Family Discount Days,2021-01-02,2021-01-09
26,1,Seasonal Discount Event,2021-02-06,2021-02-13
27,1,Inventory Liquidation Sale,2021-03-04,2021-03-10
28,1,Flash Sale Frenzy,2021-04-06,2021-04-10
29,1,Anniversary Sale,2021-05-04,2021-05-07
30,1,Customer Appreciation Week,2021-06-09,2021-06-14
31,1,Grand Opening Celebration,2021-07-05,2021-07-09
32,1,Last Chance to Save,2021-08-05,2021-08-10
33,1,Flash Sale Frenzy,2021-09-09,2021-09-12
34,1,Seasonal Discount Event,2021-10-06,2021-10-11
35,1,Manager's Special,2021-11-01,2021-11-04
36,1,Last Chance to Save,2021-12-03,2021-12-07
37,1,Friends and Family Discount Days,2022-01-10,2022-01-15
38,1,Anniversary Sale,2022-02-08,2022-02-15
39,1,Inventory Liquidation Sale,2022-03-04,2022-03-07
40,1,Customer Appreciation Week,2022-04-04,2022-04-11
41,1,Anniversary Sale,2022-05-01,2022-05-05
42,1,Buy One Get One Free (BOGO) Event,2022-06-04,2022-06-08
43,1,Seasonal Discount Event,2022-07-10,2022-07-14
44,1,Grand Opening Celebration,2022-08-03,2022-08-06
45,1,Customer Appreciation Week,2022-09-06,2022-09-11
46,1,Seasonal Discount Event,2022-10-06,2022-10-12
47,1,Flash Sale Frenzy,2022-11-09,2022-11-14
48,1,Last Chance to Save,2022-12-08,2022-12-13
49,1,Grand Opening Celebration,2023-01-06,2023-01-12
50,1,Mega Sale,2023-02-04,2023-02-08
51,1,Last Chance to Save,2023-03-04,2023-03-11
52,1,Last Chance to Save,2023-04-05,2023-04-09
53,1,Friends and Family Discount Days,2023-05-01,2023-05-08
54,1,Manager's Special,2023-06-06,2023-06-09
55,1,Mega Sale,2023-07-09,2023-07-16
56,1,Customer Appreciation Week,2023-08-08,2023-08-15
57,1,Inventory Liquidation Sale,2023-09-09,2023-09-13
58,1,Mega Sale,2023-10-01,2023-10-08
59,1,Customer Appreciation Week,2023-11-08,2023-11-12
60,1,Seasonal Discount Event,2023-12-09,2023-12-13
61,1,Last Chance to Save,2024-01-08,2024-01-15
62,1,Midnight Madness,2024-02-01,2024-02-04
63,1,Mega Sale,2024-03-10,2024-03-17
64,1,Grand Opening Celebration,2024-04-06,2024-04-13
65,1,Manager's Special,2024-05-09,2024-05-14
66,1,Grand Opening Celebration,2024-06-01,2024-06-07
67,1,Buy One Get One Free (BOGO) Event,2024-07-06,2024-07-12
68,1,Flash Sale Frenzy,2024-08-06,2024-08-12
69,1,Manager's Special,2024-09-08,2024-09-11
70,1,Midnight Madness,2024-10-03,2024-10-09
71,1,Friends and Family Discount Days,2024-11-09,2024-11-16
72,1,Inventory Liquidation Sale,2024-12-06,2024-12-13
73,2,Inventory Liquidation Sale,2019-01-06,2019-01-09
74,2,Last Chance to Save,2019-02-09,2019-02-12
75,2,Manager's Special,2019-03-03,2019-03-06
76,2,Inventory Liquidation Sale,2019-04-06,2019-04-10
77,2,Anniversary Sale,2019-05-05,2019-05-11
78,2,Last Chance to Save,2019-06-01,2019-06-07
79,2,Buy One Get One Free (BOGO) Event,2019-07-04,2019-07-11
80,2,Anniversary Sale,2019-08-07,2019-08-12
81,2,Mega Sale,2019-09-05,2019-09-11
82,2,Inventory Liquidation Sale,2019-10-04,2019-10-11
83,2,Flash Sale Frenzy,2019-11-01,2019-11-05
84,2,Buy One Get One Free (BOGO) Event,2019-12-05,2019-12-10
85,2,Anniversary Sale,2020-01-08,2020-01-12
86,2,Manager's Special,2020-02-02,2020-02-09
87,2,Inventory Liquidation Sale,2020-03-02,2020-03-09
88,2,Manager's Special,2020-04-10,2020-04-13
89,2,Friends and Family Discount Days,2020-05-02,2020-05-06
90,2,Anniversary Sale,2020-06-04,2020-06-10
91,2,Inventory Liquidation Sale,2020-07-03,2020-07-10
92,2,Manager's Special,2020-08-02,2020-08-08
93,2,Last Chance to Save,2020-09-05,2020-09-09
94,2,Grand Opening Celebration,2020-10-02,2020-10-08
95,2,Grand Opening Celebration,2020-11-07,2020-11-12
96,2,Inventory Liquidation Sale,2020-12-02,2020-12-05
97,2,Inventory Liquidation Sale,2021-01-10,2021-01-14
98,2,Customer Appreciation Week,2021-02-03,2021-02-09
99,2,Customer Appreciation Week,2021-03-07,2021-03-12
100,2,Flash Sale Frenzy,2021-04-01,2021-04-08
101,2,Midnight Madness,2021-05-02,2021-05-06
102,2,Anniversary Sale,2021-06-01,2021-06-04
103,2,Seasonal Discount Event,2021-07-07,2021-07-10
104,2,Manager's Special,2021-08-09,2021-08-13
105,2,Flash Sale Frenzy,2021-09-02,2021-09-07
106,2,Flash Sale Frenzy,2021-10-10,2021-10-13
107,2,Anniversary Sale,2021-11-08,2021-11-13
108,2,Friends and Family Discount Days,2021-12-07,2021-12-13
109,2,Seasonal Discount Event,2022-01-05,2022-01-09
110,2,Anniversary Sale,2022-02-09,2022-02-15
111,2,Anniversary Sale,2022-03-05,2022-03-09
112,2,Mega Sale,2022-04-04,2022-04-07
113,2,Grand Opening Celebration,2022-05-08,2022-05-12
114,2,Midnight Madness,2022-06-03,2022-06-08
115,2,Grand Opening Celebration,2022-07-05,2022-07-10
116,2,Inventory Liquidation Sale,2022-08-02,2022-08-05
117,2,Grand Opening Celebration,2022-09-01,2022-09-07
118,2,Anniversary Sale,2022-10-07,2022-10-13
119,2,Manager's Special,2022-11-04,2022-11-10
120,2,Inventory Liquidation Sale,2022-12-09,2022-12-16
121,2,Last Chance to Save,2023-01-03,2023-01-06
122,2,Buy One Get One Free (BOGO) Event,2023-02-02,2023-02-09
123,2,Friends and Family Discount Days,2023-03-01,2023-03-04
124,2,Inventory Liquidation Sale,2023-04-03,2023-04-10
125,2,Anniversary Sale,2023-05-09,2023-05-14
126,2,Inventory Liquidation Sale,2023-06-10,2023-06-17
127,2,Seasonal Discount Event,2023-07-01,2023-07-04
128,2,Manager's Special,2023-08-02,2023-08-08
129,2,Anniversary Sale,2023-09-06,2023-09-12
130,2,Buy One Get One Free (BOGO) Event,2023-10-08,2023-10-14
131,2,Seasonal Discount Event,2023-11-06,2023-11-13
132,2,Manager's Special,2023-12-06,2023-12-12
133,2,Customer Appreciation Week,2024-01-08,2024-01-15
134,2,Anniversary Sale,2024-02-04,2024-02-08
135,2,Grand Opening Celebration,2024-03-08,2024-03-13
136,2,Manager's Special,2024-04-10,2024-04-15
137,2,Inventory Liquidation Sale,2024-05-10,2024-05-13
138,2,Anniversary Sale,2024-06-10,2024-06-17
139,2,Seasonal Discount Event,2024-07-10,2024-07-17
140,2,Manager's Special,2024-08-04,2024-08-10
141,2,Mega Sale,2024-09-05,2024-09-12
142,2,Seasonal Discount Event,2024-10-07,2024-10-12
143,2,Flash Sale Frenzy,2024-11-04,2024-11-07
144,2,Mega Sale,2024-12-01,2024-12-06
145,3,Customer Appreciation Week,2019-01-04,2019-01-08
146,3,Buy One Get One Free (BOGO) Event,2019-02-04,2019-02-07
147,3,Buy One Get One Free (BOGO) Event,2019-03-10,2019-03-17
148,3,Flash Sale Frenzy,2019-04-01,2019-04-07
149,3,Anniversary Sale,2019-05-01,2019-05-04
150,3,Flash Sale Frenzy,2019-06-07,2019-06-13
151,3,Customer Appreciation Week,2019-07-06,2019-07-11
152,3,Inventory Liquidation Sale,2019-08-06,2019-08-10
153,3,Seasonal Discount Event,2019-09-10,2019-09-16
154,3,Buy One Get One Free (BOGO) Event,2019-10-02,2019-10-08
155,3,Midnight Madness,2019-11-09,2019-11-13
156,3,Customer Appreciation Week,2019-12-02,2019-12-05
157,3,Inventory Liquidation Sale,2020-01-03,2020-01-07
158,3,Anniversary Sale,2020-02-04,2020-02-09
159,3,Mega Sale,2020-03-03,2020-03-06
160,3,Inventory Liquidation Sale,2020-04-03,2020-04-09
161,3,Midnight Madness,2020-05-04,2020-05-07
162,3,Mega Sale,2020-06-01,2020-06-06
163,3,Mega Sale,2020-07-01,2020-07-08
164,3,Seasonal Discount Event,2020-08-09,2020-08-15
165,3,Seasonal Discount Event,2020-09-02,2020-09-05
166,3,Flash Sale Frenzy,2020-10-06,2020-10-13
167,3,Anniversary Sale,2020-11-05,2020-11-10
168,3,Seasonal Discount Event,2020-12-04,2020-12-07
169,3,Grand Opening Celebration,2021-01-06,2021-01-12
170,3,Inventory Liquidation Sale,2021-02-03,2021-02-06
171,3,Friends and Family Discount Days,2021-03-03,2021-03-09
172,3,Friends and Family Discount Days,2021-04-07,2021-04-14
173,3,Friends and Family Discount Days,2021-05-01,2021-05-08
174,3,Mega Sale,2021-06-02,2021-06-08
175,3,Grand Opening Celebration,2021-07-07,2021-07-11
176,3,Customer Appreciation Week,2021-08-03,2021-08-06
177,3,Customer Appreciation Week,2021-09-03,2021-09-09
178,3,Inventory Liquidation Sale,2021-10-04,2021-10-10
179,3,Friends and Family Discount Days,2021-11-02,2021-11-05
180,3,Inventory Liquidation Sale,2021-12-01,2021-12-07
181,3,Mega Sale,2022-01-07,2022-01-14
182,3,Manager's Special,2022-02-07,2022-02-12
183,3,Grand Opening Celebration,2022-03-05,2022-03-08
184,3,Buy One Get One Free (BOGO) Event,2022-04-08,2022-04-12
185,3,Customer Appreciation Week,2022-05-10,2022-05-15
186,3,Grand Opening Celebration,2022-06-09,2022-06-16
187,3,Customer Appreciation Week,2022-07-04,2022-07-10
188,3,Buy One Get One Free (BOGO) Event,2022-08-03,2022-08-08
189,3,Flash Sale Frenzy,2022-09-06,2022-09-12
190,3,Inventory Liquidation Sale,2022-10-07,2022-10-14
191,3,Last Chance to Save,2022-11-10,2022-11-16
192,3,Seasonal Discount Event,2022-12-08,2022-12-12
193,3,Manager's Special,2023-01-10,2023-01-15
194,3,Friends and Family Discount Days,2023-02-07,2023-02-13
195,3,Anniversary Sale,2023-03-04,2023-03-08
196,3,Manager's Special,2023-04-04,2023-04-10
197,3,Seasonal Discount Event,2023-05-01,2023-05-04
198,3,Buy One Get One Free (BOGO) Event,2023-06-01,2023-06-08
199,3,Customer Appreciation Week,2023-07-01,2023-07-07
200,3,Manager's Special,2023-08-02,2023-08-07
201,3,Manager's Special,2023-09-02,2023-09-09
202,3,Last Chance to Save,2023-10-07,2023-10-11
203,3,Flash Sale Frenzy,2023-11-04,2023-11-07
204,3,Manager's Special,2023-12-05,2023-12-11
205,3,Inventory Liquidation Sale,2024-01-03,2024-01-08
206,3,Seasonal Discount Event,2024-02-10,2024-02-16
207,3,Friends and Family Discount Days,2024-03-02,2024-03-07
208,3,Manager's Special,2024-04-10,2024-04-15
209,3,Manager's Special,2024-05-04,2024-05-08
210,3,Mega Sale,2024-06-05,2024-06-08
211,3,Grand Opening Celebration,2024-07-03,2024-07-10
212,3,Manager's Special,2024-08-01,2024-08-07
213,3,Flash Sale Frenzy,2024-09-09,2024-09-16
214,3,Friends and Family Discount Days,2024-10-06,2024-10-12
215,3,Grand Opening Celebration,2024-11-01,2024-11-05
216,3,Anniversary Sale,2024-12-10,2024-12-17
217,4,Anniversary Sale,2019-01-06,2019-01-09
218,4,Manager's Special,2019-02-09,2019-02-13
219,4,Buy One Get One Free (BOGO) Event,2019-03-04,2019-03-09
220,4,Last Chance to Save,2019-04-04,2019-04-10
221,4,Midnight Madness,2019-05-06,2019-05-12
222,4,Mega Sale,2019-06-01,2019-06-08
223,4,Inventory Liquidation Sale,2019-07-08,2019-07-15
224,4,Manager's Special,2019-08-04,2019-08-09
225,4,Inventory Liquidation Sale,2019-09-03,2019-09-08
226,4,Seasonal Discount Event,2019-10-05,2019-10-08
227,4,Seasonal Discount Event,2019-11-07,2019-11-13
228,4,Grand Opening Celebration,2019-12-03,2019-12-06
229,4,Mega Sale,2020-01-08,2020-01-13
230,4,Midnight Madness,2020-02-01,2020-02-08
231,4,Grand Opening Celebration,2020-03-05,2020-03-11
232,4,Buy One Get One Free (BOGO) Event,2020-04-03,2020-04-10
233,4,Manager's Special,2020-05-04,2020-05-08
234,4,Grand Opening Celebration,2020-06-09,2020-06-13
235,4,Seasonal Discount Event,2020-07-05,2020-07-12
236,4,Inventory Liquidation Sale,2020-08-01,2020-08-08
237,4,Seasonal Discount Event,2020-09-03,2020-09-10
238,4,Customer Appreciation Week,2020-10-02,2020-10-08
239,4,Manager's Special,2020-11-03,2020-11-10
240,4,Seasonal Discount Event,2020-12-10,2020-12-13
241,4,Mega Sale,2021-01-05,2021-01-10
242,4,Buy One Get One Free (BOGO) Event,2021-02-09,2021-02-13
243,4,Grand Opening Celebration,2021-03-03,2021-03-09
244,4,Inventory Liquidation Sale,2021-04-04,2021-04-08
245,4,Friends and Family Discount Days,2021-05-03,2021-05-08
246,4,Mega Sale,2021-06-02,2021-06-06
247,4,Manager's Special,2021-07-09,2021-07-15
248,4,Grand Opening Celebration,2021-08-07,2021-08-11
249,4,Buy One Get One Free (BOGO) Event,2021-09-01,2021-09-06
250,4,Friends and Family Discount Days,2021-10-10,2021-10-16
251,4,Seasonal Discount Event,2021-11-05,2021-11-10
252,4,Inventory Liquidation Sale,2021-12-07,2021-12-12
253,4,Seasonal Discount Event,2022-01-03,2022-01-07
254,4,Buy One Get One Free (BOGO) Event,2022-02-07,2022-02-14
255,4,Grand Opening Celebration,2022-03-09,2022-03-14
256,4,Friends and Family Discount Days,2022-04-07,2022-04-14
257,4,Flash Sale Frenzy,2022-05-02,2022-05-08
258,4,Customer Appreciation Week,2022-06-02,2022-06-08
259,4,Friends and Family Discount Days,2022-07-04,2022-07-09
260,4,Seasonal Discount Event,2022-08-03,2022-08-10
261,4,Buy One Get One Free (BOGO) Event,2022-09-06,2022-09-11
262,4,Manager's Special,2022-10-08,2022-10-11
263,4,Seasonal Discount Event,2022-11-06,2022-11-09
264,4,Manager's Special,2022-12-01,2022-12-06
265,4,Inventory Liquidation Sale,2023-01-05,2023-01-10
266,4,Seasonal Discount Event,2023-02-09,2023-02-12
267,4,Inventory Liquidation Sale,2023-03-07,2023-03-13
268,4,Buy One Get One Free (BOGO) Event,2023-04-09,2023-04-15
269,4,Mega Sale,2023-05-05,2023-05-08
270,4,Midnight Madness,2023-06-09,2023-06-13
271,4,Friends and Family Discount Days,2023-07-03,2023-07-09
272,4,Grand Opening Celebration,2023-08-01,2023-08-07
273,4,Mega Sale,2023-09-04,2023-09-08
274,4,Customer Appreciation Week,2023-10-10,2023-10-15
275,4,Mega Sale,2023-11-03,2023-11-07
276,4,Buy One Get One Free (BOGO) Event,2023-12-06,2023-12-10
277,4,Buy One Get One Free (BOGO) Event,2024-01-09,2024-01-16
278,4,Friends and Family Discount Days,2024-02-07,2024-02-10
279,4,Manager's Special,2024-03-04,2024-03-09
280,4,Midnight Madness,2024-04-05,2024-04-08
281,4,Inventory Liquidation Sale,2024-05-07,2024-05-12
282,4,Buy One Get One Free (BOGO) Event,2024-06-07,2024-06-10
283,4,Buy One Get One Free (BOGO) Event,2024-07-02,2024-07-05
284,4,Manager's Special,2024-08-10,2024-08-13
285,4,Anniversary Sale,2024-09-02,2024-09-07
286,4,Manager's Special,2024-10-08,2024-10-12
287,4,Last Chance to Save,2024-11-02,2024-11-06
288,4,Last Chance to Save,2024-12-09,2024-12-13
289,5,Customer Appreciation Week,2019-01-09,2019-01-14
290,5,Buy One Get One Free (BOGO) Event,2019-02-09,2019-02-12
291,5,Manager's Special,2019-03-02,2019-03-06
292,5,Inventory Liquidation Sale,2019-04-08,2019-04-11
293,5,Flash Sale Frenzy,2019-05-08,2019-05-14
294,5,Seasonal Discount Event,2019-06-02,2019-06-07
295,5,Grand Opening Celebration,2019-07-09,2019-07-14
296,5,Midnight Madness,2019-08-10,2019-08-13
297,5,Last Chance to Save,2019-09-02,2019-09-08
298,5,Buy One Get One Free (BOGO) Event,2019-10-05,2019-10-11
299,5,Last Chance to Save,2019-11-05,2019-11-08
300,5,Mega Sale,2019-12-01,2019-12-05
301,5,Anniversary Sale,2020-01-09,2020-01-16
302,5,Seasonal Discount Event,2020-02-03,2020-02-07
303,5,Last Chance to Save,2020-03-01,2020-03-07
304,5,Buy One Get One Free (BOGO) Event,2020-04-02,2020-04-09
305,5,Last Chance to Save,2020-05-07,2020-05-12
306,5,Mega Sale,2020-06-05,2020-06-08
307,5,Flash Sale Frenzy,2020-07-10,2020-07-14
308,5,Inventory Liquidation Sale,2020-08-07,2020-08-12
309,5,Customer Appreciation Week,2020-09-03,2020-09-09
310,5,Manager's Special,2020-10-06,2020-10-13
311,5,Inventory Liquidation Sale,2020-11-03,2020-11-10
312,5,Anniversary Sale,2020-12-03,2020-12-07
313,5,Mega Sale,2021-01-07,2021-01-12
314,5,Grand Opening Celebration,2021-02-03,2021-02-09
315,5,Anniversary Sale,2021-03-01,2021-03-08
316,5,Anniversary Sale,2021-04-06,2021-04-13
317,5,Mega Sale,2021-05-01,2021-05-04
318,5,Mega Sale,2021-06-09,2021-06-16
319,5,Anniversary Sale,2021-07-01,2021-07-05
320,5,Anniversary Sale,2021-08-01,2021-08-06
321,5,Midnight Madness,2021-09-08,2021-09-15
322,5,Flash Sale Frenzy,2021-10-09,2021-10-15
323,5,Mega Sale,2021-11-08,2021-11-12
324,5,Seasonal Discount Event,2021-12-03,2021-12-06
325,5,Midnight Madness,2022-01-01,2022-01-07
326,5,Friends and Family Discount Days,2022-02-01,2022-02-08
327,5,Friends and Family Discount Days,2022-03-07,2022-03-14
328,5,Seasonal Discount Event,2022-04-03,2022-04-07
329,5,Midnight Madness,2022-05-10,2022-05-16
330,5,Grand Opening Celebration,2022-06-07,2022-06-11
331,5,Friends and Family Discount Days,2022-07-06,2022-07-11
332,5,Friends and Family Discount Days,2022-08-06,2022-08-09
333,5,Last Chance to Save,2022-09-09,2022-09-12
334,5,Inventory Liquidation Sale,2022-10-01,2022-10-05
335,5,Inventory Liquidation Sale,2022-11-03,2022-11-10
336,5,Manager's Special,2022-12-03,2022-12-10
337,5,Buy One Get One Free (BOGO) Event,2023-01-03,2023-01-10
338,5,Grand Opening Celebration,2023-02-04,2023-02-09
339,5,Mega Sale,2023-03-04,2023-03-09
340,5,Last Chance to Save,2023-04-03,2023-04-09
341,5,Midnight Madness,2023-05-09,2023-05-16
342,5,Manager's Special,2023-06-09,2023-06-15
343,5,Manager's Special,2023-07-05,2023-07-12
344,5,Customer Appreciation Week,2023-08-06,2023-08-13
345,5,Friends and Family Discount Days,2023-09-01,2023-09-08
346,5,Flash Sale Frenzy,2023-10-04,2023-10-08
347,5,Customer Appreciation Week,2023-11-06,2023-11-13
348,5,Mega Sale,2023-12-06,2023-12-12
349,5,Flash Sale Frenzy,2024-01-09,2024-01-13
350,5,Buy One Get One Free (BOGO) Event,2024-02-07,2024-02-11
351,5,Manager's Special,2024-03-09,2024-03-16
352,5,Friends and Family Discount Days,2024-04-07,2024-04-10
353,5,Manager's Special,2024-05-10,2024-05-13
354,5,Customer Appreciation Week,2024-06-06,2024-06-13
355,5,Inventory Liquidation Sale,2024-07-06,2024-07-10
356,5,Anniversary Sale,2024-08-03,2024-08-10
357,5,Grand Opening Celebration,2024-09-02,2024-09-07
358,5,Seasonal Discount Event,2024-10-10,2024-10-17
359,5,Manager's Special,2024-11-01,2024-11-08
360,5,Buy One Get One Free (BOGO) Event,2024-12-02,2024-12-08
361,6,Inventory Liquidation Sale,2019-01-10,2019-01-15
362,6,Manager's Special,2019-02-03,2019-02-06
363,6,Flash Sale Frenzy,2019-03-08,2019-03-15
364,6,Mega Sale,2019-04-10,2019-04-13
365,6,Buy One Get One Free (BOGO) Event,2019-05-06,2019-05-11
366,6,Mega Sale,2019-06-02,2019-06-05
367,6,Mega Sale,2019-07-10,2019-07-13
368,6,Inventory Liquidation Sale,2019-08-03,2019-08-10
369,6,Buy One Get One Free (BOGO) Event,2019-09-06,2019-09-13
370,6,Buy One Get One Free (BOGO) Event,2019-10-09,2019-10-15
371,6,Buy One Get One Free (BOGO) Event,2019-11-10,2019-11-15
372,6,Anniversary Sale,2019-12-01,2019-12-08
373,6,Flash Sale Frenzy,2020-01-07,2020-01-11
374,6,Mega Sale,2020-02-09,2020-02-15
375,6,Customer Appreciation Week,2020-03-09,2020-03-12
376,6,Inventory Liquidation Sale,2020-04-03,2020-04-06
377,6,Anniversary Sale,2020-05-09,2020-05-12
378,6,Customer Appreciation Week,2020-06-08,2020-06-11
379,6,Friends and Family Discount Days,2020-07-10,2020-07-16
380,6,Buy One Get One Free (BOGO) Event,2020-08-04,2020-08-09
381,6,Inventory Liquidation Sale,2020-09-06,2020-09-10
382,6,Manager's Special,2020-10-10,2020-10-14
383,6,Customer Appreciation Week,2020-11-06,2020-11-11
384,6,Manager's Special,2020-12-07,2020-12-14
385,6,Anniversary Sale,2021-01-09,2021-01-14
386,6,Grand Opening Celebration,2021-02-10,2021-02-13
387,6,Anniversary Sale,2021-03-02,2021-03-07
388,6,Seasonal Discount Event,2021-04-09,2021-04-12
389,6,Flash Sale Frenzy,2021-05-04,2021-05-10
390,6,Flash Sale Frenzy,2021-06-05,2021-06-09
391,6,Buy One Get One Free (BOGO) Event,2021-07-10,2021-07-15
392,6,Inventory Liquidation Sale,2021-08-01,2021-08-04
393,6,Flash Sale Frenzy,2021-09-06,2021-09-09
394,6,Last Chance to Save,2021-10-01,2021-10-07
395,6,Manager's Special,2021-11-08,2021-11-12
396,6,Buy One Get One Free (BOGO) Event,2021-12-05,2021-12-11
397,6,Anniversary Sale,2022-01-10,2022-01-15
398,6,Inventory Liquidation Sale,2022-02-08,2022-02-12
399,6,Buy One Get One Free (BOGO) Event,2022-03-09,2022-03-15
400,6,Inventory Liquidation Sale,2022-04-05,2022-04-11
401,6,Grand Opening Celebration,2022-05-04,2022-05-07
402,6,Manager's Special,2022-06-09,2022-06-13
403,6,Customer Appreciation Week,2022-07-08,2022-07-12
404,6,Manager's Special,2022-08-09,2022-08-16
405,6,Anniversary Sale,2022-09-10,2022-09-13
406,6,Manager's Special,2022-10-01,2022-10-04
407,6,Seasonal Discount Event,2022-11-07,2022-11-11
408,6,Buy One Get One Free (BOGO) Event,2022-12-08,2022-12-13
409,6,Manager's Special,2023-01-02,2023-01-09
410,6,Anniversary Sale,2023-02-05,2023-02-09
411,6,Anniversary Sale,2023-03-03,2023-03-07
412,6,Midnight Madness,2023-04-01,2023-04-06
413,6,Last Chance to Save,2023-05-08,2023-05-13
414,6,Inventory Liquidation Sale,2023-06-04,2023-06-08
415,6,Grand Opening Celebration,2023-07-09,2023-07-13
416,6,Mega Sale,2023-08-08,2023-08-14
417,6,Customer Appreciation Week,2023-09-08,2023-09-13
418,6,Seasonal Discount Event,2023-10-06,2023-10-11
419,6,Flash Sale Frenzy,2023-11-06,2023-11-13
420,6,Grand Opening Celebration,2023-12-09,2023-12-14
421,6,Grand Opening Celebration,2024-01-09,2024-01-14
422,6,Anniversary Sale,2024-02-07,2024-02-13
423,6,Buy One Get One Free (BOGO) Event,2024-03-09,2024-03-15
424,6,Mega Sale,2024-04-03,2024-04-09
425,6,Buy One Get One Free (BOGO) Event,2024-05-09,2024-05-15
426,6,Friends and Family Discount Days,2024-06-04,2024-06-07
427,6,Anniversary Sale,2024-07-01,2024-07-05
428,6,Customer Appreciation Week,2024-08-06,2024-08-11
429,6,Grand Opening Celebration,2024-09-05,2024-09-10
430,6,Midnight Madness,2024-10-04,2024-10-09
431,6,Inventory Liquidation Sale,2024-11-10,2024-11-17
432,6,Customer Appreciation Week,2024-12-03,2024-12-10
433,7,Buy One Get One Free (BOGO) Event,2019-01-09,2019-01-14
434,7,Buy One Get One Free (BOGO) Event,2019-02-08,2019-02-11
435,7,Buy One Get One Free (BOGO) Event,2019-03-02,2019-03-07
436,7,Customer Appreciation Week,2019-04-01,2019-04-06
437,7,Manager's Special,2019-05-07,2019-05-11
438,7,Midnight Madness,2019-06-08,2019-06-11
439,7,Grand Opening Celebration,2019-07-10,2019-07-15
440,7,Manager's Special,2019-08-02,2019-08-05
441,7,Mega Sale,2019-09-02,2019-09-09
442,7,Grand Opening Celebration,2019-10-02,2019-10-06
443,7,Mega Sale,2019-11-08,2019-11-13
444,7,Manager's Special,2019-12-10,2019-12-15
445,7,Customer Appreciation Week,2020-01-10,2020-01-15
446,7,Flash Sale Frenzy,2020-02-03,2020-02-10
447,7,Mega Sale,2020-03-02,2020-03-06
448,7,Midnight Madness,2020-04-03,2020-04-08
449,7,Friends and Family Discount Days,2020-05-10,2020-05-17
450,7,Inventory Liquidation Sale,2020-06-08,2020-06-11
451,7,Friends and Family Discount Days,2020-07-09,2020-07-12
452,7,Friends and Family Discount Days,2020-08-07,2020-08-13
453,7,Seasonal Discount Event,2020-09-08,2020-09-13
454,7,Midnight Madness,2020-10-07,2020-10-10
455,7,Buy One Get One Free (BOGO) Event,2020-11-09,2020-11-16
456,7,Anniversary Sale,2020-12-10,2020-12-17
457,7,Customer Appreciation Week,2021-01-10,2021-01-14
458,7,Inventory Liquidation Sale,2021-02-02,2021-02-07
459,7,Midnight Madness,2021-03-07,2021-03-14
460,7,Buy One Get One Free (BOGO) Event,2021-04-08,2021-04-13
461,7,Last Chance to Save,2021-05-04,2021-05-09
462,7,Inventory Liquidation Sale,2021-06-07,2021-06-14
463,7,Mega Sale,2021-07-10,2021-07-14
464,7,Seasonal Discount Event,2021-08-09,2021-08-15
465,7,Friends and Family Discount Days,2021-09-07,2021-09-10
466,7,Seasonal Discount Event,2021-10-09,2021-10-15
467,7,Inventory Liquidation Sale,2021-11-07,2021-11-12
468,7,Seasonal Discount Event,2021-12-06,2021-12-13
469,7,Manager's Special,2022-01-01,2022-01-08
470,7,Buy One Get One Free (BOGO) Event,2022-02-04,2022-02-07
471,7,Last Chance to Save,2022-03-07,2022-03-12
472,7,Flash Sale Frenzy,2022-04-02,2022-04-08
473,7,Last Chance to Save,2022-05-01,2022-05-04
474,7,Customer Appreciation Week,2022-06-04,2022-06-07
475,7,Flash Sale Frenzy,2022-07-07,2022-07-10
476,7,Customer Appreciation Week,2022-08-06,2022-08-12
477,7,Buy One Get One Free (BOGO) Event,2022-09-01,2022-09-05
478,7,Manager's Special,2022-10-09,2022-10-14
479,7,Customer Appreciation Week,2022-11-10,2022-11-15
480,7,Mega Sale,2022-12-08,2022-12-14
481,7,Last Chance to Save,2023-01-06,2023-01-11
482,7,Last Chance to Save,2023-02-02,2023-02-06
483,7,Grand Opening Celebration,2023-03-09,2023-03-12
484,7,Midnight Madness,2023-04-01,2023-04-07
485,7,Mega Sale,2023-05-04,2023-05-10
486,7,Midnight Madness,2023-06-02,2023-06-09
487,7,Seasonal Discount Event,2023-07-04,2023-07-09
488,7,Last Chance to Save,2023-08-05,2023-08-08
489,7,Flash Sale Frenzy,2023-09-04,2023-09-09
490,7,Customer Appreciation Week,2023-10-10,2023-10-14
491,7,Midnight Madness,2023-11-03,2023-11-08
492,7,Seasonal Discount Event,2023-12-09,2023-12-12
493,7,Seasonal Discount Event,2024-01-03,2024-01-08
494,7,Customer Appreciation Week,2024-02-06,2024-02-12
495,7,Friends and Family Discount Days,2024-03-02,2024-03-08
496,7,Flash Sale Frenzy,2024-04-08,2024-04-13
497,7,Midnight Madness,2024-05-06,2024-05-09
498,7,Buy One Get One Free (BOGO) Event,2024-06-10,2024-06-14
499,7,Mega Sale,2024-07-07,2024-07-11
500,7,Flash Sale Frenzy,2024-08-08,2024-08-11
501,7,Flash Sale Frenzy,2024-09-04,2024-09-07
502,7,Inventory Liquidation Sale,2024-10-05,2024-10-08
503,7,Flash Sale Frenzy,2024-11-09,2024-11-12
504,7,Anniversary Sale,2024-12-07,2024-12-10
505,8,Manager's Special,2019-01-08,2019-01-14
506,8,Midnight Madness,2019-02-05,2019-02-10
507,8,Midnight Madness,2019-03-04,2019-03-09
508,8,Manager's Special,2019-04-07,2019-04-10
509,8,Flash Sale Frenzy,2019-05-07,2019-05-11
510,8,Midnight Madness,2019-06-06,2019-06-12
511,8,Buy One Get One Free (BOGO) Event,2019-07-02,2019-07-08
512,8,Manager's Special,2019-08-03,2019-08-10
513,8,Mega Sale,2019-09-08,2019-09-11
514,8,Flash Sale Frenzy,2019-10-06,2019-10-10
515,8,Friends and Family Discount Days,2019-11-06,2019-11-09
516,8,Buy One Get One Free (BOGO) Event,2019-12-04,2019-12-09
517,8,Friends and Family Discount Days,2020-01-08,2020-01-12
518,8,Manager's Special,2020-02-04,2020-02-10
519,8,Mega Sale,2020-03-06,2020-03-09
520,8,Buy One Get One Free (BOGO) Event,2020-04-05,2020-04-12
521,8,Customer Appreciation Week,2020-05-03,2020-05-09
522,8,Anniversary Sale,2020-06-03,2020-06-07
523,8,Customer Appreciation Week,2020-07-05,2020-07-11
524,8,Flash Sale Frenzy,2020-08-03,2020-08-08
525,8,Anniversary Sale,2020-09-06,2020-09-11
526,8,Midnight Madness,2020-10-01,2020-10-07
527,8,Friends and Family Discount Days,2020-11-02,2020-11-06
528,8,Last Chance to Save,2020-12-01,2020-12-04
529,8,Buy One Get One Free (BOGO) Event,2021-01-06,2021-01-13
530,8,Last Chance to Save,2021-02-03,2021-02-09
531,8,Customer Appreciation Week,2021-03-03,2021-03-07
532,8,Buy One Get One Free (BOGO) Event,2021-04-01,2021-04-08
533,8,Inventory Liquidation Sale,2021-05-01,2021-05-06
534,8,Grand Opening Celebration,2021-06-09,2021-06-13
535,8,Midnight Madness,2021-07-06,2021-07-11
536,8,Customer Appreciation Week,2021-08-07,2021-08-11
537,8,Mega Sale,2021-09-06,2021-09-13
538,8,Mega Sale,2021-10-02,2021-10-09
539,8,Flash Sale Frenzy,2021-11-09,2021-11-14
540,8,Midnight Madness,2021-12-10,2021-12-17
541,8,Inventory Liquidation Sale,2022-01-05,2022-01-12
542,8,Grand Opening Celebration,2022-02-10,2022-02-17
543,8,Anniversary Sale,2022-03-01,2022-03-06
544,8,Seasonal Discount Event,2022-04-06,2022-04-12
545,8,Seasonal Discount Event,2022-05-04,2022-05-08
546,8,Mega Sale,2022-06-01,2022-06-07
547,8,Last Chance to Save,2022-07-03,2022-07-09
548,8,Manager's Special,2022-08-07,2022-08-10
549,8,Last Chance to Save,2022-09-05,2022-09-08
550,8,Buy One Get One Free (BOGO) Event,2022-10-05,2022-10-11
551,8,Customer Appreciation Week,2022-11-01,2022-11-04
552,8,Inventory Liquidation Sale,2022-12-06,2022-12-09
553,8,Customer Appreciation Week,2023-01-07,2023-01-13
554,8,Customer Appreciation Week,2023-02-06,2023-02-13
555,8,Last Chance to Save,2023-03-10,2023-03-13
556,8,Manager's Special,2023-04-07,2023-04-12
557,8,Mega Sale,2023-05-07,2023-05-14
558,8,Inventory Liquidation Sale,2023-06-03,2023-06-07
559,8,Midnight Madness,2023-07-03,2023-07-08
560,8,Flash Sale Frenzy,2023-08-01,2023-08-06
561,8,Midnight Madness,2023-09-01,2023-09-04
562,8,Grand Opening Celebration,2023-10-04,2023-10-07
563,8,Last Chance to Save,2023-11-02,2023-11-05
564,8,Grand Opening Celebration,2023-12-10,2023-12-16
565,8,Friends and Family Discount Days,2024-01-04,2024-01-10
566,8,Midnight Madness,2024-02-06,2024-02-13
567,8,Friends and Family Discount Days,2024-03-02,2024-03-07
568,8,Seasonal Discount Event,2024-04-03,2024-04-06
569,8,Flash Sale Frenzy,2024-05-09,2024-05-15
570,8,Friends and Family Discount Days,2024-06-03,2024-06-07
571,8,Midnight Madness,2024-07-03,2024-07-10
572,8,Grand Opening Celebration,2024-08-02,2024-08-07
573,8,Anniversary Sale,2024-09-03,2024-09-08
574,8,Customer Appreciation Week,2024-10-05,2024-10-09
575,8,Flash Sale Frenzy,2024-11-05,2024-11-12
576,8,Flash Sale Frenzy,2024-12-03,2024-12-08
577,9,Midnight Madness,2019-01-01,2019-01-05
578,9,Midnight Madness,2019-02-03,2019-02-06
579,9,Anniversary Sale,2019-03-01,2019-03-04
580,9,Midnight Madness,2019-04-03,2019-04-09
581,9,Mega Sale,2019-05-10,2019-05-14
582,9,Mega Sale,2019-06-03,2019-06-08
583,9,Manager's Special,2019-07-04,2019-07-09
584,9,Anniversary Sale,2019-08-10,2019-08-16
585,9,Last Chance to Save,2019-09-02,2019-09-06
586,9,Customer Appreciation Week,2019-10-04,2019-10-08
587,9,Last Chance to Save,2019-11-06,2019-11-12
588,9,Friends and Family Discount Days,2019-12-08,2019-12-14
589,9,Flash Sale Frenzy,2020-01-10,2020-01-15
590,9,Seasonal Discount Event,2020-02-09,2020-02-14
591,9,Grand Opening Celebration,2020-03-08,2020-03-14
592,9,Buy One Get One Free (BOGO) Event,2020-04-01,2020-04-08
593,9,Last Chance to Save,2020-05-08,2020-05-14
594,9,Last Chance to Save,2020-06-06,2020-06-10
595,9,Grand Opening Celebration,2020-07-02,2020-07-07
596,9,Anniversary Sale,2020-08-09,2020-08-13
597,9,Anniversary Sale,2020-09-08,2020-09-11
598,9,Last Chance to Save,2020-10-01,2020-10-07
599,9,Midnight Madness,2020-11-04,2020-11-10
600,9,Anniversary Sale,2020-12-03,2020-12-09
601,9,Midnight Madness,2021-01-02,2021-01-07
602,9,Grand Opening Celebration,2021-02-08,2021-02-12
603,9,Grand Opening Celebration,2021-03-02,2021-03-08
604,9,Seasonal Discount Event,2021-04-04,2021-04-10
605,9,Flash Sale Frenzy,2021-05-10,2021-05-14
606,9,Buy One Get One Free (BOGO) Event,2021-06-06,2021-06-13
607,9,Manager's Special,2021-07-09,2021-07-16
608,9,Inventory Liquidation Sale,2021-08-08,2021-08-14
609,9,Midnight Madness,2021-09-09,2021-09-13
610,9,Seasonal Discount Event,2021-10-05,2021-10-09
611,9,Mega Sale,2021-11-03,2021-11-06
612,9,Buy One Get One Free (BOGO) Event,2021-12-07,2021-12-11
613,9,Last Chance to Save,2022-01-03,2022-01-07
614,9,Flash Sale Frenzy,2022-02-03,2022-02-10
615,9,Midnight Madness,2022-03-04,2022-03-11
616,9,Seasonal Discount Event,2022-04-02,2022-04-06
617,9,Mega Sale,2022-05-06,2022-05-10
618,9,Seasonal Discount Event,2022-06-03,2022-06-07
619,9,Customer Appreciation Week,2022-07-10,2022-07-13
620,9,Grand Opening Celebration,2022-08-03,2022-08-09
621,9,Manager's Special,2022-09-01,2022-09-08
622,9,Seasonal Discount Event,2022-10-05,2022-10-08
623,9,Seasonal Discount Event,2022-11-02,2022-11-07
624,9,Buy One Get One Free (BOGO) Event,2022-12-02,2022-12-06
625,9,Buy One Get One Free (BOGO) Event,2023-01-06,2023-01-10
626,9,Flash Sale Frenzy,2023-02-10,2023-02-14
627,9,Buy One Get One Free (BOGO) Event,2023-03-06,2023-03-12
628,9,Inventory Liquidation Sale,2023-04-01,2023-04-08
629,9,Manager's Special,2023-05-10,2023-05-14
630,9,Last Chance to Save,2023-06-04,2023-06-09
631,9,Anniversary Sale,2023-07-05,2023-07-11
632,9,Flash Sale Frenzy,2023-08-10,2023-08-14
633,9,Midnight Madness,2023-09-08,2023-09-13
634,9,Friends and Family Discount Days,2023-10-06,2023-10-10
635,9,Customer Appreciation Week,2023-11-09,2023-11-13
636,9,Midnight Madness,2023-12-09,2023-12-15
637,9,Mega Sale,2024-01-10,2024-01-15
638,9,Last Chance to Save,2024-02-02,2024-02-09
639,9,Anniversary Sale,2024-03-06,2024-03-10
640,9,Anniversary Sale,2024-04-10,2024-04-15
641,9,Customer Appreciation Week,2024-05-09,2024-05-15
642,9,Customer Appreciation Week,2024-06-10,2024-06-15
643,9,Anniversary Sale,2024-07-09,2024-07-13
644,9,Customer Appreciation Week,2024-08-08,2024-08-12
645,9,Midnight Madness,2024-09-03,2024-09-07
646,9,Anniversary Sale,2024-10-01,2024-10-07
647,9,Anniversary Sale,2024-11-09,2024-11-15
648,9,Friends and Family Discount Days,2024-12-09,2024-12-15
649,10,Last Chance to Save,2019-01-05,2019-01-12
650,10,Buy One Get One Free (BOGO) Event,2019-02-07,2019-02-13
651,10,Buy One Get One Free (BOGO) Event,2019-03-08,2019-03-13
652,10,Flash Sale Frenzy,2019-04-10,2019-04-13
653,10,Buy One Get One Free (BOGO) Event,2019-05-09,2019-05-13
654,10,Seasonal Discount Event,2019-06-06,2019-06-12
655,10,Customer Appreciation Week,2019-07-01,2019-07-08
656,10,Manager's Special,2019-08-07,2019-08-14
657,10,Flash Sale Frenzy,2019-09-03,2019-09-09
658,10,Manager's Special,2019-10-01,2019-10-05
659,10,Customer Appreciation Week,2019-11-03,2019-11-08
660,10,Manager's Special,2019-12-05,2019-12-08
661,10,Friends and Family Discount Days,2020-01-01,2020-01-06
662,10,Customer Appreciation Week,2020-02-07,2020-02-11
663,10,Manager's Special,2020-03-05,2020-03-08
664,10,Flash Sale Frenzy,2020-04-07,2020-04-13
665,10,Inventory Liquidation Sale,2020-05-07,2020-05-14
666,10,Anniversary Sale,2020-06-10,2020-06-15
667,10,Anniversary Sale,2020-07-06,2020-07-13
668,10,Grand Opening Celebration,2020-08-05,2020-08-11
669,10,Anniversary Sale,2020-09-04,2020-09-08
670,10,Grand Opening Celebration,2020-10-05,2020-10-09
671,10,Buy One Get One Free (BOGO) Event,2020-11-06,2020-11-10
672,10,Seasonal Discount Event,2020-12-03,2020-12-06
673,10,Grand Opening Celebration,2021-01-06,2021-01-11
674,10,Seasonal Discount Event,2021-02-04,2021-02-08
675,10,Grand Opening Celebration,2021-03-02,2021-03-07
676,10,Midnight Madness,2021-04-05,2021-04-08
677,10,Seasonal Discount Event,2021-05-04,2021-05-10
678,10,Friends and Family Discount Days,2021-06-06,2021-06-10
679,10,Seasonal Discount Event,2021-07-05,2021-07-09
680,10,Friends and Family Discount Days,2021-08-01,2021-08-08
681,10,Friends and Family Discount Days,2021-09-06,2021-09-12
682,10,Mega Sale,2021-10-04,2021-10-07
683,10,Last Chance to Save,2021-11-06,2021-11-10
684,10,Seasonal Discount Event,2021-12-02,2021-12-06
685,10,Flash Sale Frenzy,2022-01-06,2022-01-10
686,10,Seasonal Discount Event,2022-02-07,2022-02-12
687,10,Last Chance to Save,2022-03-08,2022-03-13
688,10,Inventory Liquidation Sale,2022-04-09,2022-04-15
689,10,Anniversary Sale,2022-05-07,2022-05-13
690,10,Manager's Special,2022-06-07,2022-06-12
691,10,Buy One Get One Free (BOGO) Event,2022-07-03,2022-07-10
692,10,Grand Opening Celebration,2022-08-04,2022-08-07
693,10,Inventory Liquidation Sale,2022-09-01,2022-09-07
694,10,Mega Sale,2022-10-02,2022-10-05
695,10,Seasonal Discount Event,2022-11-02,2022-11-05
696,10,Friends and Family Discount Days,2022-12-03,2022-12-08
697,10,Buy One Get One Free (BOGO) Event,2023-01-09,2023-01-12
698,10,Customer Appreciation Week,2023-02-07,2023-02-14
699,10,Manager's Special,2023-03-05,2023-03-09
700,10,Friends and Family Discount Days,2023-04-02,2023-04-09
701,10,Inventory Liquidation Sale,2023-05-05,2023-05-12
702,10,Manager's Special,2023-06-01,2023-06-04
703,10,Buy One Get One Free (BOGO) Event,2023-07-05,2023-07-12
704,10,Friends and Family Discount Days,2023-08-01,2023-08-04
705,10,Inventory Liquidation Sale,2023-09-03,2023-09-07
706,10,Seasonal Discount Event,2023-10-02,2023-10-07
707,10,Last Chance to Save,2023-11-03,2023-11-06
708,10,Buy One Get One Free (BOGO) Event,2023-12-10,2023-12-17
709,10,Midnight Madness,2024-01-01,2024-01-07
710,10,Buy One Get One Free (BOGO) Event,2024-02-01,2024-02-06
711,10,Friends and Family Discount Days,2024-03-03,2024-03-06
712,10,Anniversary Sale,2024-04-08,2024-04-11
713,10,Manager's Special,2024-05-05,2024-05-09
714,10,Friends and Family Discount Days,2024-06-01,2024-06-06
715,10,Customer Appreciation Week,2024-07-01,2024-07-05
716,10,Friends and Family Discount Days,2024-08-06,2024-08-13
717,10,Mega Sale,2024-09-08,2024-09-15
718,10,Customer Appreciation Week,2024-10-01,2024-10-07
719,10,Grand Opening Celebration,2024-11-01,2024-11-07
720,10,Inventory Liquidation Sale,2024-12-06,2024-12-09
721,11,Buy One Get One Free (BOGO) Event,2019-01-02,2019-01-07
722,11,Mega Sale,2019-02-04,2019-02-09
723,11,Friends and Family Discount Days,2019-03-06,2019-03-12
724,11,Anniversary Sale,2019-04-10,2019-04-15
725,11,Friends and Family Discount Days,2019-05-05,2019-05-09
726,11,Inventory Liquidation Sale,2019-06-08,2019-06-11
727,11,Manager's Special,2019-07-03,2019-07-06
728,11,Customer Appreciation Week,2019-08-04,2019-08-11
729,11,Grand Opening Celebration,2019-09-02,2019-09-05
730,11,Customer Appreciation Week,2019-10-02,2019-10-05
731,11,Friends and Family Discount Days,2019-11-07,2019-11-11
732,11,Seasonal Discount Event,2019-12-08,2019-12-11
733,11,Buy One Get One Free (BOGO) Event,2020-01-04,2020-01-09
734,11,Last Chance to Save,2020-02-04,2020-02-09
735,11,Friends and Family Discount Days,2020-03-01,2020-03-07
736,11,Friends and Family Discount Days,2020-04-07,2020-04-12
737,11,Anniversary Sale,2020-05-05,2020-05-11
738,11,Flash Sale Frenzy,2020-06-06,2020-06-11
739,11,Midnight Madness,2020-07-02,2020-07-05
740,11,Inventory Liquidation Sale,2020-08-04,2020-08-10
741,11,Friends and Family Discount Days,2020-09-03,2020-09-07
742,11,Anniversary Sale,2020-10-08,2020-10-12
743,11,Customer Appreciation Week,2020-11-01,2020-11-08
744,11,Manager's Special,2020-12-05,2020-12-10
745,11,Seasonal Discount Event,2021-01-03,2021-01-08
746,11,Anniversary Sale,2021-02-09,2021-02-16
747,11,Grand Opening Celebration,2021-03-01,2021-03-08
748,11,Grand Opening Celebration,2021-04-10,2021-04-14
749,11,Customer Appreciation Week,2021-05-04,2021-05-08
750,11,Grand Opening Celebration,2021-06-01,2021-06-04
751,11,Manager's Special,2021-07-01,2021-07-08
752,11,Seasonal Discount Event,2021-08-10,2021-08-17
753,11,Midnight Madness,2021-09-02,2021-09-09
754,11,Friends and Family Discount Days,2021-10-05,2021-10-08
755,11,Anniversary Sale,2021-11-10,2021-11-17
756,11,Manager's Special,2021-12-09,2021-12-12
757,11,Flash Sale Frenzy,2022-01-10,2022-01-16
758,11,Seasonal Discount Event,2022-02-02,2022-02-09
759,11,Flash Sale Frenzy,2022-03-03,2022-03-10
760,11,Mega Sale,2022-04-08,2022-04-13
761,11,Seasonal Discount Event,2022-05-02,2022-05-07
762,11,Seasonal Discount Event,2022-06-10,2022-06-15
763,11,Last Chance to Save,2022-07-03,2022-07-08
764,11,Buy One Get One Free (BOGO) Event,2022-08-04,2022-08-09
765,11,Seasonal Discount Event,2022-09-06,2022-09-09
766,11,Flash Sale Frenzy,2022-10-07,2022-10-13
767,11,Buy One Get One Free (BOGO) Event,2022-11-03,2022-11-09
768,11,Midnight Madness,2022-12-09,2022-12-15
769,11,Manager's Special,2023-01-10,2023-01-16
770,11,Grand Opening Celebration,2023-02-05,2023-02-12
771,11,Friends and Family Discount Days,2023-03-02,2023-03-05
772,11,Customer Appreciation Week,2023-04-02,2023-04-06
773,11,Last Chance to Save,2023-05-03,2023-05-09
774,11,Flash Sale Frenzy,2023-06-05,2023-06-09
775,11,Anniversary Sale,2023-07-07,2023-07-13
776,11,Inventory Liquidation Sale,2023-08-08,2023-08-15
777,11,Mega Sale,2023-09-04,2023-09-10
778,11,Inventory Liquidation Sale,2023-10-08,2023-10-15
779,11,Friends and Family Discount Days,2023-11-01,2023-11-07
780,11,Anniversary Sale,2023-12-09,2023-12-13
781,11,Buy One Get One Free (BOGO) Event,2024-01-01,2024-01-08
782,11,Last Chance to Save,2024-02-04,2024-02-09
783,11,Friends and Family Discount Days,2024-03-04,2024-03-08
784,11,Seasonal Discount Event,2024-04-02,2024-04-07
785,11,Inventory Liquidation Sale,2024-05-10,2024-05-14
786,11,Anniversary Sale,2024-06-09,2024-06-13
787,11,Manager's Special,2024-07-04,2024-07-10
788,11,Grand Opening Celebration,2024-08-02,2024-08-08
789,11,Manager's Special,2024-09-03,2024-09-06
790,11,Friends and Family Discount Days,2024-10-08,2024-10-12
791,11,Last Chance to Save,2024-11-06,2024-11-09
792,11,Manager's Special,2024-12-03,2024-12-09
793,12,Manager's Special,2019-01-07,2019-01-10
794,12,Manager's Special,2019-02-09,2019-02-15
795,12,Last Chance to Save,2019-03-07,2019-03-10
796,12,Friends and Family Discount Days,2019-04-01,2019-04-08
797,12,Buy One Get One Free (BOGO) Event,2019-05-01,2019-05-05
798,12,Last Chance to Save,2019-06-01,2019-06-08
799,12,Flash Sale Frenzy,2019-07-08,2019-07-14
800,12,Inventory Liquidation Sale,2019-08-04,2019-08-10
801,12,Anniversary Sale,2019-09-09,2019-09-15
802,12,Midnight Madness,2019-10-04,2019-10-08
803,12,Last Chance to Save,2019-11-10,2019-11-15
804,12,Anniversary Sale,2019-12-07,2019-12-13
805,12,Seasonal Discount Event,2020-01-07,2020-01-13
806,12,Grand Opening Celebration,2020-02-01,2020-02-06
807,12,Customer Appreciation Week,2020-03-01,2020-03-08
808,12,Manager's Special,2020-04-01,2020-04-04
809,12,Customer Appreciation Week,2020-05-01,2020-05-08
810,12,Anniversary Sale,2020-06-09,2020-06-13
811,12,Anniversary Sale,2020-07-07,2020-07-14
812,12,Flash Sale Frenzy,2020-08-06,2020-08-09
813,12,Seasonal Discount Event,2020-09-10,2020-09-17
814,12,Anniversary Sale,2020-10-06,2020-10-11
815,12,Grand Opening Celebration,2020-11-05,2020-11-10
816,12,Friends and Family Discount Days,2020-12-10,2020-12-17
817,12,Seasonal Discount Event,2021-01-05,2021-01-08
818,12,Flash Sale Frenzy,2021-02-05,2021-02-09
819,12,Grand Opening Celebration,2021-03-02,2021-03-08
820,12,Anniversary Sale,2021-04-06,2021-04-09
821,12,Seasonal Discount Event,2021-05-03,2021-05-10
822,12,Manager's Special,2021-06-10,2021-06-17
823,12,Anniversary Sale,2021-07-08,2021-07-14
824,12,Friends and Family Discount Days,2021-08-10,2021-08-13
825,12,Manager's Special,2021-09-09,2021-09-12
826,12,Seasonal Discount Event,2021-10-05,2021-10-12
827,12,Mega Sale,2021-11-04,2021-11-10
828,12,Inventory Liquidation Sale,2021-12-09,2021-12-14
829,12,Last Chance to Save,2022-01-01,2022-01-05
830,12,Flash Sale Frenzy,2022-02-02,2022-02-08
831,12,Inventory Liquidation Sale,2022-03-05,2022-03-12
832,12,Seasonal Discount Event,2022-04-02,2022-04-05
833,12,Inventory Liquidation Sale,2022-05-07,2022-05-13
834,12,Customer Appreciation Week,2022-06-06,2022-06-09
835,12,Seasonal Discount Event,2022-07-01,2022-07-06
836,12,Midnight Madness,2022-08-08,2022-08-13
837,12,Manager's Special,2022-09-04,2022-09-07
838,12,Customer Appreciation Week,2022-10-08,2022-10-13
839,12,Manager's Special,2022-11-03,2022-11-07
840,12,Last Chance to Save,2022-12-06,2022-12-09
841,12,Seasonal Discount Event,2023-01-09,2023-01-13
842,12,Mega Sale,2023-02-07,2023-02-10
843,12,Midnight Madness,2023-03-10,2023-03-13
844,12,Midnight Madness,2023-04-07,2023-04-13
845,12,Buy One Get One Free (BOGO) Event,2023-05-09,2023-05-15
846,12,Inventory Liquidation Sale,2023-06-06,2023-06-12
847,12,Inventory Liquidation Sale,2023-07-06,2023-07-10
848,12,Customer Appreciation Week,2023-08-02,2023-08-07
849,12,Midnight Madness,2023-09-05,2023-09-11
850,12,Buy One Get One Free (BOGO) Event,2023-10-04,2023-10-11
851,12,Flash Sale Frenzy,2023-11-08,2023-11-11
852,12,Mega Sale,2023-12-02,2023-12-06
853,12,Anniversary Sale,2024-01-08,2024-01-15
854,12,Anniversary Sale,2024-02-01,2024-02-05
855,12,Inventory Liquidation Sale,2024-03-09,2024-03-12
856,12,Anniversary Sale,2024-04-02,2024-04-05
857,12,Midnight Madness,2024-05-03,2024-05-06
858,12,Mega Sale,2024-06-03,2024-06-07
859,12,Buy One Get One Free (BOGO) Event,2024-07-02,2024-07-08
860,12,Anniversary Sale,2024-08-10,2024-08-17
861,12,Anniversary Sale,2024-09-10,2024-09-16
862,12,Customer Appreciation Week,2024-10-08,2024-10-15
863,12,Mega Sale,2024-11-06,2024-11-09
864,12,Grand Opening Celebration,2024-12-07,2024-12-10
865,13,Last Chance to Save,2019-01-01,2019-01-07
866,13,Grand Opening Celebration,2019-02-05,2019-02-10
867,13,Buy One Get One Free (BOGO) Event,2019-03-10,2019-03-13
868,13,Buy One Get One Free (BOGO) Event,2019-04-04,2019-04-11
869,13,Buy One Get One Free (BOGO) Event,2019-05-07,2019-05-10
870,13,Grand Opening Celebration,2019-06-03,2019-06-07
871,13,Seasonal Discount Event,2019-07-03,2019-07-09
872,13,Seasonal Discount Event,2019-08-08,2019-08-12
873,13,Grand Opening Celebration,2019-09-02,2019-09-05
874,13,Customer Appreciation Week,2019-10-05,2019-10-08
875,13,Flash Sale Frenzy,2019-11-07,2019-11-10
876,13,Seasonal Discount Event,2019-12-03,2019-12-10
877,13,Manager's Special,2020-01-05,2020-01-11
878,13,Customer Appreciation Week,2020-02-06,2020-02-13
879,13,Flash Sale Frenzy,2020-03-02,2020-03-09
880,13,Last Chance to Save,2020-04-06,2020-04-12
881,13,Mega Sale,2020-05-09,2020-05-15
882,13,Buy One Get One Free (BOGO) Event,2020-06-10,2020-06-17
883,13,Midnight Madness,2020-07-04,2020-07-11
884,13,Inventory Liquidation Sale,2020-08-05,2020-08-10
885,13,Midnight Madness,2020-09-10,2020-09-13
886,13,Mega Sale,2020-10-01,2020-10-05
887,13,Midnight Madness,2020-11-09,2020-11-14
888,13,Mega Sale,2020-12-08,2020-12-14
889,13,Friends and Family Discount Days,2021-01-05,2021-01-10
890,13,Buy One Get One Free (BOGO) Event,2021-02-04,2021-02-08
891,13,Manager's Special,2021-03-08,2021-03-12
892,13,Grand Opening Celebration,2021-04-01,2021-04-08
893,13,Anniversary Sale,2021-05-09,2021-05-14
894,13,Inventory Liquidation Sale,2021-06-06,2021-06-10
895,13,Seasonal Discount Event,2021-07-08,2021-07-15
896,13,Buy One Get One Free (BOGO) Event,2021-08-08,2021-08-14
897,13,Midnight Madness,2021-09-02,2021-09-09
898,13,Seasonal Discount Event,2021-10-04,2021-10-09
899,13,Flash Sale Frenzy,2021-11-10,2021-11-13
900,13,Anniversary Sale,2021-12-03,2021-12-08
901,13,Last Chance to Save,2022-01-03,2022-01-09
902,13,Mega Sale,2022-02-06,2022-02-10
903,13,Midnight Madness,2022-03-05,2022-03-11
904,13,Seasonal Discount Event,2022-04-02,2022-04-07
905,13,Friends and Family Discount Days,2022-05-03,2022-05-06
906,13,Grand Opening Celebration,2022-06-08,2022-06-14
907,13,Seasonal Discount Event,2022-07-01,2022-07-08
908,13,Last Chance to Save,2022-08-07,2022-08-10
909,13,Friends and Family Discount Days,2022-09-01,2022-09-07
910,13,Grand Opening Celebration,2022-10-06,2022-10-13
911,13,Last Chance to Save,2022-11-08,2022-11-15
912,13,Manager's Special,2022-12-03,2022-12-08
913,13,Flash Sale Frenzy,2023-01-06,2023-01-12
914,13,Customer Appreciation Week,2023-02-09,2023-02-13
915,13,Last Chance to Save,2023-03-04,2023-03-11
916,13,Customer Appreciation Week,2023-04-05,2023-04-08
917,13,Manager's Special,2023-05-05,2023-05-10
918,13,Manager's Special,2023-06-06,2023-06-09
919,13,Seasonal Discount Event,2023-07-04,2023-07-11
920,13,Mega Sale,2023-08-07,2023-08-11
921,13,Mega Sale,2023-09-04,2023-09-09
922,13,Grand Opening Celebration,2023-10-07,2023-10-14
923,13,Anniversary Sale,2023-11-09,2023-11-12
924,13,Buy One Get One Free (BOGO) Event,2023-12-05,2023-12-12
925,13,Mega Sale,2024-01-07,2024-01-10
926,13,Flash Sale Frenzy,2024-02-10,2024-02-16
927,13,Customer Appreciation Week,2024-03-04,2024-03-08
928,13,Manager's Special,2024-04-09,2024-04-13
929,13,Friends and Family Discount Days,2024-05-06,2024-05-10
930,13,Anniversary Sale,2024-06-08,2024-06-11
931,13,Inventory Liquidation Sale,2024-07-10,2024-07-13
932,13,Last Chance to Save,2024-08-01,2024-08-06
933,13,Seasonal Discount Event,2024-09-09,2024-09-15
934,13,Mega Sale,2024-10-07,2024-10-10
935,13,Friends and Family Discount Days,2024-11-06,2024-11-09
936,13,Mega Sale,2024-12-04,2024-12-08
937,14,Buy One Get One Free (BOGO) Event,2019-01-06,2019-01-09
938,14,Flash Sale Frenzy,2019-02-10,2019-02-17
939,14,Flash Sale Frenzy,2019-03-10,2019-03-15
940,14,Customer Appreciation Week,2019-04-05,2019-04-08
941,14,Mega Sale,2019-05-04,2019-05-08
942,14,Inventory Liquidation Sale,2019-06-09,2019-06-16
943,14,Friends and Family Discount Days,2019-07-05,2019-07-11
944,14,Seasonal Discount Event,2019-08-05,2019-08-09
945,14,Customer Appreciation Week,2019-09-01,2019-09-07
946,14,Buy One Get One Free (BOGO) Event,2019-10-04,2019-10-11
947,14,Flash Sale Frenzy,2019-11-01,2019-11-05
948,14,Last Chance to Save,2019-12-06,2019-12-09
949,14,Manager's Special,2020-01-01,2020-01-07
950,14,Mega Sale,2020-02-07,2020-02-13
951,14,Inventory Liquidation Sale,2020-03-06,2020-03-11
952,14,Anniversary Sale,2020-04-01,2020-04-06
953,14,Midnight Madness,2020-05-06,2020-05-12
954,14,Manager's Special,2020-06-07,2020-06-10
955,14,Manager's Special,2020-07-04,2020-07-10
956,14,Inventory Liquidation Sale,2020-08-04,2020-08-08
957,14,Grand Opening Celebration,2020-09-02,2020-09-07
958,14,Flash Sale Frenzy,2020-10-05,2020-10-11
959,14,Buy One Get One Free (BOGO) Event,2020-11-02,2020-11-07
960,14,Friends and Family Discount Days,2020-12-07,2020-12-11
961,14,Flash Sale Frenzy,2021-01-10,2021-01-15
962,14,Grand Opening Celebration,2021-02-07,2021-02-10
963,14,Manager's Special,2021-03-05,2021-03-12
964,14,Seasonal Discount Event,2021-04-03,2021-04-08
965,14,Manager's Special,2021-05-04,2021-05-10
966,14,Buy One Get One Free (BOGO) Event,2021-06-09,2021-06-14
967,14,Friends and Family Discount Days,2021-07-08,2021-07-15
968,14,Flash Sale Frenzy,2021-08-08,2021-08-13
969,14,Seasonal Discount Event,2021-09-08,2021-09-14
970,14,Midnight Madness,2021-10-01,2021-10-07
971,14,Friends and Family Discount Days,2021-11-05,2021-11-11
972,14,Anniversary Sale,2021-12-02,2021-12-08
973,14,Manager's Special,2022-01-05,2022-01-08
974,14,Last Chance to Save,2022-02-07,2022-02-12
975,14,Anniversary Sale,2022-03-01,2022-03-04
976,14,Seasonal Discount Event,2022-04-10,2022-04-14
977,14,Customer Appreciation Week,2022-05-07,2022-05-14
978,14,Midnight Madness,2022-06-06,2022-06-13
979,14,Manager's Special,2022-07-07,2022-07-11
980,14,Inventory Liquidation Sale,2022-08-09,2022-08-13
981,14,Manager's Special,2022-09-09,2022-09-15
982,14,Inventory Liquidation Sale,2022-10-08,2022-10-14
983,14,Customer Appreciation Week,2022-11-05,2022-11-08
984,14,Flash Sale Frenzy,2022-12-04,2022-12-09
985,14,Inventory Liquidation Sale,2023-01-02,2023-01-07
986,14,Customer Appreciation Week,2023-02-02,2023-02-06
987,14,Inventory Liquidation Sale,2023-03-05,2023-03-08
988,14,Flash Sale Frenzy,2023-04-09,2023-04-13
989,14,Grand Opening Celebration,2023-05-06,2023-05-12
990,14,Customer Appreciation Week,2023-06-03,2023-06-10
991,14,Midnight Madness,2023-07-07,2023-07-13
992,14,Customer Appreciation Week,2023-08-07,2023-08-11
993,14,Inventory Liquidation Sale,2023-09-06,2023-09-11
994,14,Customer Appreciation Week,2023-10-05,2023-10-08
995,14,Midnight Madness,2023-11-05,2023-11-12
996,14,Manager's Special,2023-12-09,2023-12-16
997,14,Midnight Madness,2024-01-10,2024-01-16
998,14,Customer Appreciation Week,2024-02-10,2024-02-15
999,14,Customer Appreciation Week,2024-03-04,2024-03-10
1000,14,Manager's Special,2024-04-05,2024-04-09
1001,14,Flash Sale Frenzy,2024-05-01,2024-05-08
1002,14,Buy One Get One Free (BOGO) Event,2024-06-08,2024-06-11
1003,14,Customer Appreciation Week,2024-07-05,2024-07-10
1004,14,Inventory Liquidation Sale,2024-08-07,2024-08-12
1005,14,Mega Sale,2024-09-04,2024-09-11
1006,14,Manager's Special,2024-10-01,2024-10-04
1007,14,Mega Sale,2024-11-08,2024-11-14
1008,14,Seasonal Discount Event,2024-12-10,2024-12-14
1009,15,Inventory Liquidation Sale,2019-01-01,2019-01-06
1010,15,Midnight Madness,2019-02-09,2019-02-16
1011,15,Customer Appreciation Week,2019-03-03,2019-03-10
1012,15,Inventory Liquidation Sale,2019-04-02,2019-04-07
1013,15,Seasonal Discount Event,2019-05-09,2019-05-13
1014,15,Buy One Get One Free (BOGO) Event,2019-06-05,2019-06-09
1015,15,Anniversary Sale,2019-07-03,2019-07-10
1016,15,Last Chance to Save,2019-08-08,2019-08-12
1017,15,Mega Sale,2019-09-06,2019-09-11
1018,15,Buy One Get One Free (BOGO) Event,2019-10-03,2019-10-08
1019,15,Anniversary Sale,2019-11-03,2019-11-10
1020,15,Buy One Get One Free (BOGO) Event,2019-12-09,2019-12-12
1021,15,Buy One Get One Free (BOGO) Event,2020-01-07,2020-01-14
1022,15,Mega Sale,2020-02-07,2020-02-14
1023,15,Seasonal Discount Event,2020-03-09,2020-03-16
1024,15,Anniversary Sale,2020-04-09,2020-04-15
1025,15,Grand Opening Celebration,2020-05-04,2020-05-09
1026,15,Manager's Special,2020-06-03,2020-06-09
1027,15,Flash Sale Frenzy,2020-07-05,2020-07-11
1028,15,Inventory Liquidation Sale,2020-08-02,2020-08-05
1029,15,Customer Appreciation Week,2020-09-08,2020-09-15
1030,15,Inventory Liquidation Sale,2020-10-04,2020-10-10
1031,15,Mega Sale,2020-11-02,2020-11-07
1032,15,Grand Opening Celebration,2020-12-02,2020-12-08
1033,15,Flash Sale Frenzy,2021-01-02,2021-01-08
1034,15,Midnight Madness,2021-02-07,2021-02-13
1035,15,Friends and Family Discount Days,2021-03-04,2021-03-11
1036,15,Seasonal Discount Event,2021-04-08,2021-04-12
1037,15,Friends and Family Discount Days,2021-05-05,2021-05-08
1038,15,Seasonal Discount Event,2021-06-04,2021-06-07
1039,15,Last Chance to Save,2021-07-02,2021-07-08
1040,15,Grand Opening Celebration,2021-08-07,2021-08-10
1041,15,Grand Opening Celebration,2021-09-03,2021-09-08
1042,15,Seasonal Discount Event,2021-10-07,2021-10-14
1043,15,Seasonal Discount Event,2021-11-09,2021-11-16
1044,15,Seasonal Discount Event,2021-12-10,2021-12-16
1045,15,Inventory Liquidation Sale,2022-01-07,2022-01-11
1046,15,Seasonal Discount Event,2022-02-02,2022-02-09
1047,15,Flash Sale Frenzy,2022-03-03,2022-03-08
1048,15,Inventory Liquidation Sale,2022-04-10,2022-04-14
1049,15,Flash Sale Frenzy,2022-05-05,2022-05-11
1050,15,Grand Opening Celebration,2022-06-09,2022-06-15
1051,15,Inventory Liquidation Sale,2022-07-01,2022-07-07
1052,15,Friends and Family Discount Days,2022-08-07,2022-08-13
1053,15,Friends and Family Discount Days,2022-09-05,2022-09-12
1054,15,Manager's Special,2022-10-10,2022-10-15
1055,15,Inventory Liquidation Sale,2022-11-10,2022-11-14
1056,15,Customer Appreciation Week,2022-12-08,2022-12-15
1057,15,Customer Appreciation Week,2023-01-03,2023-01-07
1058,15,Customer Appreciation Week,2023-02-03,2023-02-10
1059,15,Mega Sale,2023-03-01,2023-03-04
1060,15,Last Chance to Save,2023-04-04,2023-04-09
1061,15,Friends and Family Discount Days,2023-05-04,2023-05-10
1062,15,Midnight Madness,2023-06-05,2023-06-10
1063,15,Buy One Get One Free (BOGO) Event,2023-07-03,2023-07-08
1064,15,Inventory Liquidation Sale,2023-08-02,2023-08-05
1065,15,Customer Appreciation Week,2023-09-06,2023-09-13
1066,15,Flash Sale Frenzy,2023-10-03,2023-10-06
1067,15,Mega Sale,2023-11-02,2023-11-09
1068,15,Customer Appreciation Week,2023-12-02,2023-12-08
1069,15,Friends and Family Discount Days,2024-01-10,2024-01-13
1070,15,Inventory Liquidation Sale,2024-02-01,2024-02-07
1071,15,Inventory Liquidation Sale,2024-03-08,2024-03-14
1072,15,Manager's Special,2024-04-10,2024-04-14
1073,15,Friends and Family Discount Days,2024-05-04,2024-05-07
1074,15,Grand Opening Celebration,2024-06-05,2024-06-10
1075,15,Midnight Madness,2024-07-09,2024-07-13
1076,15,Midnight Madness,2024-08-07,2024-08-12
1077,15,Flash Sale Frenzy,2024-09-06,2024-09-11
1078,15,Anniversary Sale,2024-10-04,2024-10-09
1079,15,Midnight Madness,2024-11-04,2024-11-08
1080,15,Seasonal Discount Event,2024-12-02,2024-12-05
1081,16,Friends and Family Discount Days,2019-01-03,2019-01-08
1082,16,Buy One Get One Free (BOGO) Event,2019-02-07,2019-02-13
1083,16,Customer Appreciation Week,2019-03-10,2019-03-13
1084,16,Buy One Get One Free (BOGO) Event,2019-04-10,2019-04-17
1085,16,Manager's Special,2019-05-10,2019-05-15
1086,16,Last Chance to Save,2019-06-08,2019-06-14
1087,16,Anniversary Sale,2019-07-04,2019-07-07
1088,16,Seasonal Discount Event,2019-08-08,2019-08-11
1089,16,Customer Appreciation Week,2019-09-07,2019-09-14
1090,16,Manager's Special,2019-10-03,2019-10-08
1091,16,Mega Sale,2019-11-04,2019-11-08
1092,16,Anniversary Sale,2019-12-02,2019-12-07
1093,16,Midnight Madness,2020-01-06,2020-01-11
1094,16,Customer Appreciation Week,2020-02-07,2020-02-11
1095,16,Grand Opening Celebration,2020-03-08,2020-03-15
1096,16,Mega Sale,2020-04-09,2020-04-13
1097,16,Grand Opening Celebration,2020-05-09,2020-05-15
1098,16,Midnight Madness,2020-06-07,2020-06-12
1099,16,Manager's Special,2020-07-05,2020-07-10
1100,16,Last Chance to Save,2020-08-09,2020-08-12
1101,16,Anniversary Sale,2020-09-07,2020-09-11
1102,16,Flash Sale Frenzy,2020-10-07,2020-10-13
1103,16,Midnight Madness,2020-11-10,2020-11-14
1104,16,Manager's Special,2020-12-01,2020-12-07
1105,16,Seasonal Discount Event,2021-01-01,2021-01-06
1106,16,Flash Sale Frenzy,2021-02-10,2021-02-15
1107,16,Flash Sale Frenzy,2021-03-10,2021-03-17
1108,16,Flash Sale Frenzy,2021-04-02,2021-04-05
1109,16,Last Chance to Save,2021-05-03,2021-05-08
1110,16,Inventory Liquidation Sale,2021-06-05,2021-06-09
1111,16,Manager's Special,2021-07-06,2021-07-09
1112,16,Grand Opening Celebration,2021-08-10,2021-08-16
1113,16,Mega Sale,2021-09-03,2021-09-06
1114,16,Last Chance to Save,2021-10-10,2021-10-14
1115,16,Mega Sale,2021-11-08,2021-11-12
1116,16,Friends and Family Discount Days,2021-12-02,2021-12-06
1117,16,Anniversary Sale,2022-01-04,2022-01-11
1118,16,Flash Sale Frenzy,2022-02-10,2022-02-17
1119,16,Mega Sale,2022-03-04,2022-03-11
1120,16,Last Chance to Save,2022-04-01,2022-04-04
1121,16,Customer Appreciation Week,2022-05-01,2022-05-06
1122,16,Last Chance to Save,2022-06-06,2022-06-11
1123,16,Inventory Liquidation Sale,2022-07-07,2022-07-10
1124,16,Grand Opening Celebration,2022-08-09,2022-08-12
1125,16,Seasonal Discount Event,2022-09-07,2022-09-14
1126,16,Anniversary Sale,2022-10-04,2022-10-07
1127,16,Buy One Get One Free (BOGO) Event,2022-11-01,2022-11-04
1128,16,Customer Appreciation Week,2022-12-05,2022-12-11
1129,16,Mega Sale,2023-01-01,2023-01-04
1130,16,Seasonal Discount Event,2023-02-04,2023-02-07
1131,16,Buy One Get One Free (BOGO) Event,2023-03-04,2023-03-08
1132,16,Grand Opening Celebration,2023-04-01,2023-04-06
1133,16,Inventory Liquidation Sale,2023-05-05,2023-05-09
1134,16,Flash Sale Frenzy,2023-06-02,2023-06-05
1135,16,Friends and Family Discount Days,2023-07-06,2023-07-11
1136,16,Last Chance to Save,2023-08-06,2023-08-13
1137,16,Manager's Special,2023-09-10,2023-09-14
1138,16,Last Chance to Save,2023-10-02,2023-10-08
1139,16,Last Chance to Save,2023-11-02,2023-11-09
1140,16,Grand Opening Celebration,2023-12-10,2023-12-13
1141,16,Last Chance to Save,2024-01-02,2024-01-06
1142,16,Grand Opening Celebration,2024-02-05,2024-02-08
1143,16,Inventory Liquidation Sale,2024-03-07,2024-03-12
1144,16,Seasonal Discount Event,2024-04-10,2024-04-14
1145,16,Anniversary Sale,2024-05-06,2024-05-13
1146,16,Buy One Get One Free (BOGO) Event,2024-06-09,2024-06-13
1147,16,Grand Opening Celebration,2024-07-01,2024-07-08
1148,16,Anniversary Sale,2024-08-02,2024-08-08
1149,16,Mega Sale,2024-09-01,2024-09-04
1150,16,Friends and Family Discount Days,2024-10-06,2024-10-10
1151,16,Seasonal Discount Event,2024-11-07,2024-11-10
1152,16,Last Chance to Save,2024-12-07,2024-12-12
1153,17,Midnight Madness,2019-01-10,2019-01-15
1154,17,Customer Appreciation Week,2019-02-04,2019-02-09
1155,17,Last Chance to Save,2019-03-08,2019-03-12
1156,17,Flash Sale Frenzy,2019-04-01,2019-04-04
1157,17,Last Chance to Save,2019-05-07,2019-05-10
1158,17,Friends and Family Discount Days,2019-06-06,2019-06-10
1159,17,Customer Appreciation Week,2019-07-04,2019-07-07
1160,17,Customer Appreciation Week,2019-08-04,2019-08-08
1161,17,Customer Appreciation Week,2019-09-07,2019-09-11
1162,17,Buy One Get One Free (BOGO) Event,2019-10-09,2019-10-16
1163,17,Seasonal Discount Event,2019-11-09,2019-11-16
1164,17,Anniversary Sale,2019-12-05,2019-12-12
1165,17,Inventory Liquidation Sale,2020-01-01,2020-01-06
1166,17,Grand Opening Celebration,2020-02-05,2020-02-12
1167,17,Seasonal Discount Event,2020-03-06,2020-03-11
1168,17,Customer Appreciation Week,2020-04-02,2020-04-08
1169,17,Last Chance to Save,2020-05-04,2020-05-08
1170,17,Seasonal Discount Event,2020-06-05,2020-06-08
1171,17,Customer Appreciation Week,2020-07-08,2020-07-13
1172,17,Friends and Family Discount Days,2020-08-02,2020-08-09
1173,17,Midnight Madness,2020-09-06,2020-09-10
1174,17,Last Chance to Save,2020-10-02,2020-10-05
1175,17,Midnight Madness,2020-11-09,2020-11-16
1176,17,Friends and Family Discount Days,2020-12-07,2020-12-13
1177,17,Inventory Liquidation Sale,2021-01-08,2021-01-11
1178,17,Last Chance to Save,2021-02-06,2021-02-10
1179,17,Friends and Family Discount Days,2021-03-09,2021-03-14
1180,17,Manager's Special,2021-04-09,2021-04-15
1181,17,Mega Sale,2021-05-01,2021-05-06
1182,17,Seasonal Discount Event,2021-06-04,2021-06-11
1183,17,Buy One Get One Free (BOGO) Event,2021-07-03,2021-07-10
1184,17,Anniversary Sale,2021-08-01,2021-08-08
1185,17,Manager's Special,2021-09-09,2021-09-16
1186,17,Flash Sale Frenzy,2021-10-06,2021-10-13
1187,17,Manager's Special,2021-11-06,2021-11-12
1188,17,Mega Sale,2021-12-04,2021-12-11
1189,17,Seasonal Discount Event,2022-01-09,2022-01-12
1190,17,Midnight Madness,2022-02-08,2022-02-11
1191,17,Midnight Madness,2022-03-08,2022-03-14
1192,17,Midnight Madness,2022-04-02,2022-04-06
1193,17,Anniversary Sale,2022-05-06,2022-05-13
1194,17,Mega Sale,2022-06-07,2022-06-14
1195,17,Manager's Special,2022-07-05,2022-07-12
1196,17,Customer Appreciation Week,2022-08-04,2022-08-07
1197,17,Inventory Liquidation Sale,2022-09-05,2022-09-12
1198,17,Inventory Liquidation Sale,2022-10-09,2022-10-12
1199,17,Midnight Madness,2022-11-05,2022-11-08
1200,17,Seasonal Discount Event,2022-12-10,2022-12-15
1201,17,Seasonal Discount Event,2023-01-02,2023-01-07
1202,17,Anniversary Sale,2023-02-06,2023-02-09
1203,17,Seasonal Discount Event,2023-03-02,2023-03-09
1204,17,Friends and Family Discount Days,2023-04-04,2023-04-10
1205,17,Friends and Family Discount Days,2023-05-08,2023-05-11
1206,17,Anniversary Sale,2023-06-01,2023-06-06
1207,17,Mega Sale,2023-07-06,2023-07-11
1208,17,Seasonal Discount Event,2023-08-02,2023-08-06
1209,17,Manager's Special,2023-09-04,2023-09-09
1210,17,Mega Sale,2023-10-02,2023-10-05
1211,17,Seasonal Discount Event,2023-11-10,2023-11-15
1212,17,Manager's Special,2023-12-06,2023-12-10
1213,17,Customer Appreciation Week,2024-01-06,2024-01-10
1214,17,Seasonal Discount Event,2024-02-10,2024-02-16
1215,17,Flash Sale Frenzy,2024-03-06,2024-03-11
1216,17,Grand Opening Celebration,2024-04-02,2024-04-07
1217,17,Buy One Get One Free (BOGO) Event,2024-05-02,2024-05-06
1218,17,Manager's Special,2024-06-10,2024-06-17
1219,17,Inventory Liquidation Sale,2024-07-01,2024-07-04
1220,17,Anniversary Sale,2024-08-10,2024-08-14
1221,17,Manager's Special,2024-09-03,2024-09-06
1222,17,Customer Appreciation Week,2024-10-03,2024-10-10
1223,17,Buy One Get One Free (BOGO) Event,2024-11-02,2024-11-08
1224,17,Grand Opening Celebration,2024-12-02,2024-12-05
1225,18,Friends and Family Discount Days,2019-01-05,2019-01-12
1226,18,Midnight Madness,2019-02-03,2019-02-08
1227,18,Seasonal Discount Event,2019-03-01,2019-03-08
1228,18,Grand Opening Celebration,2019-04-06,2019-04-10
1229,18,Manager's Special,2019-05-07,2019-05-10
1230,18,Flash Sale Frenzy,2019-06-02,2019-06-08
1231,18,Grand Opening Celebration,2019-07-10,2019-07-15
1232,18,Mega Sale,2019-08-02,2019-08-05
1233,18,Anniversary Sale,2019-09-02,2019-09-05
1234,18,Flash Sale Frenzy,2019-10-04,2019-10-08
1235,18,Seasonal Discount Event,2019-11-01,2019-11-04
1236,18,Grand Opening Celebration,2019-12-08,2019-12-15
1237,18,Grand Opening Celebration,2020-01-06,2020-01-11
1238,18,Manager's Special,2020-02-07,2020-02-13
1239,18,Midnight Madness,2020-03-03,2020-03-07
1240,18,Mega Sale,2020-04-04,2020-04-10
1241,18,Mega Sale,2020-05-05,2020-05-08
1242,18,Buy One Get One Free (BOGO) Event,2020-06-04,2020-06-09
1243,18,Buy One Get One Free (BOGO) Event,2020-07-07,2020-07-11
1244,18,Flash Sale Frenzy,2020-08-09,2020-08-12
1245,18,Seasonal Discount Event,2020-09-08,2020-09-13
1246,18,Manager's Special,2020-10-10,2020-10-13
1247,18,Customer Appreciation Week,2020-11-04,2020-11-11
1248,18,Manager's Special,2020-12-10,2020-12-13
1249,18,Customer Appreciation Week,2021-01-10,2021-01-15
1250,18,Anniversary Sale,2021-02-10,2021-02-15
1251,18,Flash Sale Frenzy,2021-03-09,2021-03-12
1252,18,Grand Opening Celebration,2021-04-09,2021-04-13
1253,18,Grand Opening Celebration,2021-05-03,2021-05-08
1254,18,Inventory Liquidation Sale,2021-06-08,2021-06-12
1255,18,Friends and Family Discount Days,2021-07-01,2021-07-08
1256,18,Inventory Liquidation Sale,2021-08-03,2021-08-09
1257,18,Buy One Get One Free (BOGO) Event,2021-09-02,2021-09-05
1258,18,Customer Appreciation Week,2021-10-10,2021-10-13
1259,18,Customer Appreciation Week,2021-11-08,2021-11-15
1260,18,Mega Sale,2021-12-02,2021-12-07
1261,18,Customer Appreciation Week,2022-01-06,2022-01-09
1262,18,Mega Sale,2022-02-05,2022-02-12
1263,18,Customer Appreciation Week,2022-03-06,2022-03-10
1264,18,Last Chance to Save,2022-04-07,2022-04-12
1265,18,Midnight Madness,2022-05-06,2022-05-10
1266,18,Flash Sale Frenzy,2022-06-02,2022-06-08
1267,18,Midnight Madness,2022-07-03,2022-07-10
1268,18,Buy One Get One Free (BOGO) Event,2022-08-03,2022-08-08
1269,18,Mega Sale,2022-09-08,2022-09-12
1270,18,Last Chance to Save,2022-10-09,2022-10-12
1271,18,Manager's Special,2022-11-03,2022-11-06
1272,18,Flash Sale Frenzy,2022-12-10,2022-12-13
1273,18,Manager's Special,2023-01-08,2023-01-12
1274,18,Grand Opening Celebration,2023-02-06,2023-02-09
1275,18,Manager's Special,2023-03-04,2023-03-09
1276,18,Flash Sale Frenzy,2023-04-01,2023-04-06
1277,18,Manager's Special,2023-05-06,2023-05-12
1278,18,Mega Sale,2023-06-02,2023-06-06
1279,18,Friends and Family Discount Days,2023-07-05,2023-07-10
1280,18,Grand Opening Celebration,2023-08-03,2023-08-08
1281,18,Midnight Madness,2023-09-01,2023-09-05
1282,18,Anniversary Sale,2023-10-03,2023-10-08
1283,18,Friends and Family Discount Days,2023-11-04,2023-11-07
1284,18,Anniversary Sale,2023-12-02,2023-12-05
1285,18,Midnight Madness,2024-01-02,2024-01-07
1286,18,Grand Opening Celebration,2024-02-05,2024-02-10
1287,18,Flash Sale Frenzy,2024-03-02,2024-03-07
1288,18,Midnight Madness,2024-04-08,2024-04-14
1289,18,Mega Sale,2024-05-01,2024-05-06
1290,18,Customer Appreciation Week,2024-06-10,2024-06-14
1291,18,Seasonal Discount Event,2024-07-03,2024-07-09
1292,18,Inventory Liquidation Sale,2024-08-01,2024-08-05
1293,18,Grand Opening Celebration,2024-09-01,2024-09-06
1294,18,Last Chance to Save,2024-10-08,2024-10-14
1295,18,Last Chance to Save,2024-11-08,2024-11-15
1296,18,Last Chance to Save,2024-12-09,2024-12-15
1297,19,Seasonal Discount Event,2019-01-03,2019-01-08
1298,19,Grand Opening Celebration,2019-02-10,2019-02-16
1299,19,Manager's Special,2019-03-05,2019-03-08
1300,19,Friends and Family Discount Days,2019-04-04,2019-04-09
1301,19,Anniversary Sale,2019-05-08,2019-05-14
1302,19,Buy One Get One Free (BOGO) Event,2019-06-10,2019-06-17
1303,19,Grand Opening Celebration,2019-07-08,2019-07-12
1304,19,Seasonal Discount Event,2019-08-08,2019-08-14
1305,19,Midnight Madness,2019-09-04,2019-09-11
1306,19,Grand Opening Celebration,2019-10-09,2019-10-12
1307,19,Anniversary Sale,2019-11-08,2019-11-11
1308,19,Friends and Family Discount Days,2019-12-10,2019-12-15
1309,19,Inventory Liquidation Sale,2020-01-06,2020-01-09
1310,19,Manager's Special,2020-02-06,2020-02-10
1311,19,Flash Sale Frenzy,2020-03-01,2020-03-04
1312,19,Friends and Family Discount Days,2020-04-03,2020-04-09
1313,19,Anniversary Sale,2020-05-05,2020-05-09
1314,19,Flash Sale Frenzy,2020-06-06,2020-06-13
1315,19,Seasonal Discount Event,2020-07-04,2020-07-08
1316,19,Manager's Special,2020-08-03,2020-08-07
1317,19,Mega Sale,2020-09-02,2020-09-07
1318,19,Midnight Madness,2020-10-04,2020-10-07
1319,19,Grand Opening Celebration,2020-11-02,2020-11-08
1320,19,Grand Opening Celebration,2020-12-10,2020-12-16
1321,19,Buy One Get One Free (BOGO) Event,2021-01-05,2021-01-11
1322,19,Last Chance to Save,2021-02-08,2021-02-11
1323,19,Inventory Liquidation Sale,2021-03-02,2021-03-05
1324,19,Last Chance to Save,2021-04-09,2021-04-16
1325,19,Customer Appreciation Week,2021-05-02,2021-05-05
1326,19,Friends and Family Discount Days,2021-06-06,2021-06-12
1327,19,Mega Sale,2021-07-08,2021-07-12
1328,19,Midnight Madness,2021-08-10,2021-08-13
1329,19,Midnight Madness,2021-09-08,2021-09-11
1330,19,Customer Appreciation Week,2021-10-06,2021-10-13
1331,19,Grand Opening Celebration,2021-11-01,2021-11-05
1332,19,Grand Opening Celebration,2021-12-05,2021-12-09
1333,19,Midnight Madness,2022-01-07,2022-01-11
1334,19,Seasonal Discount Event,2022-02-05,2022-02-10
1335,19,Mega Sale,2022-03-09,2022-03-14
1336,19,Seasonal Discount Event,2022-04-07,2022-04-14
1337,19,Midnight Madness,2022-05-08,2022-05-11
1338,19,Buy One Get One Free (BOGO) Event,2022-06-08,2022-06-15
1339,19,Inventory Liquidation Sale,2022-07-06,2022-07-09
1340,19,Mega Sale,2022-08-01,2022-08-06
1341,19,Manager's Special,2022-09-08,2022-09-11
1342,19,Friends and Family Discount Days,2022-10-08,2022-10-15
1343,19,Buy One Get One Free (BOGO) Event,2022-11-05,2022-11-10
1344,19,Anniversary Sale,2022-12-01,2022-12-05
1345,19,Seasonal Discount Event,2023-01-08,2023-01-13
1346,19,Mega Sale,2023-02-10,2023-02-15
1347,19,Flash Sale Frenzy,2023-03-05,2023-03-10
1348,19,Midnight Madness,2023-04-08,2023-04-15
1349,19,Midnight Madness,2023-05-07,2023-05-13
1350,19,Grand Opening Celebration,2023-06-01,2023-06-06
1351,19,Buy One Get One Free (BOGO) Event,2023-07-09,2023-07-15
1352,19,Seasonal Discount Event,2023-08-08,2023-08-11
1353,19,Friends and Family Discount Days,2023-09-09,2023-09-16
1354,19,Friends and Family Discount Days,2023-10-07,2023-10-10
1355,19,Mega Sale,2023-11-03,2023-11-09
1356,19,Seasonal Discount Event,2023-12-08,2023-12-12
1357,19,Buy One Get One Free (BOGO) Event,2024-01-08,2024-01-14
1358,19,Buy One Get One Free (BOGO) Event,2024-02-10,2024-02-16
1359,19,Inventory Liquidation Sale,2024-03-09,2024-03-14
1360,19,Customer Appreciation Week,2024-04-03,2024-04-09
1361,19,Midnight Madness,2024-05-04,2024-05-07
1362,19,Manager's Special,2024-06-09,2024-06-16
1363,19,Friends and Family Discount Days,2024-07-06,2024-07-12
1364,19,Inventory Liquidation Sale,2024-08-06,2024-08-11
1365,19,Friends and Family Discount Days,2024-09-04,2024-09-09
1366,19,Buy One Get One Free (BOGO) Event,2024-10-06,2024-10-11
1367,19,Manager's Special,2024-11-08,2024-11-15
1368,19,Inventory Liquidation Sale,2024-12-01,2024-12-07
1369,20,Last Chance to Save,2019-01-01,2019-01-07
1370,20,Inventory Liquidation Sale,2019-02-01,2019-02-06
1371,20,Manager's Special,2019-03-06,2019-03-11
1372,20,Midnight Madness,2019-04-01,2019-04-04
1373,20,Friends and Family Discount Days,2019-05-08,2019-05-12
1374,20,Friends and Family Discount Days,2019-06-05,2019-06-08
1375,20,Flash Sale Frenzy,2019-07-08,2019-07-12
1376,20,Customer Appreciation Week,2019-08-10,2019-08-14
1377,20,Friends and Family Discount Days,2019-09-03,2019-09-10
1378,20,Manager's Special,2019-10-09,2019-10-14
1379,20,Grand Opening Celebration,2019-11-08,2019-11-12
1380,20,Buy One Get One Free (BOGO) Event,2019-12-01,2019-12-06
1381,20,Customer Appreciation Week,2020-01-06,2020-01-10
1382,20,Customer Appreciation Week,2020-02-02,2020-02-08
1383,20,Inventory Liquidation Sale,2020-03-05,2020-03-12
1384,20,Customer Appreciation Week,2020-04-07,2020-04-12
1385,20,Flash Sale Frenzy,2020-05-07,2020-05-12
1386,20,Flash Sale Frenzy,2020-06-05,2020-06-09
1387,20,Inventory Liquidation Sale,2020-07-05,2020-07-09
1388,20,Mega Sale,2020-08-03,2020-08-07
1389,20,Anniversary Sale,2020-09-03,2020-09-07
1390,20,Anniversary Sale,2020-10-05,2020-10-08
1391,20,Anniversary Sale,2020-11-07,2020-11-12
1392,20,Last Chance to Save,2020-12-07,2020-12-10
1393,20,Inventory Liquidation Sale,2021-01-03,2021-01-09
1394,20,Customer Appreciation Week,2021-02-03,2021-02-06
1395,20,Manager's Special,2021-03-02,2021-03-07
1396,20,Mega Sale,2021-04-08,2021-04-14
1397,20,Anniversary Sale,2021-05-10,2021-05-16
1398,20,Inventory Liquidation Sale,2021-06-04,2021-06-10
1399,20,Flash Sale Frenzy,2021-07-06,2021-07-09
1400,20,Anniversary Sale,2021-08-10,2021-08-14
1401,20,Flash Sale Frenzy,2021-09-02,2021-09-09
1402,20,Customer Appreciation Week,2021-10-07,2021-10-14
1403,20,Midnight Madness,2021-11-03,2021-11-06
1404,20,Customer Appreciation Week,2021-12-01,2021-12-07
1405,20,Seasonal Discount Event,2022-01-06,2022-01-09
1406,20,Grand Opening Celebration,2022-02-10,2022-02-16
1407,20,Manager's Special,2022-03-02,2022-03-07
1408,20,Mega Sale,2022-04-09,2022-04-14
1409,20,Buy One Get One Free (BOGO) Event,2022-05-06,2022-05-10
1410,20,Midnight Madness,2022-06-07,2022-06-12
1411,20,Last Chance to Save,2022-07-05,2022-07-08
1412,20,Friends and Family Discount Days,2022-08-01,2022-08-04
1413,20,Manager's Special,2022-09-03,2022-09-06
1414,20,Mega Sale,2022-10-10,2022-10-16
1415,20,Inventory Liquidation Sale,2022-11-07,2022-11-10
1416,20,Buy One Get One Free (BOGO) Event,2022-12-01,2022-12-07
1417,20,Flash Sale Frenzy,2023-01-04,2023-01-08
1418,20,Friends and Family Discount Days,2023-02-06,2023-02-09
1419,20,Seasonal Discount Event,2023-03-08,2023-03-13
1420,20,Friends and Family Discount Days,2023-04-10,2023-04-16
1421,20,Inventory Liquidation Sale,2023-05-10,2023-05-14
1422,20,Last Chance to Save,2023-06-07,2023-06-10
1423,20,Customer Appreciation Week,2023-07-09,2023-07-15
1424,20,Customer Appreciation Week,2023-08-04,2023-08-07
1425,20,Buy One Get One Free (BOGO) Event,2023-09-04,2023-09-09
1426,20,Flash Sale Frenzy,2023-10-03,2023-10-06
1427,20,Inventory Liquidation Sale,2023-11-01,2023-11-06
1428,20,Midnight Madness,2023-12-02,2023-12-05
1429,20,Inventory Liquidation Sale,2024-01-08,2024-01-12
1430,20,Flash Sale Frenzy,2024-02-03,2024-02-10
1431,20,Inventory Liquidation Sale,2024-03-05,2024-03-12
1432,20,Last Chance to Save,2024-04-06,2024-04-13
1433,20,Last Chance to Save,2024-05-04,2024-05-10
1434,20,Inventory Liquidation Sale,2024-06-05,2024-06-09
1435,20,Mega Sale,2024-07-07,2024-07-10
1436,20,Friends and Family Discount Days,2024-08-08,2024-08-14
1437,20,Seasonal Discount Event,2024-09-08,2024-09-15
1438,20,Inventory Liquidation Sale,2024-10-04,2024-10-11
1439,20,Mega Sale,2024-11-01,2024-11-04
1440,20,Friends and Family Discount Days,2024-12-02,2024-12-06
1441,21,Anniversary Sale,2019-01-06,2019-01-10
1442,21,Manager's Special,2019-02-10,2019-02-14
1443,21,Midnight Madness,2019-03-09,2019-03-13
1444,21,Customer Appreciation Week,2019-04-03,2019-04-07
1445,21,Midnight Madness,2019-05-08,2019-05-14
1446,21,Customer Appreciation Week,2019-06-01,2019-06-06
1447,21,Buy One Get One Free (BOGO) Event,2019-07-09,2019-07-12
1448,21,Grand Opening Celebration,2019-08-04,2019-08-08
1449,21,Buy One Get One Free (BOGO) Event,2019-09-05,2019-09-12
1450,21,Manager's Special,2019-10-10,2019-10-16
1451,21,Mega Sale,2019-11-05,2019-11-11
1452,21,Anniversary Sale,2019-12-05,2019-12-08
1453,21,Seasonal Discount Event,2020-01-03,2020-01-09
1454,21,Friends and Family Discount Days,2020-02-07,2020-02-12
1455,21,Customer Appreciation Week,2020-03-05,2020-03-09
1456,21,Inventory Liquidation Sale,2020-04-10,2020-04-14
1457,21,Midnight Madness,2020-05-10,2020-05-17
1458,21,Inventory Liquidation Sale,2020-06-01,2020-06-05
1459,21,Friends and Family Discount Days,2020-07-05,2020-07-11
1460,21,Friends and Family Discount Days,2020-08-07,2020-08-14
1461,21,Seasonal Discount Event,2020-09-01,2020-09-06
1462,21,Inventory Liquidation Sale,2020-10-07,2020-10-10
1463,21,Anniversary Sale,2020-11-03,2020-11-10
1464,21,Grand Opening Celebration,2020-12-06,2020-12-11
1465,21,Buy One Get One Free (BOGO) Event,2021-01-02,2021-01-09
1466,21,Seasonal Discount Event,2021-02-01,2021-02-06
1467,21,Midnight Madness,2021-03-08,2021-03-14
1468,21,Anniversary Sale,2021-04-03,2021-04-10
1469,21,Manager's Special,2021-05-07,2021-05-13
1470,21,Anniversary Sale,2021-06-06,2021-06-09
1471,21,Midnight Madness,2021-07-06,2021-07-12
1472,21,Flash Sale Frenzy,2021-08-04,2021-08-10
1473,21,Flash Sale Frenzy,2021-09-05,2021-09-11
1474,21,Manager's Special,2021-10-05,2021-10-10
1475,21,Grand Opening Celebration,2021-11-01,2021-11-06
1476,21,Mega Sale,2021-12-06,2021-12-09
1477,21,Friends and Family Discount Days,2022-01-10,2022-01-17
1478,21,Anniversary Sale,2022-02-07,2022-02-12
1479,21,Grand Opening Celebration,2022-03-04,2022-03-08
1480,21,Flash Sale Frenzy,2022-04-07,2022-04-13
1481,21,Last Chance to Save,2022-05-02,2022-05-05
1482,21,Friends and Family Discount Days,2022-06-08,2022-06-15
1483,21,Customer Appreciation Week,2022-07-02,2022-07-06
1484,21,Customer Appreciation Week,2022-08-10,2022-08-14
1485,21,Manager's Special,2022-09-08,2022-09-12
1486,21,Last Chance to Save,2022-10-02,2022-10-08
1487,21,Last Chance to Save,2022-11-05,2022-11-09
1488,21,Flash Sale Frenzy,2022-12-03,2022-12-10
1489,21,Flash Sale Frenzy,2023-01-06,2023-01-10
1490,21,Mega Sale,2023-02-05,2023-02-08
1491,21,Mega Sale,2023-03-08,2023-03-13
1492,21,Inventory Liquidation Sale,2023-04-07,2023-04-10
1493,21,Inventory Liquidation Sale,2023-05-07,2023-05-12
1494,21,Manager's Special,2023-06-08,2023-06-12
1495,21,Flash Sale Frenzy,2023-07-05,2023-07-10
1496,21,Mega Sale,2023-08-09,2023-08-13
1497,21,Grand Opening Celebration,2023-09-07,2023-09-10
1498,21,Inventory Liquidation Sale,2023-10-10,2023-10-17
1499,21,Midnight Madness,2023-11-04,2023-11-09
1500,21,Anniversary Sale,2023-12-09,2023-12-13
1501,21,Seasonal Discount Event,2024-01-04,2024-01-10
1502,21,Mega Sale,2024-02-04,2024-02-10
1503,21,Manager's Special,2024-03-02,2024-03-07
1504,21,Manager's Special,2024-04-10,2024-04-14
1505,21,Grand Opening Celebration,2024-05-07,2024-05-14
1506,21,Grand Opening Celebration,2024-06-07,2024-06-14
1507,21,Anniversary Sale,2024-07-09,2024-07-12
1508,21,Inventory Liquidation Sale,2024-08-10,2024-08-15
1509,21,Grand Opening Celebration,2024-09-06,2024-09-10
1510,21,Anniversary Sale,2024-10-01,2024-10-04
1511,21,Flash Sale Frenzy,2024-11-03,2024-11-09
1512,21,Customer Appreciation Week,2024-12-01,2024-12-08
1513,22,Midnight Madness,2019-01-07,2019-01-10
1514,22,Buy One Get One Free (BOGO) Event,2019-02-08,2019-02-11
1515,22,Last Chance to Save,2019-03-03,2019-03-10
1516,22,Anniversary Sale,2019-04-04,2019-04-08
1517,22,Inventory Liquidation Sale,2019-05-02,2019-05-07
1518,22,Flash Sale Frenzy,2019-06-02,2019-06-06
1519,22,Inventory Liquidation Sale,2019-07-05,2019-07-11
1520,22,Flash Sale Frenzy,2019-08-08,2019-08-15
1521,22,Midnight Madness,2019-09-10,2019-09-14
1522,22,Manager's Special,2019-10-03,2019-10-09
1523,22,Seasonal Discount Event,2019-11-09,2019-11-16
1524,22,Buy One Get One Free (BOGO) Event,2019-12-10,2019-12-15
1525,22,Buy One Get One Free (BOGO) Event,2020-01-03,2020-01-09
1526,22,Grand Opening Celebration,2020-02-03,2020-02-10
1527,22,Midnight Madness,2020-03-04,2020-03-10
1528,22,Seasonal Discount Event,2020-04-10,2020-04-17
1529,22,Midnight Madness,2020-05-03,2020-05-08
1530,22,Anniversary Sale,2020-06-08,2020-06-12
1531,22,Mega Sale,2020-07-02,2020-07-09
1532,22,Customer Appreciation Week,2020-08-10,2020-08-17
1533,22,Friends and Family Discount Days,2020-09-07,2020-09-10
1534,22,Manager's Special,2020-10-09,2020-10-12
1535,22,Last Chance to Save,2020-11-09,2020-11-12
1536,22,Last Chance to Save,2020-12-09,2020-12-16
1537,22,Seasonal Discount Event,2021-01-01,2021-01-06
1538,22,Anniversary Sale,2021-02-10,2021-02-14
1539,22,Midnight Madness,2021-03-07,2021-03-11
1540,22,Inventory Liquidation Sale,2021-04-03,2021-04-08
1541,22,Buy One Get One Free (BOGO) Event,2021-05-06,2021-05-10
1542,22,Flash Sale Frenzy,2021-06-08,2021-06-13
1543,22,Last Chance to Save,2021-07-05,2021-07-09
1544,22,Grand Opening Celebration,2021-08-08,2021-08-12
1545,22,Flash Sale Frenzy,2021-09-08,2021-09-12
1546,22,Flash Sale Frenzy,2021-10-03,2021-10-06
1547,22,Customer Appreciation Week,2021-11-06,2021-11-10
1548,22,Flash Sale Frenzy,2021-12-06,2021-12-09
1549,22,Friends and Family Discount Days,2022-01-07,2022-01-14
1550,22,Last Chance to Save,2022-02-04,2022-02-08
1551,22,Last Chance to Save,2022-03-08,2022-03-13
1552,22,Customer Appreciation Week,2022-04-02,2022-04-05
1553,22,Seasonal Discount Event,2022-05-07,2022-05-12
1554,22,Seasonal Discount Event,2022-06-02,2022-06-08
1555,22,Anniversary Sale,2022-07-09,2022-07-15
1556,22,Flash Sale Frenzy,2022-08-05,2022-08-12
1557,22,Customer Appreciation Week,2022-09-02,2022-09-06
1558,22,Midnight Madness,2022-10-10,2022-10-16
1559,22,Grand Opening Celebration,2022-11-01,2022-11-06
1560,22,Inventory Liquidation Sale,2022-12-06,2022-12-10
1561,22,Manager's Special,2023-01-10,2023-01-16
1562,22,Grand Opening Celebration,2023-02-05,2023-02-11
1563,22,Friends and Family Discount Days,2023-03-02,2023-03-09
1564,22,Friends and Family Discount Days,2023-04-04,2023-04-08
1565,22,Manager's Special,2023-05-01,2023-05-07
1566,22,Flash Sale Frenzy,2023-06-04,2023-06-11
1567,22,Friends and Family Discount Days,2023-07-10,2023-07-13
1568,22,Mega Sale,2023-08-05,2023-08-11
1569,22,Customer Appreciation Week,2023-09-06,2023-09-09
1570,22,Grand Opening Celebration,2023-10-04,2023-10-10
1571,22,Last Chance to Save,2023-11-09,2023-11-14
1572,22,Friends and Family Discount Days,2023-12-07,2023-12-13
1573,22,Seasonal Discount Event,2024-01-07,2024-01-12
1574,22,Customer Appreciation Week,2024-02-10,2024-02-17
1575,22,Last Chance to Save,2024-03-02,2024-03-09
1576,22,Grand Opening Celebration,2024-04-07,2024-04-14
1577,22,Inventory Liquidation Sale,2024-05-07,2024-05-10
1578,22,Seasonal Discount Event,2024-06-03,2024-06-07
1579,22,Midnight Madness,2024-07-07,2024-07-12
1580,22,Buy One Get One Free (BOGO) Event,2024-08-10,2024-08-17
1581,22,Customer Appreciation Week,2024-09-02,2024-09-07
1582,22,Midnight Madness,2024-10-08,2024-10-11
1583,22,Seasonal Discount Event,2024-11-05,2024-11-09
1584,22,Manager's Special,2024-12-05,2024-12-09
1585,23,Buy One Get One Free (BOGO) Event,2019-01-10,2019-01-13
1586,23,Grand Opening Celebration,2019-02-03,2019-02-09
1587,23,Midnight Madness,2019-03-02,2019-03-08
1588,23,Inventory Liquidation Sale,2019-04-08,2019-04-13
1589,23,Seasonal Discount Event,2019-05-05,2019-05-09
1590,23,Flash Sale Frenzy,2019-06-03,2019-06-06
1591,23,Flash Sale Frenzy,2019-07-05,2019-07-09
1592,23,Manager's Special,2019-08-02,2019-08-09
1593,23,Inventory Liquidation Sale,2019-09-04,2019-09-11
1594,23,Friends and Family Discount Days,2019-10-10,2019-10-13
1595,23,Midnight Madness,2019-11-05,2019-11-11
1596,23,Midnight Madness,2019-12-02,2019-12-08
1597,23,Customer Appreciation Week,2020-01-02,2020-01-05
1598,23,Manager's Special,2020-02-03,2020-02-10
1599,23,Customer Appreciation Week,2020-03-09,2020-03-13
1600,23,Seasonal Discount Event,2020-04-09,2020-04-14
1601,23,Anniversary Sale,2020-05-09,2020-05-13
1602,23,Midnight Madness,2020-06-03,2020-06-09
1603,23,Friends and Family Discount Days,2020-07-01,2020-07-06
1604,23,Customer Appreciation Week,2020-08-04,2020-08-09
1605,23,Friends and Family Discount Days,2020-09-04,2020-09-09
1606,23,Manager's Special,2020-10-07,2020-10-11
1607,23,Manager's Special,2020-11-05,2020-11-09
1608,23,Friends and Family Discount Days,2020-12-08,2020-12-11
1609,23,Last Chance to Save,2021-01-02,2021-01-08
1610,23,Midnight Madness,2021-02-04,2021-02-09
1611,23,Buy One Get One Free (BOGO) Event,2021-03-08,2021-03-11
1612,23,Seasonal Discount Event,2021-04-06,2021-04-11
1613,23,Midnight Madness,2021-05-04,2021-05-11
1614,23,Flash Sale Frenzy,2021-06-06,2021-06-11
1615,23,Friends and Family Discount Days,2021-07-08,2021-07-14
1616,23,Mega Sale,2021-08-10,2021-08-14
1617,23,Seasonal Discount Event,2021-09-03,2021-09-06
1618,23,Grand Opening Celebration,2021-10-09,2021-10-13
1619,23,Last Chance to Save,2021-11-10,2021-11-15
1620,23,Customer Appreciation Week,2021-12-09,2021-12-12
1621,23,Flash Sale Frenzy,2022-01-09,2022-01-14
1622,23,Customer Appreciation Week,2022-02-08,2022-02-11
1623,23,Manager's Special,2022-03-09,2022-03-15
1624,23,Last Chance to Save,2022-04-02,2022-04-09
1625,23,Manager's Special,2022-05-09,2022-05-12
1626,23,Grand Opening Celebration,2022-06-03,2022-06-08
1627,23,Buy One Get One Free (BOGO) Event,2022-07-10,2022-07-17
1628,23,Midnight Madness,2022-08-02,2022-08-07
1629,23,Customer Appreciation Week,2022-09-04,2022-09-10
1630,23,Customer Appreciation Week,2022-10-02,2022-10-06
1631,23,Midnight Madness,2022-11-09,2022-11-15
1632,23,Friends and Family Discount Days,2022-12-04,2022-12-10
1633,23,Inventory Liquidation Sale,2023-01-05,2023-01-11
1634,23,Friends and Family Discount Days,2023-02-07,2023-02-10
1635,23,Grand Opening Celebration,2023-03-01,2023-03-06
1636,23,Buy One Get One Free (BOGO) Event,2023-04-04,2023-04-08
1637,23,Inventory Liquidation Sale,2023-05-01,2023-05-07
1638,23,Manager's Special,2023-06-04,2023-06-10
1639,23,Inventory Liquidation Sale,2023-07-02,2023-07-06
1640,23,Inventory Liquidation Sale,2023-08-05,2023-08-11
1641,23,Anniversary Sale,2023-09-07,2023-09-14
1642,23,Customer Appreciation Week,2023-10-04,2023-10-07
1643,23,Flash Sale Frenzy,2023-11-02,2023-11-08
1644,23,Mega Sale,2023-12-10,2023-12-15
1645,23,Anniversary Sale,2024-01-07,2024-01-14
1646,23,Inventory Liquidation Sale,2024-02-03,2024-02-10
1647,23,Grand Opening Celebration,2024-03-08,2024-03-12
1648,23,Anniversary Sale,2024-04-05,2024-04-08
1649,23,Mega Sale,2024-05-07,2024-05-11
1650,23,Last Chance to Save,2024-06-04,2024-06-07
1651,23,Last Chance to Save,2024-07-02,2024-07-08
1652,23,Inventory Liquidation Sale,2024-08-09,2024-08-15
1653,23,Customer Appreciation Week,2024-09-09,2024-09-15
1654,23,Seasonal Discount Event,2024-10-05,2024-10-11
1655,23,Buy One Get One Free (BOGO) Event,2024-11-01,2024-11-04
1656,23,Last Chance to Save,2024-12-03,2024-12-08
1657,24,Customer Appreciation Week,2019-01-04,2019-01-07
1658,24,Inventory Liquidation Sale,2019-02-06,2019-02-11
1659,24,Anniversary Sale,2019-03-05,2019-03-11
1660,24,Friends and Family Discount Days,2019-04-07,2019-04-10
1661,24,Buy One Get One Free (BOGO) Event,2019-05-04,2019-05-11
1662,24,Seasonal Discount Event,2019-06-05,2019-06-08
1663,24,Midnight Madness,2019-07-10,2019-07-16
1664,24,Flash Sale Frenzy,2019-08-07,2019-08-13
1665,24,Customer Appreciation Week,2019-09-05,2019-09-10
1666,24,Inventory Liquidation Sale,2019-10-07,2019-10-14
1667,24,Manager's Special,2019-11-01,2019-11-08
1668,24,Buy One Get One Free (BOGO) Event,2019-12-02,2019-12-07
1669,24,Flash Sale Frenzy,2020-01-06,2020-01-09
1670,24,Last Chance to Save,2020-02-06,2020-02-12
1671,24,Midnight Madness,2020-03-07,2020-03-10
1672,24,Midnight Madness,2020-04-09,2020-04-14
1673,24,Manager's Special,2020-05-06,2020-05-10
1674,24,Mega Sale,2020-06-09,2020-06-13
1675,24,Midnight Madness,2020-07-02,2020-07-06
1676,24,Flash Sale Frenzy,2020-08-10,2020-08-17
1677,24,Grand Opening Celebration,2020-09-08,2020-09-15
1678,24,Midnight Madness,2020-10-05,2020-10-09
1679,24,Customer Appreciation Week,2020-11-09,2020-11-14
1680,24,Last Chance to Save,2020-12-10,2020-12-13
1681,24,Last Chance to Save,2021-01-08,2021-01-14
1682,24,Grand Opening Celebration,2021-02-04,2021-02-11
1683,24,Customer Appreciation Week,2021-03-09,2021-03-15
1684,24,Seasonal Discount Event,2021-04-10,2021-04-14
1685,24,Flash Sale Frenzy,2021-05-06,2021-05-11
1686,24,Midnight Madness,2021-06-08,2021-06-14
1687,24,Midnight Madness,2021-07-07,2021-07-13
1688,24,Flash Sale Frenzy,2021-08-09,2021-08-15
1689,24,Friends and Family Discount Days,2021-09-02,2021-09-08
1690,24,Friends and Family Discount Days,2021-10-07,2021-10-12
1691,24,Midnight Madness,2021-11-06,2021-11-13
1692,24,Customer Appreciation Week,2021-12-06,2021-12-10
1693,24,Last Chance to Save,2022-01-05,2022-01-10
1694,24,Anniversary Sale,2022-02-07,2022-02-14
1695,24,Mega Sale,2022-03-10,2022-03-15
1696,24,Mega Sale,2022-04-03,2022-04-10
1697,24,Buy One Get One Free (BOGO) Event,2022-05-09,2022-05-15
1698,24,Midnight Madness,2022-06-01,2022-06-08
1699,24,Last Chance to Save,2022-07-08,2022-07-12
1700,24,Mega Sale,2022-08-06,2022-08-11
1701,24,Seasonal Discount Event,2022-09-05,2022-09-08
1702,24,Inventory Liquidation Sale,2022-10-10,2022-10-14
1703,24,Seasonal Discount Event,2022-11-10,2022-11-15
1704,24,Midnight Madness,2022-12-02,2022-12-07
1705,24,Last Chance to Save,2023-01-02,2023-01-07
1706,24,Flash Sale Frenzy,2023-02-02,2023-02-07
1707,24,Buy One Get One Free (BOGO) Event,2023-03-05,2023-03-08
1708,24,Last Chance to Save,2023-04-07,2023-04-13
1709,24,Grand Opening Celebration,2023-05-03,2023-05-08
1710,24,Flash Sale Frenzy,2023-06-09,2023-06-14
1711,24,Inventory Liquidation Sale,2023-07-05,2023-07-08
1712,24,Buy One Get One Free (BOGO) Event,2023-08-01,2023-08-06
1713,24,Flash Sale Frenzy,2023-09-08,2023-09-14
1714,24,Anniversary Sale,2023-10-04,2023-10-09
1715,24,Buy One Get One Free (BOGO) Event,2023-11-08,2023-11-14
1716,24,Grand Opening Celebration,2023-12-04,2023-12-07
1717,24,Inventory Liquidation Sale,2024-01-08,2024-01-15
1718,24,Last Chance to Save,2024-02-08,2024-02-13
1719,24,Friends and Family Discount Days,2024-03-01,2024-03-08
1720,24,Anniversary Sale,2024-04-07,2024-04-12
1721,24,Friends and Family Discount Days,2024-05-10,2024-05-15
1722,24,Anniversary Sale,2024-06-08,2024-06-12
1723,24,Midnight Madness,2024-07-05,2024-07-11
1724,24,Friends and Family Discount Days,2024-08-06,2024-08-09
1725,24,Buy One Get One Free (BOGO) Event,2024-09-02,2024-09-05
1726,24,Inventory Liquidation Sale,2024-10-01,2024-10-08
1727,24,Flash Sale Frenzy,2024-11-10,2024-11-14
1728,24,Flash Sale Frenzy,2024-12-01,2024-12-08
1729,25,Flash Sale Frenzy,2019-01-06,2019-01-09
1730,25,Seasonal Discount Event,2019-02-04,2019-02-11
1731,25,Anniversary Sale,2019-03-01,2019-03-05
1732,25,Last Chance to Save,2019-04-06,2019-04-09
1733,25,Friends and Family Discount Days,2019-05-02,2019-05-07
1734,25,Inventory Liquidation Sale,2019-06-05,2019-06-11
1735,25,Flash Sale Frenzy,2019-07-10,2019-07-17
1736,25,Anniversary Sale,2019-08-06,2019-08-11
1737,25,Customer Appreciation Week,2019-09-03,2019-09-07
1738,25,Inventory Liquidation Sale,2019-10-09,2019-10-13
1739,25,Seasonal Discount Event,2019-11-10,2019-11-13
1740,25,Buy One Get One Free (BOGO) Event,2019-12-10,2019-12-16
1741,25,Customer Appreciation Week,2020-01-08,2020-01-13
1742,25,Customer Appreciation Week,2020-02-07,2020-02-14
1743,25,Buy One Get One Free (BOGO) Event,2020-03-05,2020-03-09
1744,25,Grand Opening Celebration,2020-04-04,2020-04-08
1745,25,Midnight Madness,2020-05-04,2020-05-11
1746,25,Mega Sale,2020-06-05,2020-06-11
1747,25,Customer Appreciation Week,2020-07-02,2020-07-09
1748,25,Anniversary Sale,2020-08-04,2020-08-09
1749,25,Mega Sale,2020-09-04,2020-09-07
1750,25,Mega Sale,2020-10-03,2020-10-08
1751,25,Friends and Family Discount Days,2020-11-04,2020-11-07
1752,25,Friends and Family Discount Days,2020-12-07,2020-12-10
1753,25,Grand Opening Celebration,2021-01-05,2021-01-10
1754,25,Last Chance to Save,2021-02-01,2021-02-05
1755,25,Customer Appreciation Week,2021-03-10,2021-03-14
1756,25,Buy One Get One Free (BOGO) Event,2021-04-02,2021-04-08
1757,25,Manager's Special,2021-05-08,2021-05-12
1758,25,Midnight Madness,2021-06-05,2021-06-09
1759,25,Seasonal Discount Event,2021-07-01,2021-07-07
1760,25,Friends and Family Discount Days,2021-08-09,2021-08-13
1761,25,Friends and Family Discount Days,2021-09-09,2021-09-13
1762,25,Friends and Family Discount Days,2021-10-07,2021-10-10
1763,25,Grand Opening Celebration,2021-11-04,2021-11-11
1764,25,Flash Sale Frenzy,2021-12-04,2021-12-07
1765,25,Mega Sale,2022-01-07,2022-01-13
1766,25,Manager's Special,2022-02-09,2022-02-12
1767,25,Manager's Special,2022-03-02,2022-03-05
1768,25,Mega Sale,2022-04-01,2022-04-05
1769,25,Midnight Madness,2022-05-09,2022-05-16
1770,25,Midnight Madness,2022-06-07,2022-06-14
1771,25,Manager's Special,2022-07-08,2022-07-11
1772,25,Manager's Special,2022-08-03,2022-08-08
1773,25,Inventory Liquidation Sale,2022-09-10,2022-09-15
1774,25,Midnight Madness,2022-10-06,2022-10-12
1775,25,Buy One Get One Free (BOGO) Event,2022-11-05,2022-11-08
1776,25,Friends and Family Discount Days,2022-12-10,2022-12-14
1777,25,Customer Appreciation Week,2023-01-05,2023-01-11
1778,25,Seasonal Discount Event,2023-02-03,2023-02-10
1779,25,Grand Opening Celebration,2023-03-04,2023-03-11
1780,25,Last Chance to Save,2023-04-07,2023-04-11
1781,25,Buy One Get One Free (BOGO) Event,2023-05-01,2023-05-05
1782,25,Midnight Madness,2023-06-09,2023-06-14
1783,25,Last Chance to Save,2023-07-03,2023-07-06
1784,25,Midnight Madness,2023-08-02,2023-08-08
1785,25,Manager's Special,2023-09-06,2023-09-13
1786,25,Friends and Family Discount Days,2023-10-05,2023-10-10
1787,25,Anniversary Sale,2023-11-10,2023-11-13
1788,25,Last Chance to Save,2023-12-01,2023-12-05
1789,25,Last Chance to Save,2024-01-06,2024-01-12
1790,25,Flash Sale Frenzy,2024-02-09,2024-02-15
1791,25,Last Chance to Save,2024-03-04,2024-03-11
1792,25,Customer Appreciation Week,2024-04-04,2024-04-11
1793,25,Manager's Special,2024-05-02,2024-05-05
1794,25,Grand Opening Celebration,2024-06-08,2024-06-12
1795,25,Midnight Madness,2024-07-04,2024-07-11
1796,25,Flash Sale Frenzy,2024-08-08,2024-08-14
1797,25,Customer Appreciation Week,2024-09-04,2024-09-09
1798,25,Mega Sale,2024-10-01,2024-10-05
1799,25,Seasonal Discount Event,2024-11-05,2024-11-12
1800,25,Grand Opening Celebration,2024-12-07,2024-12-14
1801,26,Last Chance to Save,2019-01-10,2019-01-14
1802,26,Midnight Madness,2019-02-09,2019-02-14
1803,26,Mega Sale,2019-03-06,2019-03-11
1804,26,Seasonal Discount Event,2019-04-03,2019-04-06
1805,26,Friends and Family Discount Days,2019-05-01,2019-05-04
1806,26,Manager's Special,2019-06-06,2019-06-11
1807,26,Buy One Get One Free (BOGO) Event,2019-07-05,2019-07-12
1808,26,Buy One Get One Free (BOGO) Event,2019-08-08,2019-08-15
1809,26,Flash Sale Frenzy,2019-09-01,2019-09-07
1810,26,Buy One Get One Free (BOGO) Event,2019-10-01,2019-10-06
1811,26,Friends and Family Discount Days,2019-11-09,2019-11-15
1812,26,Anniversary Sale,2019-12-04,2019-12-08
1813,26,Flash Sale Frenzy,2020-01-02,2020-01-08
1814,26,Inventory Liquidation Sale,2020-02-06,2020-02-13
1815,26,Last Chance to Save,2020-03-01,2020-03-05
1816,26,Customer Appreciation Week,2020-04-05,2020-04-12
1817,26,Mega Sale,2020-05-04,2020-05-11
1818,26,Friends and Family Discount Days,2020-06-01,2020-06-05
1819,26,Flash Sale Frenzy,2020-07-01,2020-07-06
1820,26,Friends and Family Discount Days,2020-08-01,2020-08-05
1821,26,Manager's Special,2020-09-08,2020-09-12
1822,26,Mega Sale,2020-10-02,2020-10-05
1823,26,Flash Sale Frenzy,2020-11-10,2020-11-16
1824,26,Flash Sale Frenzy,2020-12-10,2020-12-15
1825,26,Inventory Liquidation Sale,2021-01-06,2021-01-11
1826,26,Friends and Family Discount Days,2021-02-03,2021-02-09
1827,26,Midnight Madness,2021-03-08,2021-03-11
1828,26,Manager's Special,2021-04-01,2021-04-07
1829,26,Last Chance to Save,2021-05-07,2021-05-11
1830,26,Midnight Madness,2021-06-01,2021-06-05
1831,26,Flash Sale Frenzy,2021-07-06,2021-07-09
1832,26,Inventory Liquidation Sale,2021-08-07,2021-08-13
1833,26,Grand Opening Celebration,2021-09-09,2021-09-16
1834,26,Last Chance to Save,2021-10-03,2021-10-06
1835,26,Flash Sale Frenzy,2021-11-08,2021-11-13
1836,26,Grand Opening Celebration,2021-12-03,2021-12-06
1837,26,Midnight Madness,2022-01-04,2022-01-09
1838,26,Customer Appreciation Week,2022-02-10,2022-02-15
1839,26,Mega Sale,2022-03-03,2022-03-10
1840,26,Customer Appreciation Week,2022-04-07,2022-04-12
1841,26,Grand Opening Celebration,2022-05-03,2022-05-06
1842,26,Last Chance to Save,2022-06-03,2022-06-10
1843,26,Seasonal Discount Event,2022-07-06,2022-07-13
1844,26,Anniversary Sale,2022-08-10,2022-08-17
1845,26,Buy One Get One Free (BOGO) Event,2022-09-05,2022-09-08
1846,26,Buy One Get One Free (BOGO) Event,2022-10-08,2022-10-13
1847,26,Midnight Madness,2022-11-08,2022-11-14
1848,26,Midnight Madness,2022-12-08,2022-12-15
1849,26,Seasonal Discount Event,2023-01-03,2023-01-08
1850,26,Grand Opening Celebration,2023-02-05,2023-02-12
1851,26,Customer Appreciation Week,2023-03-09,2023-03-15
1852,26,Buy One Get One Free (BOGO) Event,2023-04-08,2023-04-14
1853,26,Grand Opening Celebration,2023-05-10,2023-05-15
1854,26,Manager's Special,2023-06-06,2023-06-12
1855,26,Inventory Liquidation Sale,2023-07-01,2023-07-06
1856,26,Friends and Family Discount Days,2023-08-09,2023-08-15
1857,26,Customer Appreciation Week,2023-09-01,2023-09-07
1858,26,Inventory Liquidation Sale,2023-10-10,2023-10-17
1859,26,Grand Opening Celebration,2023-11-05,2023-11-10
1860,26,Friends and Family Discount Days,2023-12-02,2023-12-07
1861,26,Last Chance to Save,2024-01-01,2024-01-06
1862,26,Last Chance to Save,2024-02-03,2024-02-08
1863,26,Grand Opening Celebration,2024-03-09,2024-03-15
1864,26,Anniversary Sale,2024-04-05,2024-04-09
1865,26,Grand Opening Celebration,2024-05-05,2024-05-11
1866,26,Last Chance to Save,2024-06-08,2024-06-15
1867,26,Customer Appreciation Week,2024-07-01,2024-07-08
1868,26,Anniversary Sale,2024-08-05,2024-08-11
1869,26,Grand Opening Celebration,2024-09-01,2024-09-07
1870,26,Midnight Madness,2024-10-09,2024-10-13
1871,26,Mega Sale,2024-11-06,2024-11-09
1872,26,Seasonal Discount Event,2024-12-05,2024-12-08
1873,27,Grand Opening Celebration,2019-01-03,2019-01-09
1874,27,Customer Appreciation Week,2019-02-01,2019-02-05
1875,27,Anniversary Sale,2019-03-10,2019-03-14
1876,27,Flash Sale Frenzy,2019-04-06,2019-04-10
1877,27,Friends and Family Discount Days,2019-05-03,2019-05-07
1878,27,Mega Sale,2019-06-01,2019-06-05
1879,27,Last Chance to Save,2019-07-05,2019-07-10
1880,27,Seasonal Discount Event,2019-08-07,2019-08-11
1881,27,Inventory Liquidation Sale,2019-09-07,2019-09-11
1882,27,Customer Appreciation Week,2019-10-02,2019-10-07
1883,27,Mega Sale,2019-11-08,2019-11-13
1884,27,Last Chance to Save,2019-12-08,2019-12-11
1885,27,Customer Appreciation Week,2020-01-02,2020-01-06
1886,27,Manager's Special,2020-02-10,2020-02-15
1887,27,Buy One Get One Free (BOGO) Event,2020-03-06,2020-03-13
1888,27,Last Chance to Save,2020-04-04,2020-04-11
1889,27,Customer Appreciation Week,2020-05-04,2020-05-08
1890,27,Customer Appreciation Week,2020-06-09,2020-06-14
1891,27,Last Chance to Save,2020-07-10,2020-07-17
1892,27,Manager's Special,2020-08-10,2020-08-13
1893,27,Grand Opening Celebration,2020-09-10,2020-09-15
1894,27,Midnight Madness,2020-10-06,2020-10-13
1895,27,Seasonal Discount Event,2020-11-06,2020-11-10
1896,27,Flash Sale Frenzy,2020-12-09,2020-12-15
1897,27,Manager's Special,2021-01-06,2021-01-09
1898,27,Flash Sale Frenzy,2021-02-01,2021-02-08
1899,27,Seasonal Discount Event,2021-03-01,2021-03-04
1900,27,Mega Sale,2021-04-02,2021-04-08
1901,27,Manager's Special,2021-05-05,2021-05-12
1902,27,Inventory Liquidation Sale,2021-06-04,2021-06-07
1903,27,Friends and Family Discount Days,2021-07-02,2021-07-07
1904,27,Last Chance to Save,2021-08-07,2021-08-11
1905,27,Midnight Madness,2021-09-07,2021-09-10
1906,27,Last Chance to Save,2021-10-09,2021-10-16
1907,27,Seasonal Discount Event,2021-11-02,2021-11-05
1908,27,Customer Appreciation Week,2021-12-01,2021-12-06
1909,27,Manager's Special,2022-01-06,2022-01-13
1910,27,Grand Opening Celebration,2022-02-02,2022-02-09
1911,27,Manager's Special,2022-03-08,2022-03-13
1912,27,Anniversary Sale,2022-04-01,2022-04-06
1913,27,Last Chance to Save,2022-05-08,2022-05-13
1914,27,Mega Sale,2022-06-04,2022-06-09
1915,27,Manager's Special,2022-07-05,2022-07-10
1916,27,Last Chance to Save,2022-08-05,2022-08-09
1917,27,Friends and Family Discount Days,2022-09-01,2022-09-06
1918,27,Flash Sale Frenzy,2022-10-01,2022-10-08
1919,27,Buy One Get One Free (BOGO) Event,2022-11-02,2022-11-09
1920,27,Flash Sale Frenzy,2022-12-09,2022-12-15
1921,27,Customer Appreciation Week,2023-01-05,2023-01-12
1922,27,Anniversary Sale,2023-02-08,2023-02-15
1923,27,Inventory Liquidation Sale,2023-03-03,2023-03-08
1924,27,Customer Appreciation Week,2023-04-01,2023-04-06
1925,27,Buy One Get One Free (BOGO) Event,2023-05-02,2023-05-07
1926,27,Friends and Family Discount Days,2023-06-10,2023-06-13
1927,27,Last Chance to Save,2023-07-04,2023-07-10
1928,27,Customer Appreciation Week,2023-08-08,2023-08-14
1929,27,Anniversary Sale,2023-09-08,2023-09-15
1930,27,Grand Opening Celebration,2023-10-01,2023-10-07
1931,27,Friends and Family Discount Days,2023-11-07,2023-11-14
1932,27,Buy One Get One Free (BOGO) Event,2023-12-02,2023-12-06
1933,27,Customer Appreciation Week,2024-01-02,2024-01-06
1934,27,Mega Sale,2024-02-05,2024-02-12
1935,27,Midnight Madness,2024-03-07,2024-03-14
1936,27,Customer Appreciation Week,2024-04-06,2024-04-13
1937,27,Customer Appreciation Week,2024-05-09,2024-05-13
1938,27,Inventory Liquidation Sale,2024-06-08,2024-06-11
1939,27,Seasonal Discount Event,2024-07-07,2024-07-14
1940,27,Last Chance to Save,2024-08-03,2024-08-07
1941,27,Grand Opening Celebration,2024-09-10,2024-09-13
1942,27,Customer Appreciation Week,2024-10-07,2024-10-14
1943,27,Manager's Special,2024-11-05,2024-11-12
1944,27,Anniversary Sale,2024-12-07,2024-12-10
1945,28,Mega Sale,2019-01-03,2019-01-09
1946,28,Grand Opening Celebration,2019-02-02,2019-02-05
1947,28,Anniversary Sale,2019-03-03,2019-03-07
1948,28,Customer Appreciation Week,2019-04-02,2019-04-06
1949,28,Anniversary Sale,2019-05-10,2019-05-15
1950,28,Customer Appreciation Week,2019-06-10,2019-06-16
1951,28,Last Chance to Save,2019-07-02,2019-07-07
1952,28,Inventory Liquidation Sale,2019-08-04,2019-08-09
1953,28,Last Chance to Save,2019-09-05,2019-09-09
1954,28,Mega Sale,2019-10-06,2019-10-12
1955,28,Midnight Madness,2019-11-04,2019-11-10
1956,28,Customer Appreciation Week,2019-12-10,2019-12-17
1957,28,Seasonal Discount Event,2020-01-05,2020-01-12
1958,28,Seasonal Discount Event,2020-02-02,2020-02-06
1959,28,Seasonal Discount Event,2020-03-09,2020-03-15
1960,28,Seasonal Discount Event,2020-04-09,2020-04-15
1961,28,Anniversary Sale,2020-05-02,2020-05-09
1962,28,Mega Sale,2020-06-02,2020-06-05
1963,28,Friends and Family Discount Days,2020-07-04,2020-07-08
1964,28,Inventory Liquidation Sale,2020-08-10,2020-08-15
1965,28,Manager's Special,2020-09-03,2020-09-07
1966,28,Midnight Madness,2020-10-02,2020-10-07
1967,28,Midnight Madness,2020-11-03,2020-11-08
1968,28,Friends and Family Discount Days,2020-12-08,2020-12-11
1969,28,Manager's Special,2021-01-08,2021-01-11
1970,28,Flash Sale Frenzy,2021-02-08,2021-02-15
1971,28,Inventory Liquidation Sale,2021-03-10,2021-03-16
1972,28,Midnight Madness,2021-04-04,2021-04-11
1973,28,Inventory Liquidation Sale,2021-05-10,2021-05-13
1974,28,Mega Sale,2021-06-02,2021-06-06
1975,28,Manager's Special,2021-07-03,2021-07-07
1976,28,Seasonal Discount Event,2021-08-01,2021-08-08
1977,28,Flash Sale Frenzy,2021-09-03,2021-09-06
1978,28,Buy One Get One Free (BOGO) Event,2021-10-05,2021-10-12
1979,28,Buy One Get One Free (BOGO) Event,2021-11-04,2021-11-09
1980,28,Friends and Family Discount Days,2021-12-10,2021-12-16
1981,28,Mega Sale,2022-01-09,2022-01-12
1982,28,Grand Opening Celebration,2022-02-05,2022-02-12
1983,28,Customer Appreciation Week,2022-03-08,2022-03-11
1984,28,Anniversary Sale,2022-04-05,2022-04-09
1985,28,Manager's Special,2022-05-06,2022-05-13
1986,28,Last Chance to Save,2022-06-01,2022-06-04
1987,28,Seasonal Discount Event,2022-07-03,2022-07-10
1988,28,Buy One Get One Free (BOGO) Event,2022-08-03,2022-08-07
1989,28,Buy One Get One Free (BOGO) Event,2022-09-02,2022-09-08
1990,28,Anniversary Sale,2022-10-02,2022-10-09
1991,28,Manager's Special,2022-11-04,2022-11-07
1992,28,Midnight Madness,2022-12-08,2022-12-14
1993,28,Manager's Special,2023-01-05,2023-01-09
1994,28,Buy One Get One Free (BOGO) Event,2023-02-01,2023-02-05
1995,28,Anniversary Sale,2023-03-06,2023-03-12
1996,28,Last Chance to Save,2023-04-03,2023-04-08
1997,28,Seasonal Discount Event,2023-05-02,2023-05-08
1998,28,Midnight Madness,2023-06-04,2023-06-08
1999,28,Customer Appreciation Week,2023-07-09,2023-07-12
2000,28,Midnight Madness,2023-08-07,2023-08-14
2001,28,Flash Sale Frenzy,2023-09-03,2023-09-06
2002,28,Friends and Family Discount Days,2023-10-06,2023-10-10
2003,28,Last Chance to Save,2023-11-08,2023-11-15
2004,28,Grand Opening Celebration,2023-12-09,2023-12-14
2005,28,Buy One Get One Free (BOGO) Event,2024-01-07,2024-01-11
2006,28,Friends and Family Discount Days,2024-02-02,2024-02-08
2007,28,Inventory Liquidation Sale,2024-03-01,2024-03-04
2008,28,Grand Opening Celebration,2024-04-03,2024-04-06
2009,28,Mega Sale,2024-05-03,2024-05-06
2010,28,Flash Sale Frenzy,2024-06-05,2024-06-08
2011,28,Inventory Liquidation Sale,2024-07-07,2024-07-13
2012,28,Buy One Get One Free (BOGO) Event,2024-08-06,2024-08-10
2013,28,Grand Opening Celebration,2024-09-03,2024-09-10
2014,28,Flash Sale Frenzy,2024-10-02,2024-10-06
2015,28,Seasonal Discount Event,2024-11-06,2024-11-09
2016,28,Manager's Special,2024-12-02,2024-12-05
2017,29,Midnight Madness,2019-01-05,2019-01-10
2018,29,Last Chance to Save,2019-02-07,2019-02-14
2019,29,Seasonal Discount Event,2019-03-10,2019-03-15
2020,29,Anniversary Sale,2019-04-10,2019-04-14
2021,29,Last Chance to Save,2019-05-02,2019-05-09
2022,29,Buy One Get One Free (BOGO) Event,2019-06-09,2019-06-16
2023,29,Last Chance to Save,2019-07-05,2019-07-10
2024,29,Buy One Get One Free (BOGO) Event,2019-08-10,2019-08-15
2025,29,Seasonal Discount Event,2019-09-10,2019-09-16
2026,29,Flash Sale Frenzy,2019-10-06,2019-10-11
2027,29,Inventory Liquidation Sale,2019-11-03,2019-11-06
2028,29,Buy One Get One Free (BOGO) Event,2019-12-08,2019-12-13
2029,29,Buy One Get One Free (BOGO) Event,2020-01-03,2020-01-06
2030,29,Inventory Liquidation Sale,2020-02-06,2020-02-12
2031,29,Midnight Madness,2020-03-10,2020-03-15
2032,29,Last Chance to Save,2020-04-01,2020-04-06
2033,29,Grand Opening Celebration,2020-05-06,2020-05-09
2034,29,Buy One Get One Free (BOGO) Event,2020-06-05,2020-06-10
2035,29,Buy One Get One Free (BOGO) Event,2020-07-07,2020-07-12
2036,29,Inventory Liquidation Sale,2020-08-05,2020-08-12
2037,29,Friends and Family Discount Days,2020-09-05,2020-09-10
2038,29,Flash Sale Frenzy,2020-10-06,2020-10-10
2039,29,Seasonal Discount Event,2020-11-09,2020-11-16
2040,29,Mega Sale,2020-12-07,2020-12-12
2041,29,Grand Opening Celebration,2021-01-06,2021-01-09
2042,29,Mega Sale,2021-02-10,2021-02-14
2043,29,Anniversary Sale,2021-03-05,2021-03-09
2044,29,Friends and Family Discount Days,2021-04-08,2021-04-15
2045,29,Buy One Get One Free (BOGO) Event,2021-05-03,2021-05-06
2046,29,Midnight Madness,2021-06-10,2021-06-13
2047,29,Midnight Madness,2021-07-07,2021-07-14
2048,29,Last Chance to Save,2021-08-08,2021-08-13
2049,29,Buy One Get One Free (BOGO) Event,2021-09-09,2021-09-13
2050,29,Last Chance to Save,2021-10-04,2021-10-10
2051,29,Inventory Liquidation Sale,2021-11-08,2021-11-12
2052,29,Seasonal Discount Event,2021-12-08,2021-12-11
2053,29,Customer Appreciation Week,2022-01-05,2022-01-09
2054,29,Flash Sale Frenzy,2022-02-05,2022-02-08
2055,29,Flash Sale Frenzy,2022-03-06,2022-03-09
2056,29,Seasonal Discount Event,2022-04-04,2022-04-11
2057,29,Manager's Special,2022-05-04,2022-05-09
2058,29,Friends and Family Discount Days,2022-06-03,2022-06-08
2059,29,Inventory Liquidation Sale,2022-07-03,2022-07-07
2060,29,Midnight Madness,2022-08-08,2022-08-12
2061,29,Anniversary Sale,2022-09-08,2022-09-13
2062,29,Friends and Family Discount Days,2022-10-10,2022-10-16
2063,29,Customer Appreciation Week,2022-11-04,2022-11-10
2064,29,Anniversary Sale,2022-12-01,2022-12-07
2065,29,Midnight Madness,2023-01-03,2023-01-07
2066,29,Last Chance to Save,2023-02-10,2023-02-17
2067,29,Manager's Special,2023-03-09,2023-03-15
2068,29,Inventory Liquidation Sale,2023-04-04,2023-04-08
2069,29,Customer Appreciation Week,2023-05-03,2023-05-06
2070,29,Anniversary Sale,2023-06-09,2023-06-14
2071,29,Mega Sale,2023-07-04,2023-07-10
2072,29,Customer Appreciation Week,2023-08-06,2023-08-13
2073,29,Flash Sale Frenzy,2023-09-07,2023-09-11
2074,29,Flash Sale Frenzy,2023-10-02,2023-10-09
2075,29,Last Chance to Save,2023-11-05,2023-11-10
2076,29,Friends and Family Discount Days,2023-12-01,2023-12-08
2077,29,Mega Sale,2024-01-06,2024-01-13
2078,29,Last Chance to Save,2024-02-10,2024-02-17
2079,29,Seasonal Discount Event,2024-03-02,2024-03-09
2080,29,Friends and Family Discount Days,2024-04-02,2024-04-09
2081,29,Last Chance to Save,2024-05-05,2024-05-09
2082,29,Mega Sale,2024-06-02,2024-06-08
2083,29,Seasonal Discount Event,2024-07-09,2024-07-13
2084,29,Buy One Get One Free (BOGO) Event,2024-08-03,2024-08-06
2085,29,Grand Opening Celebration,2024-09-05,2024-09-09
2086,29,Midnight Madness,2024-10-10,2024-10-15
2087,29,Customer Appreciation Week,2024-11-04,2024-11-09
2088,29,Midnight Madness,2024-12-04,2024-12-09
2089,30,Last Chance to Save,2019-01-08,2019-01-11
2090,30,Last Chance to Save,2019-02-08,2019-02-12
2091,30,Manager's Special,2019-03-01,2019-03-06
2092,30,Anniversary Sale,2019-04-10,2019-04-14
2093,30,Flash Sale Frenzy,2019-05-05,2019-05-09
2094,30,Buy One Get One Free (BOGO) Event,2019-06-04,2019-06-07
2095,30,Anniversary Sale,2019-07-10,2019-07-13
2096,30,Manager's Special,2019-08-08,2019-08-12
2097,30,Friends and Family Discount Days,2019-09-07,2019-09-11
2098,30,Midnight Madness,2019-10-03,2019-10-08
2099,30,Manager's Special,2019-11-04,2019-11-07
2100,30,Manager's Special,2019-12-09,2019-12-15
2101,30,Flash Sale Frenzy,2020-01-05,2020-01-10
2102,30,Inventory Liquidation Sale,2020-02-09,2020-02-13
2103,30,Last Chance to Save,2020-03-01,2020-03-07
2104,30,Friends and Family Discount Days,2020-04-03,2020-04-06
2105,30,Flash Sale Frenzy,2020-05-06,2020-05-12
2106,30,Last Chance to Save,2020-06-09,2020-06-16
2107,30,Grand Opening Celebration,2020-07-10,2020-07-13
2108,30,Anniversary Sale,2020-08-03,2020-08-08
2109,30,Friends and Family Discount Days,2020-09-10,2020-09-17
2110,30,Manager's Special,2020-10-03,2020-10-09
2111,30,Flash Sale Frenzy,2020-11-05,2020-11-10
2112,30,Manager's Special,2020-12-10,2020-12-15
2113,30,Flash Sale Frenzy,2021-01-01,2021-01-07
2114,30,Grand Opening Celebration,2021-02-10,2021-02-17
2115,30,Manager's Special,2021-03-02,2021-03-07
2116,30,Flash Sale Frenzy,2021-04-09,2021-04-13
2117,30,Friends and Family Discount Days,2021-05-02,2021-05-09
2118,30,Inventory Liquidation Sale,2021-06-08,2021-06-15
2119,30,Last Chance to Save,2021-07-06,2021-07-09
2120,30,Grand Opening Celebration,2021-08-07,2021-08-12
2121,30,Anniversary Sale,2021-09-02,2021-09-09
2122,30,Anniversary Sale,2021-10-01,2021-10-06
2123,30,Buy One Get One Free (BOGO) Event,2021-11-05,2021-11-08
2124,30,Flash Sale Frenzy,2021-12-08,2021-12-14
2125,30,Grand Opening Celebration,2022-01-01,2022-01-04
2126,30,Manager's Special,2022-02-03,2022-02-07
2127,30,Friends and Family Discount Days,2022-03-07,2022-03-11
2128,30,Customer Appreciation Week,2022-04-08,2022-04-13
2129,30,Friends and Family Discount Days,2022-05-01,2022-05-04
2130,30,Anniversary Sale,2022-06-04,2022-06-10
2131,30,Grand Opening Celebration,2022-07-09,2022-07-14
2132,30,Inventory Liquidation Sale,2022-08-05,2022-08-09
2133,30,Last Chance to Save,2022-09-08,2022-09-12
2134,30,Mega Sale,2022-10-05,2022-10-11
2135,30,Manager's Special,2022-11-02,2022-11-09
2136,30,Buy One Get One Free (BOGO) Event,2022-12-06,2022-12-13
2137,30,Friends and Family Discount Days,2023-01-07,2023-01-11
2138,30,Anniversary Sale,2023-02-03,2023-02-06
2139,30,Flash Sale Frenzy,2023-03-10,2023-03-13
2140,30,Mega Sale,2023-04-03,2023-04-07
2141,30,Grand Opening Celebration,2023-05-04,2023-05-10
2142,30,Flash Sale Frenzy,2023-06-06,2023-06-09
2143,30,Friends and Family Discount Days,2023-07-03,2023-07-10
2144,30,Manager's Special,2023-08-09,2023-08-12
2145,30,Seasonal Discount Event,2023-09-04,2023-09-07
2146,30,Anniversary Sale,2023-10-03,2023-10-09
2147,30,Flash Sale Frenzy,2023-11-04,2023-11-10
2148,30,Anniversary Sale,2023-12-06,2023-12-09
2149,30,Grand Opening Celebration,2024-01-08,2024-01-13
2150,30,Mega Sale,2024-02-03,2024-02-08
2151,30,Flash Sale Frenzy,2024-03-03,2024-03-10
2152,30,Flash Sale Frenzy,2024-04-06,2024-04-11
2153,30,Grand Opening Celebration,2024-05-06,2024-05-11
2154,30,Inventory Liquidation Sale,2024-06-07,2024-06-11
2155,30,Friends and Family Discount Days,2024-07-07,2024-07-14
2156,30,Friends and Family Discount Days,2024-08-05,2024-08-10
2157,30,Customer Appreciation Week,2024-09-10,2024-09-13
2158,30,Midnight Madness,2024-10-07,2024-10-12
2159,30,Midnight Madness,2024-11-06,2024-11-11
2160,30,Flash Sale Frenzy,2024-12-04,2024-12-10
2161,31,Flash Sale Frenzy,2019-01-05,2019-01-11
2162,31,Grand Opening Celebration,2019-02-08,2019-02-14
2163,31,Seasonal Discount Event,2019-03-03,2019-03-07
2164,31,Grand Opening Celebration,2019-04-08,2019-04-14
2165,31,Friends and Family Discount Days,2019-05-08,2019-05-13
2166,31,Manager's Special,2019-06-08,2019-06-15
2167,31,Anniversary Sale,2019-07-05,2019-07-10
2168,31,Customer Appreciation Week,2019-08-03,2019-08-07
2169,31,Buy One Get One Free (BOGO) Event,2019-09-03,2019-09-06
2170,31,Customer Appreciation Week,2019-10-10,2019-10-16
2171,31,Buy One Get One Free (BOGO) Event,2019-11-03,2019-11-08
2172,31,Buy One Get One Free (BOGO) Event,2019-12-10,2019-12-16
2173,31,Mega Sale,2020-01-01,2020-01-07
2174,31,Buy One Get One Free (BOGO) Event,2020-02-04,2020-02-10
2175,31,Friends and Family Discount Days,2020-03-10,2020-03-16
2176,31,Anniversary Sale,2020-04-04,2020-04-09
2177,31,Mega Sale,2020-05-10,2020-05-16
2178,31,Midnight Madness,2020-06-02,2020-06-05
2179,31,Grand Opening Celebration,2020-07-01,2020-07-04
2180,31,Customer Appreciation Week,2020-08-07,2020-08-12
2181,31,Midnight Madness,2020-09-10,2020-09-17
2182,31,Customer Appreciation Week,2020-10-03,2020-10-06
2183,31,Friends and Family Discount Days,2020-11-06,2020-11-11
2184,31,Flash Sale Frenzy,2020-12-05,2020-12-08
2185,31,Friends and Family Discount Days,2021-01-06,2021-01-09
2186,31,Manager's Special,2021-02-05,2021-02-09
2187,31,Manager's Special,2021-03-08,2021-03-15
2188,31,Anniversary Sale,2021-04-09,2021-04-15
2189,31,Mega Sale,2021-05-01,2021-05-08
2190,31,Mega Sale,2021-06-04,2021-06-09
2191,31,Mega Sale,2021-07-06,2021-07-11
2192,31,Mega Sale,2021-08-04,2021-08-10
2193,31,Buy One Get One Free (BOGO) Event,2021-09-06,2021-09-11
2194,31,Manager's Special,2021-10-09,2021-10-15
2195,31,Customer Appreciation Week,2021-11-10,2021-11-16
2196,31,Last Chance to Save,2021-12-10,2021-12-16
2197,31,Buy One Get One Free (BOGO) Event,2022-01-03,2022-01-08
2198,31,Seasonal Discount Event,2022-02-05,2022-02-09
2199,31,Manager's Special,2022-03-10,2022-03-13
2200,31,Seasonal Discount Event,2022-04-05,2022-04-09
2201,31,Grand Opening Celebration,2022-05-09,2022-05-13
2202,31,Inventory Liquidation Sale,2022-06-06,2022-06-12
2203,31,Mega Sale,2022-07-05,2022-07-12
2204,31,Inventory Liquidation Sale,2022-08-09,2022-08-14
2205,31,Anniversary Sale,2022-09-08,2022-09-15
2206,31,Manager's Special,2022-10-07,2022-10-13
2207,31,Flash Sale Frenzy,2022-11-06,2022-11-10
2208,31,Anniversary Sale,2022-12-09,2022-12-12
2209,31,Customer Appreciation Week,2023-01-09,2023-01-12
2210,31,Mega Sale,2023-02-07,2023-02-13
2211,31,Mega Sale,2023-03-10,2023-03-15
2212,31,Customer Appreciation Week,2023-04-02,2023-04-05
2213,31,Last Chance to Save,2023-05-04,2023-05-08
2214,31,Buy One Get One Free (BOGO) Event,2023-06-07,2023-06-13
2215,31,Friends and Family Discount Days,2023-07-10,2023-07-17
2216,31,Last Chance to Save,2023-08-03,2023-08-09
2217,31,Customer Appreciation Week,2023-09-03,2023-09-07
2218,31,Inventory Liquidation Sale,2023-10-02,2023-10-05
2219,31,Anniversary Sale,2023-11-03,2023-11-10
2220,31,Customer Appreciation Week,2023-12-10,2023-12-16
2221,31,Midnight Madness,2024-01-06,2024-01-09
2222,31,Mega Sale,2024-02-08,2024-02-13
2223,31,Inventory Liquidation Sale,2024-03-01,2024-03-06
2224,31,Midnight Madness,2024-04-03,2024-04-06
2225,31,Last Chance to Save,2024-05-04,2024-05-10
2226,31,Friends and Family Discount Days,2024-06-04,2024-06-07
2227,31,Friends and Family Discount Days,2024-07-05,2024-07-10
2228,31,Grand Opening Celebration,2024-08-05,2024-08-08
2229,31,Last Chance to Save,2024-09-08,2024-09-12
2230,31,Seasonal Discount Event,2024-10-10,2024-10-15
2231,31,Friends and Family Discount Days,2024-11-01,2024-11-05
2232,31,Grand Opening Celebration,2024-12-08,2024-12-13
2233,32,Mega Sale,2019-01-01,2019-01-07
2234,32,Last Chance to Save,2019-02-04,2019-02-08
2235,32,Seasonal Discount Event,2019-03-09,2019-03-16
2236,32,Buy One Get One Free (BOGO) Event,2019-04-01,2019-04-04
2237,32,Friends and Family Discount Days,2019-05-08,2019-05-11
2238,32,Midnight Madness,2019-06-01,2019-06-05
2239,32,Seasonal Discount Event,2019-07-08,2019-07-11
2240,32,Last Chance to Save,2019-08-08,2019-08-11
2241,32,Mega Sale,2019-09-05,2019-09-11
2242,32,Inventory Liquidation Sale,2019-10-10,2019-10-13
2243,32,Mega Sale,2019-11-08,2019-11-14
2244,32,Seasonal Discount Event,2019-12-04,2019-12-10
2245,32,Midnight Madness,2020-01-02,2020-01-08
2246,32,Last Chance to Save,2020-02-03,2020-02-09
2247,32,Customer Appreciation Week,2020-03-10,2020-03-14
2248,32,Inventory Liquidation Sale,2020-04-05,2020-04-11
2249,32,Anniversary Sale,2020-05-02,2020-05-05
2250,32,Anniversary Sale,2020-06-07,2020-06-14
2251,32,Manager's Special,2020-07-08,2020-07-14
2252,32,Buy One Get One Free (BOGO) Event,2020-08-01,2020-08-04
2253,32,Last Chance to Save,2020-09-08,2020-09-11
2254,32,Friends and Family Discount Days,2020-10-09,2020-10-13
2255,32,Flash Sale Frenzy,2020-11-06,2020-11-12
2256,32,Grand Opening Celebration,2020-12-02,2020-12-09
2257,32,Anniversary Sale,2021-01-07,2021-01-10
2258,32,Anniversary Sale,2021-02-09,2021-02-14
2259,32,Midnight Madness,2021-03-08,2021-03-11
2260,32,Anniversary Sale,2021-04-08,2021-04-11
2261,32,Anniversary Sale,2021-05-02,2021-05-05
2262,32,Flash Sale Frenzy,2021-06-03,2021-06-07
2263,32,Seasonal Discount Event,2021-07-02,2021-07-06
2264,32,Seasonal Discount Event,2021-08-07,2021-08-14
2265,32,Midnight Madness,2021-09-10,2021-09-13
2266,32,Customer Appreciation Week,2021-10-02,2021-10-05
2267,32,Friends and Family Discount Days,2021-11-02,2021-11-09
2268,32,Friends and Family Discount Days,2021-12-07,2021-12-14
2269,32,Midnight Madness,2022-01-05,2022-01-12
2270,32,Friends and Family Discount Days,2022-02-01,2022-02-07
2271,32,Inventory Liquidation Sale,2022-03-07,2022-03-14
2272,32,Mega Sale,2022-04-08,2022-04-11
2273,32,Anniversary Sale,2022-05-02,2022-05-07
2274,32,Last Chance to Save,2022-06-05,2022-06-08
2275,32,Friends and Family Discount Days,2022-07-07,2022-07-11
2276,32,Flash Sale Frenzy,2022-08-09,2022-08-13
2277,32,Seasonal Discount Event,2022-09-03,2022-09-08
2278,32,Friends and Family Discount Days,2022-10-10,2022-10-16
2279,32,Buy One Get One Free (BOGO) Event,2022-11-03,2022-11-10
2280,32,Customer Appreciation Week,2022-12-09,2022-12-15
2281,32,Friends and Family Discount Days,2023-01-07,2023-01-13
2282,32,Flash Sale Frenzy,2023-02-02,2023-02-05
2283,32,Inventory Liquidation Sale,2023-03-01,2023-03-05
2284,32,Customer Appreciation Week,2023-04-05,2023-04-10
2285,32,Last Chance to Save,2023-05-07,2023-05-12
2286,32,Customer Appreciation Week,2023-06-01,2023-06-05
2287,32,Seasonal Discount Event,2023-07-05,2023-07-09
2288,32,Seasonal Discount Event,2023-08-02,2023-08-09
2289,32,Manager's Special,2023-09-03,2023-09-08
2290,32,Buy One Get One Free (BOGO) Event,2023-10-09,2023-10-12
2291,32,Customer Appreciation Week,2023-11-08,2023-11-13
2292,32,Last Chance to Save,2023-12-06,2023-12-09
2293,32,Flash Sale Frenzy,2024-01-05,2024-01-09
2294,32,Buy One Get One Free (BOGO) Event,2024-02-03,2024-02-09
2295,32,Midnight Madness,2024-03-04,2024-03-09
2296,32,Flash Sale Frenzy,2024-04-04,2024-04-07
2297,32,Manager's Special,2024-05-08,2024-05-13
2298,32,Buy One Get One Free (BOGO) Event,2024-06-09,2024-06-15
2299,32,Inventory Liquidation Sale,2024-07-02,2024-07-06
2300,32,Flash Sale Frenzy,2024-08-01,2024-08-05
2301,32,Anniversary Sale,2024-09-07,2024-09-10
2302,32,Seasonal Discount Event,2024-10-04,2024-10-11
2303,32,Manager's Special,2024-11-03,2024-11-06
2304,32,Midnight Madness,2024-12-02,2024-12-09
2305,33,Grand Opening Celebration,2019-01-08,2019-01-14
2306,33,Seasonal Discount Event,2019-02-08,2019-02-13
2307,33,Buy One Get One Free (BOGO) Event,2019-03-09,2019-03-13
2308,33,Flash Sale Frenzy,2019-04-09,2019-04-15
2309,33,Mega Sale,2019-05-01,2019-05-07
2310,33,Midnight Madness,2019-06-10,2019-06-13
2311,33,Anniversary Sale,2019-07-05,2019-07-12
2312,33,Grand Opening Celebration,2019-08-04,2019-08-07
2313,33,Seasonal Discount Event,2019-09-10,2019-09-16
2314,33,Grand Opening Celebration,2019-10-07,2019-10-13
2315,33,Grand Opening Celebration,2019-11-03,2019-11-10
2316,33,Grand Opening Celebration,2019-12-01,2019-12-05
2317,33,Seasonal Discount Event,2020-01-10,2020-01-16
2318,33,Manager's Special,2020-02-05,2020-02-12
2319,33,Last Chance to Save,2020-03-02,2020-03-05
2320,33,Buy One Get One Free (BOGO) Event,2020-04-08,2020-04-11
2321,33,Grand Opening Celebration,2020-05-05,2020-05-12
2322,33,Customer Appreciation Week,2020-06-05,2020-06-10
2323,33,Manager's Special,2020-07-09,2020-07-14
2324,33,Seasonal Discount Event,2020-08-05,2020-08-11
2325,33,Customer Appreciation Week,2020-09-08,2020-09-14
2326,33,Seasonal Discount Event,2020-10-02,2020-10-06
2327,33,Seasonal Discount Event,2020-11-08,2020-11-11
2328,33,Customer Appreciation Week,2020-12-04,2020-12-09
2329,33,Flash Sale Frenzy,2021-01-08,2021-01-15
2330,33,Seasonal Discount Event,2021-02-10,2021-02-14
2331,33,Manager's Special,2021-03-03,2021-03-10
2332,33,Inventory Liquidation Sale,2021-04-04,2021-04-08
2333,33,Flash Sale Frenzy,2021-05-08,2021-05-14
2334,33,Grand Opening Celebration,2021-06-06,2021-06-11
2335,33,Seasonal Discount Event,2021-07-09,2021-07-14
2336,33,Flash Sale Frenzy,2021-08-08,2021-08-13
2337,33,Last Chance to Save,2021-09-05,2021-09-11
2338,33,Seasonal Discount Event,2021-10-05,2021-10-10
2339,33,Manager's Special,2021-11-05,2021-11-08
2340,33,Midnight Madness,2021-12-01,2021-12-04
2341,33,Flash Sale Frenzy,2022-01-02,2022-01-07
2342,33,Midnight Madness,2022-02-07,2022-02-13
2343,33,Customer Appreciation Week,2022-03-10,2022-03-15
2344,33,Customer Appreciation Week,2022-04-04,2022-04-11
2345,33,Mega Sale,2022-05-03,2022-05-07
2346,33,Flash Sale Frenzy,2022-06-04,2022-06-09
2347,33,Customer Appreciation Week,2022-07-04,2022-07-08
2348,33,Customer Appreciation Week,2022-08-07,2022-08-13
2349,33,Mega Sale,2022-09-03,2022-09-07
2350,33,Mega Sale,2022-10-10,2022-10-16
2351,33,Customer Appreciation Week,2022-11-08,2022-11-13
2352,33,Buy One Get One Free (BOGO) Event,2022-12-10,2022-12-14
2353,33,Manager's Special,2023-01-01,2023-01-05
2354,33,Seasonal Discount Event,2023-02-10,2023-02-17
2355,33,Anniversary Sale,2023-03-02,2023-03-06
2356,33,Midnight Madness,2023-04-08,2023-04-14
2357,33,Friends and Family Discount Days,2023-05-10,2023-05-13
2358,33,Customer Appreciation Week,2023-06-08,2023-06-14
2359,33,Anniversary Sale,2023-07-02,2023-07-07
2360,33,Friends and Family Discount Days,2023-08-02,2023-08-05
2361,33,Customer Appreciation Week,2023-09-09,2023-09-12
2362,33,Manager's Special,2023-10-07,2023-10-11
2363,33,Midnight Madness,2023-11-02,2023-11-07
2364,33,Midnight Madness,2023-12-10,2023-12-15
2365,33,Flash Sale Frenzy,2024-01-09,2024-01-12
2366,33,Friends and Family Discount Days,2024-02-06,2024-02-13
2367,33,Inventory Liquidation Sale,2024-03-07,2024-03-12
2368,33,Anniversary Sale,2024-04-10,2024-04-13
2369,33,Grand Opening Celebration,2024-05-04,2024-05-11
2370,33,Inventory Liquidation Sale,2024-06-06,2024-06-09
2371,33,Customer Appreciation Week,2024-07-08,2024-07-15
2372,33,Flash Sale Frenzy,2024-08-02,2024-08-07
2373,33,Friends and Family Discount Days,2024-09-01,2024-09-08
2374,33,Mega Sale,2024-10-02,2024-10-05
2375,33,Anniversary Sale,2024-11-10,2024-11-15
2376,33,Buy One Get One Free (BOGO) Event,2024-12-04,2024-12-07
2377,34,Anniversary Sale,2019-01-03,2019-01-09
2378,34,Inventory Liquidation Sale,2019-02-04,2019-02-08
2379,34,Anniversary Sale,2019-03-07,2019-03-12
2380,34,Grand Opening Celebration,2019-04-10,2019-04-15
2381,34,Flash Sale Frenzy,2019-05-08,2019-05-14
2382,34,Manager's Special,2019-06-04,2019-06-11
2383,34,Anniversary Sale,2019-07-09,2019-07-13
2384,34,Grand Opening Celebration,2019-08-04,2019-08-08
2385,34,Grand Opening Celebration,2019-09-08,2019-09-14
2386,34,Seasonal Discount Event,2019-10-04,2019-10-07
2387,34,Friends and Family Discount Days,2019-11-05,2019-11-09
2388,34,Friends and Family Discount Days,2019-12-01,2019-12-07
2389,34,Customer Appreciation Week,2020-01-04,2020-01-11
2390,34,Mega Sale,2020-02-08,2020-02-11
2391,34,Buy One Get One Free (BOGO) Event,2020-03-02,2020-03-07
2392,34,Flash Sale Frenzy,2020-04-07,2020-04-12
2393,34,Flash Sale Frenzy,2020-05-10,2020-05-14
2394,34,Anniversary Sale,2020-06-07,2020-06-12
2395,34,Seasonal Discount Event,2020-07-07,2020-07-10
2396,34,Buy One Get One Free (BOGO) Event,2020-08-04,2020-08-11
2397,34,Seasonal Discount Event,2020-09-04,2020-09-11
2398,34,Seasonal Discount Event,2020-10-02,2020-10-08
2399,34,Inventory Liquidation Sale,2020-11-05,2020-11-09
2400,34,Seasonal Discount Event,2020-12-09,2020-12-16
2401,34,Customer Appreciation Week,2021-01-05,2021-01-08
2402,34,Customer Appreciation Week,2021-02-09,2021-02-14
2403,34,Manager's Special,2021-03-08,2021-03-13
2404,34,Midnight Madness,2021-04-09,2021-04-16
2405,34,Buy One Get One Free (BOGO) Event,2021-05-08,2021-05-13
2406,34,Flash Sale Frenzy,2021-06-09,2021-06-16
2407,34,Inventory Liquidation Sale,2021-07-03,2021-07-08
2408,34,Customer Appreciation Week,2021-08-10,2021-08-16
2409,34,Last Chance to Save,2021-09-09,2021-09-16
2410,34,Mega Sale,2021-10-03,2021-10-07
2411,34,Buy One Get One Free (BOGO) Event,2021-11-06,2021-11-11
2412,34,Seasonal Discount Event,2021-12-05,2021-12-08
2413,34,Seasonal Discount Event,2022-01-05,2022-01-09
2414,34,Friends and Family Discount Days,2022-02-01,2022-02-04
2415,34,Friends and Family Discount Days,2022-03-05,2022-03-12
2416,34,Last Chance to Save,2022-04-07,2022-04-10
2417,34,Friends and Family Discount Days,2022-05-08,2022-05-14
2418,34,Mega Sale,2022-06-06,2022-06-11
2419,34,Customer Appreciation Week,2022-07-04,2022-07-11
2420,34,Seasonal Discount Event,2022-08-01,2022-08-06
2421,34,Inventory Liquidation Sale,2022-09-10,2022-09-17
2422,34,Grand Opening Celebration,2022-10-07,2022-10-11
2423,34,Seasonal Discount Event,2022-11-07,2022-11-14
2424,34,Flash Sale Frenzy,2022-12-04,2022-12-08
2425,34,Last Chance to Save,2023-01-06,2023-01-10
2426,34,Seasonal Discount Event,2023-02-01,2023-02-04
2427,34,Seasonal Discount Event,2023-03-03,2023-03-08
2428,34,Seasonal Discount Event,2023-04-06,2023-04-10
2429,34,Last Chance to Save,2023-05-06,2023-05-10
2430,34,Manager's Special,2023-06-06,2023-06-12
2431,34,Seasonal Discount Event,2023-07-04,2023-07-10
2432,34,Inventory Liquidation Sale,2023-08-04,2023-08-07
2433,34,Flash Sale Frenzy,2023-09-06,2023-09-10
2434,34,Buy One Get One Free (BOGO) Event,2023-10-06,2023-10-13
2435,34,Seasonal Discount Event,2023-11-08,2023-11-11
2436,34,Friends and Family Discount Days,2023-12-04,2023-12-07
2437,34,Seasonal Discount Event,2024-01-02,2024-01-05
2438,34,Inventory Liquidation Sale,2024-02-06,2024-02-09
2439,34,Inventory Liquidation Sale,2024-03-04,2024-03-08
2440,34,Customer Appreciation Week,2024-04-09,2024-04-13
2441,34,Grand Opening Celebration,2024-05-03,2024-05-08
2442,34,Last Chance to Save,2024-06-03,2024-06-06
2443,34,Customer Appreciation Week,2024-07-02,2024-07-07
2444,34,Grand Opening Celebration,2024-08-10,2024-08-15
2445,34,Buy One Get One Free (BOGO) Event,2024-09-04,2024-09-11
2446,34,Inventory Liquidation Sale,2024-10-09,2024-10-15
2447,34,Friends and Family Discount Days,2024-11-08,2024-11-11
2448,34,Midnight Madness,2024-12-06,2024-12-13
2449,35,Midnight Madness,2019-01-06,2019-01-13
2450,35,Manager's Special,2019-02-10,2019-02-13
2451,35,Anniversary Sale,2019-03-06,2019-03-11
2452,35,Mega Sale,2019-04-03,2019-04-08
2453,35,Grand Opening Celebration,2019-05-03,2019-05-09
2454,35,Midnight Madness,2019-06-10,2019-06-16
2455,35,Buy One Get One Free (BOGO) Event,2019-07-04,2019-07-08
2456,35,Friends and Family Discount Days,2019-08-07,2019-08-10
2457,35,Flash Sale Frenzy,2019-09-01,2019-09-08
2458,35,Last Chance to Save,2019-10-03,2019-10-10
2459,35,Grand Opening Celebration,2019-11-09,2019-11-15
2460,35,Mega Sale,2019-12-05,2019-12-09
2461,35,Manager's Special,2020-01-08,2020-01-14
2462,35,Customer Appreciation Week,2020-02-02,2020-02-07
2463,35,Midnight Madness,2020-03-07,2020-03-13
2464,35,Flash Sale Frenzy,2020-04-01,2020-04-08
2465,35,Inventory Liquidation Sale,2020-05-06,2020-05-09
2466,35,Grand Opening Celebration,2020-06-07,2020-06-14
2467,35,Last Chance to Save,2020-07-02,2020-07-06
2468,35,Seasonal Discount Event,2020-08-09,2020-08-14
2469,35,Seasonal Discount Event,2020-09-07,2020-09-14
2470,35,Customer Appreciation Week,2020-10-10,2020-10-15
2471,35,Buy One Get One Free (BOGO) Event,2020-11-02,2020-11-08
2472,35,Buy One Get One Free (BOGO) Event,2020-12-10,2020-12-14
2473,35,Midnight Madness,2021-01-02,2021-01-05
2474,35,Friends and Family Discount Days,2021-02-06,2021-02-12
2475,35,Manager's Special,2021-03-09,2021-03-14
2476,35,Buy One Get One Free (BOGO) Event,2021-04-01,2021-04-05
2477,35,Grand Opening Celebration,2021-05-03,2021-05-06
2478,35,Mega Sale,2021-06-01,2021-06-07
2479,35,Seasonal Discount Event,2021-07-01,2021-07-05
2480,35,Grand Opening Celebration,2021-08-04,2021-08-08
2481,35,Midnight Madness,2021-09-06,2021-09-09
2482,35,Mega Sale,2021-10-06,2021-10-10
2483,35,Flash Sale Frenzy,2021-11-10,2021-11-13
2484,35,Grand Opening Celebration,2021-12-06,2021-12-12
2485,35,Friends and Family Discount Days,2022-01-04,2022-01-07
2486,35,Inventory Liquidation Sale,2022-02-04,2022-02-11
2487,35,Mega Sale,2022-03-08,2022-03-11
2488,35,Manager's Special,2022-04-05,2022-04-12
2489,35,Buy One Get One Free (BOGO) Event,2022-05-06,2022-05-11
2490,35,Buy One Get One Free (BOGO) Event,2022-06-04,2022-06-07
2491,35,Anniversary Sale,2022-07-08,2022-07-13
2492,35,Customer Appreciation Week,2022-08-08,2022-08-14
2493,35,Inventory Liquidation Sale,2022-09-05,2022-09-08
2494,35,Manager's Special,2022-10-05,2022-10-11
2495,35,Seasonal Discount Event,2022-11-06,2022-11-09
2496,35,Mega Sale,2022-12-04,2022-12-07
2497,35,Grand Opening Celebration,2023-01-04,2023-01-08
2498,35,Flash Sale Frenzy,2023-02-06,2023-02-10
2499,35,Midnight Madness,2023-03-07,2023-03-11
2500,35,Anniversary Sale,2023-04-06,2023-04-12
2501,35,Seasonal Discount Event,2023-05-06,2023-05-12
2502,35,Seasonal Discount Event,2023-06-09,2023-06-15
2503,35,Grand Opening Celebration,2023-07-01,2023-07-07
2504,35,Anniversary Sale,2023-08-03,2023-08-08
2505,35,Anniversary Sale,2023-09-08,2023-09-14
2506,35,Grand Opening Celebration,2023-10-07,2023-10-10
2507,35,Grand Opening Celebration,2023-11-10,2023-11-15
2508,35,Anniversary Sale,2023-12-09,2023-12-14
2509,35,Seasonal Discount Event,2024-01-03,2024-01-09
2510,35,Friends and Family Discount Days,2024-02-01,2024-02-07
2511,35,Mega Sale,2024-03-10,2024-03-16
2512,35,Customer Appreciation Week,2024-04-06,2024-04-10
2513,35,Flash Sale Frenzy,2024-05-07,2024-05-12
2514,35,Inventory Liquidation Sale,2024-06-05,2024-06-08
2515,35,Manager's Special,2024-07-05,2024-07-08
2516,35,Flash Sale Frenzy,2024-08-05,2024-08-08
2517,35,Manager's Special,2024-09-05,2024-09-09
2518,35,Last Chance to Save,2024-10-07,2024-10-14
2519,35,Buy One Get One Free (BOGO) Event,2024-11-09,2024-11-13
2520,35,Customer Appreciation Week,2024-12-10,2024-12-16
2521,36,Anniversary Sale,2019-01-01,2019-01-04
2522,36,Friends and Family Discount Days,2019-02-09,2019-02-13
2523,36,Anniversary Sale,2019-03-09,2019-03-15
2524,36,Friends and Family Discount Days,2019-04-07,2019-04-11
2525,36,Mega Sale,2019-05-09,2019-05-12
2526,36,Last Chance to Save,2019-06-04,2019-06-11
2527,36,Manager's Special,2019-07-03,2019-07-09
2528,36,Friends and Family Discount Days,2019-08-10,2019-08-13
2529,36,Mega Sale,2019-09-10,2019-09-17
2530,36,Midnight Madness,2019-10-09,2019-10-12
2531,36,Last Chance to Save,2019-11-09,2019-11-15
2532,36,Last Chance to Save,2019-12-03,2019-12-06
2533,36,Grand Opening Celebration,2020-01-06,2020-01-09
2534,36,Friends and Family Discount Days,2020-02-09,2020-02-12
2535,36,Inventory Liquidation Sale,2020-03-06,2020-03-12
2536,36,Grand Opening Celebration,2020-04-01,2020-04-04
2537,36,Mega Sale,2020-05-01,2020-05-08
2538,36,Grand Opening Celebration,2020-06-08,2020-06-13
2539,36,Seasonal Discount Event,2020-07-03,2020-07-07
2540,36,Grand Opening Celebration,2020-08-03,2020-08-08
2541,36,Last Chance to Save,2020-09-02,2020-09-07
2542,36,Flash Sale Frenzy,2020-10-09,2020-10-16
2543,36,Midnight Madness,2020-11-03,2020-11-10
2544,36,Friends and Family Discount Days,2020-12-07,2020-12-13
2545,36,Customer Appreciation Week,2021-01-02,2021-01-08
2546,36,Inventory Liquidation Sale,2021-02-04,2021-02-07
2547,36,Midnight Madness,2021-03-02,2021-03-09
2548,36,Inventory Liquidation Sale,2021-04-05,2021-04-12
2549,36,Midnight Madness,2021-05-02,2021-05-06
2550,36,Customer Appreciation Week,2021-06-03,2021-06-09
2551,36,Manager's Special,2021-07-07,2021-07-11
2552,36,Customer Appreciation Week,2021-08-06,2021-08-13
2553,36,Midnight Madness,2021-09-08,2021-09-14
2554,36,Manager's Special,2021-10-06,2021-10-09
2555,36,Friends and Family Discount Days,2021-11-09,2021-11-13
2556,36,Customer Appreciation Week,2021-12-07,2021-12-13
2557,36,Manager's Special,2022-01-06,2022-01-09
2558,36,Grand Opening Celebration,2022-02-04,2022-02-11
2559,36,Friends and Family Discount Days,2022-03-08,2022-03-12
2560,36,Inventory Liquidation Sale,2022-04-02,2022-04-07
2561,36,Buy One Get One Free (BOGO) Event,2022-05-09,2022-05-13
2562,36,Grand Opening Celebration,2022-06-03,2022-06-10
2563,36,Friends and Family Discount Days,2022-07-04,2022-07-09
2564,36,Friends and Family Discount Days,2022-08-04,2022-08-09
2565,36,Anniversary Sale,2022-09-04,2022-09-08
2566,36,Buy One Get One Free (BOGO) Event,2022-10-07,2022-10-10
2567,36,Seasonal Discount Event,2022-11-08,2022-11-13
2568,36,Last Chance to Save,2022-12-07,2022-12-14
2569,36,Inventory Liquidation Sale,2023-01-06,2023-01-12
2570,36,Buy One Get One Free (BOGO) Event,2023-02-05,2023-02-11
2571,36,Seasonal Discount Event,2023-03-06,2023-03-11
2572,36,Seasonal Discount Event,2023-04-05,2023-04-12
2573,36,Flash Sale Frenzy,2023-05-02,2023-05-09
2574,36,Inventory Liquidation Sale,2023-06-04,2023-06-11
2575,36,Mega Sale,2023-07-03,2023-07-06
2576,36,Flash Sale Frenzy,2023-08-06,2023-08-11
2577,36,Mega Sale,2023-09-09,2023-09-15
2578,36,Inventory Liquidation Sale,2023-10-05,2023-10-08
2579,36,Customer Appreciation Week,2023-11-01,2023-11-05
2580,36,Friends and Family Discount Days,2023-12-06,2023-12-09
2581,36,Midnight Madness,2024-01-05,2024-01-11
2582,36,Customer Appreciation Week,2024-02-01,2024-02-08
2583,36,Seasonal Discount Event,2024-03-07,2024-03-12
2584,36,Seasonal Discount Event,2024-04-07,2024-04-14
2585,36,Last Chance to Save,2024-05-07,2024-05-11
2586,36,Mega Sale,2024-06-08,2024-06-13
2587,36,Buy One Get One Free (BOGO) Event,2024-07-08,2024-07-14
2588,36,Friends and Family Discount Days,2024-08-04,2024-08-09
2589,36,Friends and Family Discount Days,2024-09-03,2024-09-08
2590,36,Seasonal Discount Event,2024-10-04,2024-10-11
2591,36,Seasonal Discount Event,2024-11-04,2024-11-09
2592,36,Friends and Family Discount Days,2024-12-01,2024-12-07
2593,37,Customer Appreciation Week,2019-01-08,2019-01-12
2594,37,Last Chance to Save,2019-02-10,2019-02-16
2595,37,Grand Opening Celebration,2019-03-07,2019-03-12
2596,37,Grand Opening Celebration,2019-04-03,2019-04-06
2597,37,Grand Opening Celebration,2019-05-08,2019-05-11
2598,37,Midnight Madness,2019-06-10,2019-06-14
2599,37,Midnight Madness,2019-07-07,2019-07-13
2600,37,Manager's Special,2019-08-08,2019-08-14
2601,37,Buy One Get One Free (BOGO) Event,2019-09-05,2019-09-08
2602,37,Anniversary Sale,2019-10-09,2019-10-14
2603,37,Midnight Madness,2019-11-10,2019-11-16
2604,37,Friends and Family Discount Days,2019-12-02,2019-12-09
2605,37,Flash Sale Frenzy,2020-01-01,2020-01-04
2606,37,Midnight Madness,2020-02-05,2020-02-08
2607,37,Last Chance to Save,2020-03-04,2020-03-09
2608,37,Seasonal Discount Event,2020-04-09,2020-04-13
2609,37,Inventory Liquidation Sale,2020-05-02,2020-05-08
2610,37,Midnight Madness,2020-06-03,2020-06-06
2611,37,Midnight Madness,2020-07-02,2020-07-05
2612,37,Grand Opening Celebration,2020-08-07,2020-08-13
2613,37,Buy One Get One Free (BOGO) Event,2020-09-07,2020-09-12
2614,37,Friends and Family Discount Days,2020-10-09,2020-10-14
2615,37,Inventory Liquidation Sale,2020-11-09,2020-11-16
2616,37,Inventory Liquidation Sale,2020-12-10,2020-12-16
2617,37,Mega Sale,2021-01-09,2021-01-16
2618,37,Buy One Get One Free (BOGO) Event,2021-02-06,2021-02-13
2619,37,Manager's Special,2021-03-08,2021-03-15
2620,37,Seasonal Discount Event,2021-04-06,2021-04-12
2621,37,Seasonal Discount Event,2021-05-10,2021-05-16
2622,37,Friends and Family Discount Days,2021-06-02,2021-06-07
2623,37,Last Chance to Save,2021-07-02,2021-07-08
2624,37,Last Chance to Save,2021-08-05,2021-08-11
2625,37,Friends and Family Discount Days,2021-09-10,2021-09-13
2626,37,Grand Opening Celebration,2021-10-10,2021-10-14
2627,37,Midnight Madness,2021-11-10,2021-11-15
2628,37,Friends and Family Discount Days,2021-12-01,2021-12-08
2629,37,Manager's Special,2022-01-04,2022-01-08
2630,37,Inventory Liquidation Sale,2022-02-09,2022-02-15
2631,37,Grand Opening Celebration,2022-03-09,2022-03-15
2632,37,Mega Sale,2022-04-10,2022-04-17
2633,37,Mega Sale,2022-05-05,2022-05-09
2634,37,Anniversary Sale,2022-06-01,2022-06-05
2635,37,Flash Sale Frenzy,2022-07-07,2022-07-12
2636,37,Anniversary Sale,2022-08-04,2022-08-07
2637,37,Customer Appreciation Week,2022-09-03,2022-09-08
2638,37,Friends and Family Discount Days,2022-10-02,2022-10-07
2639,37,Flash Sale Frenzy,2022-11-01,2022-11-07
2640,37,Grand Opening Celebration,2022-12-06,2022-12-09
2641,37,Midnight Madness,2023-01-04,2023-01-09
2642,37,Flash Sale Frenzy,2023-02-10,2023-02-15
2643,37,Last Chance to Save,2023-03-06,2023-03-12
2644,37,Grand Opening Celebration,2023-04-01,2023-04-05
2645,37,Seasonal Discount Event,2023-05-10,2023-05-16
2646,37,Seasonal Discount Event,2023-06-02,2023-06-05
2647,37,Mega Sale,2023-07-05,2023-07-12
2648,37,Flash Sale Frenzy,2023-08-10,2023-08-16
2649,37,Anniversary Sale,2023-09-05,2023-09-10
2650,37,Midnight Madness,2023-10-09,2023-10-15
2651,37,Mega Sale,2023-11-08,2023-11-14
2652,37,Friends and Family Discount Days,2023-12-03,2023-12-10
2653,37,Inventory Liquidation Sale,2024-01-07,2024-01-13
2654,37,Grand Opening Celebration,2024-02-03,2024-02-06
2655,37,Manager's Special,2024-03-04,2024-03-09
2656,37,Buy One Get One Free (BOGO) Event,2024-04-06,2024-04-12
2657,37,Friends and Family Discount Days,2024-05-05,2024-05-09
2658,37,Friends and Family Discount Days,2024-06-06,2024-06-10
2659,37,Manager's Special,2024-07-09,2024-07-13
2660,37,Manager's Special,2024-08-05,2024-08-12
2661,37,Manager's Special,2024-09-10,2024-09-17
2662,37,Seasonal Discount Event,2024-10-06,2024-10-10
2663,37,Friends and Family Discount Days,2024-11-03,2024-11-06
2664,37,Anniversary Sale,2024-12-09,2024-12-14
2665,38,Last Chance to Save,2019-01-01,2019-01-06
2666,38,Anniversary Sale,2019-02-01,2019-02-05
2667,38,Buy One Get One Free (BOGO) Event,2019-03-02,2019-03-08
2668,38,Anniversary Sale,2019-04-04,2019-04-10
2669,38,Seasonal Discount Event,2019-05-05,2019-05-09
2670,38,Midnight Madness,2019-06-08,2019-06-12
2671,38,Midnight Madness,2019-07-02,2019-07-06
2672,38,Buy One Get One Free (BOGO) Event,2019-08-03,2019-08-08
2673,38,Friends and Family Discount Days,2019-09-05,2019-09-11
2674,38,Friends and Family Discount Days,2019-10-09,2019-10-16
2675,38,Inventory Liquidation Sale,2019-11-07,2019-11-11
2676,38,Friends and Family Discount Days,2019-12-08,2019-12-14
2677,38,Last Chance to Save,2020-01-05,2020-01-09
2678,38,Manager's Special,2020-02-10,2020-02-14
2679,38,Friends and Family Discount Days,2020-03-01,2020-03-04
2680,38,Inventory Liquidation Sale,2020-04-03,2020-04-09
2681,38,Buy One Get One Free (BOGO) Event,2020-05-09,2020-05-13
2682,38,Friends and Family Discount Days,2020-06-06,2020-06-09
2683,38,Inventory Liquidation Sale,2020-07-06,2020-07-09
2684,38,Seasonal Discount Event,2020-08-08,2020-08-15
2685,38,Grand Opening Celebration,2020-09-04,2020-09-07
2686,38,Midnight Madness,2020-10-03,2020-10-08
2687,38,Manager's Special,2020-11-01,2020-11-06
2688,38,Last Chance to Save,2020-12-07,2020-12-10
2689,38,Last Chance to Save,2021-01-07,2021-01-12
2690,38,Friends and Family Discount Days,2021-02-10,2021-02-16
2691,38,Grand Opening Celebration,2021-03-03,2021-03-09
2692,38,Friends and Family Discount Days,2021-04-05,2021-04-10
2693,38,Inventory Liquidation Sale,2021-05-01,2021-05-07
2694,38,Customer Appreciation Week,2021-06-09,2021-06-15
2695,38,Mega Sale,2021-07-07,2021-07-11
2696,38,Midnight Madness,2021-08-08,2021-08-15
2697,38,Customer Appreciation Week,2021-09-08,2021-09-14
2698,38,Friends and Family Discount Days,2021-10-08,2021-10-11
2699,38,Flash Sale Frenzy,2021-11-02,2021-11-09
2700,38,Last Chance to Save,2021-12-10,2021-12-14
2701,38,Seasonal Discount Event,2022-01-10,2022-01-13
2702,38,Inventory Liquidation Sale,2022-02-07,2022-02-13
2703,38,Anniversary Sale,2022-03-08,2022-03-11
2704,38,Anniversary Sale,2022-04-03,2022-04-07
2705,38,Manager's Special,2022-05-08,2022-05-15
2706,38,Grand Opening Celebration,2022-06-03,2022-06-08
2707,38,Buy One Get One Free (BOGO) Event,2022-07-06,2022-07-10
2708,38,Inventory Liquidation Sale,2022-08-09,2022-08-14
2709,38,Midnight Madness,2022-09-01,2022-09-04
2710,38,Midnight Madness,2022-10-10,2022-10-17
2711,38,Inventory Liquidation Sale,2022-11-09,2022-11-12
2712,38,Grand Opening Celebration,2022-12-05,2022-12-11
2713,38,Customer Appreciation Week,2023-01-10,2023-01-15
2714,38,Seasonal Discount Event,2023-02-10,2023-02-13
2715,38,Manager's Special,2023-03-09,2023-03-15
2716,38,Mega Sale,2023-04-05,2023-04-12
2717,38,Manager's Special,2023-05-09,2023-05-15
2718,38,Seasonal Discount Event,2023-06-05,2023-06-12
2719,38,Seasonal Discount Event,2023-07-04,2023-07-08
2720,38,Anniversary Sale,2023-08-04,2023-08-11
2721,38,Flash Sale Frenzy,2023-09-03,2023-09-09
2722,38,Mega Sale,2023-10-07,2023-10-14
2723,38,Inventory Liquidation Sale,2023-11-01,2023-11-05
2724,38,Inventory Liquidation Sale,2023-12-06,2023-12-11
2725,38,Seasonal Discount Event,2024-01-08,2024-01-15
2726,38,Customer Appreciation Week,2024-02-05,2024-02-10
2727,38,Inventory Liquidation Sale,2024-03-07,2024-03-12
2728,38,Midnight Madness,2024-04-01,2024-04-08
2729,38,Flash Sale Frenzy,2024-05-05,2024-05-11
2730,38,Buy One Get One Free (BOGO) Event,2024-06-04,2024-06-07
2731,38,Mega Sale,2024-07-02,2024-07-06
2732,38,Flash Sale Frenzy,2024-08-03,2024-08-07
2733,38,Customer Appreciation Week,2024-09-08,2024-09-13
2734,38,Anniversary Sale,2024-10-05,2024-10-08
2735,38,Flash Sale Frenzy,2024-11-03,2024-11-09
2736,38,Grand Opening Celebration,2024-12-05,2024-12-09
2737,39,Seasonal Discount Event,2019-01-06,2019-01-09
2738,39,Last Chance to Save,2019-02-05,2019-02-10
2739,39,Customer Appreciation Week,2019-03-08,2019-03-12
2740,39,Friends and Family Discount Days,2019-04-05,2019-04-12
2741,39,Flash Sale Frenzy,2019-05-07,2019-05-13
2742,39,Flash Sale Frenzy,2019-06-03,2019-06-08
2743,39,Inventory Liquidation Sale,2019-07-08,2019-07-14
2744,39,Anniversary Sale,2019-08-04,2019-08-11
2745,39,Flash Sale Frenzy,2019-09-09,2019-09-12
2746,39,Inventory Liquidation Sale,2019-10-02,2019-10-05
2747,39,Anniversary Sale,2019-11-03,2019-11-08
2748,39,Customer Appreciation Week,2019-12-09,2019-12-16
2749,39,Manager's Special,2020-01-07,2020-01-12
2750,39,Friends and Family Discount Days,2020-02-08,2020-02-15
2751,39,Midnight Madness,2020-03-10,2020-03-17
2752,39,Grand Opening Celebration,2020-04-10,2020-04-16
2753,39,Last Chance to Save,2020-05-04,2020-05-08
2754,39,Last Chance to Save,2020-06-04,2020-06-08
2755,39,Mega Sale,2020-07-04,2020-07-08
2756,39,Mega Sale,2020-08-08,2020-08-14
2757,39,Mega Sale,2020-09-09,2020-09-13
2758,39,Mega Sale,2020-10-07,2020-10-14
2759,39,Last Chance to Save,2020-11-09,2020-11-13
2760,39,Customer Appreciation Week,2020-12-09,2020-12-12
2761,39,Inventory Liquidation Sale,2021-01-04,2021-01-11
2762,39,Seasonal Discount Event,2021-02-07,2021-02-14
2763,39,Friends and Family Discount Days,2021-03-07,2021-03-12
2764,39,Flash Sale Frenzy,2021-04-03,2021-04-07
2765,39,Customer Appreciation Week,2021-05-01,2021-05-07
2766,39,Manager's Special,2021-06-10,2021-06-17
2767,39,Midnight Madness,2021-07-08,2021-07-15
2768,39,Inventory Liquidation Sale,2021-08-04,2021-08-09
2769,39,Flash Sale Frenzy,2021-09-02,2021-09-09
2770,39,Last Chance to Save,2021-10-09,2021-10-12
2771,39,Grand Opening Celebration,2021-11-09,2021-11-14
2772,39,Last Chance to Save,2021-12-07,2021-12-10
2773,39,Manager's Special,2022-01-04,2022-01-08
2774,39,Buy One Get One Free (BOGO) Event,2022-02-03,2022-02-10
2775,39,Last Chance to Save,2022-03-06,2022-03-09
2776,39,Mega Sale,2022-04-07,2022-04-13
2777,39,Flash Sale Frenzy,2022-05-03,2022-05-09
2778,39,Manager's Special,2022-06-07,2022-06-11
2779,39,Mega Sale,2022-07-02,2022-07-05
2780,39,Inventory Liquidation Sale,2022-08-07,2022-08-13
2781,39,Inventory Liquidation Sale,2022-09-08,2022-09-15
2782,39,Grand Opening Celebration,2022-10-08,2022-10-12
2783,39,Seasonal Discount Event,2022-11-10,2022-11-16
2784,39,Friends and Family Discount Days,2022-12-09,2022-12-12
2785,39,Last Chance to Save,2023-01-01,2023-01-06
2786,39,Manager's Special,2023-02-10,2023-02-16
2787,39,Buy One Get One Free (BOGO) Event,2023-03-07,2023-03-14
2788,39,Last Chance to Save,2023-04-10,2023-04-14
2789,39,Midnight Madness,2023-05-01,2023-05-06
2790,39,Midnight Madness,2023-06-08,2023-06-13
2791,39,Anniversary Sale,2023-07-07,2023-07-11
2792,39,Buy One Get One Free (BOGO) Event,2023-08-03,2023-08-09
2793,39,Friends and Family Discount Days,2023-09-01,2023-09-05
2794,39,Midnight Madness,2023-10-03,2023-10-08
2795,39,Mega Sale,2023-11-08,2023-11-14
2796,39,Midnight Madness,2023-12-07,2023-12-12
2797,39,Friends and Family Discount Days,2024-01-09,2024-01-16
2798,39,Buy One Get One Free (BOGO) Event,2024-02-10,2024-02-13
2799,39,Last Chance to Save,2024-03-09,2024-03-15
2800,39,Grand Opening Celebration,2024-04-02,2024-04-06
2801,39,Flash Sale Frenzy,2024-05-10,2024-05-15
2802,39,Anniversary Sale,2024-06-07,2024-06-11
2803,39,Customer Appreciation Week,2024-07-08,2024-07-12
2804,39,Buy One Get One Free (BOGO) Event,2024-08-08,2024-08-14
2805,39,Midnight Madness,2024-09-10,2024-09-17
2806,39,Customer Appreciation Week,2024-10-08,2024-10-12
2807,39,Grand Opening Celebration,2024-11-09,2024-11-14
2808,39,Anniversary Sale,2024-12-01,2024-12-07
2809,40,Flash Sale Frenzy,2019-01-09,2019-01-14
2810,40,Midnight Madness,2019-02-09,2019-02-14
2811,40,Mega Sale,2019-03-01,2019-03-04
2812,40,Last Chance to Save,2019-04-10,2019-04-17
2813,40,Mega Sale,2019-05-07,2019-05-13
2814,40,Manager's Special,2019-06-10,2019-06-14
2815,40,Seasonal Discount Event,2019-07-05,2019-07-10
2816,40,Seasonal Discount Event,2019-08-01,2019-08-06
2817,40,Friends and Family Discount Days,2019-09-05,2019-09-12
2818,40,Anniversary Sale,2019-10-05,2019-10-12
2819,40,Inventory Liquidation Sale,2019-11-04,2019-11-09
2820,40,Seasonal Discount Event,2019-12-10,2019-12-16
2821,40,Customer Appreciation Week,2020-01-05,2020-01-09
2822,40,Buy One Get One Free (BOGO) Event,2020-02-06,2020-02-10
2823,40,Grand Opening Celebration,2020-03-05,2020-03-12
2824,40,Last Chance to Save,2020-04-07,2020-04-10
2825,40,Seasonal Discount Event,2020-05-01,2020-05-07
2826,40,Inventory Liquidation Sale,2020-06-10,2020-06-17
2827,40,Manager's Special,2020-07-08,2020-07-14
2828,40,Flash Sale Frenzy,2020-08-03,2020-08-07
2829,40,Flash Sale Frenzy,2020-09-07,2020-09-12
2830,40,Grand Opening Celebration,2020-10-02,2020-10-07
2831,40,Midnight Madness,2020-11-04,2020-11-07
2832,40,Anniversary Sale,2020-12-03,2020-12-09
2833,40,Anniversary Sale,2021-01-03,2021-01-09
2834,40,Customer Appreciation Week,2021-02-01,2021-02-07
2835,40,Grand Opening Celebration,2021-03-10,2021-03-16
2836,40,Seasonal Discount Event,2021-04-07,2021-04-14
2837,40,Midnight Madness,2021-05-09,2021-05-12
2838,40,Customer Appreciation Week,2021-06-02,2021-06-07
2839,40,Customer Appreciation Week,2021-07-04,2021-07-11
2840,40,Grand Opening Celebration,2021-08-10,2021-08-13
2841,40,Friends and Family Discount Days,2021-09-07,2021-09-14
2842,40,Friends and Family Discount Days,2021-10-03,2021-10-06
2843,40,Inventory Liquidation Sale,2021-11-06,2021-11-09
2844,40,Anniversary Sale,2021-12-01,2021-12-07
2845,40,Last Chance to Save,2022-01-10,2022-01-13
2846,40,Customer Appreciation Week,2022-02-06,2022-02-13
2847,40,Customer Appreciation Week,2022-03-10,2022-03-14
2848,40,Last Chance to Save,2022-04-03,2022-04-07
2849,40,Buy One Get One Free (BOGO) Event,2022-05-05,2022-05-10
2850,40,Customer Appreciation Week,2022-06-07,2022-06-12
2851,40,Flash Sale Frenzy,2022-07-04,2022-07-08
2852,40,Flash Sale Frenzy,2022-08-02,2022-08-07
2853,40,Seasonal Discount Event,2022-09-09,2022-09-16
2854,40,Buy One Get One Free (BOGO) Event,2022-10-05,2022-10-08
2855,40,Midnight Madness,2022-11-10,2022-11-17
2856,40,Last Chance to Save,2022-12-06,2022-12-09
2857,40,Inventory Liquidation Sale,2023-01-07,2023-01-14
2858,40,Last Chance to Save,2023-02-04,2023-02-08
2859,40,Anniversary Sale,2023-03-04,2023-03-11
2860,40,Friends and Family Discount Days,2023-04-06,2023-04-12
2861,40,Last Chance to Save,2023-05-06,2023-05-13
2862,40,Anniversary Sale,2023-06-08,2023-06-11
2863,40,Customer Appreciation Week,2023-07-07,2023-07-14
2864,40,Customer Appreciation Week,2023-08-02,2023-08-05
2865,40,Grand Opening Celebration,2023-09-04,2023-09-10
2866,40,Friends and Family Discount Days,2023-10-02,2023-10-06
2867,40,Mega Sale,2023-11-08,2023-11-13
2868,40,Anniversary Sale,2023-12-09,2023-12-12
2869,40,Friends and Family Discount Days,2024-01-08,2024-01-12
2870,40,Anniversary Sale,2024-02-07,2024-02-14
2871,40,Last Chance to Save,2024-03-04,2024-03-11
2872,40,Flash Sale Frenzy,2024-04-02,2024-04-07
2873,40,Customer Appreciation Week,2024-05-03,2024-05-10
2874,40,Inventory Liquidation Sale,2024-06-09,2024-06-16
2875,40,Last Chance to Save,2024-07-10,2024-07-17
2876,40,Grand Opening Celebration,2024-08-03,2024-08-10
2877,40,Last Chance to Save,2024-09-04,2024-09-07
2878,40,Manager's Special,2024-10-03,2024-10-10
2879,40,Buy One Get One Free (BOGO) Event,2024-11-01,2024-11-06
2880,40,Flash Sale Frenzy,2024-12-02,2024-12-09
2881,41,Customer Appreciation Week,2019-01-01,2019-01-06
2882,41,Grand Opening Celebration,2019-02-01,2019-02-08
2883,41,Midnight Madness,2019-03-02,2019-03-09
2884,41,Friends and Family Discount Days,2019-04-03,2019-04-09
2885,41,Anniversary Sale,2019-05-05,2019-05-12
2886,41,Customer Appreciation Week,2019-06-09,2019-06-16
2887,41,Grand Opening Celebration,2019-07-06,2019-07-11
2888,41,Last Chance to Save,2019-08-09,2019-08-12
2889,41,Mega Sale,2019-09-05,2019-09-10
2890,41,Anniversary Sale,2019-10-10,2019-10-14
2891,41,Mega Sale,2019-11-07,2019-11-12
2892,41,Buy One Get One Free (BOGO) Event,2019-12-08,2019-12-11
2893,41,Last Chance to Save,2020-01-03,2020-01-09
2894,41,Manager's Special,2020-02-01,2020-02-06
2895,41,Buy One Get One Free (BOGO) Event,2020-03-09,2020-03-15
2896,41,Buy One Get One Free (BOGO) Event,2020-04-09,2020-04-15
2897,41,Anniversary Sale,2020-05-06,2020-05-12
2898,41,Grand Opening Celebration,2020-06-03,2020-06-07
2899,41,Anniversary Sale,2020-07-01,2020-07-06
2900,41,Grand Opening Celebration,2020-08-01,2020-08-08
2901,41,Manager's Special,2020-09-05,2020-09-10
2902,41,Manager's Special,2020-10-07,2020-10-10
2903,41,Customer Appreciation Week,2020-11-01,2020-11-04
2904,41,Flash Sale Frenzy,2020-12-04,2020-12-09
2905,41,Anniversary Sale,2021-01-07,2021-01-13
2906,41,Manager's Special,2021-02-06,2021-02-12
2907,41,Grand Opening Celebration,2021-03-01,2021-03-06
2908,41,Anniversary Sale,2021-04-06,2021-04-13
2909,41,Anniversary Sale,2021-05-09,2021-05-14
2910,41,Manager's Special,2021-06-06,2021-06-12
2911,41,Grand Opening Celebration,2021-07-06,2021-07-12
2912,41,Mega Sale,2021-08-10,2021-08-14
2913,41,Inventory Liquidation Sale,2021-09-10,2021-09-14
2914,41,Last Chance to Save,2021-10-02,2021-10-09
2915,41,Buy One Get One Free (BOGO) Event,2021-11-08,2021-11-13
2916,41,Midnight Madness,2021-12-08,2021-12-12
2917,41,Last Chance to Save,2022-01-10,2022-01-13
2918,41,Seasonal Discount Event,2022-02-04,2022-02-09
2919,41,Flash Sale Frenzy,2022-03-02,2022-03-09
2920,41,Seasonal Discount Event,2022-04-07,2022-04-10
2921,41,Last Chance to Save,2022-05-02,2022-05-05
2922,41,Flash Sale Frenzy,2022-06-08,2022-06-14
2923,41,Buy One Get One Free (BOGO) Event,2022-07-08,2022-07-11
2924,41,Buy One Get One Free (BOGO) Event,2022-08-03,2022-08-08
2925,41,Manager's Special,2022-09-04,2022-09-08
2926,41,Friends and Family Discount Days,2022-10-02,2022-10-05
2927,41,Manager's Special,2022-11-10,2022-11-13
2928,41,Flash Sale Frenzy,2022-12-07,2022-12-13
2929,41,Manager's Special,2023-01-03,2023-01-07
2930,41,Inventory Liquidation Sale,2023-02-08,2023-02-12
2931,41,Manager's Special,2023-03-09,2023-03-12
2932,41,Midnight Madness,2023-04-04,2023-04-07
2933,41,Last Chance to Save,2023-05-09,2023-05-13
2934,41,Friends and Family Discount Days,2023-06-05,2023-06-10
2935,41,Flash Sale Frenzy,2023-07-04,2023-07-10
2936,41,Mega Sale,2023-08-01,2023-08-05
2937,41,Buy One Get One Free (BOGO) Event,2023-09-07,2023-09-11
2938,41,Midnight Madness,2023-10-03,2023-10-10
2939,41,Inventory Liquidation Sale,2023-11-05,2023-11-09
2940,41,Customer Appreciation Week,2023-12-07,2023-12-12
2941,41,Grand Opening Celebration,2024-01-09,2024-01-15
2942,41,Grand Opening Celebration,2024-02-09,2024-02-12
2943,41,Seasonal Discount Event,2024-03-06,2024-03-13
2944,41,Anniversary Sale,2024-04-01,2024-04-04
2945,41,Seasonal Discount Event,2024-05-06,2024-05-13
2946,41,Last Chance to Save,2024-06-06,2024-06-10
2947,41,Mega Sale,2024-07-02,2024-07-07
2948,41,Inventory Liquidation Sale,2024-08-06,2024-08-09
2949,41,Friends and Family Discount Days,2024-09-06,2024-09-11
2950,41,Midnight Madness,2024-10-09,2024-10-14
2951,41,Inventory Liquidation Sale,2024-11-09,2024-11-12
2952,41,Mega Sale,2024-12-01,2024-12-07
2953,42,Inventory Liquidation Sale,2019-01-10,2019-01-15
2954,42,Last Chance to Save,2019-02-02,2019-02-07
2955,42,Mega Sale,2019-03-09,2019-03-12
2956,42,Customer Appreciation Week,2019-04-02,2019-04-07
2957,42,Buy One Get One Free (BOGO) Event,2019-05-07,2019-05-13
2958,42,Friends and Family Discount Days,2019-06-10,2019-06-17
2959,42,Customer Appreciation Week,2019-07-05,2019-07-08
2960,42,Inventory Liquidation Sale,2019-08-02,2019-08-05
2961,42,Anniversary Sale,2019-09-07,2019-09-12
2962,42,Grand Opening Celebration,2019-10-03,2019-10-09
2963,42,Grand Opening Celebration,2019-11-07,2019-11-14
2964,42,Mega Sale,2019-12-06,2019-12-11
2965,42,Customer Appreciation Week,2020-01-06,2020-01-10
2966,42,Manager's Special,2020-02-07,2020-02-11
2967,42,Inventory Liquidation Sale,2020-03-08,2020-03-14
2968,42,Grand Opening Celebration,2020-04-06,2020-04-13
2969,42,Last Chance to Save,2020-05-06,2020-05-13
2970,42,Last Chance to Save,2020-06-01,2020-06-05
2971,42,Manager's Special,2020-07-04,2020-07-09
2972,42,Buy One Get One Free (BOGO) Event,2020-08-03,2020-08-07
2973,42,Mega Sale,2020-09-02,2020-09-08
2974,42,Flash Sale Frenzy,2020-10-03,2020-10-09
2975,42,Grand Opening Celebration,2020-11-05,2020-11-12
2976,42,Buy One Get One Free (BOGO) Event,2020-12-10,2020-12-13
2977,42,Mega Sale,2021-01-07,2021-01-10
2978,42,Buy One Get One Free (BOGO) Event,2021-02-07,2021-02-11
2979,42,Mega Sale,2021-03-09,2021-03-13
2980,42,Grand Opening Celebration,2021-04-04,2021-04-09
2981,42,Mega Sale,2021-05-01,2021-05-06
2982,42,Midnight Madness,2021-06-04,2021-06-07
2983,42,Manager's Special,2021-07-06,2021-07-09
2984,42,Manager's Special,2021-08-04,2021-08-07
2985,42,Manager's Special,2021-09-04,2021-09-09
2986,42,Grand Opening Celebration,2021-10-02,2021-10-05
2987,42,Inventory Liquidation Sale,2021-11-01,2021-11-05
2988,42,Inventory Liquidation Sale,2021-12-09,2021-12-14
2989,42,Inventory Liquidation Sale,2022-01-04,2022-01-09
2990,42,Buy One Get One Free (BOGO) Event,2022-02-08,2022-02-15
2991,42,Midnight Madness,2022-03-08,2022-03-12
2992,42,Seasonal Discount Event,2022-04-03,2022-04-07
2993,42,Last Chance to Save,2022-05-02,2022-05-08
2994,42,Grand Opening Celebration,2022-06-02,2022-06-09
2995,42,Seasonal Discount Event,2022-07-07,2022-07-14
2996,42,Flash Sale Frenzy,2022-08-03,2022-08-08
2997,42,Mega Sale,2022-09-09,2022-09-14
2998,42,Manager's Special,2022-10-09,2022-10-14
2999,42,Manager's Special,2022-11-04,2022-11-07
3000,42,Midnight Madness,2022-12-06,2022-12-12
3001,42,Buy One Get One Free (BOGO) Event,2023-01-01,2023-01-08
3002,42,Inventory Liquidation Sale,2023-02-05,2023-02-11
3003,42,Buy One Get One Free (BOGO) Event,2023-03-01,2023-03-07
3004,42,Midnight Madness,2023-04-10,2023-04-16
3005,42,Flash Sale Frenzy,2023-05-10,2023-05-16
3006,42,Friends and Family Discount Days,2023-06-08,2023-06-13
3007,42,Grand Opening Celebration,2023-07-06,2023-07-12
3008,42,Inventory Liquidation Sale,2023-08-10,2023-08-17
3009,42,Anniversary Sale,2023-09-07,2023-09-10
3010,42,Mega Sale,2023-10-04,2023-10-09
3011,42,Buy One Get One Free (BOGO) Event,2023-11-03,2023-11-08
3012,42,Friends and Family Discount Days,2023-12-02,2023-12-09
3013,42,Anniversary Sale,2024-01-10,2024-01-15
3014,42,Buy One Get One Free (BOGO) Event,2024-02-06,2024-02-11
3015,42,Friends and Family Discount Days,2024-03-10,2024-03-14
3016,42,Buy One Get One Free (BOGO) Event,2024-04-02,2024-04-07
3017,42,Flash Sale Frenzy,2024-05-09,2024-05-15
3018,42,Midnight Madness,2024-06-05,2024-06-12
3019,42,Buy One Get One Free (BOGO) Event,2024-07-01,2024-07-04
3020,42,Grand Opening Celebration,2024-08-02,2024-08-08
3021,42,Anniversary Sale,2024-09-07,2024-09-12
3022,42,Last Chance to Save,2024-10-02,2024-10-07
3023,42,Buy One Get One Free (BOGO) Event,2024-11-06,2024-11-10
3024,42,Midnight Madness,2024-12-08,2024-12-13
3025,43,Flash Sale Frenzy,2019-01-01,2019-01-04
3026,43,Customer Appreciation Week,2019-02-07,2019-02-14
3027,43,Friends and Family Discount Days,2019-03-05,2019-03-11
3028,43,Manager's Special,2019-04-02,2019-04-08
3029,43,Manager's Special,2019-05-05,2019-05-08
3030,43,Customer Appreciation Week,2019-06-08,2019-06-12
3031,43,Midnight Madness,2019-07-08,2019-07-14
3032,43,Mega Sale,2019-08-05,2019-08-08
3033,43,Seasonal Discount Event,2019-09-10,2019-09-13
3034,43,Midnight Madness,2019-10-05,2019-10-08
3035,43,Manager's Special,2019-11-08,2019-11-15
3036,43,Friends and Family Discount Days,2019-12-01,2019-12-08
3037,43,Anniversary Sale,2020-01-08,2020-01-11
3038,43,Last Chance to Save,2020-02-06,2020-02-12
3039,43,Manager's Special,2020-03-02,2020-03-07
3040,43,Customer Appreciation Week,2020-04-02,2020-04-07
3041,43,Last Chance to Save,2020-05-06,2020-05-09
3042,43,Buy One Get One Free (BOGO) Event,2020-06-10,2020-06-15
3043,43,Customer Appreciation Week,2020-07-09,2020-07-13
3044,43,Mega Sale,2020-08-08,2020-08-12
3045,43,Grand Opening Celebration,2020-09-09,2020-09-12
3046,43,Inventory Liquidation Sale,2020-10-03,2020-10-10
3047,43,Grand Opening Celebration,2020-11-07,2020-11-10
3048,43,Mega Sale,2020-12-01,2020-12-08
3049,43,Buy One Get One Free (BOGO) Event,2021-01-04,2021-01-11
3050,43,Mega Sale,2021-02-02,2021-02-08
3051,43,Mega Sale,2021-03-05,2021-03-12
3052,43,Flash Sale Frenzy,2021-04-08,2021-04-12
3053,43,Midnight Madness,2021-05-01,2021-05-08
3054,43,Last Chance to Save,2021-06-01,2021-06-07
3055,43,Anniversary Sale,2021-07-05,2021-07-11
3056,43,Buy One Get One Free (BOGO) Event,2021-08-05,2021-08-10
3057,43,Anniversary Sale,2021-09-04,2021-09-07
3058,43,Manager's Special,2021-10-01,2021-10-07
3059,43,Manager's Special,2021-11-01,2021-11-06
3060,43,Customer Appreciation Week,2021-12-02,2021-12-09
3061,43,Last Chance to Save,2022-01-01,2022-01-08
3062,43,Friends and Family Discount Days,2022-02-09,2022-02-15
3063,43,Midnight Madness,2022-03-04,2022-03-07
3064,43,Anniversary Sale,2022-04-03,2022-04-09
3065,43,Manager's Special,2022-05-07,2022-05-11
3066,43,Seasonal Discount Event,2022-06-03,2022-06-09
3067,43,Flash Sale Frenzy,2022-07-03,2022-07-07
3068,43,Inventory Liquidation Sale,2022-08-04,2022-08-10
3069,43,Last Chance to Save,2022-09-06,2022-09-09
3070,43,Buy One Get One Free (BOGO) Event,2022-10-04,2022-10-08
3071,43,Manager's Special,2022-11-07,2022-11-10
3072,43,Customer Appreciation Week,2022-12-10,2022-12-13
3073,43,Buy One Get One Free (BOGO) Event,2023-01-08,2023-01-12
3074,43,Customer Appreciation Week,2023-02-04,2023-02-09
3075,43,Flash Sale Frenzy,2023-03-03,2023-03-09
3076,43,Manager's Special,2023-04-06,2023-04-11
3077,43,Last Chance to Save,2023-05-04,2023-05-07
3078,43,Customer Appreciation Week,2023-06-04,2023-06-11
3079,43,Inventory Liquidation Sale,2023-07-04,2023-07-09
3080,43,Customer Appreciation Week,2023-08-02,2023-08-06
3081,43,Manager's Special,2023-09-06,2023-09-13
3082,43,Last Chance to Save,2023-10-07,2023-10-12
3083,43,Flash Sale Frenzy,2023-11-07,2023-11-10
3084,43,Manager's Special,2023-12-07,2023-12-10
3085,43,Seasonal Discount Event,2024-01-01,2024-01-08
3086,43,Mega Sale,2024-02-10,2024-02-16
3087,43,Flash Sale Frenzy,2024-03-08,2024-03-13
3088,43,Anniversary Sale,2024-04-06,2024-04-09
3089,43,Buy One Get One Free (BOGO) Event,2024-05-04,2024-05-07
3090,43,Grand Opening Celebration,2024-06-05,2024-06-08
3091,43,Friends and Family Discount Days,2024-07-10,2024-07-17
3092,43,Friends and Family Discount Days,2024-08-04,2024-08-10
3093,43,Customer Appreciation Week,2024-09-07,2024-09-12
3094,43,Seasonal Discount Event,2024-10-01,2024-10-05
3095,43,Seasonal Discount Event,2024-11-06,2024-11-11
3096,43,Flash Sale Frenzy,2024-12-07,2024-12-10
3097,44,Anniversary Sale,2019-01-07,2019-01-11
3098,44,Mega Sale,2019-02-10,2019-02-14
3099,44,Flash Sale Frenzy,2019-03-04,2019-03-11
3100,44,Buy One Get One Free (BOGO) Event,2019-04-04,2019-04-09
3101,44,Inventory Liquidation Sale,2019-05-10,2019-05-17
3102,44,Midnight Madness,2019-06-09,2019-06-16
3103,44,Customer Appreciation Week,2019-07-10,2019-07-15
3104,44,Customer Appreciation Week,2019-08-09,2019-08-16
3105,44,Flash Sale Frenzy,2019-09-03,2019-09-08
3106,44,Friends and Family Discount Days,2019-10-08,2019-10-13
3107,44,Inventory Liquidation Sale,2019-11-06,2019-11-10
3108,44,Last Chance to Save,2019-12-05,2019-12-12
3109,44,Inventory Liquidation Sale,2020-01-08,2020-01-13
3110,44,Grand Opening Celebration,2020-02-06,2020-02-11
3111,44,Friends and Family Discount Days,2020-03-03,2020-03-10
3112,44,Mega Sale,2020-04-10,2020-04-15
3113,44,Grand Opening Celebration,2020-05-04,2020-05-11
3114,44,Midnight Madness,2020-06-07,2020-06-13
3115,44,Grand Opening Celebration,2020-07-07,2020-07-12
3116,44,Inventory Liquidation Sale,2020-08-01,2020-08-05
3117,44,Friends and Family Discount Days,2020-09-01,2020-09-04
3118,44,Flash Sale Frenzy,2020-10-03,2020-10-06
3119,44,Midnight Madness,2020-11-04,2020-11-11
3120,44,Inventory Liquidation Sale,2020-12-06,2020-12-10
3121,44,Manager's Special,2021-01-05,2021-01-09
3122,44,Friends and Family Discount Days,2021-02-05,2021-02-10
3123,44,Seasonal Discount Event,2021-03-09,2021-03-13
3124,44,Customer Appreciation Week,2021-04-05,2021-04-10
3125,44,Inventory Liquidation Sale,2021-05-05,2021-05-12
3126,44,Mega Sale,2021-06-09,2021-06-13
3127,44,Last Chance to Save,2021-07-07,2021-07-14
3128,44,Midnight Madness,2021-08-09,2021-08-13
3129,44,Customer Appreciation Week,2021-09-03,2021-09-08
3130,44,Buy One Get One Free (BOGO) Event,2021-10-04,2021-10-07
3131,44,Last Chance to Save,2021-11-04,2021-11-09
3132,44,Seasonal Discount Event,2021-12-04,2021-12-09
3133,44,Flash Sale Frenzy,2022-01-02,2022-01-07
3134,44,Friends and Family Discount Days,2022-02-08,2022-02-12
3135,44,Manager's Special,2022-03-05,2022-03-11
3136,44,Grand Opening Celebration,2022-04-01,2022-04-07
3137,44,Mega Sale,2022-05-10,2022-05-17
3138,44,Seasonal Discount Event,2022-06-03,2022-06-08
3139,44,Inventory Liquidation Sale,2022-07-02,2022-07-07
3140,44,Inventory Liquidation Sale,2022-08-06,2022-08-12
3141,44,Friends and Family Discount Days,2022-09-01,2022-09-08
3142,44,Anniversary Sale,2022-10-02,2022-10-05
3143,44,Midnight Madness,2022-11-01,2022-11-05
3144,44,Flash Sale Frenzy,2022-12-02,2022-12-06
3145,44,Midnight Madness,2023-01-10,2023-01-15
3146,44,Customer Appreciation Week,2023-02-02,2023-02-06
3147,44,Friends and Family Discount Days,2023-03-07,2023-03-14
3148,44,Mega Sale,2023-04-04,2023-04-08
3149,44,Midnight Madness,2023-05-03,2023-05-10
3150,44,Customer Appreciation Week,2023-06-05,2023-06-08
3151,44,Buy One Get One Free (BOGO) Event,2023-07-03,2023-07-07
3152,44,Grand Opening Celebration,2023-08-04,2023-08-08
3153,44,Grand Opening Celebration,2023-09-03,2023-09-06
3154,44,Buy One Get One Free (BOGO) Event,2023-10-05,2023-10-10
3155,44,Midnight Madness,2023-11-08,2023-11-11
3156,44,Customer Appreciation Week,2023-12-01,2023-12-06
3157,44,Customer Appreciation Week,2024-01-02,2024-01-09
3158,44,Grand Opening Celebration,2024-02-08,2024-02-15
3159,44,Inventory Liquidation Sale,2024-03-08,2024-03-15
3160,44,Mega Sale,2024-04-01,2024-04-04
3161,44,Manager's Special,2024-05-02,2024-05-07
3162,44,Last Chance to Save,2024-06-02,2024-06-06
3163,44,Flash Sale Frenzy,2024-07-07,2024-07-14
3164,44,Buy One Get One Free (BOGO) Event,2024-08-03,2024-08-07
3165,44,Flash Sale Frenzy,2024-09-07,2024-09-11
3166,44,Customer Appreciation Week,2024-10-06,2024-10-11
3167,44,Grand Opening Celebration,2024-11-10,2024-11-13
3168,44,Midnight Madness,2024-12-04,2024-12-10
3169,45,Seasonal Discount Event,2019-01-10,2019-01-14
3170,45,Friends and Family Discount Days,2019-02-01,2019-02-06
3171,45,Inventory Liquidation Sale,2019-03-02,2019-03-09
3172,45,Inventory Liquidation Sale,2019-04-04,2019-04-08
3173,45,Midnight Madness,2019-05-09,2019-05-12
3174,45,Customer Appreciation Week,2019-06-05,2019-06-10
3175,45,Customer Appreciation Week,2019-07-03,2019-07-09
3176,45,Mega Sale,2019-08-08,2019-08-14
3177,45,Manager's Special,2019-09-03,2019-09-09
3178,45,Anniversary Sale,2019-10-03,2019-10-07
3179,45,Customer Appreciation Week,2019-11-07,2019-11-12
3180,45,Anniversary Sale,2019-12-10,2019-12-14
3181,45,Anniversary Sale,2020-01-10,2020-01-17
3182,45,Last Chance to Save,2020-02-09,2020-02-15
3183,45,Mega Sale,2020-03-10,2020-03-13
3184,45,Last Chance to Save,2020-04-06,2020-04-09
3185,45,Inventory Liquidation Sale,2020-05-09,2020-05-15
3186,45,Inventory Liquidation Sale,2020-06-10,2020-06-16
3187,45,Last Chance to Save,2020-07-10,2020-07-17
3188,45,Last Chance to Save,2020-08-04,2020-08-11
3189,45,Friends and Family Discount Days,2020-09-10,2020-09-13
3190,45,Manager's Special,2020-10-10,2020-10-15
3191,45,Mega Sale,2020-11-08,2020-11-13
3192,45,Grand Opening Celebration,2020-12-02,2020-12-06
3193,45,Midnight Madness,2021-01-02,2021-01-09
3194,45,Seasonal Discount Event,2021-02-01,2021-02-04
3195,45,Flash Sale Frenzy,2021-03-05,2021-03-08
3196,45,Customer Appreciation Week,2021-04-06,2021-04-09
3197,45,Inventory Liquidation Sale,2021-05-06,2021-05-13
3198,45,Grand Opening Celebration,2021-06-04,2021-06-10
3199,45,Midnight Madness,2021-07-06,2021-07-10
3200,45,Midnight Madness,2021-08-03,2021-08-09
3201,45,Anniversary Sale,2021-09-03,2021-09-10
3202,45,Last Chance to Save,2021-10-10,2021-10-16
3203,45,Grand Opening Celebration,2021-11-07,2021-11-14
3204,45,Grand Opening Celebration,2021-12-09,2021-12-14
3205,45,Mega Sale,2022-01-05,2022-01-09
3206,45,Friends and Family Discount Days,2022-02-02,2022-02-08
3207,45,Flash Sale Frenzy,2022-03-02,2022-03-05
3208,45,Seasonal Discount Event,2022-04-07,2022-04-12
3209,45,Friends and Family Discount Days,2022-05-05,2022-05-12
3210,45,Buy One Get One Free (BOGO) Event,2022-06-08,2022-06-12
3211,45,Last Chance to Save,2022-07-07,2022-07-12
3212,45,Manager's Special,2022-08-05,2022-08-09
3213,45,Friends and Family Discount Days,2022-09-01,2022-09-06
3214,45,Customer Appreciation Week,2022-10-08,2022-10-14
3215,45,Friends and Family Discount Days,2022-11-01,2022-11-05
3216,45,Manager's Special,2022-12-01,2022-12-05
3217,45,Inventory Liquidation Sale,2023-01-06,2023-01-13
3218,45,Grand Opening Celebration,2023-02-01,2023-02-08
3219,45,Manager's Special,2023-03-09,2023-03-16
3220,45,Customer Appreciation Week,2023-04-09,2023-04-15
3221,45,Last Chance to Save,2023-05-08,2023-05-15
3222,45,Midnight Madness,2023-06-06,2023-06-13
3223,45,Buy One Get One Free (BOGO) Event,2023-07-04,2023-07-09
3224,45,Flash Sale Frenzy,2023-08-04,2023-08-07
3225,45,Buy One Get One Free (BOGO) Event,2023-09-10,2023-09-15
3226,45,Customer Appreciation Week,2023-10-03,2023-10-06
3227,45,Flash Sale Frenzy,2023-11-06,2023-11-13
3228,45,Grand Opening Celebration,2023-12-01,2023-12-07
3229,45,Flash Sale Frenzy,2024-01-01,2024-01-08
3230,45,Mega Sale,2024-02-02,2024-02-09
3231,45,Anniversary Sale,2024-03-05,2024-03-08
3232,45,Manager's Special,2024-04-10,2024-04-17
3233,45,Last Chance to Save,2024-05-02,2024-05-07
3234,45,Friends and Family Discount Days,2024-06-05,2024-06-08
3235,45,Buy One Get One Free (BOGO) Event,2024-07-01,2024-07-06
3236,45,Anniversary Sale,2024-08-09,2024-08-14
3237,45,Anniversary Sale,2024-09-02,2024-09-06
3238,45,Manager's Special,2024-10-05,2024-10-11
3239,45,Manager's Special,2024-11-05,2024-11-09
3240,45,Last Chance to Save,2024-12-07,2024-12-11
3241,46,Grand Opening Celebration,2019-01-05,2019-01-08
3242,46,Flash Sale Frenzy,2019-02-03,2019-02-09
3243,46,Buy One Get One Free (BOGO) Event,2019-03-08,2019-03-12
3244,46,Customer Appreciation Week,2019-04-05,2019-04-09
3245,46,Seasonal Discount Event,2019-05-10,2019-05-14
3246,46,Buy One Get One Free (BOGO) Event,2019-06-06,2019-06-10
3247,46,Last Chance to Save,2019-07-07,2019-07-10
3248,46,Buy One Get One Free (BOGO) Event,2019-08-03,2019-08-08
3249,46,Anniversary Sale,2019-09-09,2019-09-12
3250,46,Inventory Liquidation Sale,2019-10-05,2019-10-10
3251,46,Flash Sale Frenzy,2019-11-06,2019-11-10
3252,46,Last Chance to Save,2019-12-07,2019-12-14
3253,46,Manager's Special,2020-01-06,2020-01-10
3254,46,Inventory Liquidation Sale,2020-02-07,2020-02-14
3255,46,Flash Sale Frenzy,2020-03-01,2020-03-08
3256,46,Friends and Family Discount Days,2020-04-09,2020-04-16
3257,46,Friends and Family Discount Days,2020-05-03,2020-05-07
3258,46,Buy One Get One Free (BOGO) Event,2020-06-07,2020-06-13
3259,46,Friends and Family Discount Days,2020-07-05,2020-07-09
3260,46,Mega Sale,2020-08-01,2020-08-08
3261,46,Inventory Liquidation Sale,2020-09-01,2020-09-05
3262,46,Anniversary Sale,2020-10-10,2020-10-16
3263,46,Last Chance to Save,2020-11-01,2020-11-08
3264,46,Grand Opening Celebration,2020-12-04,2020-12-09
3265,46,Friends and Family Discount Days,2021-01-06,2021-01-13
3266,46,Friends and Family Discount Days,2021-02-02,2021-02-08
3267,46,Customer Appreciation Week,2021-03-04,2021-03-08
3268,46,Friends and Family Discount Days,2021-04-08,2021-04-11
3269,46,Flash Sale Frenzy,2021-05-06,2021-05-10
3270,46,Midnight Madness,2021-06-08,2021-06-15
3271,46,Inventory Liquidation Sale,2021-07-01,2021-07-08
3272,46,Grand Opening Celebration,2021-08-01,2021-08-06
3273,46,Manager's Special,2021-09-04,2021-09-10
3274,46,Inventory Liquidation Sale,2021-10-06,2021-10-13
3275,46,Inventory Liquidation Sale,2021-11-03,2021-11-08
3276,46,Midnight Madness,2021-12-08,2021-12-11
3277,46,Inventory Liquidation Sale,2022-01-03,2022-01-06
3278,46,Manager's Special,2022-02-02,2022-02-07
3279,46,Midnight Madness,2022-03-04,2022-03-08
3280,46,Anniversary Sale,2022-04-01,2022-04-05
3281,46,Flash Sale Frenzy,2022-05-06,2022-05-12
3282,46,Last Chance to Save,2022-06-07,2022-06-12
3283,46,Inventory Liquidation Sale,2022-07-05,2022-07-08
3284,46,Midnight Madness,2022-08-04,2022-08-07
3285,46,Friends and Family Discount Days,2022-09-06,2022-09-09
3286,46,Last Chance to Save,2022-10-07,2022-10-14
3287,46,Midnight Madness,2022-11-10,2022-11-15
3288,46,Mega Sale,2022-12-05,2022-12-09
3289,46,Flash Sale Frenzy,2023-01-07,2023-01-13
3290,46,Midnight Madness,2023-02-02,2023-02-07
3291,46,Buy One Get One Free (BOGO) Event,2023-03-04,2023-03-07
3292,46,Last Chance to Save,2023-04-10,2023-04-13
3293,46,Midnight Madness,2023-05-05,2023-05-12
3294,46,Friends and Family Discount Days,2023-06-04,2023-06-07
3295,46,Customer Appreciation Week,2023-07-07,2023-07-12
3296,46,Midnight Madness,2023-08-07,2023-08-13
3297,46,Inventory Liquidation Sale,2023-09-02,2023-09-06
3298,46,Grand Opening Celebration,2023-10-05,2023-10-11
3299,46,Seasonal Discount Event,2023-11-04,2023-11-09
3300,46,Friends and Family Discount Days,2023-12-05,2023-12-10
3301,46,Flash Sale Frenzy,2024-01-03,2024-01-10
3302,46,Manager's Special,2024-02-03,2024-02-07
3303,46,Flash Sale Frenzy,2024-03-06,2024-03-10
3304,46,Buy One Get One Free (BOGO) Event,2024-04-09,2024-04-14
3305,46,Seasonal Discount Event,2024-05-03,2024-05-10
3306,46,Inventory Liquidation Sale,2024-06-10,2024-06-17
3307,46,Midnight Madness,2024-07-05,2024-07-12
3308,46,Grand Opening Celebration,2024-08-06,2024-08-12
3309,46,Inventory Liquidation Sale,2024-09-06,2024-09-13
3310,46,Midnight Madness,2024-10-04,2024-10-09
3311,46,Flash Sale Frenzy,2024-11-02,2024-11-09
3312,46,Inventory Liquidation Sale,2024-12-01,2024-12-07
3313,47,Buy One Get One Free (BOGO) Event,2019-01-01,2019-01-07
3314,47,Buy One Get One Free (BOGO) Event,2019-02-02,2019-02-06
3315,47,Midnight Madness,2019-03-02,2019-03-07
3316,47,Buy One Get One Free (BOGO) Event,2019-04-01,2019-04-05
3317,47,Buy One Get One Free (BOGO) Event,2019-05-05,2019-05-11
3318,47,Mega Sale,2019-06-04,2019-06-07
3319,47,Inventory Liquidation Sale,2019-07-06,2019-07-09
3320,47,Friends and Family Discount Days,2019-08-07,2019-08-11
3321,47,Flash Sale Frenzy,2019-09-08,2019-09-11
3322,47,Midnight Madness,2019-10-05,2019-10-12
3323,47,Friends and Family Discount Days,2019-11-05,2019-11-08
3324,47,Anniversary Sale,2019-12-06,2019-12-10
3325,47,Grand Opening Celebration,2020-01-10,2020-01-16
3326,47,Midnight Madness,2020-02-07,2020-02-12
3327,47,Flash Sale Frenzy,2020-03-08,2020-03-12
3328,47,Seasonal Discount Event,2020-04-02,2020-04-06
3329,47,Grand Opening Celebration,2020-05-05,2020-05-10
3330,47,Buy One Get One Free (BOGO) Event,2020-06-04,2020-06-10
3331,47,Inventory Liquidation Sale,2020-07-07,2020-07-14
3332,47,Manager's Special,2020-08-08,2020-08-15
3333,47,Grand Opening Celebration,2020-09-08,2020-09-13
3334,47,Grand Opening Celebration,2020-10-08,2020-10-12
3335,47,Grand Opening Celebration,2020-11-10,2020-11-17
3336,47,Grand Opening Celebration,2020-12-04,2020-12-07
3337,47,Friends and Family Discount Days,2021-01-04,2021-01-08
3338,47,Midnight Madness,2021-02-03,2021-02-09
3339,47,Last Chance to Save,2021-03-09,2021-03-16
3340,47,Flash Sale Frenzy,2021-04-02,2021-04-08
3341,47,Anniversary Sale,2021-05-03,2021-05-09
3342,47,Manager's Special,2021-06-08,2021-06-11
3343,47,Last Chance to Save,2021-07-10,2021-07-16
3344,47,Friends and Family Discount Days,2021-08-05,2021-08-12
3345,47,Buy One Get One Free (BOGO) Event,2021-09-10,2021-09-13
3346,47,Mega Sale,2021-10-06,2021-10-09
3347,47,Buy One Get One Free (BOGO) Event,2021-11-08,2021-11-13
3348,47,Grand Opening Celebration,2021-12-02,2021-12-08
3349,47,Seasonal Discount Event,2022-01-01,2022-01-05
3350,47,Mega Sale,2022-02-05,2022-02-12
3351,47,Customer Appreciation Week,2022-03-03,2022-03-09
3352,47,Anniversary Sale,2022-04-07,2022-04-14
3353,47,Flash Sale Frenzy,2022-05-03,2022-05-10
3354,47,Inventory Liquidation Sale,2022-06-10,2022-06-15
3355,47,Seasonal Discount Event,2022-07-07,2022-07-10
3356,47,Buy One Get One Free (BOGO) Event,2022-08-02,2022-08-05
3357,47,Last Chance to Save,2022-09-07,2022-09-13
3358,47,Friends and Family Discount Days,2022-10-06,2022-10-13
3359,47,Flash Sale Frenzy,2022-11-10,2022-11-14
3360,47,Flash Sale Frenzy,2022-12-06,2022-12-12
3361,47,Mega Sale,2023-01-10,2023-01-13
3362,47,Mega Sale,2023-02-09,2023-02-14
3363,47,Anniversary Sale,2023-03-07,2023-03-14
3364,47,Anniversary Sale,2023-04-04,2023-04-07
3365,47,Seasonal Discount Event,2023-05-04,2023-05-09
3366,47,Seasonal Discount Event,2023-06-08,2023-06-11
3367,47,Friends and Family Discount Days,2023-07-03,2023-07-06
3368,47,Flash Sale Frenzy,2023-08-08,2023-08-12
3369,47,Anniversary Sale,2023-09-03,2023-09-07
3370,47,Mega Sale,2023-10-06,2023-10-13
3371,47,Customer Appreciation Week,2023-11-02,2023-11-06
3372,47,Last Chance to Save,2023-12-03,2023-12-06
3373,47,Inventory Liquidation Sale,2024-01-03,2024-01-07
3374,47,Midnight Madness,2024-02-01,2024-02-05
3375,47,Midnight Madness,2024-03-06,2024-03-13
3376,47,Flash Sale Frenzy,2024-04-04,2024-04-08
3377,47,Last Chance to Save,2024-05-09,2024-05-16
3378,47,Manager's Special,2024-06-06,2024-06-09
3379,47,Friends and Family Discount Days,2024-07-02,2024-07-06
3380,47,Manager's Special,2024-08-10,2024-08-17
3381,47,Inventory Liquidation Sale,2024-09-08,2024-09-12
3382,47,Mega Sale,2024-10-08,2024-10-15
3383,47,Flash Sale Frenzy,2024-11-08,2024-11-15
3384,47,Inventory Liquidation Sale,2024-12-07,2024-12-13
3385,48,Mega Sale,2019-01-03,2019-01-07
3386,48,Grand Opening Celebration,2019-02-01,2019-02-08
3387,48,Seasonal Discount Event,2019-03-05,2019-03-09
3388,48,Flash Sale Frenzy,2019-04-10,2019-04-16
3389,48,Grand Opening Celebration,2019-05-06,2019-05-09
3390,48,Buy One Get One Free (BOGO) Event,2019-06-05,2019-06-10
3391,48,Mega Sale,2019-07-07,2019-07-12
3392,48,Inventory Liquidation Sale,2019-08-05,2019-08-09
3393,48,Anniversary Sale,2019-09-07,2019-09-11
3394,48,Anniversary Sale,2019-10-07,2019-10-14
3395,48,Friends and Family Discount Days,2019-11-05,2019-11-12
3396,48,Manager's Special,2019-12-05,2019-12-12
3397,48,Last Chance to Save,2020-01-02,2020-01-09
3398,48,Mega Sale,2020-02-08,2020-02-12
3399,48,Anniversary Sale,2020-03-03,2020-03-10
3400,48,Mega Sale,2020-04-02,2020-04-05
3401,48,Midnight Madness,2020-05-01,2020-05-04
3402,48,Mega Sale,2020-06-05,2020-06-09
3403,48,Manager's Special,2020-07-04,2020-07-11
3404,48,Friends and Family Discount Days,2020-08-05,2020-08-08
3405,48,Last Chance to Save,2020-09-09,2020-09-12
3406,48,Friends and Family Discount Days,2020-10-08,2020-10-15
3407,48,Grand Opening Celebration,2020-11-04,2020-11-08
3408,48,Anniversary Sale,2020-12-06,2020-12-09
3409,48,Inventory Liquidation Sale,2021-01-05,2021-01-12
3410,48,Customer Appreciation Week,2021-02-01,2021-02-06
3411,48,Buy One Get One Free (BOGO) Event,2021-03-04,2021-03-08
3412,48,Inventory Liquidation Sale,2021-04-02,2021-04-09
3413,48,Flash Sale Frenzy,2021-05-10,2021-05-17
3414,48,Manager's Special,2021-06-01,2021-06-05
3415,48,Seasonal Discount Event,2021-07-09,2021-07-14
3416,48,Manager's Special,2021-08-05,2021-08-08
3417,48,Grand Opening Celebration,2021-09-02,2021-09-08
3418,48,Last Chance to Save,2021-10-04,2021-10-10
3419,48,Flash Sale Frenzy,2021-11-05,2021-11-08
3420,48,Mega Sale,2021-12-09,2021-12-14
3421,48,Friends and Family Discount Days,2022-01-07,2022-01-11
3422,48,Flash Sale Frenzy,2022-02-04,2022-02-11
3423,48,Friends and Family Discount Days,2022-03-04,2022-03-10
3424,48,Anniversary Sale,2022-04-06,2022-04-12
3425,48,Seasonal Discount Event,2022-05-05,2022-05-08
3426,48,Anniversary Sale,2022-06-04,2022-06-10
3427,48,Grand Opening Celebration,2022-07-03,2022-07-07
3428,48,Grand Opening Celebration,2022-08-06,2022-08-13
3429,48,Buy One Get One Free (BOGO) Event,2022-09-02,2022-09-07
3430,48,Flash Sale Frenzy,2022-10-06,2022-10-13
3431,48,Midnight Madness,2022-11-09,2022-11-14
3432,48,Friends and Family Discount Days,2022-12-07,2022-12-11
3433,48,Customer Appreciation Week,2023-01-08,2023-01-15
3434,48,Friends and Family Discount Days,2023-02-02,2023-02-08
3435,48,Buy One Get One Free (BOGO) Event,2023-03-05,2023-03-11
3436,48,Grand Opening Celebration,2023-04-09,2023-04-14
3437,48,Inventory Liquidation Sale,2023-05-02,2023-05-06
3438,48,Flash Sale Frenzy,2023-06-10,2023-06-13
3439,48,Friends and Family Discount Days,2023-07-01,2023-07-05
3440,48,Last Chance to Save,2023-08-02,2023-08-07
3441,48,Mega Sale,2023-09-06,2023-09-09
3442,48,Friends and Family Discount Days,2023-10-09,2023-10-14
3443,48,Mega Sale,2023-11-02,2023-11-05
3444,48,Anniversary Sale,2023-12-02,2023-12-07
3445,48,Grand Opening Celebration,2024-01-01,2024-01-05
3446,48,Midnight Madness,2024-02-06,2024-02-10
3447,48,Customer Appreciation Week,2024-03-10,2024-03-16
3448,48,Mega Sale,2024-04-03,2024-04-10
3449,48,Last Chance to Save,2024-05-01,2024-05-04
3450,48,Buy One Get One Free (BOGO) Event,2024-06-01,2024-06-08
3451,48,Friends and Family Discount Days,2024-07-03,2024-07-07
3452,48,Customer Appreciation Week,2024-08-07,2024-08-11
3453,48,Friends and Family Discount Days,2024-09-07,2024-09-13
3454,48,Grand Opening Celebration,2024-10-07,2024-10-10
3455,48,Flash Sale Frenzy,2024-11-08,2024-11-11
3456,48,Grand Opening Celebration,2024-12-09,2024-12-16
3457,49,Flash Sale Frenzy,2019-01-08,2019-01-15
3458,49,Manager's Special,2019-02-09,2019-02-16
3459,49,Buy One Get One Free (BOGO) Event,2019-03-08,2019-03-15
3460,49,Manager's Special,2019-04-08,2019-04-11
3461,49,Mega Sale,2019-05-02,2019-05-09
3462,49,Midnight Madness,2019-06-09,2019-06-13
3463,49,Buy One Get One Free (BOGO) Event,2019-07-08,2019-07-14
3464,49,Seasonal Discount Event,2019-08-01,2019-08-06
3465,49,Friends and Family Discount Days,2019-09-01,2019-09-06
3466,49,Inventory Liquidation Sale,2019-10-04,2019-10-07
3467,49,Manager's Special,2019-11-09,2019-11-12
3468,49,Flash Sale Frenzy,2019-12-09,2019-12-13
3469,49,Friends and Family Discount Days,2020-01-04,2020-01-07
3470,49,Seasonal Discount Event,2020-02-02,2020-02-07
3471,49,Mega Sale,2020-03-03,2020-03-08
3472,49,Manager's Special,2020-04-02,2020-04-07
3473,49,Seasonal Discount Event,2020-05-04,2020-05-07
3474,49,Buy One Get One Free (BOGO) Event,2020-06-05,2020-06-10
3475,49,Grand Opening Celebration,2020-07-10,2020-07-16
3476,49,Mega Sale,2020-08-10,2020-08-15
3477,49,Flash Sale Frenzy,2020-09-06,2020-09-13
3478,49,Grand Opening Celebration,2020-10-04,2020-10-09
3479,49,Last Chance to Save,2020-11-01,2020-11-04
3480,49,Friends and Family Discount Days,2020-12-10,2020-12-16
3481,49,Grand Opening Celebration,2021-01-09,2021-01-16
3482,49,Midnight Madness,2021-02-04,2021-02-09
3483,49,Customer Appreciation Week,2021-03-01,2021-03-04
3484,49,Buy One Get One Free (BOGO) Event,2021-04-02,2021-04-09
3485,49,Customer Appreciation Week,2021-05-02,2021-05-05
3486,49,Midnight Madness,2021-06-01,2021-06-05
3487,49,Anniversary Sale,2021-07-08,2021-07-14
3488,49,Grand Opening Celebration,2021-08-02,2021-08-08
3489,49,Anniversary Sale,2021-09-07,2021-09-10
3490,49,Grand Opening Celebration,2021-10-07,2021-10-14
3491,49,Seasonal Discount Event,2021-11-05,2021-11-11
3492,49,Buy One Get One Free (BOGO) Event,2021-12-09,2021-12-13
3493,49,Manager's Special,2022-01-01,2022-01-08
3494,49,Mega Sale,2022-02-08,2022-02-12
3495,49,Mega Sale,2022-03-05,2022-03-12
3496,49,Friends and Family Discount Days,2022-04-09,2022-04-12
3497,49,Mega Sale,2022-05-07,2022-05-14
3498,49,Grand Opening Celebration,2022-06-10,2022-06-14
3499,49,Midnight Madness,2022-07-05,2022-07-10
3500,49,Buy One Get One Free (BOGO) Event,2022-08-01,2022-08-06
3501,49,Customer Appreciation Week,2022-09-08,2022-09-12
3502,49,Buy One Get One Free (BOGO) Event,2022-10-08,2022-10-14
3503,49,Flash Sale Frenzy,2022-11-02,2022-11-06
3504,49,Last Chance to Save,2022-12-07,2022-12-11
3505,49,Manager's Special,2023-01-07,2023-01-11
3506,49,Anniversary Sale,2023-02-10,2023-02-13
3507,49,Grand Opening Celebration,2023-03-01,2023-03-06
3508,49,Last Chance to Save,2023-04-05,2023-04-08
3509,49,Inventory Liquidation Sale,2023-05-03,2023-05-07
3510,49,Friends and Family Discount Days,2023-06-10,2023-06-13
3511,49,Friends and Family Discount Days,2023-07-08,2023-07-11
3512,49,Seasonal Discount Event,2023-08-07,2023-08-13
3513,49,Mega Sale,2023-09-07,2023-09-11
3514,49,Inventory Liquidation Sale,2023-10-03,2023-10-06
3515,49,Seasonal Discount Event,2023-11-09,2023-11-14
3516,49,Mega Sale,2023-12-10,2023-12-14
3517,49,Customer Appreciation Week,2024-01-09,2024-01-14
3518,49,Seasonal Discount Event,2024-02-01,2024-02-06
3519,49,Inventory Liquidation Sale,2024-03-01,2024-03-06
3520,49,Seasonal Discount Event,2024-04-08,2024-04-11
3521,49,Flash Sale Frenzy,2024-05-07,2024-05-12
3522,49,Grand Opening Celebration,2024-06-06,2024-06-12
3523,49,Seasonal Discount Event,2024-07-05,2024-07-08
3524,49,Manager's Special,2024-08-07,2024-08-12
3525,49,Grand Opening Celebration,2024-09-07,2024-09-13
3526,49,Inventory Liquidation Sale,2024-10-02,2024-10-07
3527,49,Inventory Liquidation Sale,2024-11-02,2024-11-05
3528,49,Friends and Family Discount Days,2024-12-03,2024-12-06
3529,50,Inventory Liquidation Sale,2019-01-01,2019-01-04
3530,50,Mega Sale,2019-02-01,2019-02-06
3531,50,Manager's Special,2019-03-09,2019-03-16
3532,50,Midnight Madness,2019-04-06,2019-04-13
3533,50,Grand Opening Celebration,2019-05-08,2019-05-15
3534,50,Flash Sale Frenzy,2019-06-07,2019-06-11
3535,50,Customer Appreciation Week,2019-07-06,2019-07-10
3536,50,Customer Appreciation Week,2019-08-08,2019-08-14
3537,50,Friends and Family Discount Days,2019-09-06,2019-09-09
3538,50,Seasonal Discount Event,2019-10-04,2019-10-08
3539,50,Customer Appreciation Week,2019-11-10,2019-11-17
3540,50,Manager's Special,2019-12-05,2019-12-12
3541,50,Anniversary Sale,2020-01-09,2020-01-15
3542,50,Friends and Family Discount Days,2020-02-09,2020-02-15
3543,50,Manager's Special,2020-03-09,2020-03-13
3544,50,Anniversary Sale,2020-04-05,2020-04-09
3545,50,Buy One Get One Free (BOGO) Event,2020-05-03,2020-05-07
3546,50,Last Chance to Save,2020-06-10,2020-06-16
3547,50,Mega Sale,2020-07-06,2020-07-10
3548,50,Flash Sale Frenzy,2020-08-02,2020-08-05
3549,50,Friends and Family Discount Days,2020-09-04,2020-09-08
3550,50,Last Chance to Save,2020-10-09,2020-10-16
3551,50,Midnight Madness,2020-11-01,2020-11-08
3552,50,Anniversary Sale,2020-12-05,2020-12-08
3553,50,Anniversary Sale,2021-01-04,2021-01-10
3554,50,Grand Opening Celebration,2021-02-06,2021-02-13
3555,50,Buy One Get One Free (BOGO) Event,2021-03-10,2021-03-13
3556,50,Friends and Family Discount Days,2021-04-05,2021-04-08
3557,50,Customer Appreciation Week,2021-05-07,2021-05-12
3558,50,Seasonal Discount Event,2021-06-01,2021-06-05
3559,50,Customer Appreciation Week,2021-07-08,2021-07-15
3560,50,Inventory Liquidation Sale,2021-08-01,2021-08-08
3561,50,Anniversary Sale,2021-09-10,2021-09-15
3562,50,Last Chance to Save,2021-10-01,2021-10-05
3563,50,Manager's Special,2021-11-08,2021-11-15
3564,50,Last Chance to Save,2021-12-01,2021-12-06
3565,50,Grand Opening Celebration,2022-01-04,2022-01-10
3566,50,Last Chance to Save,2022-02-02,2022-02-09
3567,50,Last Chance to Save,2022-03-02,2022-03-09
3568,50,Midnight Madness,2022-04-09,2022-04-15
3569,50,Buy One Get One Free (BOGO) Event,2022-05-09,2022-05-16
3570,50,Midnight Madness,2022-06-07,2022-06-11
3571,50,Grand Opening Celebration,2022-07-10,2022-07-16
3572,50,Friends and Family Discount Days,2022-08-07,2022-08-11
3573,50,Grand Opening Celebration,2022-09-08,2022-09-14
3574,50,Friends and Family Discount Days,2022-10-08,2022-10-14
3575,50,Customer Appreciation Week,2022-11-03,2022-11-10
3576,50,Grand Opening Celebration,2022-12-10,2022-12-15
3577,50,Manager's Special,2023-01-03,2023-01-09
3578,50,Last Chance to Save,2023-02-02,2023-02-07
3579,50,Buy One Get One Free (BOGO) Event,2023-03-09,2023-03-16
3580,50,Inventory Liquidation Sale,2023-04-09,2023-04-16
3581,50,Seasonal Discount Event,2023-05-02,2023-05-07
3582,50,Friends and Family Discount Days,2023-06-03,2023-06-08
3583,50,Customer Appreciation Week,2023-07-03,2023-07-09
3584,50,Inventory Liquidation Sale,2023-08-01,2023-08-06
3585,50,Anniversary Sale,2023-09-09,2023-09-15
3586,50,Customer Appreciation Week,2023-10-06,2023-10-09
3587,50,Customer Appreciation Week,2023-11-07,2023-11-11
3588,50,Buy One Get One Free (BOGO) Event,2023-12-05,2023-12-12
3589,50,Friends and Family Discount Days,2024-01-09,2024-01-16
3590,50,Mega Sale,2024-02-07,2024-02-13
3591,50,Mega Sale,2024-03-10,2024-03-15
3592,50,Anniversary Sale,2024-04-02,2024-04-06
3593,50,Last Chance to Save,2024-05-02,2024-05-09
3594,50,Midnight Madness,2024-06-09,2024-06-15
3595,50,Anniversary Sale,2024-07-08,2024-07-13
3596,50,Seasonal Discount Event,2024-08-02,2024-08-07
3597,50,Flash Sale Frenzy,2024-09-01,2024-09-04
3598,50,Midnight Madness,2024-10-05,2024-10-12
3599,50,Manager's Special,2024-11-09,2024-11-14
3600,50,Midnight Madness,2024-12-09,2024-12-13
3601,51,Mega Sale,2019-01-02,2019-01-07
3602,51,Anniversary Sale,2019-02-05,2019-02-11
3603,51,Flash Sale Frenzy,2019-03-05,2019-03-11
3604,51,Mega Sale,2019-04-07,2019-04-11
3605,51,Customer Appreciation Week,2019-05-08,2019-05-12
3606,51,Midnight Madness,2019-06-07,2019-06-11
3607,51,Inventory Liquidation Sale,2019-07-04,2019-07-08
3608,51,Anniversary Sale,2019-08-09,2019-08-16
3609,51,Anniversary Sale,2019-09-04,2019-09-09
3610,51,Customer Appreciation Week,2019-10-05,2019-10-10
3611,51,Grand Opening Celebration,2019-11-09,2019-11-14
3612,51,Midnight Madness,2019-12-03,2019-12-06
3613,51,Seasonal Discount Event,2020-01-01,2020-01-08
3614,51,Customer Appreciation Week,2020-02-05,2020-02-12
3615,51,Grand Opening Celebration,2020-03-09,2020-03-15
3616,51,Friends and Family Discount Days,2020-04-08,2020-04-14
3617,51,Seasonal Discount Event,2020-05-04,2020-05-07
3618,51,Inventory Liquidation Sale,2020-06-10,2020-06-13
3619,51,Last Chance to Save,2020-07-10,2020-07-13
3620,51,Seasonal Discount Event,2020-08-10,2020-08-17
3621,51,Manager's Special,2020-09-09,2020-09-14
3622,51,Grand Opening Celebration,2020-10-08,2020-10-14
3623,51,Friends and Family Discount Days,2020-11-08,2020-11-11
3624,51,Last Chance to Save,2020-12-10,2020-12-15
3625,51,Friends and Family Discount Days,2021-01-02,2021-01-05
3626,51,Midnight Madness,2021-02-06,2021-02-12
3627,51,Seasonal Discount Event,2021-03-03,2021-03-08
3628,51,Inventory Liquidation Sale,2021-04-07,2021-04-11
3629,51,Friends and Family Discount Days,2021-05-01,2021-05-08
3630,51,Anniversary Sale,2021-06-03,2021-06-10
3631,51,Anniversary Sale,2021-07-06,2021-07-12
3632,51,Last Chance to Save,2021-08-06,2021-08-11
3633,51,Anniversary Sale,2021-09-01,2021-09-04
3634,51,Buy One Get One Free (BOGO) Event,2021-10-05,2021-10-10
3635,51,Friends and Family Discount Days,2021-11-06,2021-11-12
3636,51,Grand Opening Celebration,2021-12-04,2021-12-07
3637,51,Customer Appreciation Week,2022-01-08,2022-01-12
3638,51,Inventory Liquidation Sale,2022-02-06,2022-02-12
3639,51,Flash Sale Frenzy,2022-03-03,2022-03-06
3640,51,Flash Sale Frenzy,2022-04-02,2022-04-08
3641,51,Customer Appreciation Week,2022-05-09,2022-05-16
3642,51,Flash Sale Frenzy,2022-06-09,2022-06-13
3643,51,Last Chance to Save,2022-07-01,2022-07-06
3644,51,Midnight Madness,2022-08-08,2022-08-11
3645,51,Friends and Family Discount Days,2022-09-04,2022-09-10
3646,51,Seasonal Discount Event,2022-10-07,2022-10-10
3647,51,Manager's Special,2022-11-08,2022-11-12
3648,51,Anniversary Sale,2022-12-04,2022-12-08
3649,51,Seasonal Discount Event,2023-01-05,2023-01-12
3650,51,Last Chance to Save,2023-02-04,2023-02-08
3651,51,Midnight Madness,2023-03-08,2023-03-14
3652,51,Customer Appreciation Week,2023-04-07,2023-04-13
3653,51,Inventory Liquidation Sale,2023-05-10,2023-05-15
3654,51,Grand Opening Celebration,2023-06-07,2023-06-14
3655,51,Customer Appreciation Week,2023-07-04,2023-07-08
3656,51,Buy One Get One Free (BOGO) Event,2023-08-02,2023-08-07
3657,51,Mega Sale,2023-09-05,2023-09-09
3658,51,Grand Opening Celebration,2023-10-09,2023-10-16
3659,51,Mega Sale,2023-11-09,2023-11-12
3660,51,Inventory Liquidation Sale,2023-12-08,2023-12-13
3661,51,Inventory Liquidation Sale,2024-01-05,2024-01-11
3662,51,Customer Appreciation Week,2024-02-09,2024-02-14
3663,51,Manager's Special,2024-03-08,2024-03-15
3664,51,Customer Appreciation Week,2024-04-07,2024-04-12
3665,51,Customer Appreciation Week,2024-05-02,2024-05-09
3666,51,Flash Sale Frenzy,2024-06-05,2024-06-09
3667,51,Inventory Liquidation Sale,2024-07-10,2024-07-14
3668,51,Buy One Get One Free (BOGO) Event,2024-08-07,2024-08-14
3669,51,Manager's Special,2024-09-03,2024-09-10
3670,51,Manager's Special,2024-10-09,2024-10-14
3671,51,Friends and Family Discount Days,2024-11-07,2024-11-12
3672,51,Flash Sale Frenzy,2024-12-03,2024-12-10
3673,52,Inventory Liquidation Sale,2019-01-04,2019-01-09
3674,52,Friends and Family Discount Days,2019-02-02,2019-02-09
3675,52,Inventory Liquidation Sale,2019-03-08,2019-03-15
3676,52,Grand Opening Celebration,2019-04-04,2019-04-09
3677,52,Manager's Special,2019-05-02,2019-05-07
3678,52,Buy One Get One Free (BOGO) Event,2019-06-09,2019-06-15
3679,52,Manager's Special,2019-07-08,2019-07-14
3680,52,Buy One Get One Free (BOGO) Event,2019-08-08,2019-08-14
3681,52,Midnight Madness,2019-09-10,2019-09-16
3682,52,Manager's Special,2019-10-02,2019-10-05
3683,52,Midnight Madness,2019-11-02,2019-11-09
3684,52,Mega Sale,2019-12-08,2019-12-12
3685,52,Inventory Liquidation Sale,2020-01-08,2020-01-15
3686,52,Grand Opening Celebration,2020-02-01,2020-02-07
3687,52,Manager's Special,2020-03-09,2020-03-16
3688,52,Mega Sale,2020-04-07,2020-04-13
3689,52,Manager's Special,2020-05-05,2020-05-09
3690,52,Anniversary Sale,2020-06-06,2020-06-09
3691,52,Manager's Special,2020-07-06,2020-07-12
3692,52,Mega Sale,2020-08-05,2020-08-11
3693,52,Flash Sale Frenzy,2020-09-03,2020-09-06
3694,52,Grand Opening Celebration,2020-10-04,2020-10-09
3695,52,Grand Opening Celebration,2020-11-06,2020-11-09
3696,52,Mega Sale,2020-12-07,2020-12-12
3697,52,Friends and Family Discount Days,2021-01-06,2021-01-10
3698,52,Friends and Family Discount Days,2021-02-03,2021-02-06
3699,52,Buy One Get One Free (BOGO) Event,2021-03-02,2021-03-06
3700,52,Seasonal Discount Event,2021-04-09,2021-04-13
3701,52,Manager's Special,2021-05-10,2021-05-17
3702,52,Manager's Special,2021-06-08,2021-06-15
3703,52,Anniversary Sale,2021-07-09,2021-07-15
3704,52,Manager's Special,2021-08-09,2021-08-15
3705,52,Customer Appreciation Week,2021-09-02,2021-09-07
3706,52,Grand Opening Celebration,2021-10-07,2021-10-10
3707,52,Friends and Family Discount Days,2021-11-08,2021-11-11
3708,52,Seasonal Discount Event,2021-12-06,2021-12-13
3709,52,Midnight Madness,2022-01-10,2022-01-16
3710,52,Inventory Liquidation Sale,2022-02-01,2022-02-04
3711,52,Seasonal Discount Event,2022-03-06,2022-03-11
3712,52,Seasonal Discount Event,2022-04-03,2022-04-07
3713,52,Grand Opening Celebration,2022-05-05,2022-05-08
3714,52,Seasonal Discount Event,2022-06-03,2022-06-08
3715,52,Grand Opening Celebration,2022-07-06,2022-07-11
3716,52,Flash Sale Frenzy,2022-08-10,2022-08-15
3717,52,Seasonal Discount Event,2022-09-08,2022-09-15
3718,52,Inventory Liquidation Sale,2022-10-04,2022-10-09
3719,52,Friends and Family Discount Days,2022-11-07,2022-11-14
3720,52,Midnight Madness,2022-12-03,2022-12-06
3721,52,Flash Sale Frenzy,2023-01-03,2023-01-09
3722,52,Seasonal Discount Event,2023-02-02,2023-02-05
3723,52,Midnight Madness,2023-03-02,2023-03-09
3724,52,Anniversary Sale,2023-04-01,2023-04-05
3725,52,Friends and Family Discount Days,2023-05-05,2023-05-12
3726,52,Mega Sale,2023-06-01,2023-06-04
3727,52,Seasonal Discount Event,2023-07-09,2023-07-14
3728,52,Inventory Liquidation Sale,2023-08-06,2023-08-11
3729,52,Customer Appreciation Week,2023-09-08,2023-09-14
3730,52,Midnight Madness,2023-10-05,2023-10-09
3731,52,Flash Sale Frenzy,2023-11-09,2023-11-13
3732,52,Midnight Madness,2023-12-10,2023-12-13
3733,52,Midnight Madness,2024-01-03,2024-01-06
3734,52,Mega Sale,2024-02-04,2024-02-10
3735,52,Grand Opening Celebration,2024-03-10,2024-03-15
3736,52,Last Chance to Save,2024-04-09,2024-04-13
3737,52,Customer Appreciation Week,2024-05-10,2024-05-17
3738,52,Manager's Special,2024-06-01,2024-06-08
3739,52,Buy One Get One Free (BOGO) Event,2024-07-07,2024-07-14
3740,52,Mega Sale,2024-08-08,2024-08-12
3741,52,Flash Sale Frenzy,2024-09-10,2024-09-16
3742,52,Customer Appreciation Week,2024-10-09,2024-10-14
3743,52,Customer Appreciation Week,2024-11-07,2024-11-11
3744,52,Inventory Liquidation Sale,2024-12-02,2024-12-06
3745,53,Inventory Liquidation Sale,2019-01-01,2019-01-05
3746,53,Buy One Get One Free (BOGO) Event,2019-02-05,2019-02-11
3747,53,Last Chance to Save,2019-03-09,2019-03-14
3748,53,Customer Appreciation Week,2019-04-10,2019-04-17
3749,53,Last Chance to Save,2019-05-01,2019-05-08
3750,53,Anniversary Sale,2019-06-07,2019-06-13
3751,53,Anniversary Sale,2019-07-10,2019-07-15
3752,53,Inventory Liquidation Sale,2019-08-09,2019-08-13
3753,53,Anniversary Sale,2019-09-07,2019-09-11
3754,53,Grand Opening Celebration,2019-10-05,2019-10-11
3755,53,Seasonal Discount Event,2019-11-06,2019-11-13
3756,53,Mega Sale,2019-12-10,2019-12-17
3757,53,Mega Sale,2020-01-08,2020-01-12
3758,53,Buy One Get One Free (BOGO) Event,2020-02-05,2020-02-10
3759,53,Grand Opening Celebration,2020-03-04,2020-03-07
3760,53,Flash Sale Frenzy,2020-04-09,2020-04-14
3761,53,Flash Sale Frenzy,2020-05-01,2020-05-08
3762,53,Flash Sale Frenzy,2020-06-08,2020-06-13
3763,53,Last Chance to Save,2020-07-04,2020-07-11
3764,53,Anniversary Sale,2020-08-10,2020-08-17
3765,53,Friends and Family Discount Days,2020-09-02,2020-09-06
3766,53,Flash Sale Frenzy,2020-10-01,2020-10-05
3767,53,Friends and Family Discount Days,2020-11-06,2020-11-09
3768,53,Flash Sale Frenzy,2020-12-09,2020-12-14
3769,53,Friends and Family Discount Days,2021-01-04,2021-01-10
3770,53,Mega Sale,2021-02-05,2021-02-08
3771,53,Customer Appreciation Week,2021-03-05,2021-03-08
3772,53,Seasonal Discount Event,2021-04-07,2021-04-12
3773,53,Flash Sale Frenzy,2021-05-04,2021-05-10
3774,53,Anniversary Sale,2021-06-01,2021-06-08
3775,53,Inventory Liquidation Sale,2021-07-08,2021-07-14
3776,53,Customer Appreciation Week,2021-08-02,2021-08-09
3777,53,Anniversary Sale,2021-09-01,2021-09-05
3778,53,Flash Sale Frenzy,2021-10-03,2021-10-09
3779,53,Anniversary Sale,2021-11-08,2021-11-12
3780,53,Buy One Get One Free (BOGO) Event,2021-12-08,2021-12-15
3781,53,Seasonal Discount Event,2022-01-05,2022-01-09
3782,53,Flash Sale Frenzy,2022-02-07,2022-02-13
3783,53,Buy One Get One Free (BOGO) Event,2022-03-09,2022-03-14
3784,53,Grand Opening Celebration,2022-04-05,2022-04-09
3785,53,Friends and Family Discount Days,2022-05-01,2022-05-05
3786,53,Flash Sale Frenzy,2022-06-04,2022-06-08
3787,53,Mega Sale,2022-07-06,2022-07-11
3788,53,Midnight Madness,2022-08-08,2022-08-14
3789,53,Inventory Liquidation Sale,2022-09-04,2022-09-07
3790,53,Seasonal Discount Event,2022-10-06,2022-10-13
3791,53,Customer Appreciation Week,2022-11-09,2022-11-13
3792,53,Friends and Family Discount Days,2022-12-10,2022-12-16
3793,53,Seasonal Discount Event,2023-01-05,2023-01-10
3794,53,Last Chance to Save,2023-02-10,2023-02-16
3795,53,Mega Sale,2023-03-03,2023-03-07
3796,53,Buy One Get One Free (BOGO) Event,2023-04-04,2023-04-07
3797,53,Flash Sale Frenzy,2023-05-02,2023-05-06
3798,53,Customer Appreciation Week,2023-06-06,2023-06-13
3799,53,Mega Sale,2023-07-10,2023-07-17
3800,53,Midnight Madness,2023-08-10,2023-08-14
3801,53,Seasonal Discount Event,2023-09-04,2023-09-07
3802,53,Inventory Liquidation Sale,2023-10-09,2023-10-12
3803,53,Buy One Get One Free (BOGO) Event,2023-11-02,2023-11-06
3804,53,Customer Appreciation Week,2023-12-08,2023-12-11
3805,53,Manager's Special,2024-01-07,2024-01-13
3806,53,Anniversary Sale,2024-02-08,2024-02-14
3807,53,Last Chance to Save,2024-03-03,2024-03-08
3808,53,Buy One Get One Free (BOGO) Event,2024-04-06,2024-04-11
3809,53,Seasonal Discount Event,2024-05-08,2024-05-13
3810,53,Manager's Special,2024-06-10,2024-06-16
3811,53,Friends and Family Discount Days,2024-07-02,2024-07-06
3812,53,Friends and Family Discount Days,2024-08-06,2024-08-12
3813,53,Mega Sale,2024-09-08,2024-09-12
3814,53,Friends and Family Discount Days,2024-10-01,2024-10-05
3815,53,Buy One Get One Free (BOGO) Event,2024-11-03,2024-11-09
3816,53,Buy One Get One Free (BOGO) Event,2024-12-06,2024-12-13
3817,54,Seasonal Discount Event,2019-01-07,2019-01-11
3818,54,Last Chance to Save,2019-02-05,2019-02-11
3819,54,Mega Sale,2019-03-05,2019-03-10
3820,54,Mega Sale,2019-04-04,2019-04-07
3821,54,Anniversary Sale,2019-05-10,2019-05-13
3822,54,Midnight Madness,2019-06-06,2019-06-13
3823,54,Manager's Special,2019-07-06,2019-07-13
3824,54,Seasonal Discount Event,2019-08-08,2019-08-12
3825,54,Grand Opening Celebration,2019-09-04,2019-09-08
3826,54,Seasonal Discount Event,2019-10-08,2019-10-13
3827,54,Anniversary Sale,2019-11-03,2019-11-09
3828,54,Manager's Special,2019-12-02,2019-12-09
3829,54,Flash Sale Frenzy,2020-01-07,2020-01-12
3830,54,Flash Sale Frenzy,2020-02-02,2020-02-05
3831,54,Flash Sale Frenzy,2020-03-04,2020-03-11
3832,54,Inventory Liquidation Sale,2020-04-03,2020-04-10
3833,54,Mega Sale,2020-05-01,2020-05-07
3834,54,Midnight Madness,2020-06-07,2020-06-13
3835,54,Seasonal Discount Event,2020-07-05,2020-07-12
3836,54,Inventory Liquidation Sale,2020-08-01,2020-08-07
3837,54,Manager's Special,2020-09-10,2020-09-15
3838,54,Last Chance to Save,2020-10-10,2020-10-13
3839,54,Seasonal Discount Event,2020-11-02,2020-11-09
3840,54,Grand Opening Celebration,2020-12-05,2020-12-09
3841,54,Seasonal Discount Event,2021-01-04,2021-01-09
3842,54,Grand Opening Celebration,2021-02-03,2021-02-07
3843,54,Last Chance to Save,2021-03-06,2021-03-09
3844,54,Flash Sale Frenzy,2021-04-02,2021-04-05
3845,54,Friends and Family Discount Days,2021-05-09,2021-05-15
3846,54,Anniversary Sale,2021-06-01,2021-06-04
3847,54,Anniversary Sale,2021-07-09,2021-07-13
3848,54,Flash Sale Frenzy,2021-08-03,2021-08-06
3849,54,Customer Appreciation Week,2021-09-04,2021-09-08
3850,54,Seasonal Discount Event,2021-10-03,2021-10-06
3851,54,Mega Sale,2021-11-10,2021-11-14
3852,54,Last Chance to Save,2021-12-06,2021-12-12
3853,54,Anniversary Sale,2022-01-09,2022-01-16
3854,54,Mega Sale,2022-02-01,2022-02-06
3855,54,Grand Opening Celebration,2022-03-07,2022-03-10
3856,54,Inventory Liquidation Sale,2022-04-02,2022-04-05
3857,54,Friends and Family Discount Days,2022-05-05,2022-05-11
3858,54,Mega Sale,2022-06-03,2022-06-08
3859,54,Inventory Liquidation Sale,2022-07-06,2022-07-13
3860,54,Last Chance to Save,2022-08-02,2022-08-05
3861,54,Inventory Liquidation Sale,2022-09-04,2022-09-11
3862,54,Anniversary Sale,2022-10-07,2022-10-13
3863,54,Customer Appreciation Week,2022-11-01,2022-11-07
3864,54,Mega Sale,2022-12-09,2022-12-16
3865,54,Customer Appreciation Week,2023-01-08,2023-01-14
3866,54,Anniversary Sale,2023-02-03,2023-02-09
3867,54,Midnight Madness,2023-03-02,2023-03-08
3868,54,Anniversary Sale,2023-04-04,2023-04-09
3869,54,Anniversary Sale,2023-05-03,2023-05-08
3870,54,Customer Appreciation Week,2023-06-01,2023-06-07
3871,54,Midnight Madness,2023-07-03,2023-07-09
3872,54,Anniversary Sale,2023-08-06,2023-08-10
3873,54,Buy One Get One Free (BOGO) Event,2023-09-02,2023-09-08
3874,54,Last Chance to Save,2023-10-05,2023-10-10
3875,54,Grand Opening Celebration,2023-11-05,2023-11-11
3876,54,Mega Sale,2023-12-07,2023-12-13
3877,54,Inventory Liquidation Sale,2024-01-07,2024-01-12
3878,54,Grand Opening Celebration,2024-02-10,2024-02-13
3879,54,Buy One Get One Free (BOGO) Event,2024-03-03,2024-03-10
3880,54,Buy One Get One Free (BOGO) Event,2024-04-01,2024-04-04
3881,54,Anniversary Sale,2024-05-01,2024-05-04
3882,54,Midnight Madness,2024-06-08,2024-06-13
3883,54,Midnight Madness,2024-07-08,2024-07-15
3884,54,Buy One Get One Free (BOGO) Event,2024-08-08,2024-08-11
3885,54,Anniversary Sale,2024-09-08,2024-09-12
3886,54,Mega Sale,2024-10-03,2024-10-07
3887,54,Flash Sale Frenzy,2024-11-03,2024-11-08
3888,54,Seasonal Discount Event,2024-12-09,2024-12-13
3889,55,Midnight Madness,2019-01-08,2019-01-14
3890,55,Flash Sale Frenzy,2019-02-03,2019-02-07
3891,55,Seasonal Discount Event,2019-03-04,2019-03-09
3892,55,Customer Appreciation Week,2019-04-01,2019-04-04
3893,55,Customer Appreciation Week,2019-05-05,2019-05-08
3894,55,Inventory Liquidation Sale,2019-06-08,2019-06-14
3895,55,Customer Appreciation Week,2019-07-08,2019-07-15
3896,55,Grand Opening Celebration,2019-08-07,2019-08-10
3897,55,Anniversary Sale,2019-09-01,2019-09-04
3898,55,Anniversary Sale,2019-10-06,2019-10-13
3899,55,Friends and Family Discount Days,2019-11-02,2019-11-09
3900,55,Grand Opening Celebration,2019-12-03,2019-12-08
3901,55,Inventory Liquidation Sale,2020-01-10,2020-01-14
3902,55,Last Chance to Save,2020-02-04,2020-02-08
3903,55,Buy One Get One Free (BOGO) Event,2020-03-09,2020-03-16
3904,55,Friends and Family Discount Days,2020-04-05,2020-04-08
3905,55,Flash Sale Frenzy,2020-05-07,2020-05-14
3906,55,Manager's Special,2020-06-07,2020-06-11
3907,55,Friends and Family Discount Days,2020-07-06,2020-07-11
3908,55,Manager's Special,2020-08-06,2020-08-13
3909,55,Anniversary Sale,2020-09-01,2020-09-08
3910,55,Inventory Liquidation Sale,2020-10-06,2020-10-12
3911,55,Customer Appreciation Week,2020-11-08,2020-11-13
3912,55,Friends and Family Discount Days,2020-12-04,2020-12-07
3913,55,Mega Sale,2021-01-04,2021-01-11
3914,55,Flash Sale Frenzy,2021-02-04,2021-02-10
3915,55,Anniversary Sale,2021-03-09,2021-03-14
3916,55,Buy One Get One Free (BOGO) Event,2021-04-05,2021-04-11
3917,55,Mega Sale,2021-05-06,2021-05-09
3918,55,Friends and Family Discount Days,2021-06-04,2021-06-11
3919,55,Friends and Family Discount Days,2021-07-04,2021-07-11
3920,55,Customer Appreciation Week,2021-08-05,2021-08-08
3921,55,Mega Sale,2021-09-05,2021-09-09
3922,55,Last Chance to Save,2021-10-04,2021-10-08
3923,55,Grand Opening Celebration,2021-11-05,2021-11-10
3924,55,Inventory Liquidation Sale,2021-12-01,2021-12-04
3925,55,Inventory Liquidation Sale,2022-01-08,2022-01-12
3926,55,Midnight Madness,2022-02-08,2022-02-11
3927,55,Friends and Family Discount Days,2022-03-01,2022-03-07
3928,55,Customer Appreciation Week,2022-04-04,2022-04-10
3929,55,Anniversary Sale,2022-05-06,2022-05-11
3930,55,Seasonal Discount Event,2022-06-10,2022-06-16
3931,55,Friends and Family Discount Days,2022-07-03,2022-07-09
3932,55,Last Chance to Save,2022-08-04,2022-08-07
3933,55,Manager's Special,2022-09-01,2022-09-08
3934,55,Flash Sale Frenzy,2022-10-07,2022-10-11
3935,55,Manager's Special,2022-11-08,2022-11-14
3936,55,Customer Appreciation Week,2022-12-07,2022-12-14
3937,55,Last Chance to Save,2023-01-10,2023-01-13
3938,55,Grand Opening Celebration,2023-02-01,2023-02-06
3939,55,Friends and Family Discount Days,2023-03-09,2023-03-15
3940,55,Last Chance to Save,2023-04-07,2023-04-10
3941,55,Last Chance to Save,2023-05-06,2023-05-12
3942,55,Grand Opening Celebration,2023-06-02,2023-06-05
3943,55,Seasonal Discount Event,2023-07-09,2023-07-13
3944,55,Mega Sale,2023-08-10,2023-08-14
3945,55,Friends and Family Discount Days,2023-09-01,2023-09-07
3946,55,Customer Appreciation Week,2023-10-09,2023-10-15
3947,55,Buy One Get One Free (BOGO) Event,2023-11-04,2023-11-09
3948,55,Mega Sale,2023-12-04,2023-12-07
3949,55,Last Chance to Save,2024-01-08,2024-01-13
3950,55,Midnight Madness,2024-02-04,2024-02-10
3951,55,Midnight Madness,2024-03-02,2024-03-07
3952,55,Last Chance to Save,2024-04-03,2024-04-10
3953,55,Manager's Special,2024-05-10,2024-05-16
3954,55,Last Chance to Save,2024-06-02,2024-06-09
3955,55,Manager's Special,2024-07-07,2024-07-10
3956,55,Manager's Special,2024-08-08,2024-08-13
3957,55,Manager's Special,2024-09-07,2024-09-14
3958,55,Grand Opening Celebration,2024-10-04,2024-10-09
3959,55,Customer Appreciation Week,2024-11-05,2024-11-12
3960,55,Grand Opening Celebration,2024-12-05,2024-12-09
3961,56,Flash Sale Frenzy,2019-01-01,2019-01-07
3962,56,Last Chance to Save,2019-02-10,2019-02-14
3963,56,Customer Appreciation Week,2019-03-06,2019-03-13
3964,56,Midnight Madness,2019-04-01,2019-04-04
3965,56,Midnight Madness,2019-05-06,2019-05-13
3966,56,Anniversary Sale,2019-06-09,2019-06-15
3967,56,Customer Appreciation Week,2019-07-07,2019-07-11
3968,56,Buy One Get One Free (BOGO) Event,2019-08-05,2019-08-12
3969,56,Friends and Family Discount Days,2019-09-01,2019-09-08
3970,56,Mega Sale,2019-10-06,2019-10-10
3971,56,Buy One Get One Free (BOGO) Event,2019-11-09,2019-11-16
3972,56,Midnight Madness,2019-12-02,2019-12-09
3973,56,Flash Sale Frenzy,2020-01-08,2020-01-12
3974,56,Inventory Liquidation Sale,2020-02-08,2020-02-15
3975,56,Midnight Madness,2020-03-05,2020-03-08
3976,56,Inventory Liquidation Sale,2020-04-10,2020-04-14
3977,56,Flash Sale Frenzy,2020-05-09,2020-05-12
3978,56,Mega Sale,2020-06-02,2020-06-08
3979,56,Manager's Special,2020-07-08,2020-07-11
3980,56,Inventory Liquidation Sale,2020-08-08,2020-08-11
3981,56,Friends and Family Discount Days,2020-09-01,2020-09-05
3982,56,Buy One Get One Free (BOGO) Event,2020-10-01,2020-10-05
3983,56,Anniversary Sale,2020-11-08,2020-11-12
3984,56,Grand Opening Celebration,2020-12-02,2020-12-08
3985,56,Buy One Get One Free (BOGO) Event,2021-01-06,2021-01-12
3986,56,Buy One Get One Free (BOGO) Event,2021-02-02,2021-02-08
3987,56,Manager's Special,2021-03-10,2021-03-13
3988,56,Mega Sale,2021-04-05,2021-04-12
3989,56,Anniversary Sale,2021-05-01,2021-05-04
3990,56,Anniversary Sale,2021-06-01,2021-06-04
3991,56,Midnight Madness,2021-07-04,2021-07-07
3992,56,Manager's Special,2021-08-03,2021-08-06
3993,56,Buy One Get One Free (BOGO) Event,2021-09-09,2021-09-16
3994,56,Anniversary Sale,2021-10-05,2021-10-08
3995,56,Friends and Family Discount Days,2021-11-02,2021-11-06
3996,56,Manager's Special,2021-12-10,2021-12-14
3997,56,Friends and Family Discount Days,2022-01-06,2022-01-13
3998,56,Seasonal Discount Event,2022-02-02,2022-02-09
3999,56,Flash Sale Frenzy,2022-03-08,2022-03-14
4000,56,Flash Sale Frenzy,2022-04-05,2022-04-10
4001,56,Midnight Madness,2022-05-08,2022-05-14
4002,56,Buy One Get One Free (BOGO) Event,2022-06-06,2022-06-12
4003,56,Friends and Family Discount Days,2022-07-09,2022-07-14
4004,56,Grand Opening Celebration,2022-08-09,2022-08-16
4005,56,Friends and Family Discount Days,2022-09-06,2022-09-13
4006,56,Seasonal Discount Event,2022-10-04,2022-10-08
4007,56,Grand Opening Celebration,2022-11-06,2022-11-13
4008,56,Inventory Liquidation Sale,2022-12-05,2022-12-11
4009,56,Anniversary Sale,2023-01-10,2023-01-13
4010,56,Buy One Get One Free (BOGO) Event,2023-02-09,2023-02-15
4011,56,Seasonal Discount Event,2023-03-02,2023-03-09
4012,56,Flash Sale Frenzy,2023-04-10,2023-04-13
4013,56,Mega Sale,2023-05-04,2023-05-08
4014,56,Mega Sale,2023-06-03,2023-06-09
4015,56,Customer Appreciation Week,2023-07-07,2023-07-10
4016,56,Last Chance to Save,2023-08-08,2023-08-15
4017,56,Manager's Special,2023-09-10,2023-09-16
4018,56,Mega Sale,2023-10-02,2023-10-06
4019,56,Grand Opening Celebration,2023-11-07,2023-11-13
4020,56,Manager's Special,2023-12-10,2023-12-17
4021,56,Friends and Family Discount Days,2024-01-07,2024-01-14
4022,56,Last Chance to Save,2024-02-03,2024-02-09
4023,56,Inventory Liquidation Sale,2024-03-01,2024-03-08
4024,56,Manager's Special,2024-04-07,2024-04-13
4025,56,Customer Appreciation Week,2024-05-08,2024-05-13
4026,56,Mega Sale,2024-06-07,2024-06-12
4027,56,Last Chance to Save,2024-07-08,2024-07-14
4028,56,Manager's Special,2024-08-06,2024-08-13
4029,56,Inventory Liquidation Sale,2024-09-08,2024-09-14
4030,56,Inventory Liquidation Sale,2024-10-04,2024-10-11
4031,56,Anniversary Sale,2024-11-01,2024-11-07
4032,56,Customer Appreciation Week,2024-12-01,2024-12-07
4033,57,Mega Sale,2019-01-03,2019-01-07
4034,57,Manager's Special,2019-02-04,2019-02-10
4035,57,Midnight Madness,2019-03-04,2019-03-11
4036,57,Midnight Madness,2019-04-05,2019-04-11
4037,57,Buy One Get One Free (BOGO) Event,2019-05-02,2019-05-06
4038,57,Grand Opening Celebration,2019-06-08,2019-06-15
4039,57,Mega Sale,2019-07-07,2019-07-12
4040,57,Inventory Liquidation Sale,2019-08-01,2019-08-07
4041,57,Midnight Madness,2019-09-09,2019-09-14
4042,57,Buy One Get One Free (BOGO) Event,2019-10-07,2019-10-10
4043,57,Seasonal Discount Event,2019-11-06,2019-11-10
4044,57,Friends and Family Discount Days,2019-12-08,2019-12-12
4045,57,Flash Sale Frenzy,2020-01-02,2020-01-06
4046,57,Midnight Madness,2020-02-01,2020-02-06
4047,57,Mega Sale,2020-03-08,2020-03-15
4048,57,Last Chance to Save,2020-04-03,2020-04-10
4049,57,Mega Sale,2020-05-01,2020-05-05
4050,57,Seasonal Discount Event,2020-06-03,2020-06-10
4051,57,Manager's Special,2020-07-06,2020-07-11
4052,57,Inventory Liquidation Sale,2020-08-07,2020-08-14
4053,57,Midnight Madness,2020-09-01,2020-09-08
4054,57,Mega Sale,2020-10-09,2020-10-13
4055,57,Inventory Liquidation Sale,2020-11-01,2020-11-07
4056,57,Last Chance to Save,2020-12-10,2020-12-13
4057,57,Seasonal Discount Event,2021-01-10,2021-01-13
4058,57,Grand Opening Celebration,2021-02-03,2021-02-07
4059,57,Manager's Special,2021-03-02,2021-03-07
4060,57,Seasonal Discount Event,2021-04-05,2021-04-09
4061,57,Buy One Get One Free (BOGO) Event,2021-05-05,2021-05-12
4062,57,Friends and Family Discount Days,2021-06-10,2021-06-16
4063,57,Buy One Get One Free (BOGO) Event,2021-07-08,2021-07-11
4064,57,Manager's Special,2021-08-09,2021-08-14
4065,57,Mega Sale,2021-09-07,2021-09-13
4066,57,Friends and Family Discount Days,2021-10-02,2021-10-08
4067,57,Flash Sale Frenzy,2021-11-05,2021-11-12
4068,57,Mega Sale,2021-12-06,2021-12-13
4069,57,Grand Opening Celebration,2022-01-04,2022-01-09
4070,57,Midnight Madness,2022-02-07,2022-02-12
4071,57,Seasonal Discount Event,2022-03-01,2022-03-08
4072,57,Buy One Get One Free (BOGO) Event,2022-04-02,2022-04-08
4073,57,Flash Sale Frenzy,2022-05-07,2022-05-13
4074,57,Flash Sale Frenzy,2022-06-05,2022-06-08
4075,57,Mega Sale,2022-07-10,2022-07-16
4076,57,Flash Sale Frenzy,2022-08-09,2022-08-15
4077,57,Anniversary Sale,2022-09-02,2022-09-06
4078,57,Flash Sale Frenzy,2022-10-02,2022-10-07
4079,57,Grand Opening Celebration,2022-11-07,2022-11-13
4080,57,Anniversary Sale,2022-12-02,2022-12-09
4081,57,Friends and Family Discount Days,2023-01-09,2023-01-15
4082,57,Friends and Family Discount Days,2023-02-08,2023-02-11
4083,57,Anniversary Sale,2023-03-05,2023-03-10
4084,57,Seasonal Discount Event,2023-04-10,2023-04-17
4085,57,Last Chance to Save,2023-05-03,2023-05-06
4086,57,Inventory Liquidation Sale,2023-06-02,2023-06-09
4087,57,Last Chance to Save,2023-07-09,2023-07-12
4088,57,Flash Sale Frenzy,2023-08-03,2023-08-06
4089,57,Midnight Madness,2023-09-02,2023-09-09
4090,57,Last Chance to Save,2023-10-07,2023-10-10
4091,57,Customer Appreciation Week,2023-11-01,2023-11-05
4092,57,Buy One Get One Free (BOGO) Event,2023-12-07,2023-12-10
4093,57,Manager's Special,2024-01-02,2024-01-08
4094,57,Midnight Madness,2024-02-05,2024-02-08
4095,57,Inventory Liquidation Sale,2024-03-05,2024-03-08
4096,57,Buy One Get One Free (BOGO) Event,2024-04-07,2024-04-12
4097,57,Customer Appreciation Week,2024-05-05,2024-05-10
4098,57,Friends and Family Discount Days,2024-06-03,2024-06-07
4099,57,Midnight Madness,2024-07-06,2024-07-11
4100,57,Last Chance to Save,2024-08-02,2024-08-08
4101,57,Buy One Get One Free (BOGO) Event,2024-09-10,2024-09-13
4102,57,Customer Appreciation Week,2024-10-07,2024-10-13
4103,57,Midnight Madness,2024-11-01,2024-11-05
4104,57,Grand Opening Celebration,2024-12-04,2024-12-08
4105,58,Mega Sale,2019-01-07,2019-01-12
4106,58,Mega Sale,2019-02-07,2019-02-12
4107,58,Anniversary Sale,2019-03-01,2019-03-07
4108,58,Buy One Get One Free (BOGO) Event,2019-04-05,2019-04-09
4109,58,Customer Appreciation Week,2019-05-03,2019-05-08
4110,58,Manager's Special,2019-06-01,2019-06-04
4111,58,Last Chance to Save,2019-07-02,2019-07-08
4112,58,Customer Appreciation Week,2019-08-04,2019-08-10
4113,58,Buy One Get One Free (BOGO) Event,2019-09-08,2019-09-11
4114,58,Grand Opening Celebration,2019-10-07,2019-10-14
4115,58,Grand Opening Celebration,2019-11-08,2019-11-14
4116,58,Mega Sale,2019-12-02,2019-12-06
4117,58,Buy One Get One Free (BOGO) Event,2020-01-02,2020-01-07
4118,58,Customer Appreciation Week,2020-02-03,2020-02-08
4119,58,Buy One Get One Free (BOGO) Event,2020-03-09,2020-03-15
4120,58,Buy One Get One Free (BOGO) Event,2020-04-10,2020-04-13
4121,58,Manager's Special,2020-05-06,2020-05-10
4122,58,Customer Appreciation Week,2020-06-01,2020-06-08
4123,58,Anniversary Sale,2020-07-05,2020-07-09
4124,58,Customer Appreciation Week,2020-08-02,2020-08-09
4125,58,Buy One Get One Free (BOGO) Event,2020-09-01,2020-09-07
4126,58,Midnight Madness,2020-10-10,2020-10-14
4127,58,Last Chance to Save,2020-11-05,2020-11-11
4128,58,Customer Appreciation Week,2020-12-02,2020-12-06
4129,58,Flash Sale Frenzy,2021-01-08,2021-01-11
4130,58,Anniversary Sale,2021-02-01,2021-02-06
4131,58,Last Chance to Save,2021-03-10,2021-03-13
4132,58,Flash Sale Frenzy,2021-04-07,2021-04-12
4133,58,Midnight Madness,2021-05-09,2021-05-14
4134,58,Inventory Liquidation Sale,2021-06-01,2021-06-08
4135,58,Mega Sale,2021-07-02,2021-07-09
4136,58,Flash Sale Frenzy,2021-08-01,2021-08-06
4137,58,Anniversary Sale,2021-09-10,2021-09-13
4138,58,Grand Opening Celebration,2021-10-04,2021-10-08
4139,58,Last Chance to Save,2021-11-03,2021-11-07
4140,58,Grand Opening Celebration,2021-12-03,2021-12-08
4141,58,Last Chance to Save,2022-01-04,2022-01-08
4142,58,Mega Sale,2022-02-07,2022-02-12
4143,58,Inventory Liquidation Sale,2022-03-02,2022-03-05
4144,58,Seasonal Discount Event,2022-04-10,2022-04-14
4145,58,Seasonal Discount Event,2022-05-05,2022-05-12
4146,58,Seasonal Discount Event,2022-06-02,2022-06-06
4147,58,Mega Sale,2022-07-04,2022-07-07
4148,58,Anniversary Sale,2022-08-07,2022-08-11
4149,58,Midnight Madness,2022-09-09,2022-09-12
4150,58,Mega Sale,2022-10-04,2022-10-11
4151,58,Flash Sale Frenzy,2022-11-05,2022-11-10
4152,58,Friends and Family Discount Days,2022-12-07,2022-12-13
4153,58,Last Chance to Save,2023-01-02,2023-01-08
4154,58,Inventory Liquidation Sale,2023-02-07,2023-02-10
4155,58,Manager's Special,2023-03-10,2023-03-16
4156,58,Anniversary Sale,2023-04-08,2023-04-15
4157,58,Friends and Family Discount Days,2023-05-02,2023-05-08
4158,58,Flash Sale Frenzy,2023-06-10,2023-06-14
4159,58,Midnight Madness,2023-07-04,2023-07-09
4160,58,Last Chance to Save,2023-08-02,2023-08-06
4161,58,Seasonal Discount Event,2023-09-04,2023-09-09
4162,58,Midnight Madness,2023-10-02,2023-10-07
4163,58,Midnight Madness,2023-11-06,2023-11-12
4164,58,Flash Sale Frenzy,2023-12-09,2023-12-15
4165,58,Seasonal Discount Event,2024-01-03,2024-01-08
4166,58,Customer Appreciation Week,2024-02-01,2024-02-06
4167,58,Seasonal Discount Event,2024-03-01,2024-03-08
4168,58,Buy One Get One Free (BOGO) Event,2024-04-02,2024-04-07
4169,58,Inventory Liquidation Sale,2024-05-08,2024-05-11
4170,58,Grand Opening Celebration,2024-06-09,2024-06-13
4171,58,Mega Sale,2024-07-10,2024-07-17
4172,58,Flash Sale Frenzy,2024-08-02,2024-08-09
4173,58,Manager's Special,2024-09-03,2024-09-08
4174,58,Buy One Get One Free (BOGO) Event,2024-10-07,2024-10-14
4175,58,Flash Sale Frenzy,2024-11-02,2024-11-08
4176,58,Midnight Madness,2024-12-07,2024-12-11
4177,59,Last Chance to Save,2019-01-08,2019-01-11
4178,59,Midnight Madness,2019-02-09,2019-02-15
4179,59,Manager's Special,2019-03-05,2019-03-11
4180,59,Midnight Madness,2019-04-03,2019-04-07
4181,59,Midnight Madness,2019-05-03,2019-05-07
4182,59,Buy One Get One Free (BOGO) Event,2019-06-03,2019-06-09
4183,59,Midnight Madness,2019-07-08,2019-07-15
4184,59,Seasonal Discount Event,2019-08-04,2019-08-10
4185,59,Mega Sale,2019-09-02,2019-09-06
4186,59,Customer Appreciation Week,2019-10-05,2019-10-08
4187,59,Buy One Get One Free (BOGO) Event,2019-11-06,2019-11-10
4188,59,Mega Sale,2019-12-08,2019-12-15
4189,59,Buy One Get One Free (BOGO) Event,2020-01-08,2020-01-13
4190,59,Last Chance to Save,2020-02-01,2020-02-06
4191,59,Buy One Get One Free (BOGO) Event,2020-03-08,2020-03-13
4192,59,Seasonal Discount Event,2020-04-02,2020-04-08
4193,59,Grand Opening Celebration,2020-05-05,2020-05-09
4194,59,Buy One Get One Free (BOGO) Event,2020-06-05,2020-06-08
4195,59,Anniversary Sale,2020-07-06,2020-07-12
4196,59,Last Chance to Save,2020-08-05,2020-08-08
4197,59,Grand Opening Celebration,2020-09-06,2020-09-10
4198,59,Customer Appreciation Week,2020-10-04,2020-10-08
4199,59,Last Chance to Save,2020-11-04,2020-11-08
4200,59,Buy One Get One Free (BOGO) Event,2020-12-05,2020-12-10
4201,59,Manager's Special,2021-01-09,2021-01-13
4202,59,Buy One Get One Free (BOGO) Event,2021-02-06,2021-02-09
4203,59,Last Chance to Save,2021-03-10,2021-03-15
4204,59,Customer Appreciation Week,2021-04-01,2021-04-08
4205,59,Manager's Special,2021-05-10,2021-05-16
4206,59,Inventory Liquidation Sale,2021-06-06,2021-06-11
4207,59,Inventory Liquidation Sale,2021-07-03,2021-07-10
4208,59,Friends and Family Discount Days,2021-08-06,2021-08-12
4209,59,Anniversary Sale,2021-09-07,2021-09-13
4210,59,Flash Sale Frenzy,2021-10-06,2021-10-09
4211,59,Friends and Family Discount Days,2021-11-07,2021-11-11
4212,59,Flash Sale Frenzy,2021-12-01,2021-12-06
4213,59,Midnight Madness,2022-01-08,2022-01-14
4214,59,Friends and Family Discount Days,2022-02-05,2022-02-12
4215,59,Buy One Get One Free (BOGO) Event,2022-03-09,2022-03-15
4216,59,Flash Sale Frenzy,2022-04-05,2022-04-12
4217,59,Buy One Get One Free (BOGO) Event,2022-05-10,2022-05-14
4218,59,Grand Opening Celebration,2022-06-02,2022-06-07
4219,59,Flash Sale Frenzy,2022-07-09,2022-07-13
4220,59,Anniversary Sale,2022-08-06,2022-08-12
4221,59,Mega Sale,2022-09-03,2022-09-06
4222,59,Mega Sale,2022-10-01,2022-10-08
4223,59,Flash Sale Frenzy,2022-11-01,2022-11-07
4224,59,Manager's Special,2022-12-09,2022-12-12
4225,59,Last Chance to Save,2023-01-09,2023-01-16
4226,59,Flash Sale Frenzy,2023-02-03,2023-02-06
4227,59,Last Chance to Save,2023-03-03,2023-03-08
4228,59,Flash Sale Frenzy,2023-04-02,2023-04-05
4229,59,Manager's Special,2023-05-10,2023-05-15
4230,59,Flash Sale Frenzy,2023-06-04,2023-06-09
4231,59,Manager's Special,2023-07-05,2023-07-11
4232,59,Last Chance to Save,2023-08-02,2023-08-06
4233,59,Anniversary Sale,2023-09-03,2023-09-09
4234,59,Last Chance to Save,2023-10-03,2023-10-10
4235,59,Last Chance to Save,2023-11-01,2023-11-05
4236,59,Customer Appreciation Week,2023-12-02,2023-12-05
4237,59,Anniversary Sale,2024-01-03,2024-01-07
4238,59,Inventory Liquidation Sale,2024-02-10,2024-02-17
4239,59,Flash Sale Frenzy,2024-03-06,2024-03-12
4240,59,Last Chance to Save,2024-04-10,2024-04-17
4241,59,Mega Sale,2024-05-04,2024-05-09
4242,59,Last Chance to Save,2024-06-05,2024-06-09
4243,59,Flash Sale Frenzy,2024-07-07,2024-07-10
4244,59,Midnight Madness,2024-08-03,2024-08-07
4245,59,Buy One Get One Free (BOGO) Event,2024-09-01,2024-09-08
4246,59,Anniversary Sale,2024-10-08,2024-10-14
4247,59,Manager's Special,2024-11-01,2024-11-04
4248,59,Midnight Madness,2024-12-08,2024-12-15
4249,60,Friends and Family Discount Days,2019-01-08,2019-01-11
4250,60,Customer Appreciation Week,2019-02-01,2019-02-07
4251,60,Mega Sale,2019-03-06,2019-03-10
4252,60,Buy One Get One Free (BOGO) Event,2019-04-07,2019-04-10
4253,60,Mega Sale,2019-05-09,2019-05-16
4254,60,Last Chance to Save,2019-06-06,2019-06-13
4255,60,Flash Sale Frenzy,2019-07-01,2019-07-08
4256,60,Customer Appreciation Week,2019-08-02,2019-08-07
4257,60,Friends and Family Discount Days,2019-09-03,2019-09-07
4258,60,Manager's Special,2019-10-09,2019-10-15
4259,60,Grand Opening Celebration,2019-11-01,2019-11-04
4260,60,Last Chance to Save,2019-12-10,2019-12-17
4261,60,Seasonal Discount Event,2020-01-08,2020-01-13
4262,60,Last Chance to Save,2020-02-05,2020-02-08
4263,60,Friends and Family Discount Days,2020-03-08,2020-03-11
4264,60,Customer Appreciation Week,2020-04-10,2020-04-13
4265,60,Midnight Madness,2020-05-07,2020-05-12
4266,60,Mega Sale,2020-06-08,2020-06-12
4267,60,Inventory Liquidation Sale,2020-07-03,2020-07-08
4268,60,Last Chance to Save,2020-08-01,2020-08-04
4269,60,Flash Sale Frenzy,2020-09-06,2020-09-13
4270,60,Last Chance to Save,2020-10-07,2020-10-14
4271,60,Buy One Get One Free (BOGO) Event,2020-11-09,2020-11-13
4272,60,Buy One Get One Free (BOGO) Event,2020-12-04,2020-12-08
4273,60,Last Chance to Save,2021-01-08,2021-01-15
4274,60,Manager's Special,2021-02-07,2021-02-13
4275,60,Friends and Family Discount Days,2021-03-06,2021-03-11
4276,60,Manager's Special,2021-04-03,2021-04-10
4277,60,Seasonal Discount Event,2021-05-06,2021-05-13
4278,60,Last Chance to Save,2021-06-06,2021-06-12
4279,60,Friends and Family Discount Days,2021-07-10,2021-07-15
4280,60,Inventory Liquidation Sale,2021-08-08,2021-08-11
4281,60,Anniversary Sale,2021-09-08,2021-09-11
4282,60,Last Chance to Save,2021-10-02,2021-10-05
4283,60,Midnight Madness,2021-11-06,2021-11-10
4284,60,Midnight Madness,2021-12-07,2021-12-11
4285,60,Customer Appreciation Week,2022-01-10,2022-01-14
4286,60,Friends and Family Discount Days,2022-02-08,2022-02-12
4287,60,Midnight Madness,2022-03-05,2022-03-08
4288,60,Customer Appreciation Week,2022-04-02,2022-04-07
4289,60,Customer Appreciation Week,2022-05-09,2022-05-16
4290,60,Manager's Special,2022-06-07,2022-06-13
4291,60,Midnight Madness,2022-07-02,2022-07-07
4292,60,Manager's Special,2022-08-04,2022-08-11
4293,60,Inventory Liquidation Sale,2022-09-01,2022-09-07
4294,60,Friends and Family Discount Days,2022-10-02,2022-10-07
4295,60,Buy One Get One Free (BOGO) Event,2022-11-03,2022-11-06
4296,60,Friends and Family Discount Days,2022-12-09,2022-12-16
4297,60,Last Chance to Save,2023-01-06,2023-01-13
4298,60,Buy One Get One Free (BOGO) Event,2023-02-10,2023-02-13
4299,60,Last Chance to Save,2023-03-03,2023-03-09
4300,60,Customer Appreciation Week,2023-04-10,2023-04-15
4301,60,Friends and Family Discount Days,2023-05-08,2023-05-12
4302,60,Midnight Madness,2023-06-07,2023-06-13
4303,60,Grand Opening Celebration,2023-07-05,2023-07-12
4304,60,Friends and Family Discount Days,2023-08-05,2023-08-09
4305,60,Friends and Family Discount Days,2023-09-04,2023-09-10
4306,60,Buy One Get One Free (BOGO) Event,2023-10-01,2023-10-04
4307,60,Seasonal Discount Event,2023-11-02,2023-11-09
4308,60,Mega Sale,2023-12-01,2023-12-04
4309,60,Friends and Family Discount Days,2024-01-01,2024-01-07
4310,60,Midnight Madness,2024-02-09,2024-02-13
4311,60,Flash Sale Frenzy,2024-03-05,2024-03-10
4312,60,Midnight Madness,2024-04-03,2024-04-09
4313,60,Customer Appreciation Week,2024-05-05,2024-05-12
4314,60,Seasonal Discount Event,2024-06-06,2024-06-09
4315,60,Manager's Special,2024-07-09,2024-07-16
4316,60,Manager's Special,2024-08-09,2024-08-12
4317,60,Manager's Special,2024-09-10,2024-09-16
4318,60,Mega Sale,2024-10-06,2024-10-11
4319,60,Friends and Family Discount Days,2024-11-08,2024-11-15
4320,60,Friends and Family Discount Days,2024-12-06,2024-12-11
