sales_id,visit_id,employee_id,payment_method_id
1,1,370,1
2,2,368,1
3,3,378,5
4,4,370,5
5,6,376,2
6,7,378,1
7,8,601,3
8,9,360,1
9,10,165,3
10,16,156,4
11,17,157,5
12,18,425,2
13,19,5,2
14,20,383,4
15,21,511,4
16,22,710,5
17,23,460,5
18,24,192,4
19,25,717,3
20,26,637,4
21,27,72,3
22,28,81,4
23,29,76,1
24,30,280,2
25,31,284,1
26,32,281,4
27,33,74,1
28,34,282,1
29,35,74,2
30,36,79,1
31,37,354,1
32,38,169,1
33,40,261,1
34,41,27,5
35,42,537,5
36,43,548,4
37,44,101,1
38,46,437,3
39,47,442,2
40,48,443,4
41,50,440,4
42,52,359,1
43,53,714,3
44,54,338,5
45,55,272,5
46,56,481,2
47,57,119,4
48,59,30,1
49,60,552,1
50,62,644,4
51,63,135,5
52,64,115,5
53,65,291,4
54,66,643,4
55,67,62,4
56,68,758,3
57,69,526,4
58,70,415,2
59,71,59,1
60,73,55,4
61,74,752,3
62,75,20,4
63,76,588,3
64,77,165,4
65,78,302,3
66,79,583,4
67,80,737,2
68,81,306,2
69,82,340,5
70,83,358,2
71,84,164,2
72,87,547,1
73,88,108,5
74,89,742,1
75,90,104,1
76,92,734,5
77,93,354,4
78,94,353,1
79,97,744,3
80,98,164,5
81,99,586,5
82,101,709,4
83,102,516,2
84,103,709,4
85,104,629,4
86,106,381,1
87,107,710,5
88,108,207,5
89,110,158,4
90,111,203,4
91,112,430,3
92,113,159,2
93,114,206,4
94,116,253,2
95,117,351,4
96,118,129,4
97,119,168,4
98,120,354,5
99,122,157,1
100,124,210,3
101,125,199,4
102,126,242,1
103,127,266,2
104,128,269,3
105,129,246,4
106,131,267,5
107,133,314,2
108,134,314,1
109,135,316,2
110,136,314,5
111,137,319,5
112,138,322,5
113,143,84,3
114,145,120,2
115,146,455,2
116,147,669,1
117,148,298,5
118,152,618,5
119,153,609,5
120,155,359,3
121,157,344,3
122,161,762,1
123,162,545,1
124,163,263,4
125,166,706,1
126,167,719,4
127,168,6,3
128,170,238,4
129,172,634,3
130,173,724,5
131,174,335,2
132,175,46,3
133,176,737,1
134,177,746,4
135,178,199,4
136,180,540,3
137,182,152,3
138,183,429,3
139,184,428,3
140,185,148,4
141,186,200,2
142,187,203,3
143,188,423,3
144,192,224,5
145,193,593,5
146,194,327,5
147,195,656,1
148,198,337,3
149,200,291,1
150,201,755,1
151,204,529,5
152,206,57,4
153,207,59,4
154,209,306,5
155,210,608,5
156,211,169,3
157,212,584,1
158,214,364,3
159,215,151,2
160,216,158,2
161,217,211,1
162,218,666,5
163,219,220,3
164,220,117,2
165,221,552,1
166,222,778,5
167,223,656,3
168,224,291,4
169,225,214,3
170,226,138,2
171,227,280,4
172,228,280,3
173,230,167,5
174,231,347,1
175,232,163,4
176,233,124,2
177,235,548,2
178,237,766,1
179,239,357,5
180,242,675,2
181,244,616,3
182,245,220,4
183,246,450,4
184,247,541,1
185,248,771,4
186,250,25,4
187,251,127,4
188,253,38,3
189,255,167,1
190,256,134,4
191,257,760,2
192,258,729,5
193,260,638,5
194,261,723,4
195,262,629,4
196,263,629,1
197,265,629,4
198,266,186,2
199,267,8,5
200,268,135,4
201,270,336,4
202,271,616,3
203,272,224,4
204,273,31,1
205,274,34,3
206,275,217,5
207,276,286,1
208,278,75,2
209,281,79,1
210,282,79,1
211,283,277,5
212,284,71,4
213,285,277,5
214,286,1,1
215,287,719,4
216,288,459,2
217,289,190,2
218,290,494,3
219,291,40,5
220,292,647,4
221,294,676,3
222,296,453,1
223,297,691,5
224,298,68,2
225,302,283,3
226,304,291,3
227,305,559,5
228,307,665,5
229,308,138,4
230,310,622,5
231,311,564,2
232,312,202,5
233,313,210,1
234,314,156,1
235,315,424,2
236,316,155,5
237,318,150,5
238,320,282,4
239,321,79,3
240,324,278,1
241,325,80,2
242,326,79,1
243,327,284,3
244,328,78,3
245,330,279,1
246,334,716,5
247,335,152,1
248,336,157,1
249,337,156,3
250,339,155,3
251,341,158,1
252,342,204,4
253,343,149,3
254,347,318,2
255,348,314,3
256,351,615,4
257,353,112,5
258,354,217,5
259,355,593,3
260,356,140,2
261,358,558,3
262,359,327,2
263,360,141,5
264,363,678,3
265,365,557,5
266,367,45,3
267,368,114,2
268,370,77,2
269,371,80,3
270,372,287,5
271,373,70,4
272,374,282,5
273,376,72,4
274,377,276,1
275,379,181,5
276,380,96,3
277,381,576,2
278,382,99,2
279,386,106,1
280,387,601,5
281,388,367,2
282,389,367,3
283,390,366,3
284,391,373,5
285,392,367,3
286,393,367,1
287,394,366,5
288,396,375,5
289,397,371,2
290,399,152,4
291,400,427,2
292,403,154,4
293,404,532,1
294,406,413,1
295,407,63,4
296,410,410,3
297,411,191,1
298,412,232,3
299,413,460,1
300,415,544,5
301,416,184,4
302,417,256,1
303,420,165,3
304,421,652,2
305,422,296,3
306,423,555,2
307,424,624,4
308,425,111,4
309,426,572,1
310,427,565,3
311,428,615,2
312,430,432,4
313,432,431,1
314,434,438,2
315,435,433,2
316,436,443,1
317,437,441,4
318,438,699,1
319,440,698,5
320,442,701,4
321,443,360,4
322,444,252,3
323,445,345,5
324,446,178,3
325,447,743,5
326,448,307,4
327,450,763,5
328,451,276,3
329,452,78,4
330,454,280,5
331,455,277,3
332,456,79,5
333,459,297,1
334,460,677,1
335,462,295,3
336,463,647,4
337,464,599,4
338,466,457,3
339,468,484,5
340,469,249,5
341,470,403,3
342,471,268,5
343,472,482,2
344,474,206,2
345,477,206,2
346,479,152,1
347,481,200,3
348,482,420,1
349,484,151,2
350,486,419,5
351,487,334,2
352,488,28,5
353,491,96,3
354,492,734,2
355,493,100,5
356,495,130,5
357,496,567,3
358,497,692,3
359,498,53,1
360,499,294,3
361,502,129,2
362,503,348,5
363,506,727,4
364,507,467,5
365,508,726,4
366,511,640,5
367,512,338,2
368,514,626,1
369,515,655,1
370,518,104,1
371,519,613,1
372,522,682,2
373,524,292,4
374,525,647,1
375,526,112,5
376,527,597,5
377,528,355,2
378,529,97,1
379,530,253,5
380,531,304,1
381,534,363,3
382,535,263,1
383,536,735,3
384,539,586,3
385,540,305,2
386,541,540,5
387,542,26,1
388,543,301,2
389,544,169,5
390,545,358,3
391,546,180,2
392,547,607,2
393,549,353,1
394,550,27,1
395,552,660,2
396,553,656,5
397,554,335,4
398,555,293,5
399,557,220,5
400,558,24,3
401,559,302,5
402,561,356,2
403,562,27,4
404,563,161,4
405,564,739,5
406,565,132,5
407,566,488,5
408,567,194,4
409,568,638,1
410,569,3,3
411,571,491,5
412,572,512,2
413,573,722,3
414,574,510,4
415,575,19,2
416,576,165,5
417,577,125,4
418,578,181,3
419,580,541,1
420,581,363,3
421,583,739,4
422,584,302,2
423,585,615,3
424,588,698,5
425,589,693,1
426,590,313,3
427,591,761,4
428,592,766,4
429,594,127,5
430,595,735,3
431,596,208,3
432,597,152,3
433,600,202,3
434,601,210,5
435,602,208,5
436,604,201,3
437,605,744,4
438,607,269,5
439,609,274,5
440,611,240,4
441,613,204,4
442,614,282,1
443,615,313,1
444,616,612,5
445,617,353,1
446,618,544,2
447,619,25,1
448,620,351,3
449,621,124,2
450,622,439,3
451,623,433,3
452,624,432,5
453,626,433,3
454,627,433,2
455,629,439,3
456,632,460,1
457,635,699,5
458,637,706,3
459,639,701,5
460,641,705,2
461,644,432,5
462,647,698,5
463,649,653,2
464,651,28,1
465,652,289,1
466,653,647,1
467,654,136,2
468,656,37,4
469,657,620,5
470,658,297,3
471,659,596,4
472,660,505,4
473,661,501,2
474,663,502,1
475,664,91,1
476,665,95,2
477,666,84,2
478,667,508,1
479,669,420,3
480,670,203,4
481,671,428,1
482,672,427,4
483,673,423,2
484,676,370,1
485,678,367,1
486,679,378,4
487,680,374,5
488,681,366,5
489,686,557,2
490,687,131,1
491,688,127,4
492,691,175,3
493,693,354,5
494,694,179,3
495,695,27,5
496,696,769,1
497,698,151,5
498,702,427,2
499,703,206,5
500,704,203,3
501,707,130,5
502,708,256,3
503,709,255,5
504,710,740,4
505,712,366,4
506,713,368,5
507,714,378,3
508,715,374,1
509,716,366,4
510,717,95,5
511,718,527,2
512,720,745,1
513,723,141,3
514,724,613,5
515,725,608,1
516,727,337,2
517,728,294,2
518,729,648,5
519,730,457,2
520,731,557,3
521,732,557,1
522,734,630,2
523,735,713,5
524,736,190,5
525,738,229,2
526,739,1,4
527,740,372,5
528,741,376,3
529,742,364,1
530,743,26,2
531,745,577,4
532,747,256,3
533,751,604,1
534,752,534,5
535,756,409,3
536,757,73,2
537,758,72,1
538,759,277,2
539,761,669,3
540,762,220,2
541,763,783,4
542,764,554,3
543,767,556,3
544,768,774,5
545,769,664,5
546,770,290,1
547,771,52,2
548,772,155,4
549,773,430,1
550,777,155,3
551,778,158,5
552,779,210,1
553,780,427,3
554,781,325,3
555,782,314,3
556,783,326,3
557,785,547,4
558,788,183,4
559,789,261,1
560,790,393,5
561,793,403,3
562,795,45,4
563,796,780,3
564,798,576,1
565,799,364,2
566,800,581,4
567,803,25,1
568,804,609,3
569,805,362,4
570,806,343,2
571,807,348,4
572,808,361,2
573,809,182,1
574,810,26,4
575,811,465,2
576,812,9,1
577,813,465,1
578,815,637,1
579,816,191,3
580,819,698,3
581,820,698,2
582,821,699,1
583,822,695,3
584,823,703,3
585,825,700,4
586,826,698,2
587,827,705,3
588,829,375,1
589,831,576,1
590,832,179,3
591,834,584,1
592,835,538,2
593,836,744,2
594,837,170,5
595,838,343,4
596,841,280,2
597,842,70,4
598,843,442,1
599,845,431,4
600,846,433,2
601,848,437,3
602,849,436,5
603,850,440,3
604,851,274,5
605,858,87,1
606,859,504,3
607,860,587,5
608,862,313,2
609,863,768,1
610,865,19,5
611,868,152,3
612,869,158,4
613,870,156,1
614,871,157,4
615,872,427,1
616,874,27,2
617,875,543,2
618,876,24,3
619,877,171,5
620,879,576,3
621,881,341,1
622,884,218,1
623,885,777,5
624,888,376,5
625,891,375,4
626,892,89,2
627,893,503,3
628,894,83,2
629,895,500,5
630,897,498,5
631,898,84,5
632,899,508,3
633,900,86,3
634,903,595,1
635,904,552,4
636,906,560,5
637,909,98,4
638,910,169,3
639,911,163,1
640,912,22,1
641,914,603,1
642,915,340,4
643,916,164,4
644,918,383,3
645,920,238,3
646,921,634,5
647,922,632,1
648,923,500,3
649,926,91,4
650,927,194,1
651,928,11,2
652,929,629,1
653,930,187,2
654,931,368,1
655,932,367,1
656,933,372,5
657,934,482,3
658,935,241,3
659,940,693,1
660,941,697,2
661,942,702,4
662,943,703,5
663,944,704,1
664,945,704,1
665,946,702,5
666,947,693,2
667,948,700,1
668,949,125,2
669,951,612,4
670,952,761,5
671,953,128,5
672,954,353,1
673,955,425,4
674,956,209,4
675,958,357,1
676,959,584,2
677,960,607,3
678,961,358,4
679,963,352,2
680,964,252,2
681,967,308,5
682,968,423,4
683,970,422,1
684,971,198,3
685,972,151,1
686,976,155,4
687,980,164,4
688,982,603,1
689,983,301,4
690,984,171,2
691,985,105,5
692,986,99,3
693,988,17,2
694,989,545,4
695,990,360,4
696,991,770,1
697,993,609,5
698,994,348,4
699,997,96,1
700,998,19,2
701,999,164,2
702,1000,260,2
703,1001,49,3
704,1003,691,5
705,1004,592,5
706,1005,537,2
707,1007,171,1
708,1009,253,5
709,1010,255,4
710,1011,766,2
711,1012,107,1
712,1013,769,2
713,1014,736,2
714,1017,508,3
715,1019,95,5
716,1020,88,3
717,1021,21,3
718,1022,116,3
719,1023,617,1
720,1025,115,2
721,1026,130,4
722,1028,606,3
723,1029,18,4
724,1030,313,1
725,1032,131,2
726,1035,284,2
727,1036,78,1
728,1037,285,3
729,1038,81,3
730,1039,81,5
731,1040,276,3
732,1041,280,3
733,1042,760,1
734,1043,26,5
735,1044,101,1
736,1046,746,4
737,1047,342,1
738,1048,254,1
739,1049,611,5
740,1051,100,4
741,1053,608,4
742,1054,177,2
743,1057,174,1
744,1058,195,4
745,1059,71,5
746,1060,285,1
747,1061,278,4
748,1062,279,5
749,1063,284,4
750,1067,277,2
751,1069,243,5
752,1070,392,3
753,1072,267,4
754,1076,295,5
755,1077,223,2
756,1078,592,3
757,1079,670,5
758,1082,521,2
759,1083,631,4
760,1085,230,3
761,1086,495,5
762,1087,729,2
763,1090,219,3
764,1091,671,2
765,1092,142,3
766,1094,110,1
767,1095,453,2
768,1096,330,3
769,1097,222,5
770,1100,287,2
771,1102,403,1
772,1103,244,4
773,1104,384,5
774,1107,457,5
775,1109,597,4
776,1110,295,2
777,1111,378,4
778,1113,371,3
779,1114,371,1
780,1115,373,2
781,1116,368,3
782,1117,374,2
783,1118,77,1
784,1119,287,3
785,1121,80,4
786,1123,369,5
787,1124,378,4
788,1125,373,3
789,1127,371,3
790,1128,366,1
791,1129,373,1
792,1131,372,2
793,1133,558,3
794,1135,550,4
795,1136,678,3
796,1137,565,5
797,1138,41,3
798,1139,289,1
799,1140,565,4
800,1141,112,1
801,1142,298,2
802,1143,137,1
803,1144,618,2
804,1145,658,1
805,1147,570,1
806,1148,31,3
807,1150,153,4
808,1151,156,5
809,1155,429,3
810,1156,427,4
811,1157,158,3
812,1158,157,5
813,1159,171,4
814,1162,97,1
815,1163,359,4
816,1164,587,3
817,1165,735,5
818,1166,584,1
819,1167,108,1
820,1168,27,2
821,1169,44,1
822,1170,330,2
823,1171,539,3
824,1172,363,2
825,1173,606,5
826,1174,584,2
827,1175,735,4
828,1176,740,3
829,1177,764,5
830,1178,743,3
831,1179,360,4
832,1180,119,1
833,1183,659,2
834,1184,39,5
835,1185,114,5
836,1186,573,2
837,1187,646,3
838,1188,37,1
839,1190,624,5
840,1191,119,3
841,1192,665,2
842,1194,521,1
843,1195,730,1
844,1196,229,4
845,1197,491,4
846,1200,636,2
847,1203,206,1
848,1204,428,2
849,1205,206,4
850,1206,198,4
851,1208,459,5
852,1209,516,1
853,1211,516,3
854,1213,680,4
855,1214,642,5
856,1215,683,3
857,1217,564,1
858,1218,592,2
859,1219,41,2
860,1220,110,1
861,1221,596,4
862,1223,315,5
863,1224,126,4
864,1225,170,1
865,1226,21,2
866,1227,760,2
867,1228,170,3
868,1229,164,4
869,1230,288,3
870,1231,686,5
871,1232,30,4
872,1233,218,5
873,1234,135,4
874,1237,604,1
875,1238,17,3
876,1241,583,3
877,1242,340,3
878,1243,736,2
879,1244,177,1
880,1245,440,1
881,1246,439,3
882,1247,437,3
883,1248,25,5
884,1251,762,3
885,1255,210,2
886,1256,210,2
887,1258,199,1
888,1259,199,5
889,1260,151,1
890,1261,590,2
891,1263,332,1
892,1265,203,3
893,1267,204,4
894,1268,423,1
895,1269,151,1
896,1270,157,3
897,1271,427,2
898,1272,420,3
899,1273,203,5
900,1274,421,1
901,1275,211,3
902,1276,152,3
903,1278,159,1
904,1280,305,2
905,1281,579,2
906,1282,769,5
907,1283,304,2
908,1284,19,4
909,1285,738,2
910,1286,303,3
911,1289,448,4
912,1290,565,5
913,1291,615,5
914,1293,41,1
915,1294,600,4
916,1295,553,3
917,1296,565,3
918,1300,216,1
919,1301,643,2
920,1303,637,4
921,1304,14,3
922,1305,186,1
923,1307,323,2
924,1308,324,3
925,1310,315,5
926,1311,320,5
927,1312,319,3
928,1313,315,5
929,1314,315,1
930,1315,322,4
931,1316,328,2
932,1317,670,5
933,1319,136,4
934,1320,670,2
935,1322,640,3
936,1323,616,5
937,1324,570,3
938,1325,70,3
939,1326,69,5
940,1330,452,5
941,1331,149,4
942,1332,158,5
943,1338,438,5
944,1339,198,4
945,1343,75,4
946,1344,276,4
947,1345,74,3
948,1347,62,3
949,1348,759,4
950,1352,158,1
951,1353,152,2
952,1355,438,5
953,1357,438,2
954,1358,431,1
955,1359,736,4
956,1362,582,2
957,1363,103,5
958,1365,575,3
959,1368,355,3
960,1369,95,1
961,1370,508,1
962,1371,499,1
963,1372,83,3
964,1373,506,4
965,1375,84,4
966,1376,95,4
967,1377,206,5
968,1379,142,2
969,1381,667,4
970,1382,455,4
971,1385,614,3
972,1386,119,5
973,1387,175,4
974,1389,173,3
975,1390,602,5
976,1391,99,3
977,1392,104,4
978,1393,150,1
979,1394,209,3
980,1395,208,4
981,1397,207,2
982,1398,199,3
983,1399,159,3
984,1400,211,5
985,1401,377,1
986,1402,373,1
987,1403,378,1
988,1404,373,1
989,1405,370,2
990,1406,368,5
991,1407,366,1
992,1408,429,3
993,1411,424,3
994,1413,660,1
995,1414,40,4
996,1416,618,3
997,1417,48,5
998,1418,557,4
999,1419,214,5
1000,1420,686,5
1001,1421,112,2
1002,1422,555,2
1003,1424,688,3
1004,1425,432,5
1005,1426,439,1
1006,1427,441,5
1007,1428,431,2
1008,1430,440,5
1009,1431,442,2
1010,1434,432,3
1011,1436,603,5
1012,1437,96,5
1013,1439,520,4
1014,1441,514,3
1015,1442,492,3
1016,1444,602,1
1017,1446,737,3
1018,1447,131,2
1019,1448,108,1
1020,1451,602,3
1021,1452,163,5
1022,1453,603,3
1023,1454,608,2
1024,1457,588,5
1025,1458,540,2
1026,1459,764,4
1027,1464,657,3
1028,1467,594,5
1029,1471,572,1
1030,1473,328,3
1031,1474,625,1
1032,1477,549,5
1033,1478,672,4
1034,1480,604,5
1035,1481,167,2
1036,1482,182,4
1037,1483,22,1
1038,1485,753,5
1039,1487,532,4
1040,1488,524,1
1041,1489,405,3
1042,1491,138,5
1043,1492,570,4
1044,1493,456,4
1045,1496,634,4
1046,1497,721,5
1047,1498,230,2
1048,1500,476,4
1049,1501,269,1
1050,1503,401,5
1051,1504,394,2
1052,1505,483,1
1053,1507,390,1
1054,1508,717,1
1055,1509,716,3
1056,1512,526,5
1057,1515,58,5
1058,1516,121,3
1059,1517,255,2
1060,1518,546,2
1061,1519,102,3
1062,1520,185,3
1063,1521,98,5
1064,1523,147,1
1065,1525,158,4
1066,1528,504,3
1067,1530,443,2
1068,1531,436,4
1069,1532,431,3
1070,1533,434,1
1071,1535,438,1
1072,1536,436,1
1073,1537,433,3
1074,1538,149,1
1075,1542,10,2
1076,1543,570,5
1077,1544,336,3
1078,1545,331,2
1079,1546,48,1
1080,1548,47,4
1081,1549,658,5
1082,1550,326,2
1083,1551,319,4
1084,1552,693,4
1085,1553,702,2
1086,1554,698,3
1087,1555,697,2
1088,1559,698,2
1089,1562,257,4
1090,1563,579,5
1091,1564,747,3
1092,1565,406,5
1093,1568,413,1
1094,1569,62,3
1095,1571,213,5
1096,1572,45,3
1097,1573,453,4
1098,1574,599,3
1099,1575,36,5
1100,1576,593,1
1101,1578,293,2
1102,1580,143,1
1103,1582,653,5
1104,1584,652,5
1105,1585,217,4
1106,1586,566,3
1107,1587,687,4
1108,1588,448,4
1109,1598,437,1
1110,1601,51,3
1111,1602,134,3
1112,1603,167,3
1113,1604,182,5
1114,1605,745,2
1115,1606,175,4
1116,1607,345,5
1117,1608,306,3
1118,1609,586,5
1119,1610,259,2
1120,1611,368,3
1121,1612,358,5
1122,1613,22,2
1123,1614,740,1
1124,1615,174,4
1125,1617,161,1
1126,1618,763,1
1127,1619,580,4
1128,1622,44,1
1129,1623,691,4
1130,1624,621,1
1131,1626,664,1
1132,1627,297,2
1133,1629,288,4
1134,1630,558,5
1135,1632,784,1
1136,1633,622,5
1137,1636,36,3
1138,1637,230,5
1139,1638,361,5
1140,1639,339,5
1141,1641,149,2
1142,1643,153,4
1143,1644,151,4
1144,1645,154,4
1145,1646,200,2
1146,1648,420,4
1147,1649,198,2
1148,1650,172,4
1149,1651,211,3
1150,1653,759,4
1151,1654,416,3
1152,1655,412,4
1153,1656,333,5
1154,1657,615,1
1155,1659,656,4
1156,1661,137,3
1157,1662,652,1
1158,1663,428,4
1159,1664,152,1
1160,1665,159,2
1161,1666,430,3
1162,1667,208,3
1163,1668,200,5
1164,1669,155,4
1165,1670,426,2
1166,1673,659,5
1167,1674,644,4
1168,1675,287,1
1169,1676,280,3
1170,1677,77,4
1171,1678,281,4
1172,1679,286,5
1173,1680,279,3
1174,1683,440,5
1175,1685,444,2
1176,1686,432,5
1177,1688,436,5
1178,1689,443,3
1179,1690,431,1
1180,1692,438,3
1181,1693,433,2
1182,1695,434,1
1183,1696,336,3
1184,1697,44,3
1185,1698,566,5
1186,1699,216,2
1187,1701,338,3
1188,1702,681,2
1189,1705,310,1
1190,1707,587,3
1191,1709,575,1
1192,1710,102,2
1193,1711,262,2
1194,1713,565,2
1195,1714,558,2
1196,1715,776,3
1197,1717,684,5
1198,1718,327,3
1199,1724,161,3
1200,1726,768,1
1201,1727,257,4
1202,1728,736,4
1203,1729,539,1
1204,1730,161,5
1205,1732,304,5
1206,1734,138,1
1207,1737,300,4
1208,1742,494,4
1209,1743,511,4
1210,1744,464,3
1211,1745,716,5
1212,1746,632,1
1213,1747,279,1
1214,1748,280,2
1215,1750,374,3
1216,1751,376,4
1217,1753,376,2
1218,1755,567,1
1219,1756,447,1
1220,1757,565,4
1221,1759,299,4
1222,1760,729,3
1223,1761,633,4
1224,1762,520,2
1225,1763,188,4
1226,1764,234,2
1227,1766,127,1
1228,1767,580,4
1229,1770,605,4
1230,1771,743,4
1231,1773,755,5
1232,1774,57,1
1233,1776,405,3
1234,1778,524,1
1235,1783,619,2
1236,1784,70,5
1237,1785,286,4
1238,1787,661,5
1239,1788,555,5
1240,1790,208,3
1241,1792,206,1
1242,1793,565,1
1243,1794,683,5
1244,1795,37,3
1245,1796,567,5
1246,1798,139,3
1247,1799,290,2
1248,1800,590,2
1249,1802,387,2
1250,1805,455,3
1251,1808,126,4
1252,1809,96,5
1253,1810,26,2
1254,1820,201,3
1255,1821,208,5
1256,1822,139,1
1257,1824,424,1
1258,1825,429,3
1259,1826,209,5
1260,1827,198,2
1261,1831,422,1
1262,1832,426,3
1263,1834,199,4
1264,1838,426,4
1265,1840,169,5
1266,1841,121,4
1267,1844,254,3
1268,1845,742,5
1269,1846,39,2
1270,1847,772,1
1271,1848,214,3
1272,1849,114,1
1273,1850,678,3
1274,1851,660,4
1275,1852,137,1
1276,1853,49,1
1277,1854,618,1
1278,1855,676,2
1279,1856,673,4
1280,1858,663,4
1281,1860,20,1
1282,1861,737,1
1283,1863,353,3
1284,1864,765,1
1285,1865,353,2
1286,1866,89,2
1287,1867,509,4
1288,1870,500,5
1289,1872,784,5
1290,1873,327,1
1291,1874,328,3
1292,1875,299,3
1293,1876,552,3
1294,1881,15,2
1295,1882,609,1
1296,1885,703,2
1297,1887,695,5
1298,1890,703,4
1299,1891,696,2
1300,1894,590,3
1301,1895,22,5
1302,1897,538,3
1303,1898,253,3
1304,1899,321,5
1305,1900,315,5
1306,1903,319,2
1307,1904,315,1
1308,1905,784,4
1309,1908,35,1
1310,1909,758,1
1311,1910,534,3
1312,1911,524,4
1313,1913,536,1
1314,1914,416,3
1315,1916,758,4
1316,1918,701,1
1317,1919,695,4
1318,1921,420,3
1319,1922,430,4
1320,1923,211,5
1321,1924,418,2
1322,1925,148,1
1323,1927,713,4
1324,1928,6,5
1325,1929,2,5
1326,1932,730,4
1327,1933,459,2
1328,1934,63,2
1329,1936,415,2
1330,1938,414,5
1331,1941,27,3
1332,1942,576,3
1333,1943,117,4
1334,1944,216,5
1335,1945,455,1
1336,1946,600,5
1337,1947,551,3
1338,1948,202,2
1339,1950,204,5
1340,1951,151,2
1341,1953,151,4
1342,1955,564,5
1343,1958,296,1
1344,1959,651,3
1345,1960,137,2
1346,1961,615,2
1347,1962,331,5
1348,1963,560,3
1349,1964,316,4
1350,1965,323,4
1351,1966,222,1
1352,1967,7,2
1353,1968,239,4
1354,1969,637,4
1355,1970,188,2
1356,1971,699,4
1357,1972,696,3
1358,1974,705,3
1359,1975,703,5
1360,1976,81,1
1361,1978,280,4
1362,1980,80,1
1363,1981,81,2
1364,1982,426,2
1365,1984,341,2
1366,1985,768,1
1367,1986,174,2
1368,1987,325,1
1369,1988,320,3
1370,1989,314,3
1371,1990,321,3
1372,1991,322,2
1373,1993,159,5
1374,1994,422,2
1375,1995,204,4
1376,1996,155,1
1377,1997,417,5
1378,1999,166,3
1379,2000,160,5
1380,2002,181,2
1381,2003,543,1
1382,2004,254,1
1383,2005,736,1
1384,2006,742,1
1385,2007,681,4
1386,2008,590,5
1387,2009,679,3
1388,2010,554,3
1389,2011,649,2
1390,2012,642,4
1391,2013,450,4
1392,2015,419,3
1393,2016,417,1
1394,2019,211,3
1395,2020,343,1
1396,2021,301,1
1397,2022,361,3
1398,2023,24,3
1399,2024,252,2
1400,2025,106,1
1401,2027,252,1
1402,2028,744,4
1403,2029,606,3
1404,2030,626,5
1405,2031,642,4
1406,2032,678,5
1407,2033,423,5
1408,2034,425,4
1409,2035,147,3
1410,2036,198,2
1411,2037,204,3
1412,2038,423,1
1413,2039,203,2
1414,2040,428,4
1415,2041,9,3
1416,2042,384,4
1417,2043,191,2
1418,2045,633,1
1419,2046,710,4
1420,2047,639,3
1421,2048,487,5
1422,2049,716,5
1423,2051,44,5
1424,2055,550,5
1425,2057,590,4
1426,2058,776,5
1427,2059,239,5
1428,2061,631,5
1429,2062,6,5
1430,2063,714,4
1431,2064,193,5
1432,2065,717,3
1433,2066,540,2
1434,2067,544,3
1435,2068,106,2
1436,2069,222,5
1437,2070,335,3
1438,2071,120,5
1439,2072,115,1
1440,2073,290,3
1441,2074,596,4
1442,2075,595,1
1443,2076,296,2
1444,2077,462,2
1445,2079,384,2
1446,2080,633,5
1447,2081,230,3
1448,2084,502,2
1449,2085,447,1
1450,2086,642,3
1451,2087,113,2
1452,2088,36,5
1453,2089,336,4
1454,2090,36,4
1455,2091,620,2
1456,2092,331,2
1457,2093,446,4
1458,2096,363,4
1459,2097,263,3
1460,2098,738,1
1461,2101,606,5
1462,2104,422,1
1463,2107,210,5
1464,2108,209,2
1465,2109,203,2
1466,2110,198,5
1467,2111,151,2
1468,2114,508,1
1469,2115,507,2
1470,2116,103,3
1471,2117,130,5
1472,2119,211,3
1473,2120,150,3
1474,2121,204,1
1475,2124,152,3
1476,2126,324,4
1477,2127,326,1
1478,2128,326,4
1479,2129,324,4
1480,2130,254,3
1481,2133,227,2
1482,2135,652,1
1483,2136,659,4
1484,2139,38,2
1485,2141,214,3
1486,2142,455,4
1487,2144,573,2
1488,2145,446,5
1489,2146,35,2
1490,2150,239,4
1491,2153,482,1
1492,2154,391,1
1493,2155,400,3
1494,2156,268,1
1495,2158,473,3
1496,2160,400,1
1497,2162,633,3
1498,2164,723,4
1499,2165,722,3
1500,2167,729,4
1501,2168,189,2
1502,2169,346,2
1503,2172,179,4
1504,2174,18,4
1505,2175,256,3
1506,2177,345,5
1507,2178,163,1
1508,2179,565,4
1509,2180,682,1
1510,2181,33,2
1511,2182,33,4
1512,2183,453,2
1513,2184,676,4
1514,2185,115,1
1515,2186,660,4
1516,2187,559,5
1517,2188,36,3
1518,2189,146,5
1519,2190,556,3
1520,2191,213,1
1521,2192,780,4
1522,2194,336,2
1523,2195,296,2
1524,2196,600,2
1525,2199,666,3
1526,2200,225,1
1527,2201,642,2
1528,2202,772,5
1529,2203,557,4
1530,2204,668,2
1531,2205,79,2
1532,2206,285,3
1533,2208,282,5
1534,2211,74,2
1535,2213,81,5
1536,2215,226,2
1537,2219,390,1
1538,2220,380,4
1539,2223,158,5
1540,2224,201,2
1541,2225,419,5
1542,2226,154,4
1543,2228,366,5
1544,2229,374,2
1545,2230,374,2
1546,2231,375,2
1547,2232,367,2
1548,2233,376,3
1549,2234,572,5
1550,2235,593,2
1551,2237,723,1
1552,2239,418,2
1553,2242,443,3
1554,2244,444,1
1555,2246,210,1
1556,2247,418,5
1557,2250,340,3
1558,2251,175,2
1559,2252,352,1
1560,2253,771,1
1561,2254,575,1
1562,2255,262,4
1563,2257,304,3
1564,2258,487,1
1565,2261,724,1
1566,2264,236,2
1567,2265,637,1
1568,2267,202,5
1569,2269,129,2
1570,2270,769,3
1571,2271,162,2
1572,2272,342,5
1573,2273,762,2
1574,2275,582,4
1575,2276,351,2
1576,2277,744,2
1577,2278,109,2
1578,2279,453,1
1579,2280,680,5
1580,2281,261,5
1581,2282,252,1
1582,2284,124,3
1583,2285,123,2
1584,2286,306,4
1585,2287,165,5
1586,2288,23,2
1587,2289,538,2
1588,2290,166,4
1589,2291,354,3
1590,2292,26,4
1591,2293,204,5
1592,2294,418,1
1593,2295,202,5
1594,2301,208,4
1595,2302,406,2
1596,2304,748,1
1597,2306,681,1
1598,2307,290,1
1599,2308,28,1
1600,2310,676,1
1601,2312,156,1
1602,2313,158,1
1603,2314,149,1
1604,2315,201,4
1605,2316,205,3
1606,2317,418,1
1607,2322,589,3
1608,2323,595,2
1609,2326,214,4
1610,2327,616,1
1611,2330,180,2
1612,2331,743,2
1613,2332,177,4
1614,2334,738,2
1615,2335,184,4
1616,2336,734,3
1617,2337,132,1
1618,2338,365,2
1619,2339,311,2
1620,2340,502,1
1621,2342,91,3
1622,2344,504,3
1623,2345,507,5
1624,2347,436,3
1625,2348,443,1
1626,2349,433,1
1627,2350,442,2
1628,2352,436,5
1629,2354,353,5
1630,2355,256,5
1631,2356,15,3
1632,2357,768,5
1633,2359,176,1
1634,2360,314,5
1635,2361,325,2
1636,2363,320,3
1637,2364,784,1
1638,2366,751,4
1639,2368,417,4
1640,2369,151,4
1641,2370,421,4
1642,2371,430,1
1643,2372,427,4
1644,2373,425,5
1645,2374,151,1
1646,2375,159,2
1647,2376,205,2
1648,2378,302,5
1649,2379,123,1
1650,2380,347,3
1651,2381,132,2
1652,2384,609,3
1653,2385,371,3
1654,2387,366,1
1655,2388,371,1
1656,2390,377,1
1657,2394,552,5
1658,2395,168,4
1659,2397,547,3
1660,2399,209,4
1661,2400,419,3
1662,2401,421,1
1663,2403,429,5
1664,2404,206,5
1665,2405,420,4
1666,2406,156,4
1667,2407,152,1
1668,2410,404,1
1669,2411,474,1
1670,2414,393,2
1671,2416,535,3
1672,2417,408,1
1673,2418,406,2
1674,2419,527,5
1675,2420,413,3
1676,2421,526,1
1677,2422,414,2
1678,2423,535,4
1679,2426,355,2
1680,2427,739,3
1681,2428,100,3
1682,2429,260,4
1683,2431,587,1
1684,2433,602,1
1685,2434,576,2
1686,2435,735,3
1687,2438,764,2
1688,2440,20,5
1689,2441,127,3
1690,2442,256,3
1691,2444,348,5
1692,2446,340,5
1693,2447,613,3
1694,2448,741,2
1695,2450,21,3
1696,2452,763,2
1697,2453,256,4
1698,2455,17,5
1699,2456,180,4
1700,2457,313,4
1701,2459,643,1
1702,2460,297,1
1703,2461,568,2
1704,2462,661,3
1705,2463,682,4
1706,2465,603,3
1707,2467,339,5
1708,2468,350,5
1709,2469,27,3
1710,2470,301,2
1711,2473,579,4
1712,2474,770,2
1713,2475,608,4
1714,2476,611,1
1715,2480,42,5
1716,2482,783,4
1717,2483,200,3
1718,2484,153,5
1719,2485,420,5
1720,2487,149,1
1721,2488,156,3
1722,2489,548,3
1723,2491,742,4
1724,2493,130,3
1725,2494,357,4
1726,2495,165,5
1727,2496,102,4
1728,2498,344,5
1729,2499,401,5
1730,2500,267,1
1731,2501,473,5
1732,2502,484,2
1733,2504,303,2
1734,2505,108,2
1735,2506,259,4
1736,2507,349,1
1737,2508,605,4
1738,2510,162,1
1739,2511,577,1
1740,2512,766,2
1741,2513,65,5
1742,2514,534,1
1743,2516,416,1
1744,2517,432,2
1745,2518,443,3
1746,2520,404,4
1747,2522,260,2
1748,2523,362,3
1749,2524,340,1
1750,2526,317,4
1751,2527,317,4
1752,2528,324,4
1753,2529,316,2
1754,2530,314,3
1755,2531,315,4
1756,2532,320,1
1757,2537,234,4
1758,2538,1,4
1759,2539,628,1
1760,2540,187,5
1761,2541,13,5
1762,2544,232,5
1763,2545,558,1
1764,2546,457,5
1765,2547,332,2
1766,2552,162,3
1767,2555,537,3
1768,2558,586,2
1769,2561,694,4
1770,2566,701,5
1771,2567,494,1
1772,2568,228,1
1773,2569,379,5
1774,2572,147,3
1775,2573,201,2
1776,2576,58,5
1777,2577,406,1
1778,2578,754,4
1779,2579,758,2
1780,2580,416,3
1781,2582,750,4
1782,2584,426,4
1783,2586,430,1
1784,2587,157,3
1785,2589,428,3
1786,2590,304,1
1787,2591,164,4
1788,2593,576,4
1789,2594,333,3
1790,2595,778,2
1791,2596,645,1
1792,2597,45,2
1793,2598,590,4
1794,2599,330,1
1795,2600,464,3
1796,2602,7,1
1797,2603,229,5
1798,2604,718,1
1799,2607,285,4
1800,2610,80,1
1801,2612,307,2
1802,2613,538,1
1803,2614,260,3
1804,2616,353,2
1805,2617,761,5
1806,2618,765,5
1807,2620,328,3
1808,2621,550,3
1809,2622,663,5
1810,2624,659,5
1811,2625,649,1
1812,2627,291,4
1813,2628,292,4
1814,2630,37,3
1815,2631,589,3
1816,2633,157,1
1817,2635,207,5
1818,2636,418,2
1819,2637,427,4
1820,2638,206,3
1821,2639,423,4
1822,2640,94,1
1823,2641,501,5
1824,2642,501,5
1825,2643,501,1
1826,2644,86,3
1827,2645,86,5
1828,2646,502,5
1829,2648,377,4
1830,2649,378,1
1831,2650,369,4
1832,2651,373,1
1833,2652,650,1
1834,2654,140,5
1835,2655,557,5
1836,2656,110,5
1837,2657,772,2
1838,2658,273,3
1839,2659,484,5
1840,2661,268,3
1841,2662,478,4
1842,2663,392,5
1843,2664,271,5
1844,2665,400,1
1845,2667,248,4
1846,2668,418,3
1847,2671,201,1
1848,2673,167,4
1849,2674,124,1
1850,2675,345,4
1851,2677,588,3
1852,2679,355,2
1853,2681,761,3
1854,2682,354,4
1855,2684,261,1
1856,2686,354,5
1857,2687,606,1
1858,2689,352,4
1859,2690,125,3
1860,2691,597,2
1861,2692,659,1
1862,2693,781,2
1863,2694,331,3
1864,2695,110,5
1865,2697,777,3
1866,2698,563,1
1867,2699,642,3
1868,2701,510,3
1869,2702,517,2
1870,2703,629,4
1871,2705,726,5
1872,2706,470,1
1873,2707,605,5
1874,2708,84,1
1875,2709,498,3
1876,2710,91,2
1877,2712,88,3
1878,2716,372,3
1879,2717,378,4
1880,2719,367,3
1881,2720,367,2
1882,2721,372,1
1883,2725,129,3
1884,2726,308,5
1885,2729,608,5
1886,2730,98,1
1887,2735,78,5
1888,2737,73,3
1889,2738,80,1
1890,2739,70,4
1891,2740,77,3
1892,2742,639,1
1893,2743,188,5
1894,2744,639,5
1895,2745,492,5
1896,2746,458,4
1897,2748,197,1
1898,2749,10,5
1899,2750,230,3
1900,2751,190,4
1901,2752,288,4
1902,2757,116,5
1903,2760,549,2
1904,2761,39,3
1905,2762,331,1
1906,2764,596,1
1907,2766,654,1
1908,2767,783,4
1909,2768,455,5
1910,2769,651,1
1911,2770,659,3
1912,2772,148,1
1913,2774,148,2
1914,2775,429,3
1915,2777,153,1
1916,2779,153,4
1917,2781,157,1
1918,2782,240,3
1919,2783,243,3
1920,2784,394,2
1921,2785,275,3
1922,2786,241,4
1923,2788,402,4
1924,2789,274,4
1925,2790,378,3
1926,2791,369,1
1927,2792,378,3
1928,2793,517,2
1929,2794,383,4
1930,2795,518,5
1931,2796,718,4
1932,2797,729,1
1933,2798,552,4
1934,2800,618,3
1935,2801,783,5
1936,2802,675,3
1937,2804,504,1
1938,2805,503,3
1939,2806,91,1
1940,2807,415,3
1941,2808,748,1
1942,2809,412,2
1943,2812,60,1
1944,2813,407,1
1945,2814,534,1
1946,2815,750,3
1947,2817,751,1
1948,2818,533,5
1949,2819,755,3
1950,2820,68,3
1951,2821,278,3
1952,2823,283,1
1953,2825,77,2
1954,2826,281,5
1955,2828,283,1
1956,2829,366,5
1957,2831,534,3
1958,2833,535,4
1959,2835,409,4
1960,2836,755,3
1961,2837,297,4
1962,2838,110,2
1963,2839,295,2
1964,2840,449,3
1965,2842,560,5
1966,2843,614,3
1967,2844,569,5
1968,2845,709,3
1969,2847,724,1
1970,2848,236,5
1971,2849,724,5
1972,2850,233,4
1973,2851,196,4
1974,2852,1,5
1975,2853,637,4
1976,2854,188,2
1977,2855,424,2
1978,2857,211,4
1979,2858,420,1
1980,2859,198,4
1981,2860,423,2
1982,2861,217,1
1983,2863,299,5
1984,2864,31,1
1985,2866,50,4
1986,2867,652,1
1987,2868,290,5
1988,2869,214,4
1989,2870,572,1
1990,2872,419,3
1991,2874,158,1
1992,2878,105,5
1993,2879,539,1
1994,2880,587,1
1995,2882,125,4
1996,2883,761,4
1997,2884,742,3
1998,2885,339,5
1999,2887,307,1
2000,2888,584,2
2001,2889,608,1
2002,2890,124,2
2003,2891,100,1
2004,2894,178,1
2005,2895,346,5
2006,2896,18,5
2007,2897,101,2
2008,2898,168,1
2009,2899,545,1
2010,2900,343,1
2011,2901,160,3
2012,2902,342,3
2013,2904,697,4
2014,2906,696,2
2015,2907,701,3
2016,2908,694,2
2017,2910,446,5
2018,2911,333,2
2019,2912,299,5
2020,2913,660,2
2021,2915,29,4
2022,2916,295,4
2023,2917,145,2
2024,2919,395,2
2025,2920,480,5
2026,2921,245,3
2027,2922,271,5
2028,2923,274,1
2029,2924,401,3
2030,2925,245,2
2031,2927,249,4
2032,2928,721,2
2033,2930,289,2
2034,2932,33,5
2035,2933,665,5
2036,2934,332,3
2037,2935,777,2
2038,2936,621,5
2039,2937,166,2
2040,2938,741,2
2041,2939,738,5
2042,2940,253,3
2043,2941,361,3
2044,2943,336,3
2045,2944,136,4
2046,2945,330,1
2047,2946,594,2
2048,2947,688,2
2049,2949,647,1
2050,2950,35,3
2051,2951,619,1
2052,2952,550,1
2053,2954,35,5
2054,2955,555,3
2055,2956,177,4
2056,2957,770,3
2057,2958,575,1
2058,2960,258,5
2059,2961,377,3
2060,2964,427,1
2061,2968,159,1
2062,2969,154,4
2063,2970,147,1
2064,2973,344,1
2065,2974,252,2
2066,2977,545,5
2067,2978,307,2
2068,2979,256,2
2069,2980,262,1
2070,2982,761,1
2071,2983,417,5
2072,2984,207,3
2073,2986,198,1
2074,2987,152,4
2075,2988,138,4
2076,2989,676,2
2077,2990,593,1
2078,2993,117,3
2079,2994,558,3
2080,2995,268,5
2081,2996,268,2
2082,2999,176,4
2083,3000,583,2
2084,3001,144,5
2085,3002,327,4
2086,3003,659,3
2087,3005,319,5
2088,3008,319,3
2089,3009,325,5
2090,3010,324,3
2091,3011,315,1
2092,3012,253,2
2093,3015,252,2
2094,3016,344,4
2095,3017,257,2
2096,3019,107,3
2097,3020,544,1
2098,3022,489,5
2099,3024,700,4
2100,3029,693,3
2101,3030,704,4
2102,3031,700,2
2103,3032,255,1
2104,3034,261,1
2105,3035,441,1
2106,3038,377,1
2107,3039,372,3
2108,3041,371,4
2109,3043,370,4
2110,3044,376,3
2111,3045,372,2
2112,3046,373,1
2113,3047,430,3
2114,3050,213,3
2115,3051,598,2
2116,3052,554,2
2117,3053,402,3
2118,3055,427,1
2119,3057,542,5
2120,3058,742,1
2121,3059,25,5
2122,3060,581,4
2123,3061,101,4
2124,3062,350,3
2125,3064,346,3
2126,3066,784,3
2127,3067,779,5
2128,3071,250,4
2129,3076,56,1
2130,3077,754,4
2131,3078,65,1
2132,3080,409,2
2133,3081,524,4
2134,3082,596,5
2135,3083,656,4
2136,3084,560,4
2137,3085,36,1
2138,3087,38,5
2139,3089,133,3
2140,3090,541,5
2141,3091,358,5
2142,3092,254,4
2143,3093,743,1
2144,3094,557,4
2145,3095,664,1
2146,3096,690,2
2147,3099,217,3
2148,3100,50,3
2149,3101,592,5
2150,3103,60,3
2151,3104,747,3
2152,3105,524,4
2153,3106,61,2
2154,3107,524,1
2155,3108,532,3
2156,3110,415,1
2157,3111,63,1
2158,3112,24,2
2159,3115,162,2
2160,3116,584,5
2161,3117,345,2
2162,3118,284,5
2163,3119,72,5
2164,3120,74,5
2165,3121,68,1
2166,3123,287,1
2167,3124,283,2
2168,3125,76,4
2169,3127,149,3
2170,3129,149,4
2171,3130,204,1
2172,3131,208,3
2173,3132,153,1
2174,3133,147,3
2175,3137,406,3
2176,3138,534,2
2177,3139,749,1
2178,3140,536,1
2179,3141,534,1
2180,3142,756,2
2181,3143,759,4
2182,3145,755,3
2183,3146,535,3
2184,3148,755,4
2185,3149,756,4
2186,3152,694,4
2187,3153,694,4
2188,3155,698,4
2189,3156,75,5
2190,3157,283,2
2191,3158,277,3
2192,3159,70,4
2193,3160,69,4
2194,3161,280,1
2195,3164,277,2
2196,3165,68,2
2197,3166,279,3
2198,3168,71,5
2199,3169,276,3
2200,3171,428,5
2201,3172,417,3
2202,3174,148,1
2203,3175,421,5
2204,3178,437,3
2205,3179,440,2
2206,3180,437,1
2207,3181,438,3
2208,3182,439,5
2209,3183,444,3
2210,3184,439,3
2211,3185,439,4
2212,3186,431,4
2213,3187,437,2
2214,3190,387,3
2215,3192,460,3
2216,3195,283,2
2217,3197,285,2
2218,3198,77,5
2219,3200,79,1
2220,3204,317,5
2221,3205,321,1
2222,3206,318,2
2223,3207,498,4
2224,3209,93,3
2225,3210,501,1
2226,3211,89,2
2227,3212,83,1
2228,3213,499,5
2229,3214,507,2
2230,3216,505,3
2231,3218,162,5
2232,3220,252,2
2233,3222,610,5
2234,3223,26,2
2235,3224,252,1
2236,3225,203,1
2237,3226,417,3
2238,3227,156,3
2239,3228,421,2
2240,3229,422,3
2241,3230,151,3
2242,3233,147,2
2243,3234,421,2
2244,3237,323,4
2245,3238,321,5
2246,3239,322,1
2247,3240,322,4
2248,3241,323,3
2249,3244,742,3
2250,3245,164,5
2251,3246,548,4
2252,3247,323,5
2253,3248,314,5
2254,3249,739,3
2255,3250,181,2
2256,3251,609,1
2257,3252,357,2
2258,3254,607,3
2259,3255,16,4
2260,3261,324,2
2261,3262,324,5
2262,3264,314,3
2263,3265,315,3
2264,3266,28,3
2265,3267,557,3
2266,3269,553,2
2267,3270,140,4
2268,3271,40,2
2269,3272,48,2
2270,3275,155,3
2271,3276,430,4
2272,3277,203,3
2273,3278,154,5
2274,3279,200,2
2275,3280,150,2
2276,3282,301,4
2277,3283,131,2
2278,3286,340,5
2279,3288,237,1
2280,3290,717,2
2281,3292,637,5
2282,3297,521,4
2283,3300,229,1
2284,3302,97,5
2285,3303,305,5
2286,3305,762,1
2287,3306,177,2
2288,3308,19,4
2289,3309,362,1
2290,3310,129,4
2291,3313,278,2
2292,3314,749,3
2293,3317,66,2
2294,3318,637,1
2295,3319,724,3
2296,3320,150,1
2297,3321,420,3
2298,3322,421,2
2299,3324,155,3
2300,3327,325,2
2301,3329,320,2
2302,3331,315,2
2303,3332,317,4
2304,3333,322,1
2305,3334,321,3
2306,3337,316,3
2307,3338,190,2
2308,3340,725,5
2309,3342,192,2
2310,3343,642,1
2311,3344,597,3
2312,3347,619,2
2313,3348,683,4
2314,3349,682,4
2315,3350,292,1
2316,3351,680,1
2317,3352,371,1
2318,3353,377,5
2319,3355,376,2
2320,3356,377,1
2321,3359,355,4
2322,3361,78,3
2323,3362,285,3
2324,3363,284,3
2325,3364,420,5
2326,3365,207,5
2327,3366,205,3
2328,3367,198,5
2329,3370,393,4
2330,3377,598,1
2331,3378,29,2
2332,3379,328,3
2333,3380,772,2
2334,3382,644,4
2335,3384,572,4
2336,3385,375,4
2337,3386,376,4
2338,3387,372,2
2339,3388,753,1
2340,3389,57,5
2341,3390,758,4
2342,3393,533,2
2343,3395,752,1
2344,3396,67,1
2345,3398,206,5
2346,3400,425,1
2347,3401,156,4
2348,3402,200,5
2349,3403,418,5
2350,3404,202,3
2351,3405,764,4
2352,3407,169,1
2353,3411,377,4
2354,3412,378,2
2355,3413,368,3
2356,3415,373,3
2357,3416,377,2
2358,3418,581,3
2359,3419,576,4
2360,3420,608,2
2361,3421,548,4
2362,3422,545,3
2363,3423,744,4
2364,3424,102,2
2365,3425,130,5
2366,3427,22,3
2367,3428,351,3
2368,3429,584,4
2369,3430,169,3
2370,3432,365,3
2371,3433,601,1
2372,3434,734,4
2373,3437,498,5
2374,3440,507,3
2375,3441,508,2
2376,3442,509,3
2377,3443,481,3
2378,3444,110,2
2379,3446,777,2
2380,3448,217,3
2381,3449,206,2
2382,3450,204,2
2383,3452,204,1
2384,3453,427,5
2385,3454,419,1
2386,3455,211,4
2387,3456,426,4
2388,3457,158,2
2389,3458,199,2
2390,3459,206,3
2391,3460,150,5
2392,3463,354,3
2393,3465,762,4
2394,3467,741,4
2395,3469,760,2
2396,3471,249,2
2397,3473,472,1
2398,3475,481,5
2399,3477,395,1
2400,3479,264,3
2401,3481,187,2
2402,3483,633,2
2403,3484,389,4
2404,3485,380,1
2405,3486,726,1
2406,3488,514,1
2407,3491,420,3
2408,3492,153,5
2409,3495,429,2
2410,3497,427,5
2411,3498,198,4
2412,3500,68,5
2413,3501,75,1
2414,3502,283,2
2415,3504,285,3
2416,3505,286,3
2417,3506,276,1
2418,3507,286,4
2419,3508,68,2
2420,3509,207,3
2421,3510,199,3
2422,3511,202,3
2423,3512,418,5
2424,3513,152,5
2425,3514,420,2
2426,3515,198,2
2427,3516,490,2
2428,3517,467,3
2429,3518,518,5
2430,3521,495,2
2431,3522,496,4
2432,3523,468,4
2433,3525,629,1
2434,3526,279,4
2435,3527,75,3
2436,3528,262,1
2437,3529,548,2
2438,3530,174,3
2439,3531,737,2
2440,3532,164,4
2441,3534,20,3
2442,3535,427,1
2443,3536,427,1
2444,3537,207,3
2445,3539,200,1
2446,3540,422,2
2447,3542,198,4
2448,3543,426,4
2449,3544,150,3
2450,3545,218,2
2451,3546,597,3
2452,3547,34,3
2453,3549,82,5
2454,3553,430,2
2455,3554,160,3
2456,3555,603,2
2457,3556,123,4
2458,3557,102,3
2459,3558,605,4
2460,3559,383,4
2461,3560,236,5
2462,3562,539,4
2463,3564,343,3
2464,3565,121,3
2465,3569,753,2
2466,3570,748,3
2467,3572,754,4
2468,3573,122,1
2469,3575,768,5
2470,3576,357,3
2471,3578,342,4
2472,3580,607,3
2473,3582,258,3
2474,3583,131,5
2475,3584,356,3
2476,3585,209,1
2477,3586,155,3
2478,3587,157,5
2479,3588,149,1
2480,3589,153,1
2481,3590,154,5
2482,3591,203,1
2483,3592,157,3
2484,3595,706,3
2485,3596,705,1
2486,3597,705,4
2487,3599,696,2
2488,3600,706,5
2489,3602,706,2
2490,3603,704,3
2491,3605,698,3
2492,3606,694,5
2493,3608,231,3
2494,3609,383,5
2495,3610,720,4
2496,3611,495,2
2497,3612,229,4
2498,3613,511,4
2499,3616,379,1
2500,3617,441,4
2501,3621,433,5
2502,3622,434,4
2503,3623,436,4
2504,3624,433,3
2505,3627,414,1
2506,3628,528,5
2507,3629,411,4
2508,3633,411,2
2509,3635,564,3
2510,3636,590,4
2511,3637,335,2
2512,3638,684,3
2513,3639,633,5
2514,3640,635,3
2515,3641,714,5
2516,3642,635,3
2517,3644,193,3
2518,3645,635,1
2519,3648,382,3
2520,3650,32,4
2521,3651,53,5
2522,3652,593,3
2523,3653,573,2
2524,3654,457,2
2525,3655,77,5
2526,3656,287,2
2527,3659,77,4
2528,3660,287,4
2529,3661,280,1
2530,3662,81,4
2531,3664,73,4
2532,3667,77,4
2533,3668,282,5
2534,3669,281,4
2535,3670,69,1
2536,3671,72,3
2537,3673,461,3
2538,3674,723,4
2539,3676,149,3
2540,3677,200,1
2541,3678,208,1
2542,3679,417,4
2543,3680,531,5
2544,3681,748,4
2545,3682,65,3
2546,3683,532,4
2547,3685,758,2
2548,3688,85,4
2549,3691,509,4
2550,3692,503,5
2551,3693,747,3
2552,3694,747,4
2553,3695,535,3
2554,3696,62,2
2555,3697,412,1
2556,3698,376,1
2557,3699,367,5
2558,3700,370,5
2559,3702,378,2
2560,3703,372,4
2561,3704,369,2
2562,3705,377,1
2563,3706,367,5
2564,3707,369,4
2565,3709,152,3
2566,3710,154,5
2567,3711,158,5
2568,3712,425,4
2569,3713,147,4
2570,3714,6,4
2571,3716,735,2
2572,3719,502,3
2573,3720,92,2
2574,3721,507,2
2575,3722,84,1
2576,3723,508,1
2577,3725,538,2
2578,3726,24,5
2579,3727,176,3
2580,3728,304,3
2581,3729,100,4
2582,3730,351,3
2583,3732,153,5
2584,3734,205,4
2585,3735,422,3
2586,3736,156,3
2587,3739,472,3
2588,3740,265,5
2589,3742,484,5
2590,3743,399,2
2591,3745,273,1
2592,3746,245,2
2593,3748,149,5
2594,3749,202,2
2595,3752,156,5
2596,3757,643,3
2597,3758,332,1
2598,3761,598,4
2599,3762,29,2
2600,3764,295,5
2601,3765,453,4
2602,3766,668,2
2603,3767,159,4
2604,3769,425,2
2605,3771,655,5
2606,3772,649,5
2607,3773,442,4
2608,3774,434,4
2609,3775,436,4
2610,3776,86,5
2611,3777,89,5
2612,3778,82,3
2613,3779,503,5
2614,3783,501,3
2615,3786,520,3
2616,3787,635,2
2617,3788,512,4
2618,3791,660,3
2619,3792,681,3
2620,3794,37,4
2621,3795,140,3
2622,3799,688,2
2623,3800,557,1
2624,3801,40,5
2625,3802,778,1
2626,3803,46,1
2627,3805,692,3
2628,3806,575,2
2629,3807,765,1
2630,3810,362,4
2631,3811,738,5
2632,3813,360,1
2633,3815,584,2
2634,3817,132,1
2635,3820,464,5
2636,3821,12,3
2637,3823,501,1
2638,3825,508,4
2639,3826,318,5
2640,3828,324,3
2641,3835,422,2
2642,3837,151,1
2643,3841,422,2
2644,3842,150,3
2645,3844,204,4
2646,3845,783,4
2647,3846,687,4
2648,3847,561,2
2649,3848,655,5
2650,3849,297,3
2651,3850,39,2
2652,3853,36,3
2653,3854,146,5
2654,3855,36,2
2655,3856,144,4
2656,3858,144,2
2657,3859,647,2
2658,3860,128,1
2659,3862,180,2
2660,3863,304,2
2661,3864,101,4
2662,3865,131,1
2663,3866,350,4
2664,3868,547,1
2665,3869,245,5
2666,3870,244,3
2667,3871,674,1
2668,3872,145,5
2669,3873,136,2
2670,3874,663,1
2671,3875,178,3
2672,3876,359,4
2673,3877,581,5
2674,3878,342,4
2675,3879,132,2
2676,3880,104,4
2677,3881,25,5
2678,3882,262,1
2679,3884,172,3
2680,3885,743,1
2681,3886,308,2
2682,3887,98,1
2683,3890,544,2
2684,3891,546,4
2685,3894,623,3
2686,3899,456,1
2687,3900,49,5
2688,3901,428,4
2689,3906,423,1
2690,3907,73,5
2691,3908,71,3
2692,3909,281,3
2693,3912,277,1
2694,3913,246,4
2695,3915,268,4
2696,3916,476,4
2697,3918,481,1
2698,3920,676,3
2699,3923,659,1
2700,3926,436,2
2701,3927,435,3
2702,3928,758,2
2703,3929,93,5
2704,3930,94,5
2705,3932,500,5
2706,3933,91,2
2707,3935,506,4
2708,3936,500,5
2709,3937,82,2
2710,3938,344,1
2711,3940,587,1
2712,3941,739,3
2713,3942,255,3
2714,3943,767,2
2715,3945,177,1
2716,3949,516,2
2717,3950,486,1
2718,3951,629,5
2719,3952,539,4
2720,3954,583,5
2721,3955,23,5
2722,3957,762,5
2723,3960,184,2
2724,3961,339,2
2725,3963,132,1
2726,3964,690,3
2727,3965,54,3
2728,3966,674,2
2729,3969,748,2
2730,3970,423,5
2731,3971,199,1
2732,3972,207,2
2733,3973,429,5
2734,3974,204,1
2735,3976,152,5
2736,3978,420,4
2737,3980,203,3
2738,3981,200,5
2739,3982,739,3
2740,3983,580,4
2741,3985,27,5
2742,3986,732,2
2743,3987,710,5
2744,3988,226,1
2745,3989,9,1
2746,3990,491,3
2747,3991,717,5
2748,3993,588,4
2749,3995,371,5
2750,3997,368,2
2751,3998,366,5
2752,4000,371,2
2753,4001,571,1
2754,4005,118,1
2755,4006,40,4
2756,4008,299,5
2757,4009,553,5
2758,4010,673,3
2759,4011,203,5
2760,4012,153,1
2761,4013,211,4
2762,4014,596,5
2763,4015,565,5
2764,4017,558,4
2765,4018,115,4
2766,4020,647,4
2767,4021,690,5
2768,4022,774,4
2769,4024,370,3
2770,4026,429,4
2771,4027,428,2
2772,4028,628,4
2773,4029,632,1
2774,4031,722,4
2775,4032,191,2
2776,4033,630,1
2777,4034,708,3
2778,4035,65,5
2779,4036,66,4
2780,4038,60,5
2781,4040,754,1
2782,4041,749,2
2783,4042,283,1
2784,4043,69,5
2785,4047,442,4
2786,4048,725,5
2787,4049,459,2
2788,4050,4,1
2789,4051,212,1
2790,4053,496,1
2791,4054,1,5
2792,4055,633,2
2793,4059,385,2
2794,4060,777,3
2795,4061,53,3
2796,4062,31,5
2797,4063,565,1
2798,4064,165,2
2799,4066,763,2
2800,4067,580,4
2801,4068,598,1
2802,4069,564,5
2803,4070,288,1
2804,4071,456,4
2805,4073,606,1
2806,4074,226,1
2807,4075,722,1
2808,4076,716,4
2809,4077,197,3
2810,4078,197,1
2811,4079,709,1
2812,4080,379,3
2813,4081,766,3
2814,4084,19,4
2815,4085,357,2
2816,4086,705,2
2817,4088,630,1
2818,4090,11,3
2819,4092,718,3
2820,4097,711,4
2821,4099,454,3
2822,4100,39,5
2823,4101,36,1
2824,4105,184,1
2825,4106,613,4
2826,4107,118,4
2827,4108,646,4
2828,4109,616,3
2829,4110,449,4
2830,4111,199,5
2831,4112,202,1
2832,4113,204,4
2833,4114,199,2
2834,4115,295,5
2835,4116,113,5
2836,4117,276,5
2837,4118,80,2
2838,4119,287,5
2839,4120,282,5
2840,4122,148,5
2841,4123,425,4
2842,4124,201,1
2843,4125,149,3
2844,4127,420,5
2845,4128,210,4
2846,4130,427,2
2847,4131,25,2
2848,4132,768,2
2849,4133,610,1
2850,4134,257,2
2851,4136,257,4
2852,4138,338,3
2853,4140,620,3
2854,4142,650,5
2855,4144,299,2
2856,4145,625,2
2857,4146,648,1
2858,4147,692,1
2859,4148,614,1
2860,4149,557,1
2861,4151,556,3
2862,4152,629,4
2863,4153,238,4
2864,4155,781,5
2865,4156,28,5
2866,4157,657,1
2867,4158,621,2
2868,4162,75,5
2869,4164,282,5
2870,4165,287,5
2871,4168,284,4
2872,4172,644,3
2873,4173,573,5
2874,4174,225,1
2875,4175,33,2
2876,4177,116,5
2877,4178,200,2
2878,4180,430,5
2879,4181,427,3
2880,4182,430,5
2881,4184,417,2
2882,4185,200,1
2883,4186,425,2
2884,4188,700,1
2885,4189,702,4
2886,4191,695,1
2887,4192,700,5
2888,4193,693,5
2889,4194,701,5
2890,4195,701,5
2891,4196,704,2
2892,4197,620,1
2893,4198,388,3
2894,4199,708,4
2895,4200,713,5
2896,4201,518,5
2897,4202,195,2
2898,4205,721,1
2899,4206,700,1
2900,4207,703,3
2901,4209,704,4
2902,4210,694,1
2903,4211,703,3
2904,4212,704,5
2905,4214,430,3
2906,4216,204,4
2907,4217,204,5
2908,4219,449,3
2909,4220,625,3
2910,4221,590,1
2911,4222,592,3
2912,4223,349,1
2913,4224,262,3
2914,4225,575,5
2915,4228,207,5
2916,4230,148,3
2917,4232,425,2
2918,4233,429,4
2919,4234,420,5
2920,4235,616,3
2921,4236,48,2
2922,4237,645,4
2923,4238,529,5
2924,4239,57,3
2925,4240,58,5
2926,4242,748,1
2927,4243,406,4
2928,4244,409,2
2929,4245,412,3
2930,4248,62,1
2931,4253,168,1
2932,4254,764,3
2933,4255,124,1
2934,4256,130,5
2935,4257,176,3
2936,4258,14,1
2937,4259,9,2
2938,4260,386,2
2939,4263,420,5
2940,4264,422,3
2941,4266,423,3
2942,4267,422,3
2943,4268,151,1
2944,4271,426,1
2945,4272,427,5
2946,4273,208,3
2947,4276,418,2
2948,4277,115,2
2949,4278,556,3
2950,4279,116,1
2951,4281,139,4
2952,4282,594,2
2953,4284,450,2
2954,4285,664,4
2955,4286,171,5
2956,4288,101,1
2957,4289,160,4
2958,4290,548,3
2959,4291,15,5
2960,4293,311,4
2961,4294,127,5
2962,4296,90,4
2963,4297,93,1
2964,4298,508,1
2965,4299,94,4
2966,4300,82,3
2967,4301,498,4
2968,4302,90,5
2969,4303,502,5
2970,4304,84,2
2971,4305,146,1
2972,4306,553,1
2973,4307,661,3
2974,4308,614,1
2975,4309,421,2
2976,4310,425,4
2977,4313,211,2
2978,4314,200,1
2979,4315,155,2
2980,4316,417,2
2981,4319,206,3
2982,4321,613,4
2983,4324,296,4
2984,4327,215,1
2985,4328,203,5
2986,4330,424,4
2987,4331,419,2
2988,4332,151,3
2989,4335,417,1
2990,4337,158,3
2991,4338,499,4
2992,4340,500,2
2993,4341,60,4
2994,4342,536,1
2995,4343,407,4
2996,4344,534,3
2997,4346,411,5
2998,4347,406,5
2999,4348,755,1
3000,4349,524,3
3001,4350,753,4
3002,4351,405,5
3003,4352,749,4
3004,4354,405,5
3005,4355,530,5
3006,4356,63,2
3007,4357,132,1
3008,4359,128,1
3009,4360,24,1
3010,4362,257,4
3011,4363,653,2
3012,4364,653,4
3013,4365,452,1
3014,4366,593,1
3015,4367,333,4
3016,4368,616,3
3017,4369,604,2
3018,4370,770,2
3019,4371,608,3
3020,4372,301,2
3021,4373,169,1
3022,4374,27,5
3023,4375,48,2
3024,4376,574,3
3025,4377,335,4
3026,4378,574,2
3027,4380,298,3
3028,4381,552,2
3029,4382,332,2
3030,4383,761,2
3031,4384,612,5
3032,4385,734,3
3033,4388,541,3
3034,4390,358,3
3035,4391,131,5
3036,4393,518,4
3037,4394,637,4
3038,4395,585,4
3039,4396,604,5
3040,4397,738,1
3041,4399,164,3
3042,4400,181,2
3043,4401,736,1
3044,4402,765,1
3045,4404,322,3
3046,4405,325,3
3047,4406,320,3
3048,4407,321,5
3049,4409,321,5
3050,4410,318,2
3051,4412,315,3
3052,4414,145,3
3053,4415,35,3
3054,4416,653,3
3055,4418,115,4
3056,4419,419,2
3057,4420,422,4
3058,4421,287,2
3059,4423,421,3
3060,4425,202,3
3061,4426,138,1
3062,4427,549,1
3063,4428,214,1
3064,4432,116,3
3065,4433,152,2
3066,4434,155,2
3067,4436,203,4
3068,4437,199,3
3069,4438,437,3
3070,4439,441,3
3071,4440,438,2
3072,4441,435,3
3073,4444,168,4
3074,4448,745,4
3075,4449,538,1
3076,4451,537,3
3077,4452,169,5
3078,4454,378,4
3079,4455,366,4
3080,4456,370,3
3081,4457,369,1
3082,4459,372,5
3083,4460,372,5
3084,4461,378,5
3085,4462,92,4
3086,4465,83,3
3087,4466,504,1
3088,4467,499,5
3089,4468,508,4
3090,4469,445,4
3091,4473,46,1
3092,4474,455,4
3093,4476,570,4
3094,4477,589,3
3095,4478,646,1
3096,4479,659,3
3097,4481,118,3
3098,4482,445,5
3099,4483,137,1
3100,4484,569,1
3101,4485,51,1
3102,4486,778,1
3103,4487,290,3
3104,4488,225,3
3105,4489,647,1
3106,4490,7,4
3107,4491,720,3
3108,4492,523,4
3109,4493,595,4
3110,4496,329,4
3111,4497,566,3
3112,4498,448,2
3113,4499,560,4
3114,4502,427,4
3115,4503,159,1
3116,4504,156,3
3117,4505,201,5
3118,4506,424,3
3119,4507,60,3
3120,4509,526,1
3121,4510,409,1
3122,4512,415,2
3123,4513,413,3
3124,4514,436,3
3125,4515,437,5
3126,4518,431,4
3127,4519,442,4
3128,4520,433,2
3129,4521,443,3
3130,4524,594,3
3131,4525,333,5
3132,4526,614,3
3133,4527,590,3
3134,4531,511,2
3135,4533,150,2
3136,4536,209,1
3137,4537,764,4
3138,4539,309,5
3139,4540,21,2
3140,4541,183,3
3141,4542,612,3
3142,4544,111,3
3143,4546,639,4
3144,4547,630,5
3145,4549,520,5
3146,4550,637,4
3147,4553,492,1
3148,4558,129,3
3149,4561,381,1
3150,4565,436,2
3151,4566,442,2
3152,4567,439,3
3153,4569,433,4
3154,4571,577,5
3155,4572,311,4
3156,4573,122,5
3157,4574,739,5
3158,4575,305,1
3159,4576,346,1
3160,4577,580,2
3161,4578,308,5
3162,4580,348,2
3163,4583,224,5
3164,4584,573,3
3165,4585,449,1
3166,4587,656,1
3167,4589,617,5
3168,4590,157,4
3169,4591,428,1
3170,4593,435,4
3171,4595,434,2
3172,4596,443,3
3173,4597,444,4
3174,4598,438,2
3175,4600,638,1
3176,4601,729,1
3177,4602,628,3
3178,4604,326,1
3179,4605,319,1
3180,4606,319,5
3181,4607,323,3
3182,4608,322,1
3183,4609,318,1
3184,4610,326,4
3185,4611,324,2
3186,4613,322,4
3187,4615,31,3
3188,4618,139,3
3189,4619,646,2
3190,4622,441,2
3191,4623,360,1
3192,4624,176,3
3193,4626,768,1
3194,4628,183,1
3195,4629,577,3
3196,4630,415,1
3197,4631,359,4
3198,4634,181,1
3199,4635,735,3
3200,4636,168,2
3201,4637,548,3
3202,4639,167,2
3203,4642,151,4
3204,4643,201,3
3205,4644,158,5
3206,4645,203,4
3207,4646,158,3
3208,4647,82,5
3209,4649,509,2
3210,4652,95,1
3211,4655,459,3
3212,4659,376,2
3213,4660,372,3
3214,4661,184,1
3215,4663,737,2
3216,4664,420,5
3217,4666,280,5
3218,4669,81,5
3219,4670,76,3
3220,4673,61,2
3221,4675,416,5
3222,4676,530,4
3223,4677,62,4
3224,4679,61,2
3225,4681,81,3
3226,4683,71,5
3227,4685,73,4
3228,4686,280,5
3229,4687,277,5
3230,4688,276,5
3231,4690,201,4
3232,4691,427,4
3233,4692,157,4
3234,4693,208,3
3235,4694,200,1
3236,4695,203,2
3237,4697,131,2
3238,4699,602,5
3239,4701,640,2
3240,4702,337,5
3241,4704,224,5
3242,4705,334,2
3243,4706,143,2
3244,4707,776,3
3245,4708,43,3
3246,4710,505,2
3247,4712,498,2
3248,4713,502,2
3249,4714,93,4
3250,4715,505,5
3251,4716,503,5
3252,4718,90,3
3253,4719,367,5
3254,4722,336,3
3255,4723,446,3
3256,4724,223,2
3257,4726,642,4
3258,4728,687,5
3259,4730,606,1
3260,4732,24,5
3261,4733,208,1
3262,4734,422,2
3263,4735,98,4
3264,4736,762,3
3265,4737,588,4
3266,4738,20,4
3267,4739,357,5
3268,4740,764,2
3269,4741,318,1
3270,4742,322,4
3271,4744,654,3
3272,4745,549,4
3273,4746,446,3
3274,4747,570,3
3275,4748,557,5
3276,4749,555,3
3277,4750,454,4
3278,4751,416,4
3279,4753,334,2
3280,4754,30,2
3281,4755,289,5
3282,4756,296,2
3283,4757,282,5
3284,4758,283,3
3285,4759,281,3
3286,4760,280,4
3287,4761,283,1
3288,4763,548,2
3289,4764,165,1
3290,4766,93,5
3291,4767,506,1
3292,4770,509,2
3293,4771,91,5
3294,4772,94,4
3295,4774,88,5
3296,4775,95,3
3297,4778,153,2
3298,4779,149,2
3299,4780,202,1
3300,4782,156,2
3301,4785,157,1
3302,4786,591,1
3303,4787,136,4
3304,4789,333,4
3305,4790,38,2
3306,4791,642,5
3307,4792,513,2
3308,4793,8,1
3309,4794,462,1
3310,4798,497,4
3311,4800,12,4
3312,4801,722,2
3313,4802,196,4
3314,4804,522,5
3315,4805,707,2
3316,4806,637,1
3317,4807,3,3
3318,4809,188,5
3319,4812,720,1
3320,4816,192,2
3321,4818,389,4
3322,4819,711,3
3323,4820,522,1
3324,4822,147,1
3325,4826,206,3
3326,4827,210,3
3327,4828,204,5
3328,4829,209,3
3329,4830,600,1
3330,4831,452,5
3331,4833,208,1
3332,4834,151,2
3333,4837,179,2
3334,4838,102,1
3335,4839,123,5
3336,4841,256,3
3337,4842,365,4
3338,4843,733,1
3339,4845,23,4
3340,4846,305,5
3341,4847,147,3
3342,4848,152,3
3343,4850,147,2
3344,4851,419,4
3345,4852,154,4
3346,4853,158,1
3347,4854,156,1
3348,4855,159,5
3349,4856,147,3
3350,4857,612,4
3351,4858,608,3
3352,4860,347,2
3353,4862,538,1
3354,4863,586,5
3355,4865,604,3
3356,4866,302,4
3357,4867,697,2
3358,4868,698,5
3359,4873,137,1
3360,4874,684,1
3361,4876,667,5
3362,4878,782,3
3363,4879,602,4
3364,4881,548,3
3365,4884,362,3
3366,4885,544,3
3367,4889,241,2
3368,4891,242,2
3369,4893,397,1
3370,4895,429,5
3371,4898,420,1
3372,4899,119,1
3373,4900,624,1
3374,4901,642,4
3375,4902,457,3
3376,4904,118,5
3377,4905,143,4
3378,4906,777,2
3379,4907,211,3
3380,4909,425,3
3381,4910,209,4
3382,4911,67,3
3383,4912,63,4
3384,4913,749,4
3385,4914,277,4
3386,4916,279,2
3387,4918,287,2
3388,4919,233,2
3389,4920,458,3
3390,4923,639,3
3391,4924,237,2
3392,4926,470,3
3393,4928,633,1
3394,4929,471,4
3395,4931,403,5
3396,4933,242,3
3397,4936,433,4
3398,4937,440,5
3399,4939,444,3
3400,4941,441,1
3401,4942,159,2
3402,4943,422,4
3403,4944,418,1
3404,4945,198,3
3405,4947,199,1
3406,4948,202,3
3407,4950,417,5
3408,4952,201,3
3409,4954,426,5
3410,4955,700,3
3411,4957,701,4
3412,4958,694,5
3413,4960,693,4
3414,4961,699,1
3415,4963,408,3
3416,4964,59,4
3417,4966,527,3
3418,4967,758,4
3419,4969,409,5
3420,4970,414,4
3421,4972,535,2
3422,4973,213,1
3423,4974,772,3
3424,4975,673,1
3425,4977,33,5
3426,4978,646,3
3427,4979,655,2
3428,4980,691,5
3429,4982,331,3
3430,4984,777,5
3431,4985,777,4
3432,4988,225,5
3433,4989,685,3
3434,4993,298,4
3435,4995,715,1
3436,4996,14,3
3437,4999,639,3
3438,5000,193,5
3439,5004,569,3
3440,5007,784,3
3441,5008,669,1
3442,5010,779,1
3443,5011,92,2
3444,5012,84,5
3445,5014,87,3
3446,5015,82,5
3447,5018,90,1
3448,5019,728,5
3449,5020,512,5
3450,5022,186,1
3451,5023,386,2
3452,5024,11,5
3453,5025,389,4
3454,5027,466,4
3455,5028,13,3
3456,5029,461,2
3457,5030,191,4
3458,5032,14,5
3459,5034,233,3
3460,5036,615,3
3461,5037,32,4
3462,5038,219,3
3463,5039,36,1
3464,5040,522,4
3465,5041,485,2
3466,5042,718,4
3467,5043,719,2
3468,5044,190,2
3469,5045,521,1
3470,5046,14,3
3471,5047,726,4
3472,5051,135,5
3473,5054,331,3
3474,5055,34,2
3475,5056,678,2
3476,5057,298,1
3477,5058,53,4
3478,5059,225,4
3479,5060,215,2
3480,5062,532,3
3481,5063,500,1
3482,5066,509,3
3483,5068,94,2
3484,5069,498,4
3485,5070,498,1
3486,5071,89,4
3487,5072,88,5
3488,5073,94,2
3489,5075,364,1
3490,5079,252,5
3491,5080,349,5
3492,5083,648,1
3493,5084,784,1
3494,5087,552,4
3495,5089,221,2
3496,5090,618,1
3497,5091,582,3
3498,5092,610,3
3499,5095,764,5
3500,5096,742,3
3501,5097,354,4
3502,5098,162,1
3503,5104,424,4
3504,5107,426,2
3505,5108,201,3
3506,5110,576,3
3507,5111,306,2
3508,5112,254,3
3509,5116,172,1
3510,5117,289,2
3511,5120,140,3
3512,5121,682,4
3513,5123,656,1
3514,5124,665,5
3515,5125,673,3
3516,5127,752,5
3517,5129,570,4
3518,5130,550,3
3519,5132,292,1
3520,5133,203,4
3521,5134,427,3
3522,5135,418,5
3523,5136,420,1
3524,5137,210,2
3525,5138,208,4
3526,5140,422,4
3527,5141,150,1
3528,5142,151,3
3529,5143,209,2
3530,5144,208,1
3531,5146,317,2
3532,5147,315,3
3533,5148,324,2
3534,5149,323,3
3535,5150,319,4
3536,5151,323,3
3537,5152,374,3
3538,5153,370,3
3539,5157,78,1
3540,5158,286,1
3541,5159,285,5
3542,5160,74,3
3543,5161,68,4
3544,5162,68,5
3545,5163,281,1
3546,5166,290,1
3547,5167,683,5
3548,5168,42,1
3549,5170,552,4
3550,5171,702,3
3551,5172,198,5
3552,5173,210,4
3553,5174,198,1
3554,5175,420,2
3555,5176,442,5
3556,5177,432,3
3557,5178,435,3
3558,5179,437,5
3559,5184,302,4
3560,5186,535,5
3561,5190,415,2
3562,5191,752,2
3563,5192,62,2
3564,5193,409,3
3565,5196,61,3
3566,5198,156,3
3567,5199,430,2
3568,5200,423,4
3569,5201,777,3
3570,5203,452,1
3571,5204,688,4
3572,5205,658,4
3573,5207,755,1
3574,5208,757,5
3575,5210,167,4
3576,5211,170,2
3577,5213,101,4
3578,5214,121,3
3579,5215,329,3
3580,5216,42,3
3581,5217,665,3
3582,5218,782,5
3583,5219,594,5
3584,5220,140,1
3585,5221,768,5
3586,5222,26,1
3587,5223,580,3
3588,5226,127,2
3589,5229,617,1
3590,5230,655,2
3591,5232,647,3
3592,5234,487,1
3593,5235,4,2
3594,5236,485,5
3595,5237,717,2
3596,5239,520,3
3597,5240,230,3
3598,5242,519,5
3599,5243,617,3
3600,5244,120,2
3601,5245,569,2
3602,5246,665,4
3603,5247,453,1
3604,5248,681,3
3605,5249,557,1
3606,5250,115,2
3607,5251,550,1
3608,5253,557,5
3609,5254,631,3
3610,5255,485,4
3611,5257,491,1
3612,5258,385,3
3613,5262,231,3
3614,5263,159,2
3615,5264,429,1
3616,5267,503,1
3617,5268,499,4
3618,5271,94,5
3619,5273,500,2
3620,5274,301,4
3621,5275,610,3
3622,5277,161,5
3623,5279,16,4
3624,5280,771,3
3625,5281,133,5
3626,5282,539,2
3627,5283,782,3
3628,5284,647,4
3629,5285,221,1
3630,5286,137,3
3631,5287,37,3
3632,5288,562,2
3633,5289,110,3
3634,5290,570,4
3635,5291,626,5
3636,5292,112,1
3637,5293,595,5
3638,5294,781,1
3639,5295,658,1
3640,5296,551,5
3641,5298,346,1
3642,5299,97,3
3643,5300,180,5
3644,5302,576,3
3645,5304,541,2
3646,5305,304,3
3647,5306,284,2
3648,5307,72,2
3649,5308,81,3
3650,5309,280,3
3651,5311,765,5
3652,5313,764,2
3653,5315,98,3
3654,5316,27,3
3655,5318,545,3
3656,5319,150,1
3657,5321,157,2
3658,5322,427,2
3659,5323,153,4
3660,5324,211,2
3661,5326,345,2
3662,5327,586,1
3663,5328,165,3
3664,5329,301,4
3665,5331,607,4
3666,5332,49,2
3667,5334,116,3
3668,5335,110,1
3669,5336,223,4
3670,5338,306,2
3671,5339,601,4
3672,5341,129,2
3673,5343,21,2
3674,5345,575,2
3675,5346,581,1
3676,5347,584,4
3677,5348,174,4
3678,5349,361,5
3679,5350,601,4
3680,5351,345,5
3681,5352,303,2
3682,5353,210,4
3683,5354,203,1
3684,5355,429,2
3685,5356,421,3
3686,5357,425,2
3687,5359,210,1
3688,5360,428,1
3689,5362,304,2
3690,5363,526,4
3691,5365,527,4
3692,5366,526,1
3693,5367,412,5
3694,5368,411,3
3695,5370,65,3
3696,5373,654,2
3697,5376,699,5
3698,5377,703,5
3699,5379,696,3
3700,5381,158,2
3701,5384,524,2
3702,5385,536,3
3703,5386,533,1
3704,5387,632,5
3705,5388,379,5
3706,5389,458,4
3707,5390,719,4
3708,5393,11,2
3709,5394,494,2
3710,5395,648,3
3711,5396,784,5
3712,5397,656,1
3713,5399,28,5
3714,5400,333,3
3715,5401,48,2
3716,5405,738,4
3717,5406,351,2
3718,5407,163,1
3719,5408,259,2
3720,5411,616,1
3721,5412,558,2
3722,5413,598,1
3723,5414,664,3
3724,5415,597,5
3725,5416,140,4
3726,5417,283,3
3727,5418,277,5
3728,5419,419,2
3729,5420,148,3
3730,5423,425,5
3731,5424,149,1
3732,5425,438,1
3733,5426,434,3
3734,5427,434,4
3735,5428,156,4
3736,5430,421,3
3737,5431,208,3
3738,5434,206,5
3739,5435,153,3
3740,5436,427,1
3741,5437,148,5
3742,5439,201,5
3743,5440,425,3
3744,5441,199,3
3745,5444,149,4
3746,5445,207,2
3747,5447,153,4
3748,5448,157,1
3749,5449,154,3
3750,5450,211,1
3751,5453,294,2
3752,5454,574,3
3753,5455,640,1
3754,5456,38,2
3755,5457,560,5
3756,5458,598,2
3757,5459,139,2
3758,5461,459,4
3759,5462,196,4
3760,5463,126,1
3761,5464,563,2
3762,5469,571,3
3763,5470,559,5
3764,5471,328,1
3765,5472,214,1
3766,5473,335,5
3767,5474,334,1
3768,5476,157,2
3769,5478,427,2
3770,5479,422,4
3771,5481,199,2
3772,5482,204,5
3773,5483,148,5
3774,5484,152,1
3775,5485,668,5
3776,5489,445,5
3777,5490,649,1
3778,5493,60,4
3779,5497,758,5
3780,5499,777,5
3781,5501,150,4
3782,5503,152,1
3783,5504,153,1
3784,5505,201,4
3785,5506,207,5
3786,5509,73,3
3787,5510,74,2
3788,5511,81,1
3789,5512,72,1
3790,5513,76,2
3791,5516,723,4
3792,5517,703,5
3793,5519,706,3
3794,5520,706,1
3795,5521,699,2
3796,5522,703,3
3797,5523,699,5
3798,5524,694,3
3799,5525,702,5
3800,5527,355,5
3801,5528,575,1
3802,5530,767,3
3803,5531,580,4
3804,5535,467,4
3805,5538,637,5
3806,5539,207,1
3807,5540,425,1
3808,5542,206,1
3809,5543,207,5
3810,5548,204,2
3811,5549,109,4
3812,5550,137,2
3813,5551,657,4
3814,5553,554,4
3815,5554,595,1
3816,5555,652,2
3817,5557,317,3
3818,5558,314,5
3819,5559,322,1
3820,5561,323,4
3821,5562,774,1
3822,5563,54,4
3823,5564,780,1
3824,5565,336,1
3825,5566,642,4
3826,5567,113,4
3827,5570,615,4
3828,5572,140,5
3829,5573,330,5
3830,5574,624,1
3831,5575,205,1
3832,5577,206,5
3833,5578,199,2
3834,5579,199,3
3835,5580,150,5
3836,5581,157,1
3837,5582,141,1
3838,5583,567,4
3839,5589,316,2
3840,5591,318,4
3841,5592,322,2
3842,5594,279,5
3843,5595,506,4
3844,5598,724,3
3845,5599,489,5
3846,5600,709,4
3847,5601,715,1
3848,5603,712,2
3849,5606,72,2
3850,5609,68,1
3851,5610,617,5
3852,5611,37,1
3853,5612,288,3
3854,5613,590,3
3855,5614,699,3
3856,5616,700,1
3857,5617,698,2
3858,5618,696,3
3859,5619,703,5
3860,5621,277,3
3861,5623,283,2
3862,5624,81,2
3863,5626,74,3
3864,5628,75,3
3865,5630,418,1
3866,5631,164,4
3867,5632,601,2
3868,5633,125,4
3869,5635,210,2
3870,5642,206,1
3871,5643,147,5
3872,5644,83,5
3873,5645,499,5
3874,5646,82,3
3875,5647,14,1
3876,5648,513,1
3877,5649,387,1
3878,5650,234,1
3879,5651,383,3
3880,5652,350,4
3881,5654,365,5
3882,5655,96,2
3883,5656,363,1
3884,5657,263,4
3885,5660,162,5
3886,5661,738,2
3887,5662,103,4
3888,5664,15,4
3889,5665,535,4
3890,5666,412,5
3891,5667,530,5
3892,5668,416,2
3893,5669,754,3
3894,5670,625,3
3895,5671,138,3
3896,5675,649,3
3897,5677,571,3
3898,5679,329,1
3899,5682,16,3
3900,5684,16,5
3901,5685,584,4
3902,5686,349,1
3903,5687,350,3
3904,5688,358,2
3905,5689,745,1
3906,5691,535,1
3907,5692,533,1
3908,5693,58,1
3909,5694,57,5
3910,5695,61,4
3911,5696,704,1
3912,5697,698,4
3913,5698,693,4
3914,5699,694,5
3915,5700,27,2
3916,5702,354,4
3917,5703,170,2
3918,5704,340,2
3919,5705,165,2
3920,5707,543,3
3921,5710,316,2
3922,5711,314,5
3923,5712,508,3
3924,5713,95,3
3925,5714,508,3
3926,5715,93,2
3927,5718,89,3
3928,5719,498,3
3929,5720,448,3
3930,5721,292,1
3931,5722,328,4
3932,5723,698,3
3933,5724,697,4
3934,5725,693,4
3935,5726,706,4
3936,5727,701,2
3937,5729,695,5
3938,5730,705,4
3939,5731,429,2
3940,5733,425,1
3941,5734,157,3
3942,5736,719,5
3943,5737,187,1
3944,5739,635,4
3945,5740,490,2
3946,5741,728,5
3947,5743,194,4
3948,5744,193,3
3949,5746,552,1
3950,5748,544,4
3951,5750,471,2
3952,5751,248,4
3953,5752,268,3
3954,5753,418,3
3955,5754,82,2
3956,5755,508,3
3957,5756,372,2
3958,5757,378,4
3959,5758,368,5
3960,5759,377,3
3961,5760,375,5
3962,5761,369,5
3963,5762,370,3
3964,5764,378,1
3965,5765,366,2
3966,5766,492,1
3967,5767,469,5
3968,5768,318,5
3969,5769,319,2
3970,5770,325,4
3971,5771,321,3
3972,5773,317,4
3973,5774,325,2
3974,5775,764,2
3975,5777,361,4
3976,5778,585,1
3977,5779,578,1
3978,5780,537,3
3979,5782,150,2
3980,5783,418,3
3981,5784,153,5
3982,5785,151,4
3983,5786,418,1
3984,5787,417,4
3985,5788,209,5
3986,5789,602,1
3987,5790,308,4
3988,5791,23,5
3989,5794,581,1
3990,5795,171,2
3991,5796,588,5
3992,5798,305,5
3993,5799,769,5
3994,5800,123,1
3995,5801,365,1
3996,5802,593,1
3997,5803,572,4
3998,5804,115,3
3999,5806,567,2
4000,5807,333,5
4001,5809,784,1
4002,5810,207,1
4003,5813,428,2
4004,5814,417,2
4005,5816,420,1
4006,5817,425,4
4007,5818,199,3
4008,5820,201,2
4009,5821,379,5
4010,5824,11,4
4011,5825,496,4
4012,5826,631,4
4013,5828,195,4
4014,5829,730,4
4015,5830,334,5
4016,5831,78,3
4017,5832,72,4
4018,5833,337,5
4019,5834,590,2
4020,5835,566,3
4021,5837,256,5
4022,5838,261,5
4023,5839,178,5
4024,5842,118,5
4025,5843,146,3
4026,5844,774,4
4027,5845,35,4
4028,5846,772,1
4029,5847,561,4
4030,5848,37,1
4031,5850,327,1
4032,5851,554,3
4033,5852,319,4
4034,5854,315,3
4035,5856,320,1
4036,5857,322,1
4037,5858,325,5
4038,5860,503,3
4039,5861,92,5
4040,5862,282,2
4041,5864,276,1
4042,5865,680,5
4043,5866,666,4
4044,5867,219,5
4045,5870,592,1
4046,5872,623,4
4047,5873,110,4
4048,5876,590,1
4049,5878,71,2
4050,5879,279,3
4051,5880,78,4
4052,5881,287,2
4053,5882,281,1
4054,5883,286,1
4055,5885,147,5
4056,5886,207,3
4057,5887,423,4
4058,5890,743,1
4059,5893,613,2
4060,5895,324,2
4061,5896,320,1
4062,5897,314,3
4063,5898,244,1
4064,5899,393,4
4065,5901,399,5
4066,5902,274,4
4067,5903,439,2
4068,5905,434,1
4069,5906,441,2
4070,5907,441,5
4071,5908,443,2
4072,5909,437,4
4073,5910,434,3
4074,5911,431,4
4075,5912,177,4
4076,5913,763,5
4077,5914,306,2
4078,5917,349,3
4079,5919,255,1
4080,5922,268,4
4081,5923,391,1
4082,5924,636,2
4083,5926,732,3
4084,5927,188,2
4085,5928,379,2
4086,5929,720,4
4087,5930,389,2
4088,5931,707,4
4089,5932,709,5
4090,5933,489,2
4091,5934,699,2
4092,5935,695,5
4093,5937,697,2
4094,5938,695,3
4095,5939,701,2
4096,5941,697,1
4097,5942,150,3
4098,5943,426,3
4099,5944,585,2
4100,5945,183,3
4101,5946,71,2
4102,5947,80,2
4103,5948,69,1
4104,5950,79,2
4105,5951,700,4
4106,5952,90,1
4107,5956,505,2
4108,5957,88,5
4109,5958,87,2
4110,5960,94,5
4111,5961,503,5
4112,5962,240,3
4113,5963,272,1
4114,5964,246,4
4115,5965,274,3
4116,5966,398,2
4117,5967,31,4
4118,5968,627,1
4119,5969,777,4
4120,5971,646,3
4121,5973,506,4
4122,5974,702,5
4123,5975,697,4
4124,5976,699,4
4125,5977,696,3
4126,5978,310,4
4127,5979,174,2
4128,5980,255,1
4129,5981,744,5
4130,5982,97,5
4131,5983,312,4
4132,5985,161,4
4133,5986,171,5
4134,5987,766,4
4135,5988,185,4
4136,5991,301,2
4137,5994,644,2
4138,5995,51,1
4139,5996,288,4
4140,5998,656,3
4141,5999,41,1
4142,6001,514,4
4143,6002,188,1
4144,6005,479,3
4145,6006,395,5
4146,6007,278,2
4147,6010,734,5
4148,6011,253,2
4149,6012,352,3
4150,6013,174,5
4151,6014,125,2
4152,6015,300,1
4153,6017,352,5
4154,6018,130,1
4155,6019,78,1
4156,6020,678,5
4157,6021,655,2
4158,6022,566,4
4159,6023,143,5
4160,6025,640,1
4161,6027,278,3
4162,6029,75,2
4163,6030,70,4
4164,6031,22,3
4165,6032,131,2
4166,6033,739,2
4167,6034,354,3
4168,6035,166,2
4169,6036,128,3
4170,6037,128,5
4171,6039,443,4
4172,6041,435,5
4173,6044,437,5
4174,6045,434,1
4175,6046,443,2
4176,6049,173,4
4177,6050,133,5
4178,6051,613,2
4179,6052,173,4
4180,6053,184,3
4181,6054,311,3
4182,6055,547,1
4183,6056,63,1
4184,6057,62,2
4185,6062,526,4
4186,6063,410,2
4187,6064,408,1
4188,6065,539,1
4189,6066,357,1
4190,6068,607,5
4191,6070,172,2
4192,6071,581,4
4193,6072,428,2
4194,6073,429,3
4195,6074,147,1
4196,6076,157,4
4197,6077,429,3
4198,6078,148,3
4199,6079,430,2
4200,6081,624,4
4201,6082,144,2
4202,6083,659,4
4203,6084,683,1
4204,6085,668,3
4205,6087,203,2
4206,6088,154,1
4207,6090,152,2
4208,6092,424,5
4209,6093,420,2
4210,6094,209,1
4211,6095,420,5
4212,6096,204,4
4213,6097,428,2
4214,6099,210,4
4215,6100,147,4
4216,6101,429,5
4217,6103,94,3
4218,6104,92,1
4219,6105,95,4
4220,6107,506,5
4221,6108,501,3
4222,6109,88,2
4223,6110,500,4
4224,6111,506,1
4225,6112,500,3
4226,6114,89,2
4227,6115,405,3
4228,6118,536,1
4229,6119,409,5
4230,6120,757,1
4231,6122,307,1
4232,6123,607,2
4233,6125,99,4
4234,6126,253,3
4235,6127,103,5
4236,6128,579,1
4237,6129,737,3
4238,6132,161,3
4239,6133,351,1
4240,6134,167,5
4241,6135,605,5
4242,6136,547,4
4243,6137,588,5
4244,6138,96,2
4245,6139,439,4
4246,6140,442,3
4247,6143,442,1
4248,6144,431,1
4249,6145,559,5
4250,6146,671,3
4251,6147,688,4
4252,6148,349,4
4253,6149,351,5
4254,6150,607,4
4255,6151,98,3
4256,6152,3,5
4257,6153,639,2
4258,6154,2,4
4259,6155,708,5
4260,6156,191,3
4261,6157,707,3
4262,6159,387,4
4263,6160,710,4
4264,6161,544,5
4265,6162,548,5
4266,6163,771,1
4267,6164,185,4
4268,6165,577,2
4269,6166,548,1
4270,6168,407,2
4271,6169,407,1
4272,6170,535,5
4273,6171,63,3
4274,6172,411,2
4275,6173,63,1
4276,6174,407,4
4277,6175,534,3
4278,6178,513,3
4279,6179,721,4
4280,6180,239,2
4281,6181,135,3
4282,6183,594,3
4283,6185,599,1
4284,6186,115,1
4285,6188,243,1
4286,6189,250,5
4287,6191,248,1
4288,6192,246,5
4289,6195,625,1
4290,6196,307,3
4291,6198,163,4
4292,6201,357,4
4293,6202,545,5
4294,6203,609,5
4295,6204,307,3
4296,6205,640,3
4297,6206,109,1
4298,6207,569,3
4299,6208,486,3
4300,6209,726,4
4301,6210,7,4
4302,6212,708,5
4303,6213,458,2
4304,6214,518,5
4305,6216,638,2
4306,6217,489,3
4307,6219,682,1
4308,6220,775,4
4309,6221,327,3
4310,6223,120,2
4311,6224,570,2
4312,6228,144,1
4313,6229,589,1
4314,6230,560,1
4315,6232,683,2
4316,6236,441,3
4317,6237,433,4
4318,6238,432,1
4319,6239,437,3
4320,6240,443,3
4321,6241,749,1
4322,6242,529,5
4323,6244,85,4
4324,6246,85,5
4325,6249,500,5
4326,6253,117,4
4327,6254,140,3
4328,6255,615,5
4329,6256,35,4
4330,6259,656,5
4331,6261,77,3
4332,6262,279,3
4333,6263,277,4
4334,6264,282,5
4335,6265,281,2
4336,6266,284,2
4337,6267,73,4
4338,6268,81,4
4339,6270,375,1
4340,6271,367,1
4341,6272,378,3
4342,6273,427,5
4343,6274,418,3
4344,6275,150,3
4345,6277,150,2
4346,6278,159,1
4347,6279,201,1
4348,6280,422,2
4349,6282,172,2
4350,6284,25,1
4351,6285,259,2
4352,6286,16,4
4353,6287,347,1
4354,6288,736,5
4355,6289,314,2
4356,6291,317,5
4357,6292,323,5
4358,6293,611,2
4359,6295,163,2
4360,6297,767,3
4361,6298,545,1
4362,6299,352,4
4363,6300,740,1
4364,6301,253,4
4365,6302,738,1
4366,6303,165,1
4367,6304,25,3
4368,6305,124,4
4369,6306,343,2
4370,6307,345,2
4371,6308,769,2
4372,6309,259,3
4373,6312,86,2
4374,6313,430,4
4375,6315,154,3
4376,6316,418,3
4377,6317,278,4
4378,6318,280,4
4379,6319,79,5
4380,6320,277,2
4381,6322,75,2
4382,6323,280,2
4383,6324,75,2
4384,6326,453,3
4385,6327,337,3
4386,6329,780,4
4387,6331,548,2
4388,6332,761,2
4389,6333,348,3
4390,6334,587,3
4391,6335,173,3
4392,6336,539,2
4393,6337,735,5
4394,6338,544,3
4395,6339,580,3
4396,6340,166,3
4397,6341,171,5
4398,6342,171,4
4399,6343,606,3
4400,6344,325,5
4401,6345,539,3
4402,6347,368,4
4403,6348,378,4
4404,6349,377,5
4405,6350,376,5
4406,6351,372,1
4407,6353,366,4
4408,6354,375,5
4409,6356,428,2
4410,6357,423,3
4411,6359,237,3
4412,6360,232,2
4413,6361,230,3
4414,6362,6,5
4415,6363,721,1
4416,6364,713,4
4417,6365,85,5
4418,6366,89,4
4419,6369,334,4
4420,6373,376,1
4421,6374,366,4
4422,6375,367,3
4423,6376,375,1
4424,6377,378,4
4425,6378,368,1
4426,6379,378,5
4427,6380,376,4
4428,6381,78,3
4429,6382,538,5
4430,6383,259,5
4431,6384,131,5
4432,6385,123,3
4433,6386,168,1
4434,6387,168,2
4435,6388,306,2
4436,6389,232,1
4437,6390,20,3
4438,6391,580,1
4439,6392,357,2
4440,6393,131,1
4441,6394,164,5
4442,6395,18,1
4443,6397,19,5
4444,6400,775,2
4445,6401,673,5
4446,6403,683,5
4447,6405,48,3
4448,6406,617,1
4449,6407,566,2
4450,6408,662,2
4451,6414,676,2
4452,6415,158,5
4453,6416,153,4
4454,6417,422,3
4455,6419,202,4
4456,6420,383,3
4457,6421,464,1
4458,6422,232,2
4459,6424,729,4
4460,6425,384,1
4461,6427,464,3
4462,6429,1,5
4463,6430,239,4
4464,6435,143,5
4465,6436,109,2
4466,6438,142,5
4467,6439,628,2
4468,6441,471,5
4469,6442,249,2
4470,6443,271,1
4471,6444,478,5
4472,6445,484,2
4473,6446,402,4
4474,6447,301,2
4475,6448,577,2
4476,6450,583,4
4477,6452,309,2
4478,6453,101,5
4479,6455,501,3
4480,6457,93,5
4481,6458,82,3
4482,6459,508,2
4483,6463,93,4
4484,6465,168,5
4485,6466,361,3
4486,6467,349,5
4487,6468,133,4
4488,6470,361,2
4489,6472,530,1
4490,6473,61,3
4491,6474,414,5
4492,6475,535,3
4493,6476,414,3
4494,6477,534,5
4495,6478,445,4
4496,6479,298,3
4497,6481,445,1
4498,6482,616,4
4499,6484,445,2
4500,6485,571,2
4501,6486,544,3
4502,6488,181,3
4503,6489,150,5
4504,6490,199,4
4505,6491,155,4
4506,6492,418,5
4507,6493,423,3
4508,6494,155,2
4509,6495,153,5
4510,6496,425,2
4511,6497,155,1
4512,6500,427,1
4513,6501,147,5
4514,6502,147,1
4515,6504,158,3
4516,6505,208,2
4517,6507,200,1
4518,6508,543,1
4519,6510,184,3
4520,6512,550,2
4521,6513,777,4
4522,6514,450,5
4523,6516,87,2
4524,6517,86,2
4525,6519,83,5
4526,6520,502,2
4527,6521,87,2
4528,6522,91,5
4529,6524,385,4
4530,6525,4,2
4531,6527,558,3
4532,6529,567,3
4533,6531,691,1
4534,6533,650,3
4535,6535,589,2
4536,6537,652,3
4537,6538,453,1
4538,6539,123,5
4539,6541,760,5
4540,6542,361,1
4541,6543,174,3
4542,6544,575,2
4543,6545,128,1
4544,6546,256,3
4545,6550,376,2
4546,6551,369,1
4547,6552,372,2
4548,6553,378,4
4549,6554,377,3
4550,6557,107,2
4551,6558,185,3
4552,6560,550,5
4553,6562,690,2
4554,6566,438,1
4555,6567,438,4
4556,6571,440,2
4557,6573,440,1
4558,6574,437,2
4559,6575,594,3
4560,6577,199,2
4561,6578,417,4
4562,6579,411,4
4563,6580,750,3
4564,6581,536,1
4565,6584,409,1
4566,6586,759,4
4567,6587,65,3
4568,6589,557,2
4569,6590,136,5
4570,6591,669,1
4571,6592,683,3
4572,6594,591,3
4573,6595,383,5
4574,6596,717,1
4575,6597,519,3
4576,6598,523,4
4577,6599,720,1
4578,6602,136,5
4579,6603,214,5
4580,6606,34,1
4581,6607,318,1
4582,6608,320,1
4583,6609,126,5
4584,6611,292,3
4585,6614,768,2
4586,6615,106,3
4587,6616,179,2
4588,6617,737,5
4589,6618,211,1
4590,6619,509,5
4591,6623,88,2
4592,6625,696,5
4593,6626,436,1
4594,6628,239,2
4595,6629,629,1
4596,6631,228,1
4597,6633,628,1
4598,6636,211,2
4599,6637,157,1
4600,6638,643,4
4601,6639,282,5
4602,6640,286,3
4603,6641,282,1
4604,6644,540,3
4605,6645,348,3
4606,6646,736,4
4607,6647,167,1
4608,6648,347,3
4609,6650,357,3
4610,6651,583,4
4611,6652,173,5
4612,6653,151,2
4613,6654,209,1
4614,6657,754,3
4615,6659,448,5
4616,6662,212,5
4617,6663,52,3
4618,6664,623,2
4619,6665,253,5
4620,6666,744,2
4621,6668,605,4
4622,6669,168,4
4623,6670,367,1
4624,6672,370,1
4625,6674,375,3
4626,6675,378,1
4627,6676,376,1
4628,6677,371,4
4629,6678,366,4
4630,6679,601,2
4631,6681,744,2
4632,6682,180,1
4633,6684,580,2
4634,6685,761,5
4635,6686,222,5
4636,6688,662,3
4637,6689,445,4
4638,6691,670,1
4639,6692,28,5
4640,6693,221,2
4641,6694,331,1
4642,6695,692,2
4643,6697,697,5
4644,6699,705,2
4645,6700,698,4
4646,6701,704,5
4647,6702,695,4
4648,6703,653,5
4649,6704,372,4
4650,6706,368,1
4651,6707,376,5
4652,6708,372,5
4653,6710,377,3
4654,6711,623,3
4655,6712,617,4
4656,6714,44,2
4657,6715,29,4
4658,6716,119,1
4659,6718,346,2
4660,6719,132,1
4661,6720,766,5
4662,6721,606,1
4663,6722,313,2
4664,6723,167,5
4665,6724,127,1
4666,6725,346,3
4667,6726,103,1
4668,6730,544,4
4669,6731,182,2
4670,6732,310,2
4671,6733,131,1
4672,6734,538,3
4673,6735,65,3
4674,6737,58,4
4675,6739,535,5
4676,6741,58,5
4677,6743,748,2
4678,6745,637,2
4679,6746,727,3
4680,6749,124,5
4681,6750,611,5
4682,6751,18,1
4683,6752,263,4
4684,6753,122,4
4685,6754,765,5
4686,6755,344,3
4687,6756,108,5
4688,6757,537,1
4689,6758,541,1
4690,6759,156,4
4691,6761,158,5
4692,6762,417,5
4693,6763,156,1
4694,6764,158,4
4695,6765,425,4
4696,6766,205,1
4697,6767,296,4
4698,6769,663,4
4699,6770,142,4
4700,6772,783,3
4701,6774,436,3
4702,6775,439,3
4703,6776,443,4
4704,6777,444,3
4705,6780,147,2
4706,6782,157,5
4707,6783,156,2
4708,6784,421,5
4709,6785,154,3
4710,6786,599,1
4711,6788,657,2
4712,6789,681,2
4713,6792,146,2
4714,6793,451,5
4715,6794,646,5
4716,6798,75,4
4717,6799,78,5
4718,6800,460,1
4719,6802,697,3
4720,6803,693,2
4721,6804,695,3
4722,6806,706,1
4723,6807,703,4
4724,6808,662,1
4725,6809,450,5
4726,6810,661,1
4727,6812,782,5
4728,6813,335,3
4729,6818,127,4
4730,6820,97,3
4731,6822,427,3
4732,6824,158,3
4733,6826,159,2
4734,6827,674,5
4735,6828,696,4
4736,6829,698,4
4737,6830,705,3
4738,6832,187,3
4739,6833,513,3
4740,6834,381,3
4741,6835,722,2
4742,6837,629,1
4743,6840,194,5
4744,6842,137,1
4745,6843,562,5
4746,6844,684,3
4747,6845,591,4
4748,6846,538,3
4749,6847,304,1
4750,6850,148,2
4751,6853,422,5
4752,6854,421,1
4753,6855,419,5
4754,6856,158,5
4755,6858,155,3
4756,6859,427,5
4757,6861,340,2
4758,6862,769,2
4759,6864,133,4
4760,6866,163,5
4761,6867,581,3
4762,6868,313,2
4763,6869,744,2
4764,6870,695,3
4765,6871,693,1
4766,6872,21,2
4767,6873,174,1
4768,6874,311,3
4769,6875,543,3
4770,6876,348,5
4771,6877,769,4
4772,6878,97,4
4773,6879,548,5
4774,6881,577,5
4775,6884,180,4
4776,6885,158,3
4777,6886,209,1
4778,6887,430,4
4779,6888,152,4
4780,6889,158,3
4781,6890,154,4
4782,6892,117,2
4783,6893,20,1
4784,6894,106,1
4785,6895,182,4
4786,6896,308,4
4787,6897,345,2
4788,6898,177,4
4789,6899,151,2
4790,6901,150,3
4791,6903,69,1
4792,6905,282,1
4793,6907,385,5
4794,6908,632,1
4795,6910,470,2
4796,6911,516,2
4797,6912,2,1
4798,6915,12,5
4799,6916,704,3
4800,6917,703,5
4801,6918,703,4
4802,6919,694,1
4803,6920,697,4
4804,6921,700,1
4805,6922,271,3
4806,6923,266,1
4807,6924,479,4
4808,6925,275,4
4809,6926,393,5
4810,6927,273,2
4811,6928,343,5
4812,6929,587,4
4813,6930,262,2
4814,6931,32,4
4815,6932,118,3
4816,6933,36,1
4817,6934,742,3
4818,6935,168,5
4819,6936,541,4
4820,6937,602,2
4821,6938,261,2
4822,6939,363,4
4823,6940,316,4
4824,6941,317,1
4825,6942,326,2
4826,6943,322,3
4827,6944,320,3
4828,6946,317,4
4829,6947,322,1
4830,6952,115,1
4831,6953,30,4
4832,6954,40,5
4833,6956,679,2
4834,6957,645,5
4835,6960,416,3
4836,6963,60,4
4837,6965,66,2
4838,6966,535,3
4839,6968,750,4
4840,6970,766,2
4841,6971,165,4
4842,6972,745,1
4843,6973,539,1
4844,6974,764,5
4845,6975,362,5
4846,6977,259,1
4847,6979,607,5
4848,6982,15,2
4849,6983,126,1
4850,6984,765,1
4851,6985,102,2
4852,6987,765,3
4853,6988,346,5
4854,6989,543,5
4855,6990,126,4
4856,6991,587,2
4857,6992,310,5
4858,6993,104,1
4859,6996,178,3
4860,6997,358,1
4861,7000,17,4
4862,7001,261,3
4863,7002,134,2
4864,7003,277,2
4865,7006,753,3
4866,7007,529,1
4867,7008,60,1
4868,7009,749,4
4869,7012,704,4
4870,7014,699,4
4871,7016,701,3
4872,7017,280,4
4873,7018,277,1
4874,7019,280,1
4875,7020,68,3
4876,7021,76,4
4877,7022,182,2
4878,7024,768,1
4879,7029,261,4
4880,7031,700,5
4881,7032,697,4
4882,7034,562,5
4883,7036,116,4
4884,7038,683,4
4885,7039,563,3
4886,7040,593,5
4887,7041,224,4
4888,7042,781,5
4889,7044,616,2
4890,7045,291,4
4891,7046,596,3
4892,7047,774,5
4893,7048,659,1
4894,7049,289,5
4895,7051,551,5
4896,7052,335,5
4897,7053,463,1
4898,7054,725,1
4899,7055,485,2
4900,7056,384,1
4901,7060,717,4
4902,7061,389,3
4903,7062,236,4
4904,7064,720,4
4905,7066,630,3
4906,7067,718,3
4907,7068,435,5
4908,7069,749,4
4909,7071,647,5
4910,7072,619,4
4911,7073,114,4
4912,7074,135,2
4913,7075,116,3
4914,7076,291,2
4915,7077,53,1
4916,7080,690,5
4917,7081,649,2
4918,7082,567,2
4919,7085,28,2
4920,7086,650,3
4921,7087,445,5
4922,7089,684,4
4923,7094,283,2
4924,7095,284,2
4925,7096,280,2
4926,7097,76,4
4927,7098,70,1
4928,7099,76,1
4929,7101,652,3
4930,7103,328,5
4931,7104,217,2
4932,7105,336,4
4933,7107,617,2
4934,7108,336,2
4935,7109,562,5
4936,7110,69,2
4937,7112,276,4
4938,7113,278,4
4939,7115,706,5
4940,7116,701,4
4941,7117,697,4
4942,7118,701,5
4943,7120,703,4
4944,7121,694,4
4945,7123,701,4
4946,7124,78,1
4947,7125,284,4
4948,7127,279,5
4949,7129,278,3
4950,7130,348,4
4951,7132,22,3
4952,7133,253,4
4953,7134,737,5
4954,7135,576,4
4955,7136,602,5
4956,7137,103,3
4957,7138,169,3
4958,7139,746,2
4959,7141,453,5
4960,7145,516,3
4961,7146,549,4
4962,7147,615,1
4963,7148,112,5
4964,7149,296,3
4965,7151,624,4
4966,7152,132,5
4967,7153,183,4
4968,7154,302,3
4969,7156,184,4
4970,7158,99,4
4971,7159,326,5
4972,7160,323,2
4973,7161,321,3
4974,7162,317,1
4975,7163,319,1
4976,7164,324,5
4977,7165,318,3
4978,7167,423,4
4979,7168,148,1
4980,7169,149,4
4981,7171,201,5
4982,7172,421,4
4983,7173,150,3
4984,7174,721,2
4985,7176,388,5
4986,7177,229,2
4987,7179,494,5
4988,7181,322,5
4989,7182,704,3
4990,7183,704,3
4991,7184,700,2
4992,7185,704,4
4993,7186,697,5
4994,7188,279,3
4995,7189,71,4
4996,7192,283,1
4997,7193,74,3
4998,7194,72,5
4999,7195,77,4
5000,7196,280,1
5001,7197,286,2
5002,7198,276,5
5003,7199,326,2
5004,7200,326,3
5005,7201,324,1
5006,7202,318,1
5007,7203,318,3
5008,7204,321,1
5009,7206,317,5
5010,7208,325,1
5011,7209,656,2
5012,7210,672,1
5013,7211,676,2
5014,7212,773,4
5015,7213,332,2
5016,7214,355,4
5017,7215,102,4
5018,7216,187,4
5019,7217,635,2
5020,7220,713,4
5021,7221,379,5
5022,7230,691,2
5023,7231,566,4
5024,7232,565,4
5025,7233,450,3
5026,7234,142,5
5027,7235,675,2
5028,7236,470,4
5029,7238,226,4
5030,7239,486,3
5031,7241,461,5
5032,7242,599,1
5033,7244,699,2
5034,7245,700,4
5035,7246,705,5
5036,7247,694,2
5037,7248,697,1
5038,7252,169,1
5039,7253,160,3
5040,7255,770,1
5041,7256,92,5
5042,7259,93,5
5043,7260,508,1
5044,7261,94,3
5045,7262,506,4
5046,7263,198,1
5047,7266,424,1
5048,7268,153,1
5049,7269,200,3
5050,7271,428,5
5051,7272,206,5
5052,7273,303,3
5053,7275,184,2
5054,7276,16,4
5055,7278,263,1
5056,7279,20,2
5057,7280,161,5
5058,7283,410,2
5059,7289,406,3
5060,7290,703,1
5061,7292,372,3
5062,7294,376,2
5063,7295,377,1
5064,7296,371,2
5065,7297,168,5
5066,7299,280,2
5067,7300,278,3
5068,7302,286,4
5069,7303,338,3
5070,7304,777,5
5071,7306,571,5
5072,7307,43,1
5073,7308,138,1
5074,7309,646,4
5075,7310,556,1
5076,7312,644,3
5077,7315,573,2
5078,7316,137,5
5079,7318,71,5
5080,7319,73,2
5081,7320,81,4
5082,7321,277,5
5083,7322,73,3
5084,7324,77,5
5085,7325,68,5
5086,7326,424,4
5087,7327,151,5
5088,7328,427,3
5089,7329,154,5
5090,7332,596,5
5091,7335,39,4
5092,7336,647,2
5093,7338,224,5
5094,7339,674,2
5095,7340,375,2
5096,7341,370,1
5097,7342,366,4
5098,7345,370,4
5099,7346,368,2
5100,7347,368,4
5101,7348,369,5
5102,7350,457,2
5103,7351,299,4
5104,7352,217,3
5105,7353,292,3
5106,7354,658,5
5107,7355,647,4
5108,7356,296,3
5109,7357,696,1
5110,7358,699,5
5111,7359,694,3
5112,7360,697,3
5113,7362,600,1
5114,7363,658,2
5115,7364,595,1
5116,7366,328,2
5117,7367,650,3
5118,7368,776,5
5119,7369,557,2
5120,7370,573,5
5121,7371,181,2
5122,7372,737,3
5123,7374,24,1
5124,7375,107,5
5125,7376,585,5
5126,7377,96,3
5127,7378,308,5
5128,7379,735,5
5129,7380,17,1
5130,7383,586,2
5131,7384,212,2
5132,7385,142,3
5133,7386,79,4
5134,7387,71,4
5135,7389,284,2
5136,7390,69,5
5137,7391,68,3
5138,7392,73,4
5139,7393,362,5
5140,7394,301,4
5141,7395,741,4
5142,7397,764,5
5143,7399,210,4
5144,7401,283,2
5145,7403,76,2
5146,7405,284,5
5147,7406,75,1
5148,7408,557,1
5149,7410,620,1
5150,7412,537,4
5151,7414,764,5
5152,7415,164,2
5153,7417,745,3
5154,7418,252,5
5155,7419,177,5
5156,7420,123,1
5157,7422,509,4
5158,7423,84,2
5159,7426,87,3
5160,7428,506,2
5161,7429,554,2
5162,7430,669,2
5163,7434,31,3
5164,7435,455,5
5165,7436,539,4
5166,7437,339,1
5167,7439,134,3
5168,7440,253,2
5169,7442,306,4
5170,7443,427,4
5171,7444,424,2
5172,7445,428,4
5173,7447,424,2
5174,7448,131,4
5175,7449,607,5
5176,7451,164,2
5177,7452,182,2
5178,7453,358,1
5179,7454,161,2
5180,7456,761,2
5181,7457,175,4
5182,7458,414,3
5183,7459,416,2
5184,7462,108,1
5185,7463,356,2
5186,7464,760,3
5187,7465,358,2
5188,7466,168,3
5189,7467,771,2
5190,7468,262,4
5191,7469,249,3
5192,7470,247,3
5193,7471,272,2
5194,7472,691,1
5195,7473,445,2
5196,7474,627,3
5197,7475,218,1
5198,7476,294,1
5199,7477,652,4
5200,7478,448,1
5201,7479,583,3
5202,7481,260,5
5203,7483,353,4
5204,7484,537,5
5205,7485,769,3
5206,7487,613,1
5207,7490,506,1
5208,7491,87,4
5209,7492,88,3
5210,7493,508,3
5211,7494,82,3
5212,7496,509,4
5213,7497,421,5
5214,7498,421,4
5215,7500,202,1
5216,7501,159,2
5217,7502,425,3
5218,7503,198,5
5219,7504,422,1
5220,7506,660,4
5221,7508,643,5
5222,7510,592,5
5223,7511,203,1
5224,7512,155,1
5225,7513,157,5
5226,7515,418,1
5227,7516,419,2
5228,7517,423,2
5229,7518,208,1
5230,7519,430,4
5231,7521,489,5
5232,7522,638,5
5233,7523,461,2
5234,7524,299,3
5235,7525,563,5
5236,7527,49,1
5237,7528,42,5
5238,7534,52,2
5239,7535,616,3
5240,7536,29,5
5241,7538,51,5
5242,7541,626,1
5243,7542,451,1
5244,7543,742,2
5245,7544,768,2
5246,7545,102,4
5247,7546,741,1
5248,7547,546,2
5249,7548,138,4
5250,7549,672,4
5251,7550,275,2
5252,7551,425,1
5253,7553,148,3
5254,7554,157,4
5255,7555,158,5
5256,7557,704,1
5257,7558,706,5
5258,7560,697,1
5259,7562,697,2
5260,7563,31,4
5261,7567,625,3
5262,7568,42,2
5263,7570,209,2
5264,7571,153,4
5265,7572,428,1
5266,7573,588,2
5267,7575,307,2
5268,7576,104,4
5269,7577,494,3
5270,7579,493,1
5271,7581,521,3
5272,7582,9,1
5273,7583,190,3
5274,7585,731,1
5275,7586,586,3
5276,7587,15,3
5277,7589,361,2
5278,7590,360,2
5279,7591,754,3
5280,7592,409,1
5281,7593,407,4
5282,7595,757,4
5283,7602,738,1
5284,7603,184,2
5285,7604,96,3
5286,7605,351,1
5287,7607,320,3
5288,7608,314,4
5289,7609,314,2
5290,7610,319,2
5291,7611,319,3
5292,7612,317,3
5293,7613,316,2
5294,7614,317,1
5295,7615,324,5
5296,7616,317,4
5297,7617,167,3
5298,7618,310,5
5299,7619,765,4
5300,7620,763,1
5301,7622,101,1
5302,7623,305,1
5303,7624,260,4
5304,7625,19,1
5305,7626,354,4
5306,7627,261,3
5307,7629,603,2
5308,7630,768,3
5309,7631,358,1
5310,7632,101,2
5311,7634,582,5
5312,7635,173,1
5313,7636,175,2
5314,7637,546,3
5315,7638,307,1
5316,7639,611,5
5317,7642,350,4
5318,7644,106,5
5319,7645,347,4
5320,7647,452,3
5321,7648,641,3
5322,7649,31,3
5323,7650,292,1
5324,7655,222,4
5325,7657,297,3
5326,7659,695,1
5327,7662,706,3
5328,7663,616,2
5329,7666,625,4
5330,7667,138,2
5331,7669,651,1
5332,7670,640,4
5333,7671,553,1
5334,7672,556,3
5335,7673,74,3
5336,7674,282,4
5337,7676,81,2
5338,7677,476,2
5339,7678,270,3
5340,7679,271,3
5341,7681,394,5
5342,7684,267,4
5343,7685,265,3
5344,7686,432,3
5345,7693,729,2
5346,7696,595,2
5347,7697,451,3
5348,7699,130,3
5349,7700,737,5
5350,7702,126,2
5351,7703,415,2
5352,7706,141,2
5353,7707,781,2
5354,7708,551,3
5355,7709,336,5
5356,7711,452,5
5357,7712,222,4
5358,7713,291,4
5359,7714,446,4
5360,7715,616,1
5361,7716,449,2
5362,7721,572,5
5363,7722,455,2
5364,7723,333,3
5365,7724,212,5
5366,7725,32,3
5367,7726,207,2
5368,7727,263,3
5369,7728,738,5
5370,7729,166,4
5371,7731,581,4
5372,7732,340,2
5373,7734,524,4
5374,7735,756,1
5375,7736,58,2
5376,7737,525,3
5377,7739,56,3
5378,7740,57,5
5379,7742,45,3
5380,7743,555,1
5381,7744,553,4
5382,7745,598,2
5383,7746,655,1
5384,7748,738,4
5385,7749,736,3
5386,7750,169,5
5387,7751,105,4
5388,7752,303,4
5389,7755,361,1
5390,7757,418,2
5391,7758,430,1
5392,7759,421,3
5393,7760,199,3
5394,7761,149,2
5395,7763,49,5
5396,7764,338,1
5397,7765,135,5
5398,7766,201,2
5399,7767,417,4
5400,7768,420,5
5401,7769,159,5
5402,7770,428,5
5403,7773,488,1
5404,7775,15,1
5405,7778,361,2
5406,7781,167,5
5407,7782,545,3
5408,7784,128,3
5409,7785,715,1
5410,7787,390,1
5411,7789,5,3
5412,7790,127,1
5413,7791,171,5
5414,7792,100,1
5415,7793,256,3
5416,7794,183,5
5417,7795,541,2
5418,7796,744,5
5419,7797,256,5
5420,7798,735,2
5421,7800,528,3
5422,7801,525,2
5423,7802,529,5
5424,7805,528,5
5425,7806,535,3
5426,7807,406,2
5427,7808,430,1
5428,7809,419,3
5429,7810,150,3
5430,7811,202,2
5431,7812,422,3
5432,7815,214,1
5433,7816,43,4
5434,7817,144,2
5435,7818,652,5
5436,7820,47,4
5437,7821,593,2
5438,7823,506,3
5439,7824,206,2
5440,7825,147,5
5441,7826,153,1
5442,7827,205,2
5443,7829,200,1
5444,7831,211,2
5445,7833,328,1
5446,7834,41,4
5447,7835,223,1
5448,7836,37,2
5449,7837,553,4
5450,7839,72,3
5451,7841,280,4
5452,7842,187,4
5453,7844,726,1
5454,7845,720,3
5455,7846,383,2
5456,7847,726,2
5457,7848,629,4
5458,7849,713,5
5459,7850,519,1
5460,7851,505,2
5461,7852,502,4
5462,7853,82,1
5463,7854,88,3
5464,7855,502,5
5465,7857,699,5
5466,7858,701,3
5467,7860,706,2
5468,7861,705,1
5469,7862,695,2
5470,7865,530,5
5471,7866,70,1
5472,7868,77,1
5473,7869,73,5
5474,7870,74,4
5475,7871,76,4
5476,7872,281,2
5477,7874,69,3
5478,7876,568,1
5479,7877,598,1
5480,7878,672,4
5481,7879,144,1
5482,7883,647,2
5483,7885,43,3
5484,7886,554,5
5485,7887,685,3
5486,7888,174,4
5487,7889,131,4
5488,7890,22,3
5489,7892,588,3
5490,7894,769,1
5491,7895,738,4
5492,7896,110,3
5493,7898,685,3
5494,7899,678,2
5495,7901,572,1
5496,7902,673,3
5497,7903,142,3
5498,7905,351,1
5499,7907,601,2
5500,7908,258,5
5501,7910,133,2
5502,7911,16,2
5503,7912,124,3
5504,7913,541,1
5505,7914,257,3
5506,7915,253,1
5507,7916,174,3
5508,7917,353,5
5509,7918,538,3
5510,7920,124,5
5511,7921,580,4
5512,7922,649,5
5513,7926,625,5
5514,7928,552,1
5515,7929,680,1
5516,7930,569,1
5517,7931,110,5
5518,7932,41,1
5519,7933,52,2
5520,7934,680,1
5521,7935,658,3
5522,7936,657,2
5523,7937,295,4
5524,7938,297,5
5525,7939,778,2
5526,7940,218,3
5527,7941,33,3
5528,7942,127,2
5529,7943,26,3
5530,7946,342,1
5531,7948,125,1
5532,7949,347,2
5533,7950,164,4
5534,7952,322,2
5535,7955,325,1
5536,7956,320,4
5537,7958,318,4
5538,7960,129,5
5539,7963,174,3
5540,7964,164,3
5541,7965,262,1
5542,7966,358,5
5543,7967,19,2
5544,7969,345,3
5545,7970,61,3
5546,7972,65,2
5547,7973,409,2
5548,7974,750,1
5549,7975,198,4
5550,7976,153,1
5551,7977,153,2
5552,7978,157,4
5553,7979,204,3
5554,7983,439,3
5555,7985,439,4
5556,7986,350,4
5557,7989,361,3
5558,7990,133,4
5559,7991,24,1
5560,7993,263,3
5561,7995,117,4
5562,7996,564,4
5563,7997,299,1
5564,7999,446,5
5565,8002,620,2
5566,8003,118,1
5567,8004,404,2
5568,8005,264,1
5569,8006,200,1
5570,8007,151,3
5571,8008,156,5
5572,8009,427,5
5573,8010,202,5
5574,8011,421,5
5575,8012,152,3
5576,8013,208,3
5577,8014,156,4
5578,8015,201,4
5579,8016,428,5
5580,8017,148,5
5581,8019,203,4
5582,8020,201,3
5583,8022,209,2
5584,8023,422,1
5585,8026,186,3
5586,8027,382,2
5587,8028,226,2
5588,8030,636,4
5589,8031,468,4
5590,8032,4,3
5591,8034,711,4
5592,8035,392,1
5593,8036,479,5
5594,8037,270,4
5595,8038,65,5
5596,8039,63,1
5597,8040,536,2
5598,8041,753,1
5599,8042,278,4
5600,8044,286,2
5601,8045,279,5
5602,8047,282,1
5603,8051,770,1
5604,8052,350,1
5605,8053,313,2
5606,8054,304,2
5607,8055,260,1
5608,8056,104,2
5609,8060,220,5
5610,8061,592,3
5611,8063,589,5
5612,8064,555,2
5613,8065,333,2
5614,8067,286,5
5615,8068,285,5
5616,8069,78,2
5617,8070,76,3
5618,8071,72,2
5619,8072,72,2
5620,8073,372,1
5621,8074,372,5
5622,8075,376,3
5623,8080,370,2
5624,8081,377,1
5625,8082,441,1
5626,8083,442,1
5627,8084,440,1
5628,8086,241,4
5629,8087,294,3
5630,8088,599,5
5631,8089,660,5
5632,8090,565,3
5633,8091,48,3
5634,8092,782,3
5635,8093,291,2
5636,8094,140,3
5637,8095,425,1
5638,8100,426,3
5639,8101,148,4
5640,8102,158,3
5641,8103,417,4
5642,8104,427,4
5643,8105,366,4
5644,8107,375,2
5645,8109,369,1
5646,8110,375,5
5647,8114,638,1
5648,8115,191,5
5649,8116,460,3
5650,8117,187,3
5651,8118,17,4
5652,8119,586,4
5653,8120,542,4
5654,8121,360,4
5655,8122,99,4
5656,8126,770,3
5657,8127,359,5
5658,8128,253,3
5659,8132,254,1
5660,8133,110,5
5661,8134,779,2
5662,8137,570,5
5663,8138,600,1
5664,8139,435,2
5665,8140,442,5
5666,8141,439,1
5667,8142,439,1
5668,8143,434,3
5669,8144,439,3
5670,8147,439,5
5671,8149,700,2
5672,8153,589,2
5673,8154,600,3
5674,8157,758,1
5675,8158,407,1
5676,8159,57,4
5677,8160,413,5
5678,8161,755,2
5679,8162,61,2
5680,8166,58,3
5681,8167,702,5
5682,8169,705,1
5683,8170,697,2
5684,8171,696,1
5685,8172,703,4
5686,8174,362,2
5687,8176,763,5
5688,8178,579,1
5689,8179,22,1
5690,8181,155,1
5691,8182,423,4
5692,8183,202,5
5693,8184,199,1
5694,8185,204,5
5695,8186,379,2
5696,8188,232,4
5697,8191,459,1
5698,8192,513,5
5699,8193,206,3
5700,8194,202,5
5701,8195,425,1
5702,8196,149,4
5703,8198,427,3
5704,8201,423,1
5705,8202,335,1
5706,8203,332,5
5707,8204,178,2
5708,8206,736,2
5709,8207,613,1
5710,8208,345,1
5711,8209,538,4
5712,8210,179,3
5713,8211,539,4
5714,8213,576,5
5715,8215,77,5
5716,8216,279,5
5717,8218,280,4
5718,8220,282,4
5719,8221,277,3
5720,8222,81,3
5721,8223,71,2
5722,8224,227,5
5723,8225,414,5
5724,8227,413,2
5725,8229,65,5
5726,8231,527,5
5727,8232,755,4
5728,8233,747,4
5729,8234,751,3
5730,8235,284,1
5731,8236,285,1
5732,8237,68,2
5733,8239,278,1
5734,8240,70,4
5735,8241,280,3
5736,8242,276,2
5737,8243,428,4
5738,8247,149,1
5739,8249,150,3
5740,8252,629,2
5741,8255,149,5
5742,8256,209,4
5743,8258,150,5
5744,8259,63,2
5745,8260,55,3
5746,8263,529,4
5747,8265,418,5
5748,8267,422,1
5749,8271,373,3
5750,8272,377,2
5751,8274,373,4
5752,8277,366,3
5753,8279,357,5
5754,8281,102,5
5755,8282,759,5
5756,8283,406,1
5757,8284,747,4
5758,8285,755,5
5759,8286,407,4
5760,8287,405,5
5761,8288,408,1
5762,8289,407,3
5763,8292,80,5
5764,8293,78,5
5765,8295,281,3
5766,8296,75,4
5767,8298,282,4
5768,8300,283,2
5769,8301,149,2
5770,8303,420,3
5771,8304,203,1
5772,8305,137,1
5773,8306,295,2
5774,8308,689,4
5775,8311,443,2
5776,8312,443,1
5777,8313,442,1
5778,8314,431,4
5779,8316,63,5
5780,8317,530,2
5781,8319,750,4
5782,8320,282,3
5783,8323,77,2
5784,8324,74,3
5785,8325,286,1
5786,8326,75,1
5787,8327,278,3
5788,8329,269,2
5789,8330,481,2
5790,8331,479,1
5791,8333,672,1
5792,8334,559,5
5793,8336,445,4
5794,8337,621,5
5795,8339,108,2
5796,8340,129,5
5797,8341,738,4
5798,8342,744,3
5799,8344,767,4
5800,8345,310,5
5801,8346,585,1
5802,8348,576,1
5803,8349,762,5
5804,8350,161,2
5805,8351,347,5
5806,8352,365,5
5807,8355,262,4
5808,8356,581,5
5809,8357,126,4
5810,8358,310,2
5811,8359,744,4
5812,8360,361,2
5813,8361,259,4
5814,8362,550,2
5815,8363,552,4
5816,8364,336,3
5817,8365,145,5
5818,8366,456,5
5819,8367,28,1
5820,8368,291,3
5821,8370,333,3
5822,8371,125,3
5823,8372,173,1
5824,8373,537,4
5825,8376,278,1
5826,8377,280,1
5827,8378,279,1
5828,8379,281,2
5829,8381,284,2
5830,8382,14,1
5831,8383,519,3
5832,8385,10,3
5833,8386,9,3
5834,8387,194,1
5835,8388,4,2
5836,8390,237,3
5837,8392,749,5
5838,8395,525,4
5839,8396,534,3
5840,8397,57,4
5841,8401,152,5
5842,8402,157,2
5843,8403,427,2
5844,8404,531,5
5845,8405,58,5
5846,8406,758,3
5847,8407,414,5
5848,8408,756,2
5849,8409,405,5
5850,8410,367,3
5851,8411,372,2
5852,8412,368,4
5853,8416,506,3
5854,8417,504,5
5855,8418,498,1
5856,8420,88,5
5857,8421,504,1
5858,8422,504,1
5859,8423,440,1
5860,8424,435,3
5861,8426,324,4
5862,8429,314,2
5863,8430,320,3
5864,8431,323,3
5865,8432,318,1
5866,8433,382,1
5867,8434,519,3
5868,8435,431,4
5869,8436,446,4
5870,8437,592,5
5871,8438,44,5
5872,8439,143,1
5873,8446,372,1
5874,8447,368,4
5875,8448,374,3
5876,8449,377,2
5877,8450,376,4
5878,8454,335,2
5879,8455,113,1
5880,8456,505,3
5881,8458,92,3
5882,8459,508,4
5883,8461,500,1
5884,8462,348,4
5885,8464,104,4
5886,8465,136,5
5887,8470,154,5
5888,8471,148,1
5889,8473,205,2
5890,8474,489,1
5891,8476,168,4
5892,8477,604,2
5893,8478,738,5
5894,8479,102,1
5895,8480,761,5
5896,8482,762,5
5897,8483,358,2
5898,8484,126,1
5899,8485,690,1
5900,8486,369,3
5901,8488,378,3
5902,8489,368,1
5903,8490,372,2
5904,8491,375,1
5905,8493,369,3
5906,8494,167,5
5907,8495,128,3
5908,8496,354,4
5909,8497,200,4
5910,8498,425,1
5911,8499,428,2
5912,8501,419,2
5913,8502,149,4
5914,8504,89,2
5915,8505,509,3
5916,8506,508,5
5917,8507,92,1
5918,8508,269,5
5919,8509,242,2
5920,8511,391,1
5921,8512,616,5
5922,8513,329,2
5923,8514,660,1
5924,8515,554,3
5925,8517,457,2
5926,8519,154,5
5927,8520,429,2
5928,8522,342,1
5929,8523,22,3
5930,8526,354,5
5931,8528,762,5
5932,8532,664,5
5933,8533,781,1
5934,8537,123,5
5935,8538,122,4
5936,8547,741,5
5937,8550,103,4
5938,8552,25,4
5939,8553,766,1
5940,8554,763,1
5941,8557,79,4
5942,8558,287,1
5943,8559,280,3
5944,8561,68,5
5945,8563,610,3
5946,8564,17,1
5947,8565,349,3
5948,8568,760,1
5949,8569,103,4
5950,8570,404,2
5951,8571,479,2
5952,8572,404,2
5953,8573,401,2
5954,8574,398,4
5955,8575,150,1
5956,8576,427,4
5957,8577,427,3
5958,8578,150,3
5959,8579,157,3
5960,8582,764,4
5961,8583,357,1
5962,8584,541,4
5963,8585,131,5
5964,8587,247,2
5965,8588,481,2
5966,8589,250,4
5967,8590,264,3
5968,8591,274,2
5969,8592,247,2
5970,8593,245,1
5971,8594,403,1
5972,8595,99,2
5973,8597,769,3
5974,8598,350,5
5975,8600,178,5
5976,8601,27,3
5977,8602,134,4
5978,8604,199,4
5979,8606,425,4
5980,8607,206,2
5981,8608,153,3
5982,8609,153,5
5983,8610,417,4
5984,8615,622,1
5985,8616,652,4
5986,8617,598,1
5987,8619,502,5
5988,8620,506,4
5989,8621,508,3
5990,8622,502,2
5991,8623,84,1
5992,8626,450,5
5993,8627,553,2
5994,8629,280,5
5995,8630,72,3
5996,8631,141,4
5997,8632,192,4
5998,8633,724,5
5999,8635,458,1
6000,8636,384,2
6001,8637,165,2
6002,8638,362,5
6003,8639,359,4
6004,8640,172,5
6005,8642,307,5
6006,8643,22,4
6007,8644,23,4
6008,8645,360,3
6009,8646,180,4
6010,8647,356,5
6011,8648,585,2
6012,8649,698,1
6013,8650,699,3
6014,8651,705,4
6015,8653,608,5
6016,8655,580,4
6017,8656,131,2
6018,8657,185,3
6019,8659,355,1
6020,8660,254,1
6021,8662,363,3
6022,8663,462,3
6023,8665,10,5
6024,8666,513,4
6025,8667,639,5
6026,8669,123,2
6027,8671,349,4
6028,8672,297,3
6029,8673,778,5
6030,8674,559,1
6031,8675,551,2
6032,8677,591,5
6033,8678,659,2
6034,8679,654,3
6035,8680,299,3
6036,8681,730,4
6037,8682,631,1
6038,8683,514,3
6039,8684,565,2
6040,8685,200,2
6041,8686,147,3
6042,8688,203,2
6043,8689,200,1
6044,8692,83,1
6045,8693,87,4
6046,8695,501,5
6047,8696,503,1
6048,8697,93,5
6049,8700,94,3
6050,8701,220,1
6051,8702,643,2
6052,8703,215,2
6053,8704,658,3
6054,8705,599,3
6055,8706,687,5
6056,8707,778,3
6057,8709,472,3
6058,8710,274,3
6059,8712,269,3
6060,8713,185,1
6061,8715,585,1
6062,8716,547,2
6063,8717,171,5
6064,8718,586,2
6065,8721,511,4
6066,8722,729,4
6067,8723,287,4
6068,8724,283,5
6069,8725,277,3
6070,8727,105,1
6071,8728,339,3
6072,8729,133,3
6073,8730,588,1
6074,8734,135,5
6075,8735,691,3
6076,8736,219,2
6077,8737,296,4
6078,8738,45,4
6079,8739,388,2
6080,8740,3,2
6081,8741,2,3
6082,8742,382,3
6083,8743,388,1
6084,8746,194,4
6085,8747,774,1
6086,8750,295,4
6087,8752,621,1
6088,8753,657,4
6089,8754,739,2
6090,8755,166,2
6091,8757,73,2
6092,8759,80,1
6093,8760,72,4
6094,8761,335,2
6095,8762,569,2
6096,8764,663,2
6097,8766,113,2
6098,8767,665,3
6099,8768,167,2
6100,8769,437,1
6101,8770,442,2
6102,8772,440,4
6103,8773,440,5
6104,8774,443,1
6105,8777,441,2
6106,8778,434,1
6107,8779,201,5
6108,8782,159,1
6109,8783,428,1
6110,8787,288,4
6111,8788,658,3
6112,8790,645,5
6113,8791,135,4
6114,8792,534,2
6115,8796,56,1
6116,8797,748,1
6117,8798,408,5
6118,8800,664,5
6119,8801,657,5
6120,8804,773,5
6121,8805,451,3
6122,8806,649,5
6123,8807,109,5
6124,8809,49,3
6125,8810,592,5
6126,8811,573,5
6127,8815,198,4
6128,8816,426,5
6129,8817,202,4
6130,8818,426,2
6131,8819,589,1
6132,8820,593,2
6133,8821,776,4
6134,8823,204,3
6135,8825,74,4
6136,8826,70,4
6137,8829,391,3
6138,8830,597,2
6139,8831,333,1
6140,8832,599,5
6141,8833,594,3
6142,8834,31,2
6143,8836,526,2
6144,8837,759,2
6145,8840,66,1
6146,8841,755,1
6147,8845,583,2
6148,8848,37,2
6149,8849,625,4
6150,8852,783,4
6151,8853,784,1
6152,8854,599,5
6153,8855,565,3
6154,8856,337,3
6155,8858,428,2
6156,8861,202,5
6157,8862,422,3
6158,8864,656,3
6159,8865,451,5
6160,8866,567,3
6161,8867,691,3
6162,8869,147,4
6163,8871,722,3
6164,8872,494,2
6165,8873,715,2
6166,8876,346,2
6167,8878,585,2
6168,8880,132,4
6169,8881,172,5
6170,8884,356,3
6171,8885,300,2
6172,8887,210,5
6173,8888,158,3
6174,8890,210,2
6175,8891,422,1
6176,8892,423,1
6177,8893,149,3
6178,8895,198,1
6179,8896,206,3
6180,8897,423,3
6181,8898,418,5
6182,8899,199,2
6183,8906,599,1
6184,8907,624,3
6185,8908,661,2
6186,8910,641,1
6187,8911,565,3
6188,8912,656,1
6189,8913,311,3
6190,8914,313,2
6191,8915,708,2
6192,8916,191,5
6193,8917,462,4
6194,8918,495,2
6195,8919,6,2
6196,8922,512,1
6197,8924,464,2
6198,8925,693,2
6199,8927,704,1
6200,8928,545,5
6201,8930,587,4
6202,8931,99,4
6203,8932,347,3
6204,8933,423,1
6205,8934,207,3
6206,8935,208,2
6207,8938,418,1
6208,8941,425,5
6209,8943,445,1
6210,8944,217,5
6211,8945,567,1
6212,8947,29,5
6213,8948,138,5
6214,8949,212,5
6215,8950,620,5
6216,8952,569,3
6217,8953,155,2
6218,8954,647,3
6219,8955,143,4
6220,8957,43,4
6221,8958,449,3
6222,8959,445,5
6223,8961,215,2
6224,8964,45,5
6225,8965,558,4
6226,8966,332,1
6227,8967,594,4
6228,8969,623,3
6229,8970,114,3
6230,8971,216,4
6231,8973,659,5
6232,8974,372,4
6233,8976,691,5
6234,8978,160,4
6235,8979,362,3
6236,8981,342,2
6237,8983,18,5
6238,8984,746,2
6239,8985,768,4
6240,8987,784,5
6241,8990,299,2
6242,8991,563,4
6243,8992,538,2
6244,8993,575,2
6245,8994,737,4
6246,8995,609,2
6247,8998,739,5
6248,8999,256,2
6249,9002,200,4
6250,9004,156,1
6251,9005,423,5
6252,9006,205,2
6253,9009,198,5
6254,9010,427,2
6255,9011,421,1
6256,9012,206,1
6257,9013,429,1
6258,9014,425,5
6259,9016,429,3
6260,9017,622,3
6261,9019,626,2
6262,9020,779,1
6263,9023,646,5
6264,9024,45,2
6265,9025,148,3
6266,9026,258,5
6267,9028,342,3
6268,9030,342,5
6269,9033,432,5
6270,9034,443,5
6271,9036,433,2
6272,9038,434,3
6273,9040,444,4
6274,9042,634,1
6275,9043,489,3
6276,9044,10,4
6277,9045,196,3
6278,9046,5,4
6279,9047,465,2
6280,9049,154,2
6281,9051,199,4
6282,9052,157,5
6283,9053,198,2
6284,9054,697,5
6285,9055,701,2
6286,9056,703,2
6287,9057,703,3
6288,9059,680,4
6289,9060,28,3
6290,9061,50,1
6291,9062,246,4
6292,9064,251,5
6293,9065,401,3
6294,9066,396,3
6295,9067,242,1
6296,9068,480,4
6297,9069,402,3
6298,9070,247,3
6299,9071,456,2
6300,9072,138,2
6301,9073,289,1
6302,9075,92,5
6303,9077,373,5
6304,9078,373,4
6305,9079,374,4
6306,9080,373,5
6307,9082,616,3
6308,9083,779,1
6309,9087,258,3
6310,9088,541,3
6311,9090,123,2
6312,9091,768,1
6313,9092,364,2
6314,9094,23,2
6315,9096,324,1
6316,9097,515,1
6317,9098,1,5
6318,9099,386,5
6319,9100,495,5
6320,9101,710,1
6321,9102,497,4
6322,9103,632,3
6323,9104,512,1
6324,9111,83,3
6325,9112,82,4
6326,9113,504,3
6327,9114,616,2
6328,9115,52,2
6329,9116,322,4
6330,9118,316,1
6331,9119,79,1
6332,9120,277,2
6333,9121,78,3
6334,9123,281,2
6335,9125,247,4
6336,9126,273,2
6337,9127,507,5
6338,9128,83,4
6339,9130,93,4
6340,9132,289,3
6341,9133,64,4
6342,9134,408,3
6343,9136,198,1
6344,9137,153,4
6345,9138,199,1
6346,9139,428,3
6347,9143,202,5
6348,9146,387,3
6349,9147,718,1
6350,9150,462,4
6351,9151,428,5
6352,9153,427,3
6353,9154,204,2
6354,9155,198,3
6355,9156,419,4
6356,9157,204,1
6357,9158,418,1
6358,9159,204,4
6359,9160,394,1
6360,9163,403,4
6361,9166,244,5
6362,9167,480,4
6363,9168,248,5
6364,9169,171,4
6365,9171,165,1
6366,9172,587,2
6367,9173,180,3
6368,9175,604,5
6369,9177,313,1
6370,9179,562,2
6371,9180,110,4
6372,9181,687,2
6373,9182,37,1
6374,9183,600,3
6375,9184,451,5
6376,9186,506,5
6377,9187,500,5
6378,9190,82,4
6379,9192,509,5
6380,9193,509,4
6381,9194,613,4
6382,9195,349,4
6383,9196,18,3
6384,9197,606,5
6385,9198,168,3
6386,9199,122,5
6387,9200,357,3
6388,9201,542,3
6389,9202,184,4
6390,9203,178,3
6391,9204,769,3
6392,9206,96,3
6393,9208,540,3
6394,9209,45,5
6395,9210,777,3
6396,9213,293,5
6397,9215,676,1
6398,9216,668,2
6399,9217,664,5
6400,9219,332,1
6401,9220,32,3
6402,9222,676,3
6403,9223,299,3
6404,9225,219,3
6405,9226,642,2
6406,9227,565,4
6407,9228,36,2
6408,9229,782,4
6409,9230,199,3
6410,9231,149,4
6411,9233,151,1
6412,9234,636,5
6413,9235,631,4
6414,9236,713,5
6415,9239,522,1
6416,9240,390,2
6417,9242,383,2
6418,9244,54,5
6419,9245,289,4
6420,9247,141,1
6421,9250,774,3
6422,9251,146,3
6423,9252,617,1
6424,9253,84,5
6425,9254,501,4
6426,9255,89,4
6427,9256,88,5
6428,9257,508,2
6429,9258,502,2
6430,9259,87,3
6431,9261,669,3
6432,9264,49,3
6433,9265,292,2
6434,9266,215,4
6435,9267,679,2
6436,9270,694,1
6437,9271,701,4
6438,9273,705,3
6439,9274,704,3
6440,9275,705,4
6441,9276,700,4
6442,9277,532,1
6443,9280,408,3
6444,9281,64,2
6445,9282,526,5
6446,9285,419,1
6447,9286,148,3
6448,9288,150,2
6449,9292,452,2
6450,9294,590,2
6451,9295,157,5
6452,9297,429,2
6453,9298,427,5
6454,9299,211,2
6455,9300,209,3
6456,9302,158,4
6457,9303,211,1
6458,9304,159,3
6459,9308,428,2
6460,9310,158,1
6461,9312,419,2
6462,9313,210,2
6463,9315,639,2
6464,9316,733,1
6465,9317,468,1
6466,9319,637,2
6467,9320,12,1
6468,9322,231,4
6469,9324,394,1
6470,9325,473,2
6471,9326,268,5
6472,9327,240,5
6473,9328,402,1
6474,9329,269,1
6475,9330,700,5
6476,9331,700,2
6477,9332,693,3
6478,9334,704,3
6479,9336,700,3
6480,9337,704,1
6481,9338,410,5
6482,9339,61,2
6483,9340,536,4
6484,9341,758,1
6485,9343,750,5
6486,9344,756,4
6487,9346,527,2
6488,9347,67,4
6489,9349,33,1
6490,9350,600,2
6491,9351,295,1
6492,9352,655,2
6493,9353,559,5
6494,9354,215,5
6495,9357,664,3
6496,9358,38,1
6497,9360,160,3
6498,9361,606,2
6499,9362,608,5
6500,9363,358,3
6501,9366,199,2
6502,9367,425,5
6503,9368,157,5
6504,9369,200,5
6505,9370,33,5
6506,9371,679,2
6507,9372,663,3
6508,9374,650,2
6509,9375,574,4
6510,9376,74,2
6511,9377,281,5
6512,9378,80,2
6513,9379,68,2
6514,9380,278,1
6515,9382,277,1
6516,9383,375,5
6517,9385,376,5
6518,9386,369,2
6519,9387,376,4
6520,9388,367,2
6521,9389,372,3
6522,9390,593,3
6523,9391,675,3
6524,9392,34,3
6525,9393,773,5
6526,9394,558,4
6527,9395,343,5
6528,9397,254,3
6529,9398,227,3
6530,9403,337,2
6531,9404,34,1
6532,9405,618,2
6533,9406,299,1
6534,9407,35,1
6535,9408,614,5
6536,9414,437,1
6537,9415,432,2
6538,9419,441,1
6539,9420,440,4
6540,9421,441,2
6541,9422,204,2
6542,9423,198,1
6543,9424,424,5
6544,9425,499,4
6545,9427,499,3
6546,9428,93,1
6547,9430,410,3
6548,9431,534,1
6549,9432,415,2
6550,9434,384,2
6551,9435,732,3
6552,9436,384,2
6553,9437,561,3
6554,9438,294,4
6555,9439,623,1
6556,9440,670,1
6557,9442,617,4
6558,9443,448,3
6559,9444,661,3
6560,9446,532,1
6561,9447,527,3
6562,9448,682,3
6563,9449,119,2
6564,9450,555,5
6565,9451,119,1
6566,9452,688,5
6567,9453,781,1
6568,9459,256,3
6569,9460,342,3
6570,9462,586,3
6571,9464,545,2
6572,9465,216,5
6573,9468,212,4
6574,9470,682,4
6575,9472,657,5
6576,9475,776,5
6577,9476,297,5
6578,9477,591,5
6579,9478,119,5
6580,9479,39,1
6581,9480,54,3
6582,9482,223,2
6583,9484,244,4
6584,9485,272,2
6585,9489,398,1
6586,9490,241,3
6587,9492,477,3
6588,9494,156,5
6589,9495,157,5
6590,9496,37,1
6591,9498,110,3
6592,9499,54,1
6593,9500,204,5
6594,9501,80,4
6595,9503,71,2
6596,9504,79,3
6597,9505,75,5
6598,9506,73,3
6599,9507,70,5
6600,9508,283,5
6601,9511,285,1
6602,9512,96,5
6603,9517,665,2
6604,9518,690,2
6605,9522,229,3
6606,9523,493,1
6607,9524,233,2
6608,9525,193,5
6609,9528,723,3
6610,9529,227,1
6611,9531,724,1
6612,9532,194,3
6613,9535,5,5
6614,9536,632,5
6615,9537,633,4
6616,9538,323,3
6617,9539,315,1
6618,9540,316,4
6619,9541,443,5
6620,9542,435,1
6621,9544,204,5
6622,9545,427,1
6623,9547,419,5
6624,9548,140,1
6625,9549,656,3
6626,9550,781,1
6627,9552,109,1
6628,9554,142,3
6629,9556,680,4
6630,9557,18,1
6631,9558,167,4
6632,9559,587,2
6633,9560,662,3
6634,9561,250,5
6635,9562,481,2
6636,9564,265,2
6637,9565,274,2
6638,9568,278,4
6639,9569,278,4
6640,9572,71,3
6641,9573,276,2
6642,9575,41,3
6643,9576,292,5
6644,9577,555,5
6645,9578,453,2
6646,9580,729,5
6647,9582,719,4
6648,9583,725,2
6649,9584,232,2
6650,9585,489,5
6651,9586,715,5
6652,9588,332,4
6653,9589,118,2
6654,9590,645,3
6655,9592,107,3
6656,9593,363,4
6657,9594,345,4
6658,9595,306,3
6659,9596,359,3
6660,9598,540,5
6661,9600,154,3
6662,9601,211,3
6663,9603,156,4
6664,9605,403,1
6665,9606,243,3
6666,9608,429,4
6667,9609,425,4
6668,9610,152,3
6669,9611,150,3
6670,9612,208,2
6671,9613,147,1
6672,9615,756,2
6673,9616,57,4
6674,9618,407,4
6675,9619,531,3
6676,9620,525,3
6677,9621,406,5
6678,9622,753,4
6679,9623,63,2
6680,9624,754,2
6681,9625,408,5
6682,9627,61,5
6683,9629,63,1
6684,9630,64,2
6685,9632,527,1
6686,9633,152,1
6687,9635,200,3
6688,9636,154,1
6689,9637,206,5
6690,9639,609,1
6691,9640,255,2
6692,9642,742,1
6693,9644,771,1
6694,9645,327,4
6695,9646,665,2
6696,9647,120,4
6697,9648,561,1
6698,9649,456,3
6699,9650,114,5
6700,9651,109,3
6701,9652,648,4
6702,9653,784,5
6703,9654,589,1
6704,9656,146,3
6705,9657,143,5
6706,9658,640,5
6707,9659,593,5
6708,9660,780,3
6709,9661,34,5
6710,9663,42,3
6711,9664,541,5
6712,9666,172,3
6713,9667,360,5
6714,9669,307,5
6715,9670,26,5
6716,9672,123,2
6717,9674,78,1
6718,9675,76,2
6719,9677,79,5
6720,9680,22,1
6721,9681,604,5
6722,9682,307,5
6723,9684,33,2
6724,9685,677,3
6725,9686,549,5
6726,9688,328,4
6727,9694,670,5
6728,9698,591,1
6729,9699,556,2
6730,9701,374,5
6731,9702,374,2
6732,9703,366,2
6733,9704,376,4
6734,9705,466,3
6735,9706,10,2
6736,9708,709,2
6737,9710,631,4
6738,9711,517,3
6739,9712,390,4
6740,9713,151,2
6741,9714,201,1
6742,9715,202,5
6743,9716,153,4
6744,9717,424,1
6745,9718,153,1
6746,9719,207,2
6747,9722,421,5
6748,9723,157,5
6749,9724,157,5
6750,9725,155,1
6751,9726,157,4
6752,9727,201,5
6753,9728,780,3
6754,9730,598,5
6755,9731,185,1
6756,9732,107,4
6757,9734,544,4
6758,9735,357,1
6759,9736,746,3
6760,9737,604,3
6761,9738,177,3
6762,9740,237,2
6763,9741,13,4
6764,9742,187,1
6765,9743,384,1
6766,9744,231,1
6767,9746,112,1
6768,9747,219,1
6769,9749,646,3
6770,9751,53,1
6771,9752,680,1
6772,9754,651,5
6773,9755,772,2
6774,9757,110,5
6775,9759,218,4
6776,9760,37,4
6777,9763,316,3
6778,9766,591,2
6779,9767,519,1
6780,9769,462,1
6781,9770,227,5
6782,9771,230,4
6783,9772,717,3
6784,9776,705,5
6785,9780,24,1
6786,9781,769,1
6787,9782,601,4
6788,9784,15,2
6789,9785,253,1
6790,9787,280,5
6791,9789,80,5
6792,9790,76,1
6793,9793,140,4
6794,9794,646,3
6795,9797,142,2
6796,9798,142,5
6797,9799,626,2
6798,9801,698,3
6799,9802,76,3
6800,9803,276,3
6801,9804,286,4
6802,9806,76,4
6803,9807,72,4
6804,9808,276,1
6805,9809,280,2
6806,9810,278,3
6807,9811,282,4
6808,9813,234,2
6809,9814,233,3
6810,9815,493,1
6811,9816,720,2
6812,9817,237,3
6813,9818,379,1
6814,9819,197,5
6815,9820,196,2
6816,9821,379,4
6817,9823,630,1
6818,9824,494,5
6819,9825,632,5
6820,9826,10,1
6821,9827,517,1
6822,9828,161,2
6823,9829,126,4
6824,9830,169,2
6825,9831,168,3
6826,9832,123,5
6827,9835,347,2
6828,9838,38,5
6829,9839,219,5
6830,9840,661,5
6831,9843,617,3
6832,9844,658,3
6833,9845,592,1
6834,9846,335,5
6835,9847,252,1
6836,9848,307,3
6837,9850,564,3
6838,9851,596,3
6839,9852,450,4
6840,9854,642,4
6841,9855,332,2
6842,9856,507,5
6843,9857,94,3
6844,9859,94,4
6845,9860,502,4
6846,9861,95,1
6847,9863,88,5
6848,9865,499,5
6849,9867,91,4
6850,9868,87,3
6851,9870,92,1
6852,9871,84,3
6853,9872,23,1
6854,9873,609,3
6855,9874,304,5
6856,9875,350,3
6857,9879,252,3
6858,9880,341,1
6859,9882,451,2
6860,9883,297,4
6861,9885,51,1
6862,9886,653,5
6863,9888,27,3
6864,9892,26,3
6865,9895,342,4
6866,9897,568,4
6867,9902,612,4
6868,9903,539,1
6869,9904,17,5
6870,9905,764,4
6871,9906,171,4
6872,9907,734,1
6873,9909,5,3
6874,9910,226,5
6875,9911,189,1
6876,9912,389,2
6877,9914,517,2
6878,9916,501,5
6879,9917,509,5
6880,9918,505,1
6881,9919,82,4
6882,9920,425,1
6883,9922,157,4
6884,9923,205,2
6885,9924,420,4
6886,9926,186,1
6887,9927,385,1
6888,9928,518,4
6889,9929,32,2
6890,9930,290,1
6891,9931,566,4
6892,9932,425,2
6893,9934,199,5
6894,9935,426,2
6895,9936,417,3
6896,9938,198,3
6897,9940,149,1
6898,9943,538,5
6899,9945,343,2
6900,9947,27,4
6901,9948,101,4
6902,9953,35,3
6903,9954,118,3
6904,9955,556,4
6905,9957,680,1
6906,9958,659,2
6907,9959,549,4
6908,9960,569,3
6909,9961,50,3
6910,9962,115,2
6911,9963,412,3
6912,9964,408,1
6913,9965,749,2
6914,9966,531,1
6915,9969,757,4
6916,9971,97,5
6917,9973,15,1
6918,9974,768,3
6919,9975,585,3
6920,9976,308,3
6921,9977,160,2
6922,9980,122,1
6923,9981,365,1
6924,9982,17,1
6925,9983,104,2
6926,9984,669,3
6927,9985,212,1
6928,9986,689,5
6929,9988,550,1
6930,9989,621,5
6931,9990,334,4
6932,9991,446,4
6933,9992,576,5
6934,9994,124,3
6935,9995,736,3
6936,9996,302,1
6937,9998,663,3
6938,10000,149,1
6939,10001,427,3
6940,10002,207,2
6941,10003,423,5
6942,10004,419,5
6943,10006,154,2
6944,10007,420,3
6945,10008,430,2
6946,10009,420,5
6947,10010,430,2
6948,10011,151,1
6949,10012,234,2
6950,10013,728,3
6951,10014,1,5
6952,10015,384,4
6953,10016,458,4
6954,10017,458,3
6955,10018,725,3
6956,10019,733,4
6957,10021,319,2
6958,10022,320,5
6959,10025,190,2
6960,10027,11,4
6961,10028,211,1
6962,10029,417,3
6963,10030,336,3
6964,10031,33,4
6965,10033,137,1
6966,10034,622,2
6967,10035,781,4
6968,10036,219,2
6969,10037,775,3
6970,10040,700,3
6971,10041,696,3
6972,10043,694,2
6973,10044,698,3
6974,10045,698,5
6975,10046,702,5
6976,10047,694,2
6977,10048,80,1
6978,10049,81,1
6979,10051,698,5
6980,10054,703,5
6981,10056,698,1
6982,10058,705,5
6983,10060,201,5
6984,10061,204,4
6985,10062,105,1
6986,10063,177,4
6987,10066,354,4
6988,10067,97,5
6989,10068,19,3
6990,10069,763,2
6991,10070,738,5
6992,10071,350,3
6993,10072,609,2
6994,10074,123,4
6995,10075,26,2
6996,10076,105,5
6997,10077,579,1
6998,10078,260,1
6999,10079,259,3
7000,10080,363,3
7001,10081,604,5
7002,10082,260,1
7003,10083,99,5
7004,10084,175,3
7005,10085,171,3
7006,10086,1,2
7007,10088,634,4
7008,10089,518,5
7009,10090,629,1
7010,10091,730,5
7011,10092,227,4
7012,10093,387,4
7013,10094,698,2
7014,10095,695,5
7015,10096,698,1
7016,10097,695,1
7017,10098,695,3
7018,10099,701,2
7019,10101,702,1
7020,10102,69,3
7021,10103,277,1
7022,10104,301,5
7023,10105,344,2
7024,10106,302,5
7025,10107,738,5
7026,10109,185,1
7027,10110,180,2
7028,10111,357,1
7029,10112,242,1
7030,10114,568,2
7031,10115,33,1
7032,10117,68,5
7033,10118,81,5
7034,10119,281,4
7035,10121,81,5
7036,10122,79,2
7037,10123,326,3
7038,10125,322,1
7039,10127,322,1
7040,10128,420,4
7041,10130,154,5
7042,10131,419,2
7043,10132,211,4
7044,10133,156,1
7045,10134,486,1
7046,10136,232,4
7047,10137,461,3
7048,10139,3,2
7049,10140,440,3
7050,10141,441,5
7051,10142,436,1
7052,10144,442,3
7053,10145,435,2
7054,10146,2,5
7055,10147,723,3
7056,10148,728,3
7057,10149,739,1
7058,10150,258,3
7059,10153,26,4
7060,10154,101,3
7061,10155,341,4
7062,10156,257,2
7063,10157,231,4
7064,10158,6,4
7065,10159,385,1
7066,10162,421,3
7067,10164,151,4
7068,10165,209,4
7069,10167,231,1
7070,10168,462,3
7071,10170,186,1
7072,10173,709,1
7073,10176,502,1
7074,10177,507,1
7075,10181,92,3
7076,10184,140,3
7077,10186,447,4
7078,10187,647,5
7079,10188,35,3
7080,10190,207,4
7081,10192,204,2
7082,10195,93,1
7083,10196,770,2
7084,10197,125,5
7085,10200,259,4
7086,10202,134,2
7087,10203,320,4
7088,10204,320,4
7089,10206,321,4
7090,10207,317,4
7091,10208,168,3
7092,10209,133,1
7093,10210,612,1
7094,10213,130,4
7095,10216,736,5
7096,10217,252,2
7097,10218,133,4
7098,10219,544,4
7099,10221,505,2
7100,10223,499,1
7101,10224,89,5
7102,10226,503,2
7103,10228,498,2
7104,10231,531,1
7105,10232,65,1
7106,10233,412,3
7107,10235,529,5
7108,10236,56,3
7109,10237,407,4
7110,10238,526,3
7111,10241,206,4
7112,10242,426,2
7113,10243,555,3
7114,10244,781,3
7115,10245,218,1
7116,10246,32,3
7117,10247,291,2
7118,10248,42,2
7119,10250,332,3
7120,10253,702,4
7121,10255,700,3
7122,10257,701,3
7123,10258,502,4
7124,10261,89,3
7125,10262,91,1
7126,10264,83,4
7127,10265,503,5
7128,10266,544,4
7129,10267,765,3
7130,10269,160,5
7131,10270,359,2
7132,10272,523,3
7133,10273,752,4
7134,10274,413,4
7135,10275,534,2
7136,10276,759,5
7137,10277,757,4
7138,10281,526,2
7139,10282,101,4
7140,10283,350,4
7141,10286,358,1
7142,10287,548,3
7143,10288,132,2
7144,10289,164,5
7145,10290,364,3
7146,10292,22,1
7147,10293,763,3
7148,10294,346,1
7149,10296,769,5
7150,10297,361,1
7151,10298,308,4
7152,10300,206,5
7153,10301,148,2
7154,10303,149,5
7155,10304,198,3
7156,10305,149,4
7157,10306,497,1
7158,10307,467,1
7159,10309,9,1
7160,10310,722,2
7161,10311,157,1
7162,10312,419,4
7163,10313,16,3
7164,10314,587,5
7165,10316,160,3
7166,10318,533,3
7167,10320,750,4
7168,10322,564,4
7169,10323,670,2
7170,10324,456,5
7171,10326,646,5
7172,10327,65,4
7173,10328,167,3
7174,10329,182,5
7175,10331,577,2
7176,10333,302,3
7177,10335,256,1
7178,10337,422,5
7179,10339,204,2
7180,10340,437,5
7181,10341,143,2
7182,10343,80,5
7183,10344,284,3
7184,10345,119,5
7185,10346,665,4
7186,10347,451,4
7187,10348,665,5
7188,10349,667,1
7189,10351,595,1
7190,10352,140,2
7191,10353,353,4
7192,10354,604,5
7193,10355,588,3
7194,10356,724,5
7195,10357,632,2
7196,10358,516,3
7197,10359,629,3
7198,10360,492,2
7199,10363,124,1
7200,10365,159,3
7201,10366,117,1
7202,10367,451,4
7203,10368,292,2
7204,10369,112,3
7205,10371,81,2
7206,10373,78,2
7207,10375,580,5
7208,10376,99,1
7209,10378,123,3
7210,10380,741,5
7211,10381,764,4
7212,10382,768,1
7213,10383,685,5
7214,10384,659,4
7215,10386,52,1
7216,10387,111,1
7217,10388,139,5
7218,10389,783,2
7219,10390,40,1
7220,10391,780,2
7221,10392,414,1
7222,10394,748,3
7223,10395,405,4
7224,10396,758,3
7225,10397,748,4
7226,10398,61,3
7227,10399,65,2
7228,10400,406,3
7229,10402,697,5
7230,10403,696,2
7231,10404,695,1
7232,10405,693,2
7233,10407,198,2
7234,10408,152,3
7235,10409,294,1
7236,10410,614,1
7237,10412,689,1
7238,10414,681,3
7239,10416,142,5
7240,10419,426,2
7241,10422,427,3
7242,10425,208,4
7243,10426,209,1
7244,10427,211,5
7245,10431,139,5
7246,10432,622,4
7247,10433,45,1
7248,10434,215,3
7249,10435,47,3
7250,10436,337,2
7251,10437,589,2
7252,10438,675,5
7253,10439,659,4
7254,10443,669,2
7255,10445,47,5
7256,10446,784,5
7257,10448,728,4
7258,10449,381,2
7259,10450,732,3
7260,10451,716,4
7261,10452,492,5
7262,10453,458,5
7263,10456,730,5
7264,10457,3,5
7265,10458,388,4
7266,10459,197,2
7267,10460,180,2
7268,10461,734,5
7269,10462,102,1
7270,10463,587,1
7271,10465,489,4
7272,10466,186,5
7273,10467,732,3
7274,10468,194,4
7275,10469,191,4
7276,10471,325,5
7277,10475,243,1
7278,10477,724,4
7279,10478,727,2
7280,10481,389,1
7281,10483,13,2
7282,10484,285,2
7283,10485,280,5
7284,10486,76,5
7285,10487,79,5
7286,10489,73,5
7287,10490,74,1
7288,10491,73,3
7289,10492,75,4
7290,10493,550,5
7291,10496,594,5
7292,10497,299,2
7293,10499,673,4
7294,10500,478,5
7295,10501,474,5
7296,10502,246,4
7297,10503,267,1
7298,10505,29,4
7299,10506,614,5
7300,10507,366,2
7301,10508,377,2
7302,10509,377,3
7303,10510,371,1
7304,10511,368,3
7305,10512,370,4
7306,10513,28,5
7307,10516,780,2
7308,10518,451,5
7309,10519,44,1
7310,10520,466,5
7311,10521,487,5
7312,10522,707,2
7313,10523,264,5
7314,10524,477,4
7315,10526,402,4
7316,10528,613,1
7317,10529,252,4
7318,10530,541,4
7319,10531,663,5
7320,10532,563,5
7321,10534,378,3
7322,10539,744,4
7323,10542,221,3
7324,10543,644,3
7325,10544,596,2
7326,10545,452,2
7327,10546,764,2
7328,10547,176,2
7329,10548,548,1
7330,10552,609,5
7331,10554,610,5
7332,10556,229,1
7333,10558,491,3
7334,10559,728,3
7335,10560,193,1
7336,10561,191,5
7337,10562,520,2
7338,10564,733,1
7339,10565,154,5
7340,10566,421,2
7341,10567,422,5
7342,10569,151,1
7343,10571,425,1
7344,10572,424,5
7345,10573,427,2
7346,10574,152,5
7347,10575,378,4
7348,10577,377,1
7349,10578,370,3
7350,10579,372,3
7351,10580,377,3
7352,10581,367,5
7353,10582,376,4
7354,10585,595,5
7355,10588,289,3
7356,10591,645,5
7357,10592,453,5
7358,10593,678,2
7359,10594,617,5
7360,10595,563,4
7361,10597,38,3
7362,10599,550,4
7363,10601,435,2
7364,10602,433,1
7365,10603,434,5
7366,10604,434,2
7367,10607,444,1
7368,10608,431,4
7369,10609,437,1
7370,10610,533,4
7371,10611,408,5
7372,10612,67,2
7373,10613,557,5
7374,10614,293,4
7375,10615,592,3
7376,10616,288,1
7377,10617,114,3
7378,10618,214,1
7379,10623,321,2
7380,10624,325,3
7381,10626,324,2
7382,10628,199,3
7383,10629,206,2
7384,10630,427,4
7385,10631,207,5
7386,10634,159,3
7387,10637,422,4
7388,10638,520,3
7389,10639,4,1
7390,10640,462,1
7391,10641,630,4
7392,10642,387,2
7393,10644,441,4
7394,10645,438,3
7395,10646,440,1
7396,10649,433,1
7397,10650,668,1
7398,10651,223,1
7399,10652,498,4
7400,10653,509,1
7401,10654,90,5
7402,10656,506,2
7403,10658,500,3
7404,10659,506,5
7405,10660,95,1
7406,10661,728,4
7407,10662,364,5
7408,10663,768,3
7409,10664,242,3
7410,10665,268,1
7411,10666,270,4
7412,10667,275,3
7413,10668,476,2
7414,10669,112,3
7415,10672,451,4
7416,10673,688,3
7417,10675,567,5
7418,10676,645,1
7419,10677,332,1
7420,10678,659,1
7421,10679,618,1
7422,10681,104,5
7423,10682,360,1
7424,10684,607,5
7425,10685,254,1
7426,10686,606,2
7427,10687,470,4
7428,10688,495,2
7429,10689,463,4
7430,10690,637,4
7431,10691,638,1
7432,10692,420,5
7433,10694,316,1
7434,10695,325,1
7435,10696,324,5
7436,10697,323,1
7437,10699,77,4
7438,10701,284,4
7439,10702,68,2
7440,10703,276,2
7441,10704,277,5
7442,10705,282,2
7443,10706,78,2
7444,10708,438,5
7445,10709,443,4
7446,10710,434,1
7447,10711,441,1
7448,10713,620,5
7449,10715,455,4
7450,10716,114,3
7451,10717,337,2
7452,10719,570,5
7453,10720,660,5
7454,10721,38,4
7455,10722,484,1
7456,10723,249,5
7457,10727,272,3
7458,10728,241,2
7459,10730,269,2
7460,10732,576,1
7461,10733,21,4
7462,10734,736,1
7463,10735,358,2
7464,10736,22,2
7465,10740,584,2
7466,10741,700,2
7467,10742,701,4
7468,10743,703,1
7469,10744,705,5
7470,10745,697,2
7471,10746,693,2
7472,10747,699,1
7473,10748,700,1
7474,10749,693,3
7475,10751,655,4
7476,10752,550,1
7477,10753,659,2
7478,10754,550,1
7479,10755,642,1
7480,10756,221,4
7481,10757,594,5
7482,10759,86,4
7483,10760,504,4
7484,10762,92,2
7485,10763,92,5
7486,10764,499,4
7487,10765,498,3
7488,10766,92,1
7489,10768,398,2
7490,10770,478,5
7491,10771,473,3
7492,10773,286,1
7493,10775,276,1
7494,10776,280,3
7495,10777,72,2
7496,10778,280,3
7497,10780,280,1
7498,10781,282,4
7499,10783,64,1
7500,10784,411,1
7501,10785,534,3
7502,10786,748,2
7503,10787,66,2
7504,10788,410,3
7505,10789,411,5
7506,10791,356,4
7507,10792,734,5
7508,10793,343,4
7509,10794,606,2
7510,10795,348,3
7511,10797,25,3
7512,10799,776,5
7513,10801,329,5
7514,10805,330,3
7515,10806,111,2
7516,10808,567,5
7517,10809,692,4
7518,10810,674,5
7519,10811,474,5
7520,10813,481,2
7521,10814,275,4
7522,10815,402,1
7523,10816,479,1
7524,10817,188,3
7525,10818,189,4
7526,10820,385,5
7527,10821,495,2
7528,10822,521,1
7529,10823,721,2
7530,10824,196,3
7531,10825,771,3
7532,10826,258,2
7533,10828,579,3
7534,10829,543,1
7535,10831,108,5
7536,10832,738,1
7537,10833,112,5
7538,10835,119,2
7539,10837,563,3
7540,10838,563,5
7541,10839,684,2
7542,10840,135,1
7543,10841,675,1
7544,10843,552,5
7545,10844,669,1
7546,10845,666,1
7547,10846,551,3
7548,10847,687,5
7549,10848,251,5
7550,10849,395,5
7551,10850,391,3
7552,10854,207,5
7553,10855,149,2
7554,10859,423,4
7555,10862,743,2
7556,10863,769,5
7557,10866,544,1
7558,10867,527,3
7559,10868,406,4
7560,10869,530,1
7561,10870,694,2
7562,10871,693,4
7563,10872,697,5
7564,10873,699,4
7565,10874,705,2
7566,10876,704,2
7567,10878,706,2
7568,10881,705,4
7569,10884,763,3
7570,10885,19,3
7571,10887,161,1
7572,10888,607,3
7573,10889,770,5
7574,10890,740,3
7575,10892,639,1
7576,10893,718,5
7577,10895,81,5
7578,10896,369,2
7579,10897,374,4
7580,10901,368,1
7581,10902,369,5
7582,10903,367,1
7583,10906,697,3
7584,10908,72,5
7585,10909,430,4
7586,10910,148,4
7587,10912,158,2
7588,10913,149,1
7589,10914,210,2
7590,10917,151,5
7591,10919,434,1
7592,10921,433,1
7593,10922,125,1
7594,10923,256,3
7595,10924,763,1
7596,10925,357,3
7597,10926,184,2
7598,10927,372,5
7599,10928,378,4
7600,10929,371,1
7601,10930,371,3
7602,10932,368,2
7603,10933,369,2
7604,10934,427,4
7605,10935,417,1
7606,10937,780,2
7607,10938,774,4
7608,10939,294,1
7609,10940,446,1
7610,10942,110,4
7611,10943,95,3
7612,10944,501,2
7613,10945,500,1
7614,10947,93,4
7615,10948,502,1
7616,10950,617,1
7617,10951,31,2
7618,10952,561,1
7619,10953,140,1
7620,10954,669,4
7621,10955,561,5
7622,10956,720,3
7623,10957,520,5
7624,10958,515,2
7625,10959,196,2
7626,10960,720,1
7627,10963,467,3
7628,10964,465,2
7629,10966,77,5
7630,10968,76,1
7631,10969,78,1
7632,10970,72,3
7633,10971,77,1
7634,10972,277,1
7635,10974,79,5
7636,10975,294,5
7637,10976,773,1
7638,10977,445,2
7639,10978,30,2
7640,10980,292,3
7641,10981,116,2
7642,10982,670,3
7643,10983,420,1
7644,10984,150,1
7645,10985,426,4
7646,10986,205,3
7647,10987,201,5
7648,10989,151,1
7649,10990,208,4
7650,10991,255,1
7651,10992,587,5
7652,10993,121,5
7653,10995,185,4
7654,10997,132,2
7655,10998,76,4
7656,10999,261,3
7657,11000,96,1
7658,11002,339,5
7659,11003,602,1
7660,11005,26,4
7661,11006,27,1
7662,11007,604,3
7663,11008,169,3
7664,11009,8,5
7665,11010,519,2
7666,11011,489,3
7667,11012,516,1
7668,11014,192,2
7669,11015,495,2
7670,11016,237,5
7671,11020,90,3
7672,11021,500,3
7673,11023,93,1
7674,11024,94,3
7675,11025,68,4
7676,11026,70,1
7677,11028,285,2
7678,11030,277,5
7679,11031,280,4
7680,11032,70,1
7681,11033,279,2
7682,11035,324,2
7683,11037,322,2
7684,11040,325,1
7685,11043,432,1
7686,11044,442,2
7687,11046,443,1
7688,11047,437,5
7689,11048,437,2
7690,11049,439,5
7691,11050,369,1
7692,11051,368,4
7693,11052,373,5
7694,11055,30,2
7695,11059,109,3
7696,11061,669,3
7697,11062,590,5
7698,11064,655,1
7699,11065,683,2
7700,11066,659,5
7701,11067,113,1
7702,11069,715,1
7703,11071,379,2
7704,11073,187,1
7705,11074,491,2
7706,11075,459,1
7707,11077,388,1
7708,11078,449,4
7709,11079,627,3
7710,11081,650,5
7711,11082,42,5
7712,11084,775,3
7713,11087,76,2
7714,11088,80,2
7715,11089,72,4
7716,11090,76,1
7717,11091,276,4
7718,11092,278,1
7719,11093,277,2
7720,11094,277,1
7721,11096,56,1
7722,11098,56,3
7723,11099,57,2
7724,11101,289,2
7725,11103,92,1
7726,11104,93,1
7727,11105,498,2
7728,11108,359,3
7729,11113,580,4
7730,11115,301,4
7731,11116,766,4
7732,11119,168,3
7733,11121,544,2
7734,11122,540,2
7735,11124,235,3
7736,11125,389,2
7737,11126,635,4
7738,11127,239,1
7739,11129,14,1
7740,11130,519,1
7741,11132,714,2
7742,11133,575,5
7743,11135,547,3
7744,11138,546,5
7745,11139,181,5
7746,11140,577,1
7747,11142,409,2
7748,11144,411,5
7749,11146,64,1
7750,11147,415,5
7751,11148,747,5
7752,11150,752,3
7753,11151,415,2
7754,11152,520,5
7755,11153,148,5
7756,11154,153,2
7757,11156,155,2
7758,11159,202,4
7759,11160,421,2
7760,11161,75,4
7761,11162,282,4
7762,11164,79,4
7763,11166,70,5
7764,11168,68,5
7765,11172,330,3
7766,11173,221,4
7767,11174,217,3
7768,11175,288,5
7769,11176,776,1
7770,11177,684,1
7771,11178,457,4
7772,11180,783,4
7773,11181,54,2
7774,11182,599,5
7775,11183,635,5
7776,11185,187,2
7777,11186,236,5
7778,11187,433,3
7779,11189,431,3
7780,11190,434,5
7781,11191,440,2
7782,11192,439,2
7783,11193,431,4
7784,11195,438,4
7785,11196,71,4
7786,11197,72,4
7787,11198,283,3
7788,11199,69,2
7789,11200,279,1
7790,11201,286,2
7791,11202,46,3
7792,11204,592,5
7793,11205,52,2
7794,11206,671,5
7795,11207,561,2
7796,11208,594,2
7797,11209,650,2
7798,11210,551,3
7799,11212,297,3
7800,11213,658,3
7801,11215,772,1
7802,11216,694,1
7803,11217,695,5
7804,11218,698,5
7805,11219,702,4
7806,11220,696,5
7807,11221,703,5
7808,11222,693,1
7809,11224,693,4
7810,11225,698,5
7811,11226,608,5
7812,11227,340,5
7813,11228,133,2
7814,11229,540,3
7815,11230,162,5
7816,11231,140,4
7817,11233,564,1
7818,11235,447,4
7819,11237,764,5
7820,11238,161,4
7821,11240,18,3
7822,11242,664,4
7823,11246,141,4
7824,11247,783,4
7825,11248,571,1
7826,11249,569,5
7827,11251,31,3
7828,11253,202,4
7829,11259,421,4
7830,11260,148,5
7831,11261,198,4
7832,11265,421,4
7833,11266,206,3
7834,11267,158,4
7835,11268,148,2
7836,11270,155,1
7837,11271,383,2
7838,11272,729,5
7839,11273,517,4
7840,11274,458,1
7841,11275,195,2
7842,11276,228,2
7843,11278,730,2
7844,11279,776,5
7845,11280,591,4
7846,11283,688,2
7847,11284,332,4
7848,11286,589,4
7849,11287,696,3
7850,11289,704,2
7851,11290,695,4
7852,11291,324,1
7853,11293,323,4
7854,11294,315,2
7855,11295,326,1
7856,11296,325,3
7857,11297,321,3
7858,11298,326,3
7859,11299,267,1
7860,11300,404,4
7861,11301,476,1
7862,11302,396,2
7863,11307,539,4
7864,11308,174,4
7865,11309,127,2
7866,11311,374,3
7867,11312,378,3
7868,11313,378,2
7869,11315,720,3
7870,11316,381,4
7871,11317,464,1
7872,11318,630,2
7873,11319,244,4
7874,11324,395,3
7875,11325,755,1
7876,11326,755,1
7877,11327,405,1
7878,11329,759,2
7879,11330,64,5
7880,11331,525,3
7881,11332,63,2
7882,11333,757,5
7883,11334,67,1
7884,11335,65,3
7885,11336,748,1
7886,11337,279,3
7887,11338,281,2
7888,11341,282,2
7889,11342,68,1
7890,11343,77,1
7891,11345,156,3
7892,11346,205,5
7893,11347,427,2
7894,11348,420,3
7895,11349,199,5
7896,11350,156,5
7897,11351,199,3
7898,11352,200,3
7899,11353,428,5
7900,11354,318,4
7901,11355,323,2
7902,11356,366,2
7903,11358,374,4
7904,11359,691,3
7905,11360,773,4
7906,11361,336,4
7907,11362,294,3
7908,11363,646,2
7909,11367,95,5
7910,11368,503,4
7911,11369,503,5
7912,11370,94,2
7913,11371,90,2
7914,11372,129,3
7915,11374,548,1
7916,11376,105,1
7917,11377,19,4
7918,11378,173,5
7919,11379,100,2
7920,11380,180,2
7921,11381,539,5
7922,11382,444,4
7923,11383,433,2
7924,11384,444,2
7925,11385,432,2
7926,11386,432,4
7927,11388,439,2
7928,11391,149,1
7929,11392,430,4
7930,11393,208,3
7931,11394,207,5
7932,11395,199,3
7933,11396,199,2
7934,11397,419,2
7935,11398,199,1
7936,11399,427,3
7937,11400,211,2
7938,11401,81,5
7939,11403,76,5
7940,11404,282,2
7941,11406,114,1
7942,11408,569,4
7943,11410,652,1
7944,11412,779,3
7945,11413,563,1
7946,11414,73,2
7947,11416,552,2
7948,11417,220,3
7949,11418,657,3
7950,11420,663,4
7951,11421,651,5
7952,11422,222,4
7953,11423,89,4
7954,11426,85,1
7955,11432,469,3
7956,11433,727,5
7957,11434,523,3
7958,11436,521,3
7959,11440,137,3
7960,11443,425,1
7961,11444,27,2
7962,11445,409,1
7963,11446,332,4
7964,11447,595,2
7965,11449,299,2
7966,11450,643,1
7967,11452,680,2
7968,11454,35,1
7969,11455,49,2
7970,11456,594,2
7971,11457,667,1
7972,11458,772,2
7973,11460,428,2
7974,11462,429,1
7975,11463,694,4
7976,11465,132,3
7977,11466,171,5
7978,11467,607,2
7979,11468,361,2
7980,11469,764,1
7981,11470,609,1
7982,11471,577,2
7983,11472,694,5
7984,11475,703,1
7985,11476,310,4
7986,11477,349,4
7987,11480,19,3
7988,11481,103,3
7989,11482,175,3
7990,11483,16,3
7991,11485,255,4
7992,11486,740,2
7993,11490,587,4
7994,11491,122,3
7995,11492,165,4
7996,11493,177,3
7997,11494,339,5
7998,11495,259,1
7999,11496,540,2
8000,11497,310,3
8001,11498,387,3
8002,11499,1,5
8003,11500,631,2
8004,11501,14,2
8005,11502,733,2
8006,11503,518,3
8007,11504,719,1
8008,11505,555,5
8009,11508,642,2
8010,11509,109,2
8011,11510,290,5
8012,11511,294,1
8013,11512,221,3
8014,11513,658,4
8015,11514,289,1
8016,11516,659,2
8017,11517,596,2
8018,11518,621,5
8019,11522,406,4
8020,11523,65,2
8021,11524,410,3
8022,11525,67,3
8023,11526,529,1
8024,11527,49,2
8025,11528,376,4
8026,11529,372,5
8027,11531,377,2
8028,11532,645,2
8029,11533,595,2
8030,11534,46,2
8031,11535,690,4
8032,11536,79,4
8033,11537,71,1
8034,11538,663,1
8035,11540,215,5
8036,11541,332,1
8037,11543,248,3
8038,11544,244,5
8039,11546,473,4
8040,11547,274,4
8041,11548,271,2
8042,11549,246,5
8043,11555,257,1
8044,11556,583,5
8045,11557,360,2
8046,11559,609,2
8047,11560,763,1
8048,11561,354,5
8049,11562,460,5
8050,11565,233,4
8051,11567,521,5
8052,11569,709,4
8053,11570,440,1
8054,11571,439,5
8055,11574,438,5
8056,11578,431,3
8057,11579,431,1
8058,11580,527,1
8059,11581,65,1
8060,11584,415,3
8061,11588,147,3
8062,11589,202,2
8063,11590,283,4
8064,11591,756,3
8065,11595,73,1
8066,11597,284,5
8067,11598,276,4
8068,11599,76,2
8069,11600,69,4
8070,11601,68,2
8071,11603,160,1
8072,11606,21,2
8073,11607,734,4
8074,11608,169,4
8075,11610,475,3
8076,11611,484,3
8077,11612,240,4
8078,11614,281,2
8079,11617,70,3
8080,11618,70,2
8081,11619,280,2
8082,11621,68,2
8083,11622,76,1
8084,11623,614,4
8085,11624,574,3
8086,11626,432,4
8087,11627,433,5
8088,11629,422,5
8089,11630,156,4
8090,11631,421,3
8091,11633,430,2
8092,11634,210,4
8093,11636,562,1
8094,11637,143,4
8095,11639,772,3
8096,11640,554,2
8097,11641,148,4
8098,11642,425,1
8099,11643,154,5
8100,11645,198,5
8101,11647,202,5
8102,11649,194,4
8103,11650,232,4
8104,11651,743,5
8105,11653,33,2
8106,11654,457,4
8107,11655,644,1
8108,11656,136,2
8109,11657,447,3
8110,11658,310,3
8111,11659,165,4
8112,11661,15,5
8113,11663,769,5
8114,11664,350,5
8115,11665,362,1
8116,11666,313,2
8117,11667,20,4
8118,11668,547,5
8119,11671,134,4
8120,11672,349,3
8121,11674,183,2
8122,11675,689,1
8123,11676,661,1
8124,11677,220,2
8125,11678,446,2
8126,11680,41,1
8127,11681,39,5
8128,11682,166,2
8129,11686,167,2
8130,11687,613,1
8131,11688,123,3
8132,11689,746,1
8133,11691,306,5
8134,11692,761,5
8135,11695,362,3
8136,11696,171,3
8137,11697,172,1
8138,11698,576,4
8139,11699,574,1
8140,11701,302,5
8141,11703,541,1
8142,11704,177,4
8143,11705,303,2
8144,11706,515,5
8145,11707,710,1
8146,11709,629,2
8147,11710,195,5
8148,11713,379,4
8149,11714,630,3
8150,11715,514,2
8151,11717,390,1
8152,11718,12,5
8153,11719,297,5
8154,11720,663,5
8155,11721,598,5
8156,11722,51,1
8157,11724,656,4
8158,11727,600,5
8159,11728,672,5
8160,11729,677,3
8161,11732,308,5
8162,11734,740,5
8163,11735,580,1
8164,11736,350,3
8165,11739,580,5
8166,11740,539,2
8167,11741,184,1
8168,11745,64,5
8169,11746,412,3
8170,11748,55,5
8171,11749,95,4
8172,11750,90,2
8173,11751,507,1
8174,11752,507,2
8175,11753,93,5
8176,11754,419,1
8177,11757,205,4
8178,11758,199,5
8179,11759,675,5
8180,11760,626,4
8181,11761,455,5
8182,11762,207,1
8183,11763,156,2
8184,11764,417,5
8185,11767,424,1
8186,11768,420,2
8187,11769,574,1
8188,11770,781,5
8189,11771,626,2
8190,11773,457,1
8191,11774,28,2
8192,11776,623,2
8193,11777,551,5
8194,11779,694,1
8195,11780,697,4
8196,11782,700,4
8197,11783,697,4
8198,11785,699,4
8199,11788,694,1
8200,11789,242,3
8201,11790,401,1
8202,11793,275,3
8203,11795,403,3
8204,11796,473,2
8205,11797,242,2
8206,11798,242,5
8207,11799,524,1
8208,11801,757,3
8209,11803,749,4
8210,11804,533,5
8211,11805,415,5
8212,11806,406,2
8213,11807,415,1
8214,11808,759,2
8215,11810,62,4
8216,11811,755,2
8217,11813,751,5
8218,11815,98,4
8219,11816,611,4
8220,11817,349,2
8221,11821,537,4
8222,11822,734,3
8223,11823,161,4
8224,11824,700,5
8225,11827,704,1
8226,11829,702,4
8227,11831,252,4
8228,11832,263,5
8229,11834,741,2
8230,11835,581,4
8231,11836,104,5
8232,11837,169,4
8233,11839,155,1
8234,11840,762,1
8235,11841,177,2
8236,11843,22,4
8237,11844,356,4
8238,11845,577,4
8239,11846,702,5
8240,11847,705,1
8241,11848,700,2
8242,11849,703,5
8243,11850,698,3
8244,11851,365,2
8245,11854,764,3
8246,11855,167,4
8247,11856,746,4
8248,11857,312,3
8249,11860,346,1
8250,11862,763,3
8251,11863,601,4
8252,11864,685,2
8253,11865,620,2
8254,11866,332,3
8255,11867,772,4
8256,11868,640,3
8257,11869,677,3
8258,11871,643,1
8259,11872,296,2
8260,11876,391,4
8261,11878,185,5
8262,11882,170,1
8263,11883,181,1
8264,11886,427,1
8265,11888,420,5
8266,11889,425,2
8267,11890,681,1
8268,11891,624,1
8269,11892,118,5
8270,11893,47,3
8271,11894,555,4
8272,11895,644,3
8273,11897,448,4
8274,11898,560,1
8275,11899,140,5
8276,11900,568,5
8277,11901,218,2
8278,11904,674,2
8279,11905,618,5
8280,11906,653,5
8281,11908,687,5
8282,11910,591,4
8283,11912,663,3
8284,11913,327,1
8285,11914,688,4
8286,11915,353,2
8287,11916,307,1
8288,11917,768,1
8289,11918,253,3
8290,11920,262,4
8291,11921,769,4
8292,11923,132,5
8293,11924,302,3
8294,11926,641,2
8295,11927,560,2
8296,11929,772,3
8297,11931,117,5
8298,11932,557,3
8299,11933,146,5
8300,11934,647,5
8301,11935,562,4
8302,11936,623,1
8303,11938,642,1
8304,11939,336,1
8305,11940,624,4
8306,11941,644,1
8307,11943,149,2
8308,11944,420,5
8309,11945,419,4
8310,11947,423,4
8311,11948,564,3
8312,11949,448,3
8313,11950,430,4
8314,11951,425,2
8315,11955,206,5
8316,11956,204,2
8317,11960,293,1
8318,11961,641,3
8319,11962,775,2
8320,11964,95,2
8321,11965,85,1
8322,11966,83,5
8323,11967,89,4
8324,11968,498,1
8325,11969,506,3
8326,11970,83,3
8327,11971,701,3
8328,11973,698,4
8329,11974,697,5
8330,11975,179,3
8331,11978,304,5
8332,11979,125,4
8333,11981,586,4
8334,11982,127,3
8335,11985,396,5
8336,11989,246,2
8337,11990,265,3
8338,11991,484,4
8339,11992,402,1
8340,11994,309,5
8341,11995,780,2
8342,11996,777,1
8343,11997,144,3
8344,11998,452,3
8345,12001,140,2
8346,12003,654,5
8347,12004,142,1
8348,12005,22,1
8349,12006,364,3
8350,12007,763,4
8351,12008,358,5
8352,12009,176,2
8353,12013,287,4
8354,12014,279,4
8355,12015,285,4
8356,12017,282,3
8357,12018,77,1
8358,12019,279,4
8359,12020,278,3
8360,12021,81,3
8361,12022,252,2
8362,12023,108,1
8363,12025,345,2
8364,12028,132,2
8365,12030,372,1
8366,12034,371,5
8367,12035,366,1
8368,12036,376,3
8369,12037,374,5
8370,12038,453,5
8371,12039,335,4
8372,12041,211,3
8373,12042,417,3
8374,12043,424,1
8375,12044,430,4
8376,12046,205,4
8377,12047,159,2
8378,12048,423,2
8379,12051,146,2
8380,12052,661,1
8381,12053,225,3
8382,12054,43,1
8383,12055,655,5
8384,12056,109,2
8385,12057,650,1
8386,12058,65,1
8387,12059,530,3
8388,12060,67,3
8389,12061,757,1
8390,12062,697,2
8391,12063,698,3
8392,12065,698,2
8393,12066,695,5
8394,12067,703,5
8395,12068,703,3
8396,12069,695,3
8397,12071,695,1
8398,12073,177,3
8399,12074,173,4
8400,12075,253,2
8401,12077,178,4
8402,12078,704,3
8403,12080,704,3
8404,12081,743,2
8405,12082,253,5
8406,12086,349,1
8407,12087,576,4
8408,12089,441,2
8409,12092,582,3
8410,12093,355,1
8411,12095,177,5
8412,12096,164,4
8413,12098,305,1
8414,12099,301,5
8415,12100,22,1
8416,12103,184,3
8417,12104,769,1
8418,12105,26,5
8419,12106,121,2
8420,12107,587,5
8421,12108,302,5
8422,12109,559,5
8423,12110,207,4
8424,12111,429,3
8425,12112,199,3
8426,12113,211,4
8427,12114,155,4
8428,12115,148,2
8429,12116,239,2
8430,12117,6,3
8431,12118,517,2
8432,12120,3,3
8433,12121,186,3
8434,12122,733,1
8435,12123,381,1
8436,12124,419,5
8437,12126,427,1
8438,12127,207,2
8439,12130,686,1
8440,12131,434,4
8441,12132,19,1
8442,12133,548,3
8443,12136,299,1
8444,12138,551,3
8445,12139,619,1
8446,12142,673,5
8447,12143,552,4
8448,12144,44,4
8449,12145,156,5
8450,12146,158,2
8451,12147,199,4
8452,12148,205,4
8453,12150,418,1
8454,12151,205,2
8455,12152,198,1
8456,12153,428,5
8457,12154,694,4
8458,12157,697,3
8459,12160,708,2
8460,12162,386,4
8461,12163,723,5
8462,12164,460,1
8463,12165,9,4
8464,12166,237,1
8465,12167,236,3
8466,12168,638,5
8467,12169,26,2
8468,12170,764,4
8469,12171,309,4
8470,12172,698,1
8471,12173,693,5
8472,12174,697,3
8473,12175,177,5
8474,12176,767,5
8475,12177,542,1
8476,12179,24,3
8477,12180,365,3
8478,12181,745,3
8479,12182,771,3
8480,12183,538,1
8481,12184,81,4
8482,12187,604,1
8483,12188,349,2
8484,12189,243,5
8485,12190,244,2
8486,12191,484,2
8487,12192,274,2
8488,12193,476,3
8489,12194,477,5
8490,12195,484,2
8491,12196,374,4
8492,12197,151,5
8493,12198,200,4
8494,12199,202,5
8495,12200,159,5
8496,12202,419,2
8497,12204,77,5
8498,12205,283,2
8499,12206,282,4
8500,12207,80,2
8501,12209,287,1
8502,12210,285,3
8503,12214,454,5
8504,12215,684,2
8505,12216,109,4
8506,12219,608,2
8507,12220,102,2
8508,12222,262,1
8509,12223,540,1
8510,12228,278,5
8511,12229,277,4
8512,12230,74,1
8513,12231,77,3
8514,12233,277,1
8515,12234,77,2
8516,12235,284,4
8517,12236,281,4
8518,12237,74,2
8519,12239,77,5
8520,12240,568,1
8521,12241,111,3
8522,12242,144,4
8523,12243,215,4
8524,12244,671,5
8525,12245,644,2
8526,12246,225,5
8527,12248,641,5
8528,12249,674,5
8529,12250,204,4
8530,12251,740,4
8531,12252,579,4
8532,12253,172,4
8533,12255,580,1
8534,12256,358,2
8535,12257,343,4
8536,12258,770,4
8537,12259,180,5
8538,12261,739,5
8539,12262,261,3
8540,12267,662,2
8541,12268,568,2
8542,12269,591,3
8543,12271,217,1
8544,12272,570,2
8545,12274,391,3
8546,12275,400,3
8547,12276,481,1
8548,12277,674,3
8549,12278,622,5
8550,12279,691,5
8551,12281,225,2
8552,12282,117,3
8553,12283,296,3
8554,12285,674,4
8555,12286,649,1
8556,12291,92,3
8557,12293,422,1
8558,12294,417,3
8559,12295,653,4
8560,12296,565,3
8561,12297,700,5
8562,12299,211,4
8563,12301,117,3
8564,12303,338,5
8565,12304,654,4
8566,12305,220,2
8567,12306,583,1
8568,12307,610,1
8569,12308,98,3
8570,12309,363,3
8571,12310,121,4
8572,12312,301,1
8573,12313,201,3
8574,12314,695,4
8575,12315,695,3
8576,12319,699,3
8577,12320,705,5
8578,12321,702,5
8579,12322,698,4
8580,12323,696,1
8581,12324,77,1
8582,12327,706,2
8583,12328,696,5
8584,12330,701,5
8585,12331,443,1
8586,12333,436,3
8587,12334,442,5
8588,12335,370,4
8589,12336,374,2
8590,12338,375,5
8591,12339,368,3
8592,12340,372,1
8593,12341,378,1
8594,12342,314,3
8595,12344,208,2
8596,12345,419,1
8597,12346,200,3
8598,12348,159,2
8599,12349,668,4
8600,12350,775,5
8601,12351,453,2
8602,12352,676,5
8603,12353,773,5
8604,12357,443,4
8605,12358,431,2
8606,12359,434,2
8607,12360,157,3
8608,12361,424,3
8609,12362,205,1
8610,12364,421,1
8611,12365,724,2
8612,12366,390,4
8613,12371,523,3
8614,12372,383,2
8615,12373,447,2
8616,12374,453,5
8617,12375,627,2
8618,12377,781,3
8619,12379,661,4
8620,12380,317,5
8621,12381,318,5
8622,12384,316,5
8623,12385,323,1
8624,12387,519,2
8625,12388,186,2
8626,12390,495,2
8627,12391,3,3
8628,12392,727,5
8629,12393,519,1
8630,12394,463,4
8631,12395,521,4
8632,12397,8,4
8633,12401,708,3
8634,12404,626,2
8635,12407,77,5
8636,12409,278,4
8637,12411,444,3
8638,12412,435,2
8639,12413,443,2
8640,12414,432,5
8641,12415,436,4
8642,12417,433,2
8643,12418,440,3
8644,12420,438,4
8645,12421,437,3
8646,12422,435,1
8647,12423,432,5
8648,12424,440,5
8649,12425,435,5
8650,12427,431,1
8651,12428,442,4
8652,12429,441,3
8653,12430,638,3
8654,12431,629,5
8655,12434,231,5
8656,12436,638,2
8657,12440,507,4
8658,12441,84,5
8659,12442,508,2
8660,12443,499,5
8661,12444,500,3
8662,12448,778,2
8663,12449,30,2
8664,12451,136,3
8665,12452,595,1
8666,12453,550,1
8667,12455,658,5
8668,12457,695,1
8669,12458,701,4
8670,12459,695,3
8671,12460,703,3
8672,12461,706,3
8673,12462,703,3
8674,12464,503,5
8675,12466,615,4
8676,12467,592,4
8677,12470,90,5
8678,12475,486,3
8679,12476,307,5
8680,12477,176,2
8681,12481,310,3
8682,12482,121,1
8683,12483,612,1
8684,12484,743,1
8685,12485,740,1
8686,12486,278,2
8687,12487,285,1
8688,12490,81,4
8689,12491,280,3
8690,12492,209,4
8691,12493,421,5
8692,12494,155,3
8693,12495,152,2
8694,12496,424,4
8695,12497,147,3
8696,12498,153,2
8697,12499,426,4
8698,12502,143,1
8699,12503,337,5
8700,12504,594,4
8701,12506,678,4
8702,12508,54,2
8703,12510,569,3
8704,12511,24,4
8705,12512,164,4
8706,12515,545,4
8707,12516,251,2
8708,12518,433,2
8709,12520,434,1
8710,12521,433,2
8711,12522,439,4
8712,12524,435,5
8713,12525,434,3
8714,12526,680,3
8715,12527,682,2
8716,12529,109,5
8717,12531,560,3
8718,12538,289,4
8719,12539,54,5
8720,12540,35,2
8721,12541,505,5
8722,12542,282,4
8723,12543,374,2
8724,12544,376,1
8725,12546,366,4
8726,12547,373,3
8727,12548,374,1
8728,12549,367,5
8729,12554,538,1
8730,12555,24,4
8731,12556,355,5
8732,12557,252,1
8733,12558,24,3
8734,12559,163,5
8735,12560,151,1
8736,12562,156,5
8737,12565,149,2
8738,12568,203,5
8739,12569,674,2
8740,12570,671,5
8741,12571,337,3
8742,12572,214,4
8743,12573,659,5
8744,12574,640,3
8745,12576,564,5
8746,12577,756,5
8747,12579,407,1
8748,12580,59,5
8749,12582,661,3
8750,12584,656,4
8751,12585,298,2
8752,12587,457,4
8753,12588,559,3
8754,12589,111,2
8755,12590,667,4
8756,12593,318,4
8757,12594,326,3
8758,12595,319,5
8759,12596,318,4
8760,12597,320,4
8761,12598,322,5
8762,12599,321,1
8763,12600,148,2
8764,12601,208,4
8765,12603,635,2
8766,12604,488,1
8767,12605,382,5
8768,12606,382,4
8769,12607,343,2
8770,12609,180,3
8771,12610,347,1
8772,12611,130,4
8773,12612,542,5
8774,12616,678,5
8775,12617,654,4
8776,12619,597,3
8777,12622,565,2
8778,12623,70,5
8779,12627,151,5
8780,12628,426,4
8781,12629,208,5
8782,12630,425,4
8783,12631,152,3
8784,12632,207,2
8785,12634,424,3
8786,12637,424,4
8787,12638,420,5
8788,12643,87,2
8789,12644,507,1
8790,12645,499,5
8791,12647,156,5
8792,12648,198,4
8793,12649,425,2
8794,12650,154,3
8795,12651,207,3
8796,12652,428,5
8797,12653,553,2
8798,12654,774,1
8799,12655,448,5
8800,12657,217,3
8801,12658,659,1
8802,12659,674,1
8803,12663,311,5
8804,12664,543,2
8805,12665,583,5
8806,12666,341,5
8807,12668,770,1
8808,12669,177,4
8809,12670,106,3
8810,12671,402,2
8811,12673,402,3
8812,12674,270,3
8813,12676,265,5
8814,12677,264,5
8815,12680,263,2
8816,12681,134,3
8817,12682,18,3
8818,12683,263,5
8819,12684,178,3
8820,12685,736,1
8821,12687,413,3
8822,12688,758,5
8823,12689,531,2
8824,12693,259,4
8825,12694,129,4
8826,12695,351,4
8827,12697,579,1
8828,12698,762,4
8829,12699,97,2
8830,12700,311,1
8831,12701,588,5
8832,12702,548,4
8833,12703,346,5
8834,12704,577,1
8835,12706,292,1
8836,12708,57,1
8837,12709,416,5
8838,12710,405,3
8839,12711,759,1
8840,12712,59,3
8841,12717,506,1
8842,12718,84,5
8843,12719,500,4
8844,12720,83,3
8845,12721,507,5
8846,12722,506,1
8847,12726,155,5
8848,12727,159,3
8849,12728,422,3
8850,12729,203,1
8851,12730,206,3
8852,12732,550,3
8853,12733,615,2
8854,12734,783,3
8855,12736,141,2
8856,12737,450,4
8857,12738,615,5
8858,12739,662,5
8859,12740,20,2
8860,12742,23,2
8861,12743,345,5
8862,12745,172,4
8863,12746,603,1
8864,12747,19,5
8865,12748,541,2
8866,12750,743,2
8867,12751,545,4
8868,12753,350,5
8869,12754,580,3
8870,12755,730,2
8871,12756,188,2
8872,12757,193,1
8873,12759,715,2
8874,12760,489,1
8875,12761,158,1
8876,12762,158,4
8877,12763,423,3
8878,12767,374,3
8879,12769,377,1
8880,12770,371,3
8881,12771,375,1
8882,12773,370,2
8883,12774,428,5
8884,12775,151,2
8885,12776,201,2
8886,12778,198,5
8887,12779,148,5
8888,12781,428,2
8889,12782,204,2
8890,12783,203,2
8891,12784,420,1
8892,12787,427,1
8893,12788,152,1
8894,12789,419,5
8895,12792,156,4
8896,12794,201,1
8897,12798,685,4
8898,12800,220,1
8899,12801,455,5
8900,12802,562,4
8901,12803,47,1
8902,12804,119,5
8903,12806,119,5
8904,12807,21,2
8905,12808,99,5
8906,12809,420,2
8907,12810,151,3
8908,12812,150,3
8909,12813,336,3
8910,12815,27,3
8911,12817,172,1
8912,12818,360,3
8913,12819,121,3
8914,12820,413,4
8915,12822,253,1
8916,12823,456,4
8917,12826,390,2
8918,12828,205,2
8919,12831,546,3
8920,12832,311,1
8921,12833,738,2
8922,12834,544,2
8923,12835,98,5
8924,12836,23,5
8925,12838,182,3
8926,12839,543,3
8927,12841,376,1
8928,12842,377,3
8929,12843,373,5
8930,12844,378,3
8931,12845,367,4
8932,12846,374,1
8933,12847,528,5
8934,12850,64,5
8935,12851,421,1
8936,12852,202,3
8937,12853,427,2
8938,12854,418,4
8939,12855,642,5
8940,12856,627,1
8941,12857,553,5
8942,12863,157,2
8943,12864,156,1
8944,12865,205,3
8945,12866,205,5
8946,12868,203,3
8947,12869,428,5
8948,12870,206,2
8949,12871,558,3
8950,12872,46,2
8951,12873,141,5
8952,12874,672,5
8953,12876,780,5
8954,12877,597,5
8955,12878,42,3
8956,12879,292,2
8957,12880,332,3
8958,12881,456,2
8959,12882,220,3
8960,12883,52,3
8961,12884,556,4
8962,12888,453,4
8963,12890,550,3
8964,12891,549,4
8965,12892,619,5
8966,12894,331,5
8967,12895,447,5
8968,12897,44,4
8969,12899,359,5
8970,12901,157,2
8971,12903,203,3
8972,12904,428,4
8973,12905,150,5
8974,12906,156,3
8975,12907,152,1
8976,12912,33,3
8977,12913,592,2
8978,12914,299,1
8979,12915,450,4
8980,12916,134,4
8981,12917,613,5
8982,12918,583,5
8983,12920,309,5
8984,12921,610,2
8985,12922,126,1
8986,12923,126,4
8987,12924,303,4
8988,12925,22,3
8989,12928,659,3
8990,12930,41,1
8991,12931,589,4
8992,12932,502,2
8993,12933,508,3
8994,12934,88,5
8995,12935,94,5
8996,12937,585,1
8997,12938,342,4
8998,12939,172,3
8999,12940,344,3
9000,12941,545,5
9001,12942,177,5
9002,12943,161,2
9003,12944,351,2
9004,12945,385,5
9005,12946,510,1
9006,12947,307,1
9007,12948,545,2
9008,12949,101,2
9009,12950,126,4
9010,12951,530,4
9011,12952,61,5
9012,12953,411,1
9013,12954,442,3
9014,12955,23,1
9015,12956,304,5
9016,12957,356,1
9017,12958,580,3
9018,12959,124,2
9019,12960,576,5
9020,12961,173,1
9021,12963,126,3
9022,12964,647,5
9023,12965,140,2
9024,12967,647,3
9025,12968,225,1
9026,12969,550,1
9027,12971,135,1
9028,12972,642,4
9029,12974,636,1
9030,12975,226,2
9031,12976,489,5
9032,12977,383,5
9033,12978,722,4
9034,12979,466,4
9035,12980,629,1
9036,12981,188,3
9037,12982,578,3
9038,12983,744,1
9039,12984,15,5
9040,12985,252,3
9041,12986,611,2
9042,12988,131,1
9043,12992,610,5
9044,12993,736,1
9045,12994,734,5
9046,12995,134,5
9047,12996,541,1
9048,12997,169,1
9049,12998,4,5
9050,12999,709,5
9051,13001,710,4
9052,13003,467,2
9053,13004,490,2
9054,13005,496,1
9055,13007,384,4
9056,13008,364,2
9057,13009,134,3
9058,13010,420,1
9059,13012,152,5
9060,13016,203,4
9061,13017,149,4
9062,13019,640,1
9063,13020,128,5
9064,13021,89,2
9065,13022,504,4
9066,13023,508,5
9067,13024,501,5
9068,13025,503,1
9069,13026,245,3
9070,13028,473,3
9071,13031,472,1
9072,13032,403,3
9073,13033,250,5
9074,13034,272,2
9075,13042,168,2
9076,13043,151,1
9077,13044,199,3
9078,13045,147,3
9079,13046,330,5
9080,13048,509,4
9081,13049,500,2
9082,13050,507,3
9083,13052,82,5
9084,13053,739,2
9085,13056,764,5
9086,13057,742,1
9087,13058,208,4
9088,13059,207,1
9089,13061,205,3
9090,13062,147,2
9091,13066,694,1
9092,13068,693,4
9093,13069,705,1
9094,13070,694,3
9095,13071,502,5
9096,13073,84,5
9097,13074,505,5
9098,13075,89,1
9099,13076,738,5
9100,13079,255,3
9101,13081,769,4
9102,13082,360,1
9103,13083,127,4
9104,13084,261,3
9105,13087,170,4
9106,13090,9,3
9107,13091,14,4
9108,13092,386,3
9109,13094,387,3
9110,13096,371,5
9111,13099,373,3
9112,13100,371,3
9113,13101,377,1
9114,13102,377,5
9115,13104,369,2
9116,13105,369,5
9117,13108,563,4
9118,13109,212,5
9119,13110,18,5
9120,13111,737,2
9121,13113,537,5
9122,13114,301,5
9123,13115,339,4
9124,13117,424,4
9125,13118,158,4
9126,13119,155,4
9127,13120,142,3
9128,13121,450,2
9129,13123,112,4
9130,13125,622,3
9131,13128,311,5
9132,13129,744,5
9133,13130,122,4
9134,13133,543,3
9135,13134,739,5
9136,13135,27,2
9137,13136,610,4
9138,13137,363,5
9139,13138,365,2
9140,13141,259,2
9141,13142,537,3
9142,13143,81,1
9143,13145,626,5
9144,13146,225,3
9145,13147,138,1
9146,13148,779,4
9147,13149,212,2
9148,13150,110,2
9149,13151,139,3
9150,13152,680,2
9151,13154,541,1
9152,13155,18,2
9153,13157,578,5
9154,13158,163,3
9155,13160,27,2
9156,13161,182,4
9157,13164,654,2
9158,13165,29,5
9159,13168,335,2
9160,13169,369,2
9161,13170,373,4
9162,13171,374,4
9163,13172,147,3
9164,13173,156,1
9165,13174,147,1
9166,13175,148,4
9167,13176,199,5
9168,13177,417,2
9169,13178,423,3
9170,13179,200,5
9171,13180,426,4
9172,13181,419,3
9173,13182,603,4
9174,13183,192,1
9175,13184,718,5
9176,13185,638,1
9177,13187,725,5
9178,13188,488,4
9179,13189,11,1
9180,13190,500,5
9181,13191,502,2
9182,13193,84,4
9183,13194,124,2
9184,13196,353,2
9185,13197,362,4
9186,13199,23,4
9187,13202,611,4
9188,13203,428,1
9189,13206,200,3
9190,13207,200,2
9191,13208,535,3
9192,13209,62,5
9193,13211,757,4
9194,13212,61,2
9195,13213,405,4
9196,13214,412,5
9197,13215,489,2
9198,13216,730,2
9199,13217,633,3
9200,13218,487,1
9201,13219,387,5
9202,13220,703,4
9203,13221,706,1
9204,13224,346,3
9205,13227,52,1
9206,13228,335,2
9207,13229,620,4
9208,13230,335,2
9209,13231,106,5
9210,13232,349,4
9211,13235,302,4
9212,13237,575,3
9213,13238,742,4
9214,13240,179,4
9215,13242,108,4
9216,13245,547,2
9217,13246,261,3
9218,13247,762,1
9219,13248,428,4
9220,13249,158,5
9221,13250,85,3
9222,13252,502,3
9223,13253,95,4
9224,13254,84,1
9225,13255,89,4
9226,13256,90,3
9227,13258,418,5
9228,13259,151,3
9229,13260,206,5
9230,13261,158,1
9231,13262,666,3
9232,13264,456,3
9233,13265,654,3
9234,13266,28,1
9235,13267,287,3
9236,13268,78,4
9237,13269,278,1
9238,13270,285,3
9239,13271,279,3
9240,13272,76,3
9241,13273,505,5
9242,13274,503,4
9243,13275,140,3
9244,13276,554,5
9245,13277,109,3
9246,13279,88,4
9247,13280,95,5
9248,13282,507,1
9249,13283,508,1
9250,13284,434,5
9251,13285,436,3
9252,13289,429,1
9253,13290,151,1
9254,13291,418,5
9255,13292,417,5
9256,13293,201,1
9257,13295,202,4
9258,13296,426,3
9259,13297,200,4
9260,13298,208,4
9261,13300,154,5
9262,13302,425,3
9263,13303,202,3
9264,13305,206,4
9265,13307,424,3
9266,13308,420,5
9267,13309,425,5
9268,13312,429,2
9269,13313,159,1
9270,13314,428,3
9271,13315,420,3
9272,13318,202,5
9273,13320,425,2
9274,13322,418,1
9275,13323,201,3
9276,13325,150,3
9277,13326,158,3
9278,13327,153,3
9279,13328,203,3
9280,13330,217,5
9281,13333,557,1
9282,13334,683,4
9283,13336,291,4
9284,13337,217,3
9285,13338,627,3
9286,13340,300,3
9287,13341,126,2
9288,13346,734,3
9289,13347,757,4
9290,13348,536,4
9291,13349,63,5
9292,13351,750,4
9293,13353,62,1
9294,13354,407,1
9295,13355,749,4
9296,13356,424,3
9297,13357,198,5
9298,13358,631,1
9299,13359,7,2
9300,13364,76,5
9301,13365,287,1
9302,13366,76,3
9303,13368,78,3
9304,13370,278,4
9305,13371,80,2
9306,13372,285,4
9307,13373,75,3
9308,13374,155,4
9309,13375,155,4
9310,13377,198,4
9311,13378,148,5
9312,13379,151,2
9313,13380,426,4
9314,13381,429,4
9315,13382,427,2
9316,13383,420,1
9317,13386,207,5
9318,13387,426,5
9319,13389,423,2
9320,13390,211,3
9321,13391,155,4
9322,13393,426,1
9323,13394,426,1
9324,13395,159,2
9325,13397,151,2
9326,13401,210,5
9327,13402,202,2
9328,13403,423,1
9329,13404,154,4
9330,13405,151,3
9331,13407,418,2
9332,13408,198,5
9333,13410,152,2
9334,13411,147,5
9335,13412,136,4
9336,13414,777,3
9337,13415,336,4
9338,13416,560,4
9339,13417,675,2
9340,13418,31,1
9341,13419,39,3
9342,13420,327,5
9343,13422,506,5
9344,13423,94,3
9345,13424,89,5
9346,13425,277,3
9347,13426,283,2
9348,13428,70,2
9349,13430,74,4
9350,13431,284,4
9351,13432,283,4
9352,13433,287,4
9353,13434,425,3
9354,13435,149,3
9355,13436,209,3
9356,13438,424,4
9357,13439,148,1
9358,13440,200,3
9359,13441,205,5
9360,13443,721,3
9361,13444,187,2
9362,13446,463,2
9363,13448,630,4
9364,13453,676,1
9365,13454,600,2
9366,13455,455,2
9367,13457,648,1
9368,13458,654,4
9369,13459,757,2
9370,13460,63,4
9371,13461,682,2
9372,13463,328,2
9373,13464,689,3
9374,13465,571,2
9375,13466,690,2
9376,13468,555,5
9377,13470,143,4
9378,13471,115,3
9379,13472,329,4
9380,13473,111,2
9381,13474,783,1
9382,13475,736,5
9383,13476,309,1
9384,13477,161,2
9385,13478,303,2
9386,13479,309,4
9387,13481,603,1
9388,13483,227,3
9389,13484,470,4
9390,13485,495,4
9391,13486,638,1
9392,13487,719,1
9393,13488,101,5
9394,13489,542,3
9395,13490,578,5
9396,13491,122,5
9397,13493,768,1
9398,13496,168,1
9399,13497,354,2
9400,13499,369,2
9401,13500,374,1
9402,13501,247,4
9403,13502,398,1
9404,13503,391,5
9405,13504,240,1
9406,13505,475,4
9407,13507,478,5
9408,13508,395,4
9409,13510,250,1
9410,13511,250,4
9411,13512,274,5
9412,13514,157,3
9413,13515,154,5
9414,13517,418,3
9415,13518,154,4
9416,13519,72,2
9417,13520,486,5
9418,13522,638,5
9419,13523,195,4
9420,13525,226,1
9421,13526,362,1
9422,13527,605,4
9423,13528,134,5
9424,13530,673,1
9425,13531,683,1
9426,13532,299,3
9427,13533,647,2
9428,13534,656,5
9429,13535,552,3
9430,13536,774,4
9431,13540,334,1
9432,13543,110,1
9433,13544,332,4
9434,13547,153,2
9435,13549,428,2
9436,13552,426,2
9437,13553,159,2
9438,13554,420,1
9439,13555,207,2
9440,13556,440,1
9441,13560,318,5
9442,13565,428,1
9443,13567,211,3
9444,13568,200,4
9445,13569,156,3
9446,13570,210,5
9447,13575,268,4
9448,13577,395,3
9449,13578,613,4
9450,13579,603,2
9451,13581,303,4
9452,13583,745,4
9453,13585,764,1
9454,13588,664,3
9455,13592,681,5
9456,13593,656,2
9457,13594,775,4
9458,13595,433,5
9459,13596,441,2
9460,13597,431,5
9461,13598,438,2
9462,13599,439,4
9463,13601,191,3
9464,13603,669,4
9465,13605,691,5
9466,13606,25,5
9467,13608,124,2
9468,13611,26,1
9469,13612,101,1
9470,13613,615,5
9471,13614,776,5
9472,13615,293,4
9473,13616,427,3
9474,13618,770,2
9475,13619,364,5
9476,13621,738,5
9477,13622,577,3
9478,13623,548,3
9479,13624,354,2
9480,13625,174,5
9481,13626,208,4
9482,13627,154,3
9483,13628,158,5
9484,13629,426,3
9485,13631,149,1
9486,13633,206,5
9487,13634,648,1
9488,13635,51,5
9489,13636,550,1
9490,13638,777,3
9491,13639,44,5
9492,13640,37,3
9493,13641,645,1
9494,13642,640,1
9495,13643,289,5
9496,13645,520,5
9497,13646,701,3
9498,13649,127,3
9499,13650,181,2
9500,13651,341,4
9501,13652,165,5
9502,13653,19,5
9503,13655,503,1
9504,13656,516,3
9505,13657,633,1
9506,13658,637,5
9507,13659,236,5
9508,13661,720,4
9509,13663,470,4
9510,13664,388,3
9511,13668,225,1
9512,13669,214,3
9513,13670,338,1
9514,13671,47,4
9515,13672,225,5
9516,13673,448,3
9517,13674,672,5
9518,13678,192,3
9519,13679,469,3
9520,13680,640,4
9521,13681,784,2
9522,13682,111,2
9523,13684,782,1
9524,13685,653,5
9525,13687,31,2
9526,13688,92,4
9527,13689,313,2
9528,13690,307,5
9529,13691,607,4
9530,13692,381,2
9531,13693,459,2
9532,13694,605,2
9533,13696,251,5
9534,13697,395,5
9535,13698,401,1
9536,13699,399,2
9537,13700,396,4
9538,13701,158,1
9539,13702,423,1
9540,13704,201,3
9541,13705,421,3
9542,13706,202,3
9543,13707,430,3
9544,13708,199,5
9545,13709,81,3
9546,13710,366,4
9547,13712,375,2
9548,13713,372,3
9549,13714,373,2
9550,13715,369,2
9551,13716,444,3
9552,13717,439,1
9553,13718,442,3
9554,13720,168,2
9555,13721,345,1
9556,13723,500,5
9557,13724,84,2
9558,13725,506,2
9559,13726,89,2
9560,13727,501,2
9561,13728,504,3
9562,13730,278,1
9563,13731,284,4
9564,13733,68,2
9565,13736,344,1
9566,13737,770,4
9567,13738,604,5
9568,13740,25,5
9569,13742,604,2
9570,13744,100,1
9571,13746,353,4
9572,13749,312,3
9573,13750,762,3
9574,13751,585,4
9575,13752,23,5
9576,13753,363,2
9577,13755,21,3
9578,13757,607,1
9579,13758,693,3
9580,13760,701,4
9581,13761,700,2
9582,13764,729,4
9583,13765,80,3
9584,13766,72,5
9585,13767,71,3
9586,13768,73,2
9587,13769,759,2
9588,13771,410,1
9589,13773,531,3
9590,13775,156,2
9591,13776,424,3
9592,13777,153,2
9593,13778,417,2
9594,13779,150,4
9595,13780,202,1
9596,13781,300,3
9597,13782,577,5
9598,13783,577,1
9599,13784,179,2
9600,13785,172,5
9601,13786,770,3
9602,13787,734,5
9603,13788,575,2
9604,13789,262,1
9605,13790,279,1
9606,13793,645,5
9607,13795,569,5
9608,13796,659,3
9609,13797,224,2
9610,13798,34,5
9611,13799,561,1
9612,13800,760,4
9613,13801,340,2
9614,13802,252,3
9615,13804,244,5
9616,13805,398,1
9617,13806,742,4
9618,13808,607,5
9619,13809,736,1
9620,13810,125,1
9621,13811,16,5
9622,13812,123,4
9623,13813,542,1
9624,13815,734,3
9625,13816,166,3
9626,13817,346,2
9627,13818,760,3
9628,13819,162,4
9629,13820,547,3
9630,13823,303,3
9631,13824,126,1
9632,13825,447,3
9633,13826,138,5
9634,13828,457,4
9635,13829,39,2
9636,13830,673,5
9637,13831,677,3
9638,13834,642,2
9639,13835,498,5
9640,13836,83,3
9641,13837,613,3
9642,13839,637,2
9643,13841,494,3
9644,13842,649,2
9645,13844,136,4
9646,13845,222,1
9647,13846,48,4
9648,13847,221,1
9649,13848,650,3
9650,13851,34,3
9651,13852,654,3
9652,13853,452,1
9653,13855,449,4
9654,13857,674,5
9655,13862,589,4
9656,13863,640,1
9657,13864,42,1
9658,13865,674,3
9659,13866,299,1
9660,13867,32,3
9661,13868,692,1
9662,13869,675,5
9663,13870,773,2
9664,13871,746,3
9665,13872,21,1
9666,13873,172,1
9667,13874,520,4
9668,13875,188,1
9669,13876,512,4
9670,13877,458,3
9671,13878,487,4
9672,13879,728,5
9673,13880,632,4
9674,13881,235,3
9675,13882,733,4
9676,13883,720,4
9677,13884,681,3
9678,13887,149,2
9679,13888,155,4
9680,13889,426,1
9681,13890,148,2
9682,13892,156,5
9683,13894,417,2
9684,13895,207,2
9685,13896,427,1
9686,13897,258,4
9687,13898,260,1
9688,13899,542,5
9689,13901,202,1
9690,13902,200,1
9691,13904,205,4
9692,13905,156,3
9693,13907,159,5
9694,13908,422,2
9695,13909,200,3
9696,13910,318,4
9697,13912,56,1
9698,13913,201,5
9699,13914,417,1
9700,13916,339,4
9701,13917,99,2
9702,13918,16,3
9703,13919,576,4
9704,13922,417,5
9705,13923,209,5
9706,13925,286,5
9707,13926,278,5
9708,13927,69,4
9709,13928,80,4
9710,13930,126,2
9711,13931,102,5
9712,13932,256,5
9713,13933,613,5
9714,13935,309,2
9715,13936,257,3
9716,13938,63,2
9717,13939,57,3
9718,13940,494,4
9719,13941,6,3
9720,13944,635,2
9721,13945,586,4
9722,13946,259,4
9723,13947,253,1
9724,13951,548,2
9725,13952,705,3
9726,13953,703,2
9727,13954,703,5
9728,13955,693,3
9729,13956,698,2
9730,13959,699,4
9731,13962,101,1
9732,13963,254,1
9733,13964,256,5
9734,13965,740,5
9735,13968,740,2
9736,13971,211,1
9737,13972,200,4
9738,13973,210,5
9739,13975,208,3
9740,13976,209,2
9741,13977,150,2
9742,13978,25,2
9743,13979,435,3
9744,13981,435,3
9745,13982,441,3
9746,13983,435,2
9747,13984,441,4
9748,13985,435,4
9749,13986,432,3
9750,13987,438,4
9751,13988,432,2
9752,13989,90,2
9753,13990,88,4
9754,13991,90,4
9755,13992,508,1
9756,13994,95,3
9757,13995,84,5
9758,13996,92,1
9759,13999,426,3
9760,14000,430,3
9761,14001,429,4
9762,14002,418,4
9763,14003,154,4
9764,14004,376,4
9765,14005,376,1
9766,14006,376,2
9767,14008,377,2
9768,14010,378,4
9769,14011,370,2
9770,14012,368,3
9771,14013,374,5
9772,14014,605,5
9773,14015,356,5
9774,14017,738,2
9775,14018,358,2
9776,14019,445,5
9777,14020,660,1
9778,14022,221,1
9779,14023,421,4
9780,14024,427,2
9781,14026,199,2
9782,14028,199,1
9783,14029,418,1
9784,14031,419,3
9785,14032,433,2
9786,14033,443,5
9787,14035,149,4
9788,14037,439,1
9789,14040,436,2
9790,14041,440,4
9791,14043,433,1
9792,14044,269,5
9793,14046,475,4
9794,14047,399,4
9795,14049,244,5
9796,14050,403,1
9797,14052,399,3
9798,14053,274,4
9799,14054,471,3
9800,14055,482,5
9801,14056,478,1
9802,14057,476,2
9803,14059,481,4
9804,14061,473,2
9805,14062,577,5
9806,14063,543,4
9807,14064,350,1
9808,14068,96,1
9809,14069,354,1
9810,14070,348,5
9811,14071,342,3
9812,14072,396,5
9813,14073,249,5
9814,14074,245,4
9815,14075,472,2
9816,14076,240,5
9817,14077,392,5
9818,14080,201,5
9819,14083,208,1
9820,14086,201,5
9821,14087,421,4
9822,14088,419,5
9823,14089,147,4
9824,14090,287,4
9825,14091,81,3
9826,14092,281,5
9827,14094,287,3
9828,14097,278,2
9829,14098,286,5
9830,14099,283,4
9831,14100,85,5
9832,14102,87,2
9833,14104,12,2
9834,14105,631,4
9835,14108,730,1
9836,14109,723,3
9837,14110,639,1
9838,14111,575,3
9839,14112,313,2
9840,14113,128,3
9841,14114,168,2
9842,14117,125,3
9843,14118,339,5
9844,14119,613,5
9845,14120,739,3
9846,14121,30,5
9847,14124,668,1
9848,14125,329,2
9849,14128,155,2
9850,14131,206,1
9851,14132,158,1
9852,14133,211,1
9853,14136,182,2
9854,14139,219,1
9855,14140,641,4
9856,14141,653,4
9857,14142,649,4
9858,14143,117,3
9859,14144,654,3
9860,14145,640,2
9861,14148,737,5
9862,14149,96,4
9863,14150,609,2
9864,14151,19,1
9865,14152,181,1
9866,14155,169,1
9867,14156,510,4
9868,14158,632,3
9869,14159,631,1
9870,14160,228,2
9871,14161,385,2
9872,14162,465,1
9873,14163,28,4
9874,14164,116,2
9875,14165,774,1
9876,14166,775,3
9877,14167,280,2
9878,14168,286,5
9879,14171,410,2
9880,14172,413,1
9881,14173,56,2
9882,14174,751,5
9883,14176,345,3
9884,14177,98,2
9885,14178,19,5
9886,14180,610,2
9887,14181,123,4
9888,14182,261,5
9889,14183,583,4
9890,14184,659,2
9891,14185,42,2
9892,14186,136,5
9893,14187,40,1
9894,14189,614,3
9895,14190,664,3
9896,14191,776,3
9897,14192,83,5
9898,14193,503,1
9899,14196,83,1
9900,14198,502,2
9901,14200,89,3
9902,14201,427,2
9903,14202,209,4
9904,14204,153,1
9905,14206,429,3
9906,14208,153,5
9907,14209,147,2
9908,14211,166,1
9909,14212,172,1
9910,14213,743,4
9911,14214,22,1
9912,14215,307,5
9913,14216,103,1
9914,14217,342,2
9915,14218,501,5
9916,14220,501,3
9917,14222,506,3
9918,14223,52,4
9919,14225,116,4
9920,14226,112,3
9921,14228,278,2
9922,14230,77,3
9923,14231,69,4
9924,14232,276,4
9925,14233,68,1
9926,14235,386,5
9927,14236,728,3
9928,14237,233,3
9929,14239,479,4
9930,14240,396,5
9931,14241,266,1
9932,14242,403,5
9933,14244,250,2
9934,14245,352,4
9935,14246,365,5
9936,14247,763,4
9937,14248,85,3
9938,14249,85,2
9939,14250,89,4
9940,14251,82,2
9941,14253,499,3
9942,14255,86,1
9943,14256,85,1
9944,14257,335,2
9945,14258,568,5
9946,14259,135,1
9947,14262,591,4
9948,14263,549,2
9949,14266,45,4
9950,14267,660,2
9951,14269,214,4
9952,14270,449,5
9953,14271,560,4
9954,14274,649,5
9955,14275,42,3
9956,14278,75,4
9957,14279,78,3
9958,14281,71,3
9959,14284,543,3
9960,14285,302,3
9961,14286,538,3
9962,14288,426,4
9963,14291,423,3
9964,14293,151,5
9965,14294,426,5
9966,14295,423,4
9967,14296,151,3
9968,14297,774,3
9969,14300,723,3
9970,14301,239,2
9971,14303,273,3
9972,14305,94,5
9973,14307,93,1
9974,14309,94,5
9975,14310,20,1
9976,14311,106,5
9977,14312,576,2
9978,14314,737,2
9979,14315,300,1
9980,14316,767,2
9981,14317,596,4
9982,14319,293,4
9983,14320,622,1
9984,14322,777,3
9985,14323,49,4
9986,14324,561,1
9987,14326,76,2
9988,14329,277,3
9989,14332,355,3
9990,14333,127,1
9991,14334,543,4
9992,14335,15,1
9993,14337,199,3
9994,14339,418,4
9995,14341,354,3
9996,14342,362,3
9997,14343,544,5
9998,14344,122,3
9999,14345,734,3
10000,14346,587,5
10001,14347,174,2
10002,14348,254,2
10003,14350,697,1
10004,14351,695,2
10005,14352,694,1
10006,14353,698,4
10007,14354,1,4
10008,14355,231,3
10009,14357,467,3
10010,14358,467,4
10011,14361,187,4
10012,14363,201,5
10013,14365,209,1
10014,14366,208,4
10015,14368,155,5
10016,14370,199,3
10017,14371,211,4
10018,14372,430,2
10019,14373,74,2
10020,14375,433,1
10021,14376,437,1
10022,14377,436,3
10023,14378,441,1
10024,14379,431,4
10025,14381,108,5
10026,14383,112,3
10027,14384,338,2
10028,14385,218,2
10029,14386,677,2
10030,14388,453,4
10031,14389,614,3
10032,14390,684,5
10033,14391,641,5
10034,14393,560,2
10035,14395,378,3
10036,14396,367,2
10037,14398,372,1
10038,14399,299,1
10039,14400,626,2
10040,14402,677,4
10041,14404,552,5
10042,14406,421,5
10043,14408,149,5
10044,14409,157,5
10045,14411,157,1
10046,14412,154,5
10047,14413,153,3
10048,14414,208,1
10049,14415,152,2
10050,14416,269,1
10051,14418,482,1
10052,14419,719,5
10053,14420,232,4
10054,14422,12,4
10055,14423,577,4
10056,14424,584,3
10057,14425,577,3
10058,14426,739,2
10059,14427,97,5
10060,14428,101,5
10061,14431,370,3
10062,14432,378,5
10063,14433,368,4
10064,14435,371,1
10065,14436,374,3
10066,14437,210,2
10067,14438,201,4
10068,14439,206,1
10069,14440,156,3
10070,14441,428,5
10071,14442,208,2
10072,14444,202,4
10073,14445,445,3
10074,14446,120,3
10075,14447,691,4
10076,14448,672,5
10077,14449,649,2
10078,14451,271,4
10079,14452,241,3
10080,14453,477,4
10081,14454,274,2
10082,14455,273,3
10083,14456,719,2
10084,14457,239,1
10085,14458,462,1
10086,14459,237,5
10087,14460,594,3
10088,14461,777,1
10089,14464,41,4
10090,14465,619,3
10091,14466,222,5
10092,14467,331,5
10093,14468,641,1
10094,14471,499,5
10095,14475,88,2
10096,14479,532,2
10097,14481,756,4
10098,14483,63,4
10099,14484,751,5
10100,14486,530,5
10101,14487,57,1
10102,14488,1,3
10103,14489,469,3
10104,14490,515,2
10105,14492,710,2
10106,14493,731,2
10107,14494,722,3
10108,14495,711,3
10109,14498,350,1
10110,14499,184,4
10111,14501,20,4
10112,14502,745,4
10113,14503,26,4
10114,14505,17,2
10115,14507,699,2
10116,14511,530,5
10117,14513,408,2
10118,14514,536,2
10119,14515,759,1
10120,14516,750,4
10121,14517,259,4
10122,14518,132,4
10123,14519,347,4
10124,14520,125,1
10125,14523,105,4
10126,14524,157,3
10127,14525,419,1
10128,14526,147,3
10129,14527,417,2
10130,14528,149,2
10131,14529,211,2
10132,14530,151,2
10133,14531,535,5
10134,14532,411,1
10135,14533,56,1
10136,14535,536,2
10137,14536,61,5
10138,14537,533,5
10139,14538,191,4
10140,14540,712,2
10141,14542,573,3
10142,14543,666,1
10143,14544,219,5
10144,14545,456,1
10145,14546,621,3
10146,14547,645,5
10147,14548,556,4
10148,14549,568,5
10149,14550,679,5
10150,14551,673,3
10151,14552,622,2
10152,14553,678,1
10153,14554,616,2
10154,14555,362,1
10155,14558,579,4
10156,14559,127,1
10157,14560,588,5
10158,14564,200,1
10159,14565,209,2
10160,14566,689,3
10161,14567,650,1
10162,14568,135,3
10163,14570,550,5
10164,14571,506,4
10165,14573,255,1
10166,14574,42,5
10167,14575,136,1
10168,14577,561,1
10169,14578,591,3
10170,14579,559,1
10171,14581,585,3
10172,14582,183,1
10173,14584,428,3
10174,14587,170,5
10175,14588,545,1
10176,14589,162,2
10177,14590,180,1
10178,14592,134,2
10179,14593,170,5
10180,14594,82,1
10181,14595,498,1
10182,14597,149,5
10183,14598,428,4
10184,14600,5,3
10185,14601,232,3
10186,14602,187,2
10187,14603,639,1
10188,14604,486,1
10189,14605,5,5
10190,14606,378,4
10191,14608,374,2
10192,14609,378,5
10193,14610,376,3
10194,14611,378,5
10195,14613,372,2
10196,14616,157,1
10197,14618,602,5
10198,14620,23,3
10199,14622,737,3
10200,14624,340,3
10201,14626,351,5
10202,14627,169,5
10203,14628,301,1
10204,14630,252,2
10205,14635,528,1
10206,14636,405,5
10207,14637,63,1
10208,14638,614,5
10209,14640,567,1
10210,14641,445,1
10211,14642,692,4
10212,14643,565,2
10213,14644,673,4
10214,14646,374,5
10215,14647,374,5
10216,14648,373,2
10217,14654,695,2
10218,14656,703,3
10219,14657,697,1
10220,14659,334,2
10221,14660,144,4
10222,14661,137,4
10223,14662,456,4
10224,14663,567,2
10225,14665,157,2
10226,14666,159,1
10227,14668,209,4
10228,14669,159,1
10229,14670,253,4
10230,14671,200,2
10231,14672,157,1
10232,14673,211,4
10233,14674,157,5
10234,14675,163,5
10235,14676,743,5
10236,14677,20,3
10237,14680,585,2
10238,14681,308,1
10239,14682,311,1
10240,14683,741,4
10241,14686,431,5
10242,14687,441,2
10243,14688,438,2
10244,14689,434,1
10245,14691,535,5
10246,14692,60,3
10247,14693,525,4
10248,14696,181,2
10249,14697,101,1
10250,14698,537,4
10251,14699,608,3
10252,14700,344,3
10253,14701,613,4
10254,14702,540,1
10255,14704,178,4
10256,14705,544,3
10257,14706,606,1
10258,14707,770,3
10259,14708,173,1
10260,14709,712,4
10261,14710,638,3
10262,14711,517,2
10263,14713,418,2
10264,14714,207,1
10265,14716,202,3
10266,14717,168,3
10267,14719,612,3
10268,14720,351,4
10269,14723,767,4
10270,14724,324,3
10271,14725,315,1
10272,14727,323,4
10273,14729,244,5
10274,14731,549,3
10275,14733,760,4
10276,14734,611,3
10277,14736,540,1
10278,14737,612,2
10279,14738,262,5
10280,14740,150,1
10281,14741,203,4
10282,14742,110,2
10283,14743,144,1
10284,14744,135,1
10285,14748,553,1
10286,14749,778,1
10287,14750,155,5
10288,14751,150,1
10289,14753,699,3
10290,14755,215,4
10291,14757,28,1
10292,14759,668,3
10293,14760,592,1
10294,14761,153,3
10295,14762,430,1
10296,14763,420,3
10297,14764,306,4
10298,14769,738,2
10299,14770,762,3
10300,14771,769,5
10301,14772,347,5
10302,14777,546,2
10303,14778,16,5
10304,14779,71,2
10305,14780,75,2
10306,14781,79,4
10307,14782,79,3
10308,14783,286,4
10309,14786,156,5
10310,14787,148,2
10311,14788,621,2
10312,14790,35,4
10313,14791,169,2
10314,14792,580,5
10315,14794,16,5
10316,14795,97,2
10317,14797,286,5
10318,14799,122,3
10319,14800,763,3
10320,14802,23,4
10321,14804,610,5
10322,14805,20,1
10323,14807,341,1
10324,14808,168,4
10325,14809,161,2
10326,14811,121,3
10327,14812,350,5
10328,14813,542,5
10329,14817,173,1
10330,14818,305,2
10331,14820,281,1
10332,14821,277,5
10333,14822,278,2
10334,14824,75,3
10335,14825,70,3
10336,14826,282,1
10337,14828,210,3
10338,14829,371,1
10339,14830,370,5
10340,14832,369,1
10341,14835,370,4
10342,14836,191,1
10343,14837,730,2
10344,14838,718,1
10345,14839,232,3
10346,14841,711,4
10347,14843,143,1
10348,14844,330,5
10349,14846,692,3
10350,14848,665,3
10351,14849,589,4
10352,14850,783,4
10353,14851,71,5
10354,14852,77,1
10355,14853,71,3
10356,14854,282,1
10357,14855,30,4
10358,14856,645,1
10359,14859,115,1
10360,14861,198,3
10361,14862,88,4
10362,14864,94,5
10363,14865,503,5
10364,14867,86,3
10365,14868,503,2
10366,14869,501,4
10367,14870,84,3
10368,14871,613,2
10369,14872,365,2
10370,14873,769,5
10371,14874,184,5
10372,14875,161,1
10373,14879,311,4
10374,14881,189,2
10375,14882,494,1
10376,14883,196,1
10377,14884,467,4
10378,14885,188,5
10379,14886,631,4
10380,14890,628,3
10381,14894,59,2
10382,14895,753,1
10383,14897,408,5
10384,14898,67,2
10385,14899,409,1
10386,14900,526,4
10387,14905,425,1
10388,14906,155,2
10389,14907,424,1
10390,14908,159,1
10391,14909,710,3
10392,14910,638,4
10393,14911,228,4
10394,14912,722,3
10395,14913,708,1
10396,14914,381,5
10397,14918,10,2
10398,14919,133,3
10399,14920,43,2
10400,14921,329,1
10401,14922,443,4
10402,14923,440,4
10403,14928,202,4
10404,14929,417,5
10405,14931,159,3
10406,14932,420,3
10407,14933,155,1
10408,14935,150,4
10409,14936,749,4
10410,14937,118,3
10411,14938,616,1
10412,14940,291,5
10413,14942,682,5
10414,14943,780,3
10415,14944,618,3
10416,14945,574,2
10417,14946,333,1
10418,14947,649,2
10419,14948,41,3
10420,14950,327,2
10421,14951,569,4
10422,14953,48,1
10423,14954,688,2
10424,14955,666,5
10425,14956,327,1
10426,14957,223,2
10427,14958,220,3
10428,14963,47,5
10429,14964,667,3
10430,14968,36,2
10431,14969,658,1
10432,14970,31,3
10433,14971,640,5
10434,14972,329,4
10435,14974,662,2
10436,14976,575,5
10437,14978,259,1
10438,14979,734,2
10439,14980,20,4
10440,14981,125,5
10441,14982,545,2
10442,14985,537,2
10443,14986,361,5
10444,14987,305,5
10445,14988,547,4
10446,14989,769,4
10447,14990,100,3
10448,14991,167,2
10449,14993,122,3
10450,14996,65,3
10451,14997,331,1
10452,14999,660,4
10453,15000,661,1
10454,15001,643,3
10455,15002,14,5
10456,15003,386,2
10457,15006,713,4
10458,15007,6,5
10459,15009,517,1
10460,15010,721,5
10461,15011,149,4
10462,15012,153,1
10463,15017,190,5
10464,15018,384,5
10465,15019,638,5
10466,15022,195,1
10467,15023,714,5
10468,15024,710,1
10469,15025,142,2
10470,15026,677,3
10471,15028,685,2
10472,15029,610,2
10473,15030,132,5
10474,15032,738,5
10475,15033,584,5
10476,15035,542,1
10477,15038,470,5
10478,15039,236,1
10479,15041,463,1
10480,15043,492,3
10481,15044,4,4
10482,15046,700,2
10483,15047,695,2
10484,15049,666,3
10485,15050,331,3
10486,15051,448,3
10487,15055,444,5
10488,15056,431,5
10489,15058,439,1
10490,15059,410,4
10491,15060,535,4
10492,15062,412,2
10493,15063,416,4
10494,15064,527,2
10495,15065,531,5
10496,15067,66,5
10497,15068,701,3
10498,15069,701,3
10499,15070,703,5
10500,15071,138,2
10501,15072,452,4
10502,15075,445,2
10503,15077,217,3
10504,15079,661,4
10505,15081,165,3
10506,15082,254,5
10507,15084,20,4
10508,15085,27,3
10509,15086,583,5
10510,15087,351,2
10511,15089,31,4
10512,15093,146,3
10513,15094,223,3
10514,15098,382,5
10515,15100,708,4
10516,15103,465,2
10517,15104,729,4
10518,15105,715,5
10519,15107,512,1
10520,15108,645,3
10521,15109,37,5
10522,15110,112,4
10523,15111,219,5
10524,15112,503,2
10525,15113,89,1
10526,15114,500,2
10527,15115,509,2
10528,15116,84,4
10529,15117,94,2
10530,15119,27,2
10531,15123,603,3
10532,15124,760,3
10533,15127,735,1
10534,15129,185,2
10535,15130,182,1
10536,15131,702,2
10537,15133,316,5
10538,15135,319,2
10539,15137,323,2
10540,15142,82,4
10541,15143,82,3
10542,15145,501,3
10543,15147,506,1
10544,15149,508,3
10545,15151,475,5
10546,15152,244,5
10547,15153,247,3
10548,15155,268,1
10549,15156,401,5
10550,15157,272,5
10551,15158,274,1
10552,15159,241,3
10553,15161,332,5
10554,15162,191,3
10555,15163,7,2
10556,15164,521,3
10557,15165,382,2
10558,15166,486,3
10559,15168,723,4
10560,15169,724,4
10561,15170,521,2
10562,15171,719,2
10563,15172,725,3
10564,15173,491,1
10565,15174,499,1
10566,15175,504,5
10567,15178,88,5
10568,15179,92,2
10569,15182,82,1
10570,15184,81,2
10571,15185,572,3
10572,15186,596,1
10573,15187,650,4
10574,15188,597,1
10575,15189,675,4
10576,15190,153,3
10577,15191,148,2
10578,15194,206,3
10579,15195,198,1
10580,15197,761,3
10581,15200,769,2
10582,15201,608,2
10583,15202,608,1
10584,15203,197,4
10585,15206,461,2
10586,15207,14,2
10587,15208,534,3
10588,15209,660,1
10589,15210,137,5
10590,15211,38,4
10591,15212,779,1
10592,15213,330,5
10593,15214,650,3
10594,15215,697,5
10595,15216,704,3
10596,15218,702,1
10597,15219,375,5
10598,15221,372,4
10599,15222,372,4
10600,15223,366,3
10601,15224,369,1
10602,15226,507,2
10603,15227,505,3
10604,15228,82,5
10605,15229,599,5
10606,15230,555,2
10607,15231,783,4
10608,15234,533,5
10609,15235,755,3
10610,15237,200,5
10611,15239,427,1
10612,15240,149,3
10613,15242,317,1
10614,15243,316,5
10615,15244,320,3
10616,15245,315,3
10617,15246,671,4
10618,15247,49,3
10619,15248,221,5
10620,15249,419,4
10621,15251,419,5
10622,15252,422,1
10623,15254,205,3
10624,15257,466,1
10625,15258,492,4
10626,15261,355,4
10627,15264,365,1
10628,15265,740,1
10629,15266,110,1
10630,15267,143,2
10631,15268,592,1
10632,15269,219,3
10633,15270,683,1
10634,15271,290,3
10635,15273,277,3
10636,15274,80,5
10637,15275,70,2
10638,15276,79,5
10639,15277,81,5
10640,15279,76,2
10641,15280,283,4
10642,15281,581,2
10643,15282,171,3
10644,15283,585,3
10645,15286,24,5
10646,15287,511,4
10647,15288,495,5
10648,15289,231,3
10649,15290,193,2
10650,15291,227,2
10651,15292,497,3
10652,15293,713,3
10653,15294,194,3
10654,15297,410,2
10655,15298,66,3
10656,15299,56,5
10657,15300,62,5
10658,15301,374,1
10659,15302,366,5
10660,15303,374,3
10661,15306,374,2
10662,15307,373,5
10663,15308,375,5
10664,15311,498,1
10665,15312,89,2
10666,15317,328,2
10667,15318,652,3
10668,15319,145,4
10669,15320,670,5
10670,15321,679,2
10671,15322,681,1
10672,15323,782,5
10673,15325,716,5
10674,15326,490,2
10675,15327,461,3
10676,15328,385,5
10677,15329,470,5
10678,15332,628,3
10679,15333,700,1
10680,15335,704,2
10681,15336,701,4
10682,15339,735,3
10683,15340,133,3
10684,15346,28,5
10685,15347,3,5
10686,15348,603,3
10687,15350,604,1
10688,15351,177,2
10689,15352,97,2
10690,15353,161,4
10691,15354,262,4
10692,15355,127,2
10693,15356,761,1
10694,15357,768,2
10695,15358,169,4
10696,15359,349,1
10697,15360,15,1
10698,15361,546,3
10699,15363,98,1
10700,15364,343,2
10701,15365,537,2
10702,15366,258,1
10703,15367,278,3
10704,15370,279,5
10705,15371,285,1
10706,15372,69,4
10707,15373,81,2
10708,15374,279,1
10709,15375,71,1
10710,15377,378,3
10711,15378,378,1
10712,15379,373,3
10713,15381,42,3
10714,15382,619,4
10715,15383,556,4
10716,15384,618,4
10717,15385,31,2
10718,15386,729,2
10719,15387,1,1
10720,15389,512,5
10721,15390,497,5
10722,15393,644,4
10723,15394,214,4
10724,15396,120,1
10725,15397,452,3
10726,15399,336,3
10727,15400,368,1
10728,15402,373,3
10729,15403,373,4
10730,15404,370,5
10731,15406,374,5
10732,15408,60,2
10733,15409,63,3
10734,15410,748,5
10735,15411,531,2
10736,15412,63,2
10737,15414,425,2
10738,15415,133,5
10739,15416,540,2
10740,15417,176,4
10741,15418,130,2
10742,15419,602,3
10743,15420,301,5
10744,15422,18,2
10745,15423,769,4
10746,15424,330,3
10747,15430,21,3
10748,15431,746,1
10749,15434,161,5
10750,15436,129,2
10751,15437,735,3
10752,15439,29,3
10753,15441,779,5
10754,15443,119,2
10755,15445,618,3
10756,15446,597,3
10757,15447,692,2
10758,15449,775,2
10759,15450,118,3
10760,15453,681,4
10761,15455,620,4
10762,15456,142,4
10763,15457,84,5
10764,15461,88,3
10765,15462,500,3
10766,15463,90,2
10767,15464,91,5
10768,15465,507,2
10769,15466,78,2
10770,15467,73,4
10771,15468,51,1
10772,15471,766,2
10773,15472,419,2
10774,15473,147,3
10775,15474,446,3
10776,15476,38,4
10777,15477,113,5
10778,15480,640,4
10779,15482,721,2
10780,15483,1,1
10781,15484,722,4
10782,15485,726,2
10783,15490,567,3
10784,15493,672,4
10785,15494,332,5
10786,15497,638,1
10787,15498,235,1
10788,15499,728,2
10789,15500,491,1
10790,15501,236,5
10791,15502,476,3
10792,15503,493,1
10793,15504,463,4
10794,15505,235,4
10795,15506,237,5
10796,15507,12,2
10797,15509,10,3
10798,15510,380,1
10799,15512,602,4
10800,15513,184,4
10801,15515,688,3
10802,15516,653,5
10803,15517,454,3
10804,15518,666,4
10805,15519,33,1
10806,15520,141,3
10807,15521,570,4
10808,15522,596,1
10809,15524,780,1
10810,15525,591,2
10811,15526,615,1
10812,15527,622,5
10813,15528,444,5
10814,15529,433,1
10815,15530,441,3
10816,15531,443,4
10817,15532,320,2
10818,15535,314,1
10819,15536,317,5
10820,15537,315,1
10821,15539,53,1
10822,15540,676,5
10823,15541,296,4
10824,15542,33,2
10825,15543,680,2
10826,15544,214,1
10827,15545,553,1
10828,15546,332,3
10829,15547,141,2
10830,15548,563,4
10831,15549,682,2
10832,15550,43,4
10833,15552,321,2
10834,15553,320,3
10835,15555,326,2
10836,15556,325,5
10837,15557,321,3
10838,15558,315,5
10839,15560,108,1
10840,15561,605,5
10841,15562,542,1
10842,15564,205,4
10843,15565,207,1
10844,15566,155,1
10845,15568,203,1
10846,15569,419,4
10847,15570,211,1
10848,15571,158,2
10849,15572,203,5
10850,15574,429,5
10851,15576,217,2
10852,15578,731,4
10853,15580,730,1
10854,15581,730,1
10855,15582,512,2
10856,15583,732,4
10857,15587,84,1
10858,15588,506,1
10859,15589,93,5
10860,15593,504,2
10861,15594,650,2
10862,15598,600,2
10863,15599,115,5
10864,15600,625,3
10865,15601,438,2
10866,15602,439,5
10867,15604,435,4
10868,15606,440,4
10869,15607,434,4
10870,15609,432,4
10871,15610,91,2
10872,15612,509,2
10873,15613,53,1
10874,15614,447,3
10875,15617,652,4
10876,15619,441,4
10877,15620,440,4
10878,15621,712,2
10879,15622,635,3
10880,15623,672,3
10881,15624,779,2
10882,15625,30,3
10883,15626,659,4
10884,15627,43,3
10885,15628,448,2
10886,15630,669,4
10887,15631,678,2
10888,15632,48,3
10889,15633,374,1
10890,15635,378,3
10891,15636,375,2
10892,15637,369,5
10893,15638,375,2
10894,15642,133,1
10895,15644,262,4
10896,15645,343,4
10897,15646,359,1
10898,15647,547,2
10899,15648,605,1
10900,15651,166,2
10901,15652,769,4
10902,15653,103,4
10903,15654,99,1
10904,15655,456,4
10905,15657,118,1
10906,15658,50,3
10907,15659,673,2
10908,15660,52,3
10909,15661,40,5
10910,15662,624,1
10911,15663,146,5
10912,15664,690,1
10913,15666,599,5
10914,15667,559,3
10915,15668,589,5
10916,15669,538,5
10917,15670,539,4
10918,15671,313,3
10919,15673,164,3
10920,15675,746,4
10921,15676,105,3
10922,15678,765,4
10923,15680,762,3
10924,15682,509,3
10925,15684,87,1
10926,15686,324,5
10927,15687,317,5
10928,15689,323,2
10929,15690,650,2
10930,15691,220,4
10931,15692,449,5
10932,15693,328,2
10933,15694,225,3
10934,15696,225,3
10935,15698,506,1
10936,15702,87,4
10937,15703,64,1
10938,15704,750,1
10939,15705,58,3
10940,15706,408,2
10941,15708,405,5
10942,15709,535,5
10943,15710,750,1
10944,15712,406,5
10945,15715,626,1
10946,15716,220,2
10947,15717,295,5
10948,15718,297,2
10949,15719,146,2
10950,15721,120,1
10951,15722,456,3
10952,15726,150,5
10953,15727,148,5
10954,15728,200,1
10955,15729,150,1
10956,15732,741,5
10957,15733,342,5
10958,15734,130,1
10959,15735,252,1
10960,15736,313,4
10961,15737,121,1
10962,15738,190,5
10963,15741,712,5
10964,15743,10,3
10965,15744,492,1
10966,15745,387,3
10967,15746,609,3
10968,15747,765,1
10969,15748,766,3
10970,15749,100,4
10971,15750,183,2
10972,15751,20,3
10973,15752,160,2
10974,15753,176,2
10975,15754,603,5
10976,15756,181,3
10977,15757,339,1
10978,15758,362,2
10979,15759,175,3
10980,15761,18,2
10981,15762,762,1
10982,15763,306,1
10983,15764,339,2
10984,15765,589,3
10985,15766,658,5
10986,15769,658,1
10987,15770,558,2
10988,15773,22,4
10989,15774,771,5
10990,15775,128,4
10991,15776,122,5
10992,15777,346,5
10993,15778,545,4
10994,15780,96,2
10995,15782,499,1
10996,15783,84,4
10997,15784,86,2
10998,15785,499,5
10999,15787,413,5
11000,15788,198,1
11001,15790,111,1
11002,15791,111,4
11003,15796,703,5
11004,15798,700,2
11005,15799,693,4
11006,15800,696,2
11007,15803,695,1
11008,15804,98,4
11009,15807,541,5
11010,15810,771,2
11011,15811,348,1
11012,15812,744,5
11013,15813,588,5
11014,15814,348,5
11015,15816,537,2
11016,15817,543,2
11017,15819,505,5
11018,15821,81,1
11019,15822,76,5
11020,15823,70,1
11021,15824,709,2
11022,15825,629,2
11023,15826,9,2
11024,15828,732,3
11025,15829,710,1
11026,15830,702,5
11027,15831,706,1
11028,15832,706,1
11029,15833,700,4
11030,15834,198,4
11031,15835,417,2
11032,15838,203,3
11033,15839,418,2
11034,15841,158,1
11035,15844,428,4
11036,15845,208,4
11037,15846,204,5
11038,15848,211,2
11039,15849,426,4
11040,15850,427,2
11041,15851,211,4
11042,15853,699,5
11043,15854,324,4
11044,15856,315,3
11045,15857,322,3
11046,15859,317,4
11047,15860,316,4
11048,15861,70,2
11049,15862,679,4
11050,15863,36,1
11051,15864,618,5
11052,15865,117,5
11053,15869,569,5
11054,15870,688,3
11055,15871,662,3
11056,15872,488,4
11057,15873,466,5
11058,15875,209,3
11059,15878,148,1
11060,15879,203,5
11061,15881,37,5
11062,15884,118,1
11063,15885,160,1
11064,15886,253,2
11065,15887,263,1
11066,15888,603,4
11067,15889,366,2
11068,15890,291,1
11069,15891,640,4
11070,15892,49,5
11071,15893,589,5
11072,15894,592,3
11073,15895,677,1
11074,15896,422,4
11075,15897,420,4
11076,15898,159,5
11077,15901,211,2
11078,15905,207,1
11079,15906,257,2
11080,15908,385,1
11081,15909,197,5
11082,15911,486,5
11083,15912,226,1
11084,15913,518,5
11085,15914,759,5
11086,15915,533,3
11087,15916,680,4
11088,15917,777,4
11089,15919,685,4
11090,15920,600,5
11091,15921,768,4
11092,15922,742,3
11093,15925,607,4
11094,15926,605,2
11095,15928,770,5
11096,15930,593,4
11097,15931,570,5
11098,15933,593,2
11099,15934,626,2
11100,15935,223,5
11101,15936,780,5
11102,15937,664,1
11103,15938,248,1
11104,15939,478,4
11105,15941,392,5
11106,15942,246,4
11107,15943,273,1
11108,15944,477,2
11109,15945,265,2
11110,15946,478,5
11111,15948,301,5
11112,15949,96,5
11113,15951,541,5
11114,15953,21,4
11115,15954,307,4
11116,15955,133,4
11117,15956,351,1
11118,15957,310,3
11119,15964,313,5
11120,15965,538,5
11121,15966,174,5
11122,15968,183,5
11123,15971,241,2
11124,15972,243,3
11125,15973,452,5
11126,15975,561,2
11127,15976,620,2
11128,15977,623,4
11129,15978,780,4
11130,15979,688,4
11131,15981,449,1
11132,15984,91,5
11133,15985,313,2
11134,15986,339,4
11135,15987,121,4
11136,15988,361,3
11137,15989,16,3
11138,15993,362,1
11139,15994,738,1
11140,15996,613,2
11141,15998,740,3
11142,15999,600,3
11143,16000,557,3
11144,16001,216,5
11145,16002,31,5
11146,16003,144,2
11147,16004,50,2
11148,16005,562,5
11149,16006,651,3
11150,16007,332,5
11151,16016,407,2
11152,16017,415,4
11153,16020,275,2
11154,16021,241,4
11155,16022,657,2
11156,16023,114,2
11157,16024,37,1
11158,16026,218,3
11159,16030,703,2
11160,16032,147,4
11161,16033,153,4
11162,16034,156,1
11163,16036,204,3
11164,16037,200,4
11165,16038,721,1
11166,16041,382,2
11167,16042,726,3
11168,16044,166,2
11169,16045,175,4
11170,16047,406,4
11171,16049,747,1
11172,16050,526,3
11173,16051,529,3
11174,16054,254,4
11175,16055,21,4
11176,16056,131,1
11177,16057,100,5
11178,16058,391,5
11179,16060,404,2
11180,16061,270,5
11181,16063,242,5
11182,16064,264,4
11183,16065,693,1
11184,16066,704,4
11185,16067,699,4
11186,16070,73,5
11187,16071,70,3
11188,16072,741,3
11189,16073,547,1
11190,16075,435,5
11191,16077,438,2
11192,16078,434,2
11193,16080,288,3
11194,16081,214,1
11195,16082,551,2
11196,16083,618,1
11197,16084,686,4
11198,16085,299,1
11199,16086,142,1
11200,16088,145,5
11201,16092,501,1
11202,16093,36,3
11203,16094,432,4
11204,16095,61,1
11205,16096,530,3
11206,16098,416,3
11207,16099,757,5
11208,16103,224,4
11209,16104,656,2
11210,16105,596,1
11211,16108,455,2
11212,16109,570,4
11213,16110,446,3
11214,16114,202,4
11215,16115,210,3
11216,16117,150,3
11217,16118,147,1
11218,16119,208,3
11219,16120,211,2
11220,16122,126,5
11221,16123,166,2
11222,16125,256,5
11223,16128,173,2
11224,16131,663,5
11225,16134,615,2
11226,16136,144,4
11227,16137,201,5
11228,16138,153,1
11229,16140,426,2
11230,16141,209,3
11231,16143,421,5
11232,16144,417,2
11233,16146,428,4
11234,16147,428,2
11235,16148,211,4
11236,16149,406,2
11237,16150,513,3
11238,16151,469,2
11239,16153,724,1
11240,16154,195,2
11241,16155,1,1
11242,16156,495,4
11243,16157,497,5
11244,16159,230,5
11245,16160,189,3
11246,16161,632,4
11247,16163,280,1
11248,16164,279,5
11249,16165,277,4
11250,16166,80,2
11251,16167,282,5
11252,16169,71,2
11253,16170,239,2
11254,16171,510,1
11255,16173,486,1
11256,16174,189,2
11257,16175,518,4
11258,16179,669,4
11259,16180,622,1
11260,16181,109,4
11261,16182,593,2
11262,16185,135,2
11263,16187,152,1
11264,16188,428,1
11265,16189,451,2
11266,16190,563,2
11267,16192,689,4
11268,16193,53,5
11269,16196,319,2
11270,16197,321,3
11271,16198,322,3
11272,16199,422,5
11273,16200,154,4
11274,16201,150,2
11275,16203,207,5
11276,16204,425,1
11277,16205,426,1
11278,16207,411,1
11279,16208,532,4
11280,16209,410,5
11281,16210,528,4
11282,16211,527,5
11283,16214,299,4
11284,16216,140,4
11285,16218,666,2
11286,16220,88,5
11287,16221,87,2
11288,16222,504,2
11289,16224,327,3
11290,16225,114,2
11291,16226,649,3
11292,16227,586,4
11293,16229,185,3
11294,16230,545,2
11295,16231,258,1
11296,16232,360,4
11297,16233,539,1
11298,16234,162,5
11299,16236,185,4
11300,16237,397,3
11301,16242,244,4
11302,16244,249,3
11303,16246,249,3
11304,16247,136,3
11305,16248,50,2
11306,16249,655,4
11307,16250,144,2
11308,16251,624,5
11309,16252,684,4
11310,16253,740,5
11311,16254,341,4
11312,16256,332,2
11313,16257,724,5
11314,16259,380,1
11315,16260,521,4
11316,16261,429,4
11317,16262,209,1
11318,16263,152,2
11319,16264,420,1
11320,16265,208,2
11321,16267,149,5
11322,16270,287,1
11323,16271,72,3
11324,16272,79,5
11325,16273,76,1
11326,16274,80,1
11327,16276,253,3
11328,16278,355,4
11329,16281,125,4
11330,16282,585,3
11331,16283,341,1
11332,16285,337,3
11333,16287,336,4
11334,16288,681,1
11335,16289,135,1
11336,16290,668,4
11337,16291,641,1
11338,16292,51,1
11339,16293,569,3
11340,16294,215,1
11341,16296,47,3
11342,16297,215,2
11343,16298,398,3
11344,16299,484,4
11345,16300,243,2
11346,16301,249,3
11347,16303,401,5
11348,16305,274,1
11349,16306,246,5
11350,16307,267,1
11351,16308,180,1
11352,16309,540,1
11353,16313,698,1
11354,16315,694,1
11355,16318,453,3
11356,16319,135,4
11357,16320,36,4
11358,16321,138,4
11359,16323,225,1
11360,16326,574,1
11361,16327,112,4
11362,16330,202,1
11363,16332,155,1
11364,16333,156,2
11365,16334,423,3
11366,16337,425,3
11367,16338,158,5
11368,16340,407,2
11369,16341,534,3
11370,16342,409,1
11371,16346,744,4
11372,16348,131,3
11373,16349,348,3
11374,16350,257,1
11375,16351,575,2
11376,16352,608,5
11377,16354,584,5
11378,16355,124,5
11379,16356,699,5
11380,16359,201,3
11381,16360,152,2
11382,16361,157,2
11383,16362,153,4
11384,16363,199,5
11385,16364,425,5
11386,16365,426,5
11387,16366,209,2
11388,16367,422,3
11389,16368,150,3
11390,16369,192,1
11391,16370,381,5
11392,16373,9,5
11393,16375,497,2
11394,16376,386,1
11395,16377,728,3
11396,16379,113,1
11397,16380,137,4
11398,16382,579,2
11399,16383,767,1
11400,16385,582,3
11401,16387,581,5
11402,16388,33,5
11403,16389,656,3
11404,16390,779,5
11405,16391,564,4
11406,16392,647,5
11407,16394,110,4
11408,16395,337,3
11409,16396,457,2
11410,16398,327,5
11411,16400,564,2
11412,16402,657,2
11413,16406,774,4
11414,16407,591,1
11415,16409,20,5
11416,16410,130,1
11417,16411,762,5
11418,16413,181,1
11419,16414,587,5
11420,16415,364,2
11421,16416,357,2
11422,16417,762,3
11423,16418,178,5
11424,16419,765,5
11425,16420,19,3
11426,16422,602,5
11427,16423,537,3
11428,16425,546,3
11429,16426,576,5
11430,16429,418,5
11431,16430,430,3
11432,16431,151,4
11433,16433,423,1
11434,16434,150,4
11435,16435,284,1
11436,16436,81,2
11437,16437,276,4
11438,16440,704,3
11439,16441,706,2
11440,16443,627,1
11441,16444,774,4
11442,16446,616,2
11443,16447,560,5
11444,16449,177,1
11445,16451,164,4
11446,16452,589,3
11447,16453,596,1
11448,16455,682,2
11449,16456,225,5
11450,16457,448,5
11451,16459,568,1
11452,16461,127,1
11453,16462,744,5
11454,16463,548,4
11455,16464,177,5
11456,16465,107,5
11457,16466,51,5
11458,16467,679,5
11459,16468,335,4
11460,16469,335,5
11461,16470,666,2
11462,16472,215,2
11463,16473,624,4
11464,16474,511,4
11465,16476,14,5
11466,16478,719,3
11467,16479,385,1
11468,16480,613,5
11469,16483,435,2
11470,16484,438,1
11471,16485,444,1
11472,16486,440,3
11473,16488,440,4
11474,16490,577,2
11475,16491,610,3
11476,16492,307,1
11477,16496,252,1
11478,16497,361,1
11479,16499,367,5
11480,16500,367,5
11481,16502,370,2
11482,16503,370,5
11483,16504,652,5
11484,16505,684,4
11485,16506,615,2
11486,16507,406,4
11487,16508,409,2
11488,16510,535,3
11489,16511,757,4
11490,16513,80,5
11491,16514,74,5
11492,16515,277,3
11493,16516,286,4
11494,16517,284,2
11495,16518,70,3
11496,16519,283,4
11497,16520,76,5
11498,16521,71,4
11499,16522,251,4
11500,16525,392,2
11501,16526,402,3
11502,16527,472,2
11503,16528,393,2
11504,16529,275,1
11505,16530,699,3
11506,16531,694,3
11507,16532,759,2
11508,16536,509,4
11509,16538,501,4
11510,16539,85,1
11511,16541,83,3
11512,16542,501,4
11513,16544,504,2
11514,16545,696,4
11515,16548,705,4
11516,16549,703,4
11517,16550,410,5
11518,16551,33,4
11519,16552,451,4
11520,16554,146,4
11521,16555,689,1
11522,16556,282,2
11523,16557,72,5
11524,16564,532,1
11525,16565,415,3
11526,16566,585,2
11527,16567,27,2
11528,16571,611,3
11529,16575,162,5
11530,16576,344,4
11531,16577,575,5
11532,16578,106,5
11533,16579,344,1
11534,16580,177,1
11535,16581,360,3
11536,16583,739,4
11537,16586,584,5
11538,16587,17,3
11539,16588,347,1
11540,16591,540,1
11541,16592,255,2
11542,16593,372,3
11543,16595,368,4
11544,16596,378,5
11545,16597,366,2
11546,16598,378,4
11547,16599,371,1
11548,16601,44,3
11549,16604,50,4
11550,16605,647,4
11551,16606,295,5
11552,16607,28,1
11553,16608,685,5
11554,16609,664,5
11555,16611,50,5
11556,16613,572,2
11557,16614,554,2
11558,16615,644,1
11559,16616,681,4
11560,16617,125,5
11561,16618,543,1
11562,16619,304,5
11563,16620,735,5
11564,16621,538,3
11565,16622,580,2
11566,16623,171,2
11567,16624,163,4
11568,16627,539,2
11569,16629,168,3
11570,16631,351,3
11571,16632,352,4
11572,16634,585,2
11573,16637,311,2
11574,16638,353,4
11575,16639,449,3
11576,16640,37,2
11577,16641,436,3
11578,16642,435,4
11579,16643,436,3
11580,16644,434,3
11581,16645,436,1
11582,16647,431,1
11583,16648,433,3
11584,16649,441,4
11585,16652,507,1
11586,16653,94,4
11587,16654,84,5
11588,16655,505,1
11589,16656,506,3
11590,16657,84,3
11591,16658,86,5
11592,16660,326,1
11593,16661,316,5
11594,16662,183,4
11595,16664,537,4
11596,16665,87,2
11597,16667,85,3
11598,16668,504,3
11599,16669,502,2
11600,16671,665,5
11601,16672,600,3
11602,16674,290,2
11603,16678,776,4
11604,16679,559,1
11605,16680,111,3
11606,16681,784,5
11607,16682,598,5
11608,16683,724,2
11609,16684,733,5
11610,16685,8,3
11611,16686,189,4
11612,16687,186,2
11613,16688,521,5
11614,16689,521,2
11615,16691,237,4
11616,16692,379,5
11617,16693,211,2
11618,16695,207,3
11619,16697,430,2
11620,16698,202,4
11621,16699,366,1
11622,16701,544,1
11623,16702,308,1
11624,16703,608,3
11625,16704,16,5
11626,16705,184,3
11627,16708,144,3
11628,16709,669,2
11629,16714,137,3
11630,16715,781,3
11631,16716,46,2
11632,16718,205,3
11633,16720,58,3
11634,16721,412,4
11635,16722,60,3
11636,16723,415,4
11637,16724,748,2
11638,16726,525,5
11639,16727,528,1
11640,16728,413,1
11641,16730,258,3
11642,16731,175,3
11643,16732,542,3
11644,16733,178,4
11645,16734,176,1
11646,16735,365,5
11647,16736,576,1
11648,16737,743,1
11649,16738,132,5
11650,16739,608,1
11651,16740,174,1
11652,16743,621,3
11653,16744,562,4
11654,16745,667,1
11655,16746,69,2
11656,16747,279,3
11657,16748,279,4
11658,16749,279,2
11659,16751,278,3
11660,16753,157,3
11661,16756,284,3
11662,16758,283,3
11663,16760,278,2
11664,16761,70,4
11665,16762,283,5
11666,16763,444,4
11667,16764,436,2
11668,16765,436,1
11669,16768,161,5
11670,16769,306,3
11671,16771,743,1
11672,16772,183,4
11673,16774,584,3
11674,16775,308,5
11675,16776,164,1
11676,16777,769,1
11677,16778,105,1
11678,16779,102,5
11679,16780,761,4
11680,16782,499,5
11681,16783,92,3
11682,16784,94,3
11683,16785,509,3
11684,16786,93,5
11685,16787,503,2
11686,16789,377,3
11687,16790,370,2
11688,16797,609,1
11689,16798,128,5
11690,16799,133,2
11691,16800,772,2
11692,16801,449,5
11693,16802,556,4
11694,16803,555,4
11695,16804,781,2
11696,16805,156,3
11697,16806,418,1
11698,16807,155,2
11699,16809,419,5
11700,16811,177,3
11701,16812,126,2
11702,16814,24,2
11703,16815,183,5
11704,16817,416,1
11705,16818,751,5
11706,16822,65,2
11707,16823,540,2
11708,16824,18,4
11709,16825,608,2
11710,16827,177,2
11711,16829,462,1
11712,16830,190,3
11713,16831,187,5
11714,16833,186,2
11715,16835,6,2
11716,16836,519,2
11717,16840,306,1
11718,16842,96,3
11719,16844,253,3
11720,16845,500,2
11721,16846,83,4
11722,16848,552,4
11723,16849,598,3
11724,16850,304,3
11725,16851,162,3
11726,16853,126,1
11727,16854,125,3
11728,16855,543,2
11729,16856,544,5
11730,16857,130,1
11731,16859,418,5
11732,16861,312,2
11733,16863,734,3
11734,16864,183,5
11735,16866,180,4
11736,16867,131,3
11737,16868,258,4
11738,16871,566,5
11739,16873,115,5
11740,16874,592,3
11741,16875,107,1
11742,16877,365,3
11743,16878,17,5
11744,16880,25,3
11745,16881,576,4
11746,16882,763,1
11747,16884,702,4
11748,16885,440,2
11749,16888,124,3
11750,16889,357,1
11751,16890,181,4
11752,16891,739,1
11753,16892,100,2
11754,16893,515,3
11755,16894,518,5
11756,16895,460,3
11757,16896,63,3
11758,16897,524,2
11759,16899,758,1
11760,16901,431,1
11761,16902,444,1
11762,16903,437,5
11763,16904,441,3
11764,16905,438,3
11765,16906,437,5
11766,16907,438,4
11767,16908,442,5
11768,16909,210,4
11769,16910,211,2
11770,16912,419,3
11771,16914,357,5
11772,16915,770,4
11773,16916,183,5
11774,16917,170,2
11775,16918,745,2
11776,16920,339,1
11777,16921,301,3
11778,16922,668,1
11779,16923,30,2
11780,16924,570,1
11781,16925,783,4
11782,16928,645,2
11783,16929,330,4
11784,16930,778,4
11785,16931,774,3
11786,16934,40,5
11787,16938,678,5
11788,16941,569,3
11789,16942,655,3
11790,16943,614,1
11791,16945,564,4
11792,16946,220,2
11793,16947,43,2
11794,16948,762,5
11795,16949,255,4
11796,16950,609,5
11797,16951,763,1
11798,16952,256,4
11799,16955,763,1
11800,16956,340,2
11801,16957,170,4
11802,16958,361,3
11803,16960,285,4
11804,16963,416,1
11805,16964,55,5
11806,16965,747,3
11807,16966,753,5
11808,16967,158,1
11809,16968,206,2
11810,16970,201,4
11811,16971,424,2
11812,16972,423,5
11813,16973,554,2
11814,16974,662,4
11815,16975,624,1
11816,16976,598,4
11817,16978,564,3
11818,16980,663,1
11819,16981,290,1
11820,16982,759,5
11821,16985,530,2
11822,16986,758,4
11823,16988,59,1
11824,16989,536,5
11825,16990,56,5
11826,16991,677,4
11827,16992,553,4
11828,16993,557,4
11829,16996,622,5
11830,16998,114,5
11831,17000,49,2
11832,17002,703,1
11833,17003,704,3
11834,17004,695,5
11835,17005,694,5
11836,17006,698,1
11837,17009,170,1
11838,17011,578,4
11839,17013,184,2
11840,17014,582,1
11841,17015,543,4
11842,17016,359,1
11843,17017,579,3
11844,17018,71,3
11845,17019,277,1
11846,17020,73,1
11847,17022,172,1
11848,17023,79,3
11849,17024,276,1
11850,17026,76,3
11851,17028,79,5
11852,17029,281,2
11853,17030,68,2
11854,17032,432,2
11855,17033,438,5
11856,17034,442,3
11857,17035,444,3
11858,17036,438,5
11859,17037,442,3
11860,17038,433,3
11861,17039,136,4
11862,17041,564,5
11863,17042,35,4
11864,17043,42,1
11865,17044,704,3
11866,17045,702,1
11867,17046,199,1
11868,17047,210,2
11869,17048,429,4
11870,17049,426,1
11871,17052,208,3
11872,17053,200,2
11873,17054,206,3
11874,17055,209,3
11875,17056,416,1
11876,17057,67,4
11877,17060,62,2
11878,17061,755,1
11879,17062,406,5
11880,17065,167,3
11881,17066,746,4
11882,17067,605,3
11883,17069,173,1
11884,17070,612,1
11885,17071,323,1
11886,17072,315,4
11887,17073,323,1
11888,17074,323,1
11889,17077,201,1
11890,17079,148,2
11891,17083,389,5
11892,17084,10,5
11893,17085,634,4
11894,17086,485,1
11895,17087,388,3
11896,17088,7,1
11897,17089,469,4
11898,17090,107,3
11899,17092,630,5
11900,17093,465,1
11901,17095,125,3
11902,17096,360,3
11903,17097,23,3
11904,17099,252,3
11905,17102,341,2
11906,17103,353,1
11907,17105,161,5
11908,17106,347,3
11909,17107,20,1
11910,17109,170,3
11911,17110,745,3
11912,17111,740,1
11913,17112,356,2
11914,17113,679,1
11915,17114,143,3
11916,17116,17,2
11917,17120,765,4
11918,17122,389,3
11919,17123,195,4
11920,17125,724,3
11921,17127,235,5
11922,17128,461,1
11923,17130,634,2
11924,17131,520,3
11925,17132,73,5
11926,17133,71,1
11927,17134,283,3
11928,17138,280,2
11929,17140,76,4
11930,17141,281,4
11931,17142,417,5
11932,17143,662,1
11933,17144,441,3
11934,17145,439,4
11935,17146,432,4
11936,17147,432,2
11937,17148,435,2
11938,17150,437,4
11939,17151,434,2
11940,17154,103,2
11941,17155,308,3
11942,17156,254,4
11943,17157,16,5
11944,17158,181,1
11945,17159,165,1
11946,17160,348,3
11947,17161,317,5
11948,17162,325,1
11949,17163,326,4
11950,17164,314,3
11951,17165,322,3
11952,17166,321,2
11953,17167,346,4
11954,17168,532,1
11955,17169,747,4
11956,17170,534,4
11957,17171,64,4
11958,17172,759,5
11959,17173,407,4
11960,17174,757,3
11961,17175,750,4
11962,17176,755,2
11963,17178,149,3
11964,17179,426,3
11965,17180,422,2
11966,17181,419,4
11967,17182,421,4
11968,17183,201,2
11969,17184,202,4
11970,17185,429,3
11971,17186,326,2
11972,17187,314,5
11973,17189,319,3
11974,17191,320,1
11975,17192,319,3
11976,17194,320,1
11977,17195,322,2
11978,17196,425,5
11979,17197,191,1
11980,17198,708,5
11981,17199,387,4
11982,17200,712,3
11983,17201,191,2
11984,17202,7,1
11985,17203,520,1
11986,17204,459,3
11987,17205,663,2
11988,17206,619,4
11989,17207,625,5
11990,17208,620,1
11991,17209,550,4
11992,17210,504,5
11993,17211,86,2
11994,17212,93,5
11995,17213,88,1
11996,17214,85,1
11997,17215,83,4
11998,17220,153,1
11999,17221,427,4
12000,17222,153,4
12001,17225,463,4
12002,17226,711,5
12003,17227,325,3
12004,17230,322,2
12005,17232,316,4
12006,17233,324,3
12007,17235,96,1
12008,17236,177,1
12009,17238,200,5
12010,17239,211,1
12011,17240,429,1
12012,17241,155,4
12013,17243,147,3
12014,17244,424,4
12015,17245,159,2
12016,17246,728,1
12017,17250,232,4
12018,17251,466,3
12019,17252,427,2
12020,17254,566,5
12021,17259,344,3
12022,17260,742,5
12023,17263,541,3
12024,17265,108,4
12025,17267,348,2
12026,17269,783,5
12027,17270,212,3
12028,17271,37,3
12029,17272,606,3
12030,17273,253,5
12031,17274,108,3
12032,17275,762,1
12033,17277,357,4
12034,17278,309,5
12035,17280,20,4
12036,17282,643,4
12037,17285,603,4
12038,17287,24,1
12039,17288,308,2
12040,17289,483,1
12041,17291,242,1
12042,17292,662,4
12043,17294,649,5
12044,17295,678,5
12045,17297,453,2
12046,17298,592,3
12047,17299,40,5
12048,17300,535,2
12049,17302,529,2
12050,17304,270,4
12051,17306,325,4
12052,17307,326,5
12053,17308,319,2
12054,17309,317,1
12055,17310,324,5
12056,17311,317,1
12057,17312,698,1
12058,17315,697,5
12059,17316,697,4
12060,17317,200,3
12061,17320,153,5
12062,17321,419,5
12063,17322,151,3
12064,17324,697,1
12065,17325,701,2
12066,17326,703,3
12067,17327,696,1
12068,17329,705,2
12069,17331,209,2
12070,17332,208,4
12071,17333,157,3
12072,17335,158,5
12073,17336,454,2
12074,17338,119,5
12075,17339,648,4
12076,17340,680,1
12077,17341,595,2
12078,17342,574,1
12079,17344,252,4
12080,17345,343,4
12081,17346,421,1
12082,17347,210,4
12083,17348,207,1
12084,17349,421,4
12085,17350,201,5
12086,17351,200,1
12087,17353,175,3
12088,17354,363,5
12089,17356,764,2
12090,17358,547,4
12091,17359,685,5
12092,17360,119,5
12093,17361,224,3
12094,17363,776,5
12095,17365,594,4
12096,17367,371,4
12097,17368,367,1
12098,17369,376,5
12099,17370,369,5
12100,17371,368,3
12101,17373,347,5
12102,17375,102,3
12103,17376,185,4
12104,17378,166,5
12105,17379,171,1
12106,17380,362,5
12107,17381,17,4
12108,17382,569,2
12109,17383,594,4
12110,17384,298,3
12111,17385,549,4
12112,17387,591,2
12113,17388,337,3
12114,17389,140,2
12115,17390,374,4
12116,17391,298,3
12117,17395,145,4
12118,17396,453,2
12119,17397,112,1
12120,17399,84,4
12121,17400,502,3
12122,17401,89,4
12123,17402,84,4
12124,17403,507,1
12125,17406,718,5
12126,17408,733,4
12127,17410,463,5
12128,17411,521,5
12129,17412,224,2
12130,17414,623,2
12131,17416,334,5
12132,17417,218,3
12133,17418,531,3
12134,17420,752,1
12135,17421,525,5
12136,17422,405,3
12137,17423,531,2
12138,17425,57,4
12139,17429,754,3
12140,17431,524,3
12141,17436,337,5
12142,17437,599,2
12143,17438,138,1
12144,17439,457,1
12145,17440,651,3
12146,17441,376,1
12147,17442,376,1
12148,17443,370,3
12149,17444,378,3
12150,17446,339,5
12151,17447,97,2
12152,17450,99,4
12153,17451,96,1
12154,17453,362,2
12155,17455,767,2
12156,17457,178,3
12157,17458,586,2
12158,17460,161,4
12159,17464,544,3
12160,17465,625,5
12161,17466,573,1
12162,17467,39,4
12163,17468,662,4
12164,17469,39,3
12165,17470,347,3
12166,17471,166,3
12167,17472,538,4
12168,17473,22,1
12169,17475,761,5
12170,17476,258,2
12171,17477,108,2
12172,17478,166,5
12173,17479,166,1
12174,17480,394,1
12175,17481,474,5
12176,17484,71,5
12177,17485,282,1
12178,17486,277,2
12179,17487,80,5
12180,17488,287,1
12181,17490,308,3
12182,17491,737,5
12183,17492,19,5
12184,17495,752,1
12185,17496,55,5
12186,17499,302,1
12187,17500,133,2
12188,17501,181,1
12189,17502,182,5
12190,17503,770,3
12191,17504,182,1
12192,17506,371,3
12193,17508,373,1
12194,17509,374,2
12195,17510,156,4
12196,17511,756,4
12197,17512,65,4
12198,17513,535,3
12199,17514,412,5
12200,17515,756,2
12201,17516,529,2
12202,17517,62,1
12203,17518,548,2
12204,17521,133,1
12205,17522,769,3
12206,17523,20,3
12207,17524,123,1
12208,17525,17,4
12209,17527,514,4
12210,17528,321,2
12211,17529,316,1
12212,17530,319,4
12213,17532,319,1
12214,17534,200,4
12215,17535,420,4
12216,17536,430,5
12217,17537,429,3
12218,17538,428,1
12219,17539,209,5
12220,17540,157,3
12221,17541,600,5
12222,17545,377,5
12223,17546,375,2
12224,17547,525,2
12225,17548,756,1
12226,17549,59,3
12227,17550,701,3
12228,17552,700,4
12229,17555,701,4
12230,17556,706,2
12231,17559,697,5
12232,17560,284,2
12233,17561,282,1
12234,17563,73,3
12235,17564,286,2
12236,17565,278,2
12237,17566,68,5
12238,17567,278,5
12239,17568,81,5
12240,17570,765,1
12241,17571,368,4
12242,17572,374,3
12243,17573,376,4
12244,17574,369,4
12245,17575,374,3
12246,17576,369,3
12247,17577,378,1
12248,17578,378,5
12249,17579,99,5
12250,17582,737,3
12251,17583,307,4
12252,17584,746,5
12253,17585,96,1
12254,17586,308,4
12255,17587,746,2
12256,17590,172,2
12257,17591,575,2
12258,17592,737,3
12259,17594,342,5
12260,17596,737,2
12261,17597,341,3
12262,17598,364,2
12263,17599,24,2
12264,17602,303,5
12265,17603,105,1
12266,17604,766,3
12267,17605,309,4
12268,17606,739,2
12269,17608,506,1
12270,17610,87,3
12271,17611,89,1
12272,17613,94,3
12273,17614,505,1
12274,17616,138,2
12275,17617,146,4
12276,17619,681,4
12277,17620,115,5
12278,17621,53,3
12279,17622,46,1
12280,17623,298,2
12281,17624,88,1
12282,17625,501,4
12283,17627,498,5
12284,17628,86,1
12285,17632,334,4
12286,17633,143,5
12287,17636,776,3
12288,17639,25,3
12289,17640,303,1
12290,17642,180,3
12291,17644,770,3
12292,17645,24,1
12293,17646,164,3
12294,17647,442,4
12295,17650,402,4
12296,17651,268,1
12297,17652,270,2
12298,17653,397,3
12299,17655,349,5
12300,17656,363,2
12301,17658,743,4
12302,17659,578,2
12303,17660,735,3
12304,17662,161,2
12305,17663,151,4
12306,17664,153,1
12307,17665,153,3
12308,17666,424,1
12309,17667,421,4
12310,17669,420,5
12311,17670,430,5
12312,17672,640,4
12313,17673,328,4
12314,17674,673,3
12315,17675,688,3
12316,17676,659,5
12317,17677,651,4
12318,17679,784,3
12319,17680,623,4
12320,17681,296,3
12321,17682,110,4
12322,17683,652,2
12323,17684,738,2
12324,17685,174,4
12325,17686,105,4
12326,17687,734,2
12327,17688,362,4
12328,17689,16,1
12329,17690,237,4
12330,17692,715,4
12331,17695,509,3
12332,17696,91,5
12333,17697,509,5
12334,17698,381,1
12335,17699,230,3
12336,17700,636,2
12337,17701,731,3
12338,17702,195,5
12339,17703,229,3
12340,17704,716,3
12341,17705,633,4
12342,17707,163,1
12343,17708,178,1
12344,17709,262,4
12345,17710,114,1
12346,17711,48,2
12347,17713,617,5
12348,17714,219,2
12349,17715,149,3
12350,17716,207,3
12351,17717,423,2
12352,17718,148,5
12353,17719,464,3
12354,17720,486,4
12355,17723,197,3
12356,17727,351,2
12357,17728,761,2
12358,17729,770,1
12359,17730,358,2
12360,17731,582,4
12361,17733,735,5
12362,17734,26,3
12363,17735,256,2
12364,17736,182,1
12365,17737,181,1
12366,17738,304,1
12367,17739,261,3
12368,17740,123,2
12369,17741,132,1
12370,17742,720,1
12371,17743,716,2
12372,17744,194,5
12373,17745,6,2
12374,17746,518,2
12375,17747,517,2
12376,17748,235,2
12377,17749,715,2
12378,17750,237,1
12379,17753,103,5
12380,17755,611,5
12381,17756,168,4
12382,17757,613,4
12383,17760,111,4
12384,17761,627,3
12385,17762,109,3
12386,17764,614,5
12387,17765,690,3
12388,17766,222,1
12389,17767,331,1
12390,17768,551,5
12391,17769,777,3
12392,17770,747,3
12393,17772,64,1
12394,17773,405,5
12395,17774,756,1
12396,17775,756,5
12397,17776,411,3
12398,17777,377,3
12399,17780,370,4
12400,17781,370,3
12401,17782,366,4
12402,17784,453,3
12403,17785,558,1
12404,17786,624,1
12405,17787,220,4
12406,17790,288,1
12407,17791,675,1
12408,17792,109,1
12409,17793,217,1
12410,17794,648,2
12411,17795,452,5
12412,17797,655,1
12413,17798,336,2
12414,17799,69,2
12415,17801,286,5
12416,17802,71,5
12417,17803,283,5
12418,17804,287,3
12419,17805,283,5
12420,17807,72,1
12421,17808,283,2
12422,17811,363,1
12423,17812,420,1
12424,17814,142,3
12425,17815,772,5
12426,17816,593,3
12427,17817,217,1
12428,17818,655,3
12429,17820,651,1
12430,17821,32,5
12431,17822,614,2
12432,17823,293,3
12433,17824,29,5
12434,17825,290,2
12435,17826,593,5
12436,17827,112,3
12437,17828,32,3
12438,17829,37,1
12439,17831,42,2
12440,17832,590,1
12441,17833,386,2
12442,17836,497,2
12443,17837,523,2
12444,17838,234,3
12445,17839,386,5
12446,17840,239,3
12447,17841,629,5
12448,17842,255,4
12449,17845,549,1
12450,17846,293,4
12451,17848,456,4
12452,17849,662,3
12453,17850,649,4
12454,17851,618,1
12455,17852,549,4
12456,17853,89,3
12457,17854,84,4
12458,17855,87,2
12459,17856,504,3
12460,17857,502,1
12461,17858,92,1
12462,17859,500,4
12463,17860,91,4
12464,17861,499,2
12465,17863,322,5
12466,17864,315,5
12467,17865,318,3
12468,17867,527,1
12469,17868,412,4
12470,17869,408,3
12471,17871,535,3
12472,17872,408,5
12473,17873,753,4
12474,17874,748,3
12475,17876,287,4
12476,17877,279,4
12477,17879,78,5
12478,17882,33,3
12479,17883,223,4
12480,17884,591,5
12481,17885,34,3
12482,17887,502,5
12483,17888,506,5
12484,17889,94,4
12485,17892,500,4
12486,17893,94,3
12487,17894,307,3
12488,17896,760,4
12489,17898,734,2
12490,17899,17,4
12491,17901,674,1
12492,17902,40,5
12493,17904,36,3
12494,17905,669,1
12495,17906,49,2
12496,17908,142,1
12497,17909,152,3
12498,17910,157,3
12499,17913,421,4
12500,17914,417,4
12501,17917,417,5
12502,17918,208,1
12503,17920,24,3
12504,17921,168,1
12505,17922,779,3
12506,17923,780,1
12507,17924,784,2
12508,17925,616,1
12509,17926,52,5
12510,17927,692,2
12511,17928,692,1
12512,17930,48,5
12513,17933,686,4
12514,17934,647,1
12515,17935,53,4
12516,17937,169,5
12517,17938,132,3
12518,17940,388,1
12519,17941,10,3
12520,17943,513,3
12521,17944,418,3
12522,17946,420,4
12523,17948,207,2
12524,17949,337,1
12525,17951,332,4
12526,17952,291,2
12527,17953,139,1
12528,17954,42,1
12529,17955,579,5
12530,17956,260,3
12531,17957,96,3
12532,17959,127,3
12533,17961,359,4
12534,17962,306,5
12535,17963,184,3
12536,17964,603,4
12537,17966,529,3
12538,17967,57,1
12539,17968,252,4
12540,17969,124,2
12541,17971,182,2
12542,17972,285,2
12543,17973,280,5
12544,17974,284,1
12545,17976,281,5
12546,17977,280,1
12547,17978,282,1
12548,17979,281,3
12549,17980,186,1
12550,17982,470,5
12551,17983,469,2
12552,17984,106,1
12553,17985,362,5
12554,17988,304,4
12555,17989,164,5
12556,17991,303,3
12557,17992,341,5
12558,17993,765,5
12559,17996,133,3
12560,17997,134,2
12561,17998,26,1
12562,17999,740,5
12563,18001,205,1
12564,18002,150,2
12565,18005,429,4
12566,18006,203,1
12567,18008,483,5
12568,18011,479,5
12569,18014,484,2
12570,18015,478,2
12571,18016,240,5
12572,18019,438,2
12573,18020,432,4
12574,18021,432,2
12575,18022,443,3
12576,18025,79,3
12577,18026,80,1
12578,18028,278,4
12579,18031,73,3
12580,18032,281,5
12581,18033,604,3
12582,18034,135,3
12583,18035,36,1
12584,18036,772,5
12585,18038,665,3
12586,18040,666,2
12587,18041,50,4
12588,18042,679,5
12589,18044,405,4
12590,18045,757,2
12591,18046,758,5
12592,18047,614,3
12593,18048,19,1
12594,18049,160,2
12595,18050,23,3
12596,18051,181,1
12597,18052,179,5
12598,18053,347,3
12599,18054,761,1
12600,18055,305,4
12601,18056,103,3
12602,18057,373,1
12603,18058,371,1
12604,18059,374,5
12605,18060,48,1
12606,18064,621,1
12607,18066,643,1
12608,18067,622,5
12609,18068,622,4
12610,18069,567,1
12611,18070,780,1
12612,18071,614,5
12613,18072,660,4
12614,18073,661,4
12615,18074,296,3
12616,18075,142,4
12617,18076,82,3
12618,18078,71,4
12619,18081,696,4
12620,18087,131,1
12621,18088,258,5
12622,18089,760,4
12623,18091,611,2
12624,18092,352,2
12625,18096,168,4
12626,18097,746,4
12627,18098,108,2
12628,18101,734,4
12629,18102,122,2
12630,18103,89,2
12631,18104,87,4
12632,18106,501,1
12633,18107,83,3
12634,18108,502,3
12635,18109,84,1
12636,18110,550,5
12637,18113,783,1
12638,18114,672,2
12639,18115,657,4
12640,18116,135,2
12641,18118,159,1
12642,18119,424,4
12643,18121,205,3
12644,18123,156,2
12645,18125,337,3
12646,18126,551,5
12647,18127,557,5
12648,18130,626,4
12649,18132,32,5
12650,18133,658,3
12651,18134,724,1
12652,18135,521,2
12653,18136,11,2
12654,18137,388,1
12655,18138,491,1
12656,18139,147,5
12657,18140,491,1
12658,18141,633,5
12659,18142,511,4
12660,18143,438,1
12661,18145,442,3
12662,18146,439,4
12663,18147,435,3
12664,18148,443,2
12665,18149,432,5
12666,18151,368,3
12667,18152,372,2
12668,18156,374,3
12669,18157,368,3
12670,18158,740,3
12671,18159,763,4
12672,18160,351,4
12673,18161,124,1
12674,18162,176,5
12675,18163,349,3
12676,18164,361,1
12677,18165,76,1
12678,18167,677,2
12679,18168,111,3
12680,18171,554,3
12681,18173,675,1
12682,18174,597,1
12683,18176,603,1
12684,18177,736,1
12685,18178,607,5
12686,18180,586,1
12687,18182,286,3
12688,18183,74,5
12689,18184,286,5
12690,18187,558,2
12691,18189,15,5
12692,18193,577,1
12693,18194,760,1
12694,18196,631,4
12695,18197,628,2
12696,18198,383,3
12697,18199,628,2
12698,18200,233,1
12699,18201,420,5
12700,18202,147,4
12701,18203,417,4
12702,18205,423,4
12703,18206,158,4
12704,18207,199,2
12705,18208,323,1
12706,18210,323,2
12707,18212,321,5
12708,18214,660,5
12709,18216,775,3
12710,18217,653,4
12711,18220,96,5
12712,18221,355,3
12713,18222,178,4
12714,18223,168,3
12715,18225,260,2
12716,18226,101,3
12717,18230,439,2
12718,18233,433,4
12719,18235,436,3
12720,18237,435,2
12721,18239,72,4
12722,18241,68,4
12723,18242,282,2
12724,18245,286,3
12725,18246,277,3
12726,18247,71,3
12727,18248,395,2
12728,18249,471,1
12729,18250,274,4
12730,18251,774,5
12731,18252,216,1
12732,18254,35,2
12733,18255,92,3
12734,18256,498,5
12735,18257,214,4
12736,18259,678,3
12737,18260,297,1
12738,18263,109,5
12739,18264,563,1
12740,18265,683,2
12741,18267,769,3
12742,18268,760,5
12743,18269,361,1
12744,18272,26,3
12745,18273,737,3
12746,18274,581,1
12747,18275,734,3
12748,18276,148,1
12749,18278,155,4
12750,18279,210,2
12751,18280,206,4
12752,18282,427,3
12753,18283,209,4
12754,18284,201,3
12755,18286,71,4
12756,18287,283,3
12757,18289,280,4
12758,18291,287,3
12759,18292,280,3
12760,18293,283,2
12761,18300,325,1
12762,18302,323,5
12763,18304,319,2
12764,18305,324,5
12765,18306,317,4
12766,18309,205,3
12767,18310,369,3
12768,18311,368,4
12769,18312,374,4
12770,18313,373,2
12771,18314,378,5
12772,18316,158,5
12773,18318,433,5
12774,18320,443,3
12775,18321,432,4
12776,18322,439,1
12777,18324,33,2
12778,18325,592,1
12779,18326,660,3
12780,18329,92,4
12781,18330,93,4
12782,18331,115,3
12783,18333,139,4
12784,18334,645,2
12785,18335,615,5
12786,18336,36,2
12787,18337,615,3
12788,18338,686,2
12789,18340,693,5
12790,18341,702,3
12791,18343,695,5
12792,18344,702,3
12793,18345,701,1
12794,18347,380,5
12795,18349,628,3
12796,18350,386,3
12797,18351,731,5
12798,18353,187,2
12799,18354,385,2
12800,18356,667,3
12801,18358,590,2
12802,18360,651,3
12803,18364,686,3
12804,18366,43,2
12805,18367,671,4
12806,18369,120,4
12807,18371,241,5
12808,18372,498,2
12809,18373,498,3
12810,18374,508,4
12811,18375,88,4
12812,18376,90,2
12813,18377,501,2
12814,18378,509,2
12815,18379,93,3
12816,18380,558,2
12817,18382,445,4
12818,18385,399,2
12819,18386,98,4
12820,18387,352,1
12821,18388,610,2
12822,18389,169,2
12823,18391,277,5
12824,18392,280,1
12825,18393,76,5
12826,18394,71,4
12827,18395,280,1
12828,18396,70,2
12829,18398,627,3
12830,18399,292,2
12831,18402,213,2
12832,18403,223,5
12833,18404,334,4
12834,18405,660,2
12835,18406,599,3
12836,18407,780,5
12837,18408,691,1
12838,18409,568,1
12839,18410,86,1
12840,18411,93,5
12841,18414,500,3
12842,18415,505,5
12843,18416,499,5
12844,18417,87,3
12845,18420,266,2
12846,18421,53,4
12847,18422,640,5
12848,18424,626,1
12849,18425,664,5
12850,18426,111,5
12851,18427,529,1
12852,18429,301,3
12853,18430,260,1
12854,18431,540,4
12855,18432,303,3
12856,18433,129,2
12857,18437,94,4
12858,18438,508,2
12859,18440,89,4
12860,18441,86,2
12861,18443,440,4
12862,18444,438,5
12863,18445,439,2
12864,18447,498,5
12865,18448,93,4
12866,18450,505,5
12867,18451,85,4
12868,18454,540,2
12869,18455,99,5
12870,18456,262,1
12871,18458,366,4
12872,18459,368,5
12873,18461,374,2
12874,18462,369,2
12875,18463,375,3
12876,18465,371,2
12877,18467,127,4
12878,18468,738,4
12879,18469,734,3
12880,18471,211,2
12881,18472,207,2
12882,18473,147,5
12883,18474,418,2
12884,18476,114,2
12885,18477,643,1
12886,18478,117,4
12887,18479,687,2
12888,18480,777,3
12889,18481,685,5
12890,18482,115,3
12891,18483,113,4
12892,18485,569,1
12893,18486,145,1
12894,18487,143,1
12895,18488,649,4
12896,18489,367,5
12897,18490,377,2
12898,18491,367,2
12899,18492,376,3
12900,18494,492,5
12901,18495,458,2
12902,18496,463,3
12903,18497,628,1
12904,18498,492,3
12905,18499,635,4
12906,18500,486,3
12907,18501,192,4
12908,18502,701,5
12909,18503,551,5
12910,18504,216,2
12911,18505,40,4
12912,18506,453,1
12913,18507,45,4
12914,18508,449,3
12915,18509,447,1
12916,18510,591,3
12917,18511,154,1
12918,18512,605,1
12919,18515,761,1
12920,18516,305,1
12921,18518,542,1
12922,18519,311,4
12923,18520,144,5
12924,18521,215,4
12925,18522,48,5
12926,18524,777,2
12927,18526,297,4
12928,18528,334,1
12929,18529,48,1
12930,18530,299,4
12931,18531,669,5
12932,18532,114,4
12933,18534,738,3
12934,18535,308,2
12935,18536,438,5
12936,18537,442,3
12937,18538,322,5
12938,18539,731,2
12939,18540,635,5
12940,18541,235,1
12941,18542,237,5
12942,18543,730,4
12943,18545,724,2
12944,18546,517,4
12945,18547,388,3
12946,18550,397,2
12947,18551,249,1
12948,18553,569,1
12949,18554,434,3
12950,18555,439,5
12951,18556,436,1
12952,18558,438,3
12953,18559,435,1
12954,18563,315,1
12955,18564,320,5
12956,18565,357,2
12957,18566,256,2
12958,18569,768,2
12959,18570,139,5
12960,18571,778,1
12961,18574,565,2
12962,18577,30,1
12963,18578,294,3
12964,18580,347,3
12965,18581,19,5
12966,18582,106,4
12967,18583,258,1
12968,18584,610,5
12969,18585,548,5
12970,18586,255,5
12971,18587,129,3
12972,18588,99,1
12973,18590,744,1
12974,18593,765,3
12975,18594,540,4
12976,18596,361,1
12977,18598,172,1
12978,18600,179,1
12979,18603,388,4
12980,18605,239,3
12981,18606,708,1
12982,18611,206,4
12983,18613,438,5
12984,18614,441,5
12985,18615,442,2
12986,18618,436,2
12987,18619,439,3
12988,18621,444,4
12989,18622,405,5
12990,18623,61,2
12991,18624,67,1
12992,18627,748,3
12993,18628,525,2
12994,18631,431,4
12995,18632,441,5
12996,18634,432,3
12997,18635,205,4
12998,18637,425,4
12999,18638,152,4
13000,18639,153,5
13001,18640,150,4
13002,18642,189,3
13003,18644,5,3
13004,18645,466,5
13005,18646,235,2
13006,18647,521,5
13007,18648,710,3
13008,18649,382,2
13009,18650,83,5
13010,18651,90,1
13011,18652,90,1
13012,18653,508,3
13013,18654,666,5
13014,18655,224,1
13015,18659,220,3
13016,18660,445,3
13017,18661,52,3
13018,18662,644,3
13019,18663,612,1
13020,18664,133,3
13021,18665,538,2
13022,18666,21,1
13023,18667,27,3
13024,18668,353,5
13025,18669,304,1
13026,18670,130,3
13027,18671,549,5
13028,18673,33,1
13029,18674,574,2
13030,18675,622,5
13031,18676,783,1
13032,18677,553,4
13033,18678,780,5
13034,18679,689,2
13035,18680,296,2
13036,18682,267,3
13037,18684,250,3
13038,18685,476,4
13039,18686,250,5
13040,18687,272,1
13041,18688,274,2
13042,18689,241,1
13043,18690,246,4
13044,18691,242,1
13045,18692,474,1
13046,18693,271,3
13047,18694,265,3
13048,18696,453,4
13049,18697,297,1
13050,18698,115,1
13051,18699,684,1
13052,18700,784,3
13053,18701,56,1
13054,18702,525,4
13055,18703,410,2
13056,18705,259,5
13057,18706,612,1
13058,18707,170,1
13059,18708,688,5
13060,18709,622,5
13061,18710,216,4
13062,18711,574,5
13063,18712,681,5
13064,18713,623,3
13065,18714,572,1
13066,18715,767,2
13067,18717,305,2
13068,18718,464,3
13069,18719,232,4
13070,18721,495,1
13071,18722,4,1
13072,18724,432,2
13073,18725,434,4
13074,18726,442,1
13075,18727,437,2
13076,18728,434,4
13077,18730,442,2
13078,18731,431,5
13079,18732,437,5
13080,18733,123,3
13081,18734,21,3
13082,18736,138,1
13083,18738,642,2
13084,18741,136,5
13085,18742,145,4
13086,18744,478,3
13087,18745,476,4
13088,18746,265,4
13089,18747,401,2
13090,18749,181,1
13091,18750,278,1
13092,18752,281,3
13093,18753,217,4
13094,18756,651,2
13095,18757,53,1
13096,18758,774,3
13097,18760,670,1
13098,18761,215,3
13099,18762,7,3
13100,18763,226,1
13101,18764,708,3
13102,18765,634,1
13103,18767,562,4
13104,18768,31,5
13105,18770,592,3
13106,18771,51,3
13107,18772,290,1
13108,18774,540,2
13109,18775,166,3
13110,18776,345,4
13111,18777,260,4
13112,18780,547,1
13113,18781,417,2
13114,18784,425,2
13115,18785,419,3
13116,18786,643,3
13117,18788,646,2
13118,18789,684,1
13119,18794,551,2
13120,18795,686,1
13121,18798,213,3
13122,18800,60,5
13123,18801,534,3
13124,18802,61,2
13125,18803,67,4
13126,18806,532,4
13127,18807,406,4
13128,18808,58,5
13129,18809,76,5
13130,18810,280,4
13131,18811,277,5
13132,18814,629,4
13133,18815,516,3
13134,18817,233,2
13135,18818,190,1
13136,18820,628,3
13137,18822,731,5
13138,18825,211,1
13139,18828,115,2
13140,18833,33,2
13141,18834,336,2
13142,18835,773,3
13143,18836,51,4
13144,18838,158,4
13145,18841,429,3
13146,18842,155,1
13147,18843,200,4
13148,18844,200,3
13149,18845,204,3
13150,18847,240,4
13151,18848,398,5
13152,18849,242,1
13153,18851,471,2
13154,18852,271,2
13155,18854,521,1
13156,18855,194,1
13157,18856,722,3
13158,18857,381,2
13159,18858,629,4
13160,18862,377,2
13161,18863,378,3
13162,18864,375,3
13163,18865,374,2
13164,18866,174,4
13165,18867,339,3
13166,18869,587,4
13167,18870,704,2
13168,18871,695,5
13169,18872,697,4
13170,18873,695,3
13171,18874,698,1
13172,18875,321,3
13173,18876,316,3
13174,18879,321,3
13175,18880,315,3
13176,18881,158,3
13177,18882,158,5
13178,18883,205,3
13179,18884,200,5
13180,18886,205,1
13181,18888,152,2
13182,18889,424,4
13183,18890,283,3
13184,18895,80,3
13185,18896,72,3
13186,18897,81,3
13187,18898,77,5
13188,18899,77,1
13189,18900,68,5
13190,18901,425,4
13191,18902,95,1
13192,18903,509,2
13193,18904,86,5
13194,18907,500,2
13195,18910,457,4
13196,18911,222,1
13197,18914,308,4
13198,18915,363,2
13199,18916,610,4
13200,18918,165,3
13201,18921,276,5
13202,18922,284,3
13203,18923,277,1
13204,18924,282,2
13205,18925,281,5
13206,18927,505,1
13207,18928,89,3
13208,18930,92,1
13209,18931,416,1
13210,18934,411,5
13211,18935,110,5
13212,18936,643,1
13213,18937,291,2
13214,18938,781,1
13215,18939,781,2
13216,18943,254,4
13217,18944,25,2
13218,18945,583,5
13219,18947,405,5
13220,18948,406,1
13221,18951,200,3
13222,18952,425,4
13223,18954,199,5
13224,18955,151,5
13225,18956,210,2
13226,18958,388,3
13227,18959,7,3
13228,18960,488,5
13229,18961,335,5
13230,18965,498,2
13231,18966,86,2
13232,18967,508,1
13233,18968,498,4
13234,18969,91,5
13235,18970,88,4
13236,18971,509,1
13237,18972,503,4
13238,18973,590,5
13239,18975,144,1
13240,18976,434,4
13241,18977,434,2
13242,18978,444,5
13243,18979,432,2
13244,18980,373,5
13245,18981,374,5
13246,18984,371,1
13247,18985,374,3
13248,18986,375,2
13249,18987,369,5
13250,18988,374,3
13251,18989,167,5
13252,18990,582,1
13253,18991,132,5
13254,18994,195,3
13255,19000,11,4
13256,19001,515,1
13257,19002,237,3
13258,19008,572,1
13259,19009,602,2
13260,19010,252,1
13261,19011,397,2
13262,19012,270,4
13263,19013,614,5
13264,19014,549,1
13265,19015,449,4
13266,19016,212,1
13267,19017,295,3
13268,19018,600,3
13269,19020,108,2
13270,19023,664,2
13271,19024,54,1
13272,19026,627,5
13273,19027,747,3
13274,19028,57,1
13275,19029,407,1
13276,19030,39,4
13277,19032,677,4
13278,19033,74,5
13279,19035,119,3
13280,19038,553,1
13281,19039,662,4
13282,19040,35,4
13283,19041,35,4
13284,19042,644,3
13285,19043,379,4
13286,19044,386,5
13287,19045,383,3
13288,19046,459,5
13289,19047,372,4
13290,19048,377,2
13291,19049,366,4
13292,19053,376,3
13293,19054,378,1
13294,19055,373,1
13295,19059,765,5
13296,19060,307,4
13297,19061,259,4
13298,19062,101,5
13299,19064,127,2
13300,19065,769,2
13301,19066,319,4
13302,19067,317,5
13303,19069,314,5
13304,19071,316,5
13305,19073,242,4
13306,19075,391,3
13307,19076,243,3
13308,19078,392,1
13309,19079,273,4
13310,19081,402,1
13311,19082,268,5
13312,19083,212,3
13313,19084,593,5
13314,19085,554,2
13315,19086,54,1
13316,19087,114,4
13317,19088,669,1
13318,19089,449,1
13319,19090,334,5
13320,19091,212,5
13321,19092,291,2
13322,19093,577,2
13323,19097,31,1
13324,19098,592,5
13325,19099,680,5
13326,19100,775,4
13327,19102,373,5
13328,19103,375,4
13329,19105,371,4
13330,19108,559,3
13331,19109,552,1
13332,19110,295,3
13333,19111,571,2
13334,19113,120,4
13335,19114,650,4
13336,19115,288,5
13337,19117,154,1
13338,19118,152,5
13339,19119,157,2
13340,19120,428,5
13341,19121,157,3
13342,19122,424,1
13343,19123,423,1
13344,19124,210,2
13345,19125,422,5
13346,19127,203,3
13347,19129,525,3
13348,19130,532,2
13349,19134,409,3
13350,19135,244,5
13351,19137,395,5
13352,19139,243,1
13353,19140,251,4
13354,19141,472,1
13355,19142,403,4
13356,19143,472,3
13357,19146,613,4
13358,19147,581,4
13359,19148,580,3
13360,19149,335,4
13361,19150,644,3
13362,19151,777,5
13363,19152,295,5
13364,19153,676,5
13365,19154,556,1
13366,19155,446,5
13367,19157,463,2
13368,19159,721,4
13369,19160,635,5
13370,19161,630,4
13371,19163,84,3
13372,19164,508,2
13373,19165,93,4
13374,19166,502,5
13375,19168,89,1
13376,19169,504,1
13377,19170,501,2
13378,19171,502,4
13379,19172,503,3
13380,19173,738,1
13381,19175,16,4
13382,19176,18,3
13383,19178,252,1
13384,19179,259,4
13385,19182,166,5
13386,19183,542,2
13387,19185,169,3
13388,19191,144,2
13389,19192,255,5
13390,19193,358,1
13391,19195,150,2
13392,19196,308,2
13393,19197,177,3
13394,19198,542,2
13395,19199,258,2
13396,19200,348,3
13397,19203,736,2
13398,19205,36,2
13399,19206,666,5
13400,19207,662,4
13401,19209,669,4
13402,19213,552,5
13403,19214,286,2
13404,19215,284,4
13405,19216,280,4
13406,19217,533,2
13407,19218,414,3
13408,19219,415,1
13409,19221,526,2
13410,19222,414,4
13411,19224,179,2
13412,19225,164,5
13413,19226,545,3
13414,19228,543,2
13415,19231,285,5
13416,19232,284,5
13417,19235,68,5
13418,19236,696,4
13419,19237,82,5
13420,19239,499,3
13421,19240,701,2
13422,19241,700,1
13423,19242,699,4
13424,19244,697,5
13425,19245,695,3
13426,19247,419,2
13427,19248,423,5
13428,19249,158,2
13429,19251,424,1
13430,19252,423,5
13431,19253,211,4
13432,19255,158,3
13433,19256,537,1
13434,19257,457,4
13435,19260,280,1
13436,19261,72,1
13437,19262,277,2
13438,19264,70,1
13439,19265,277,5
13440,19266,280,5
13441,19270,588,3
13442,19272,540,4
13443,19273,350,1
13444,19274,756,4
13445,19275,529,4
13446,19276,534,1
13447,19278,410,1
13448,19283,56,4
13449,19284,714,4
13450,19285,467,4
13451,19286,237,2
13452,19288,726,1
13453,19290,765,5
13454,19291,339,3
13455,19292,611,4
13456,19293,452,1
13457,19295,224,4
13458,19297,181,4
13459,19298,166,4
13460,19299,342,1
13461,19301,581,2
13462,19302,177,4
13463,19304,769,2
13464,19305,73,3
13465,19306,278,1
13466,19307,69,2
13467,19308,279,4
13468,19311,278,3
13469,19312,287,2
13470,19313,71,3
13471,19314,183,2
13472,19315,175,4
13473,19317,769,3
13474,19318,17,5
13475,19319,99,3
13476,19320,736,3
13477,19321,341,4
13478,19322,16,5
13479,19323,200,4
13480,19324,153,4
13481,19325,155,1
13482,19327,210,4
13483,19329,425,5
13484,19330,561,2
13485,19331,330,2
13486,19332,571,2
13487,19334,383,2
13488,19335,486,4
13489,19336,239,2
13490,19337,716,5
13491,19339,70,4
13492,19343,432,5
13493,19344,435,5
13494,19345,444,2
13495,19346,437,2
13496,19347,560,3
13497,19351,129,4
13498,19353,75,1
13499,19354,277,3
13500,19356,78,5
13501,19357,281,3
13502,19359,79,5
13503,19361,151,4
13504,19363,199,5
13505,19366,576,5
13506,19367,367,5
13507,19368,371,2
13508,19369,376,2
13509,19370,370,1
13510,19371,374,1
13511,19373,378,2
13512,19374,377,5
13513,19377,481,1
13514,19379,479,5
13515,19382,273,3
13516,19383,265,2
13517,19384,391,2
13518,19385,505,5
13519,19386,86,5
13520,19387,91,1
13521,19388,82,2
13522,19389,503,5
13523,19390,93,5
13524,19391,85,1
13525,19392,85,1
13526,19393,508,4
13527,19395,5,1
13528,19396,518,4
13529,19397,186,5
13530,19399,663,4
13531,19400,565,2
13532,19401,598,1
13533,19402,335,4
13534,19404,563,4
13535,19405,273,3
13536,19406,393,5
13537,19407,274,3
13538,19408,251,5
13539,19410,417,3
13540,19411,430,1
13541,19413,419,4
13542,19414,509,4
13543,19416,90,2
13544,19417,503,4
13545,19418,92,4
13546,19419,504,1
13547,19420,505,5
13548,19422,226,1
13549,19423,193,3
13550,19424,4,1
13551,19425,716,3
13552,19426,518,4
13553,19427,387,5
13554,19428,715,2
13555,19429,14,3
13556,19435,319,5
13557,19438,317,2
13558,19441,647,4
13559,19442,657,3
13560,19443,773,4
13561,19448,689,1
13562,19449,5,3
13563,19450,523,5
13564,19452,8,3
13565,19453,382,5
13566,19454,718,2
13567,19455,488,1
13568,19456,465,3
13569,19457,4,2
13570,19458,360,1
13571,19460,181,3
13572,19462,356,2
13573,19463,543,2
13574,19464,353,5
13575,19465,357,2
13576,19466,175,1
13577,19467,705,5
13578,19471,693,1
13579,19473,698,5
13580,19474,704,4
13581,19475,771,4
13582,19477,585,3
13583,19479,583,5
13584,19480,286,3
13585,19481,76,1
13586,19482,283,3
13587,19484,280,3
13588,19486,431,5
13589,19487,279,2
13590,19488,280,1
13591,19489,483,5
13592,19490,269,4
13593,19491,244,4
13594,19493,475,5
13595,19495,484,1
13596,19496,482,5
13597,19498,422,1
13598,19499,419,2
13599,19500,208,5
13600,19502,147,4
13601,19503,208,1
13602,19504,159,4
13603,19506,426,1
13604,19507,478,2
13605,19508,712,4
13606,19510,9,1
13607,19511,4,3
13608,19512,486,2
13609,19513,572,5
13610,19515,596,3
13611,19516,331,5
13612,19517,561,1
13613,19518,670,3
13614,19520,147,2
13615,19522,293,5
13616,19525,307,1
13617,19526,345,2
13618,19527,583,3
13619,19528,740,4
13620,19529,340,2
13621,19531,608,5
13622,19532,90,2
13623,19533,83,5
13624,19534,86,3
13625,19538,159,2
13626,19539,424,2
13627,19540,428,2
13628,19541,154,5
13629,19542,430,3
13630,19543,420,2
13631,19544,155,2
13632,19545,143,5
13633,19547,388,2
13634,19549,636,2
13635,19550,489,2
13636,19551,384,3
13637,19552,226,5
13638,19553,5,2
13639,19554,104,2
13640,19555,361,2
13641,19556,123,3
13642,19557,543,2
13643,19559,304,1
13644,19561,710,2
13645,19562,615,2
13646,19563,298,1
13647,19564,31,4
13648,19565,450,1
13649,19567,144,2
13650,19568,782,2
13651,19570,378,2
13652,19575,374,5
13653,19576,375,3
13654,19577,111,1
13655,19578,140,5
13656,19581,214,3
13657,19582,778,3
13658,19584,54,1
13659,19585,626,5
13660,19589,420,4
13661,19592,203,3
13662,19593,157,4
13663,19594,159,3
13664,19595,210,3
13665,19596,417,3
13666,19597,148,2
13667,19598,37,4
13668,19599,777,5
13669,19600,45,4
13670,19601,217,5
13671,19603,687,4
13672,19604,679,5
13673,19605,677,2
13674,19606,30,5
13675,19608,618,3
13676,19609,688,4
13677,19610,591,3
13678,19611,333,1
13679,19614,625,1
13680,19616,110,2
13681,19617,650,2
13682,19618,617,3
13683,19620,310,3
13684,19621,341,2
13685,19622,122,1
13686,19624,545,1
13687,19626,346,5
13688,19629,211,5
13689,19633,426,2
13690,19634,430,4
13691,19635,206,5
13692,19636,151,1
13693,19637,419,1
13694,19638,118,5
13695,19639,763,3
13696,19641,579,1
13697,19642,764,3
13698,19643,163,2
13699,19645,605,5
13700,19646,581,2
13701,19647,19,5
13702,19648,172,4
13703,19652,16,4
13704,19653,263,4
13705,19654,588,4
13706,19655,542,5
13707,19656,541,1
13708,19659,286,3
13709,19662,746,3
13710,19663,548,4
13711,19667,422,5
13712,19669,172,1
13713,19672,122,5
13714,19673,357,5
13715,19674,99,1
13716,19676,363,1
13717,19677,99,1
13718,19678,766,1
13719,19679,340,4
13720,19680,341,4
13721,19681,741,3
13722,19685,498,3
13723,19686,501,1
13724,19687,509,3
13725,19688,82,3
13726,19689,507,1
13727,19690,509,1
13728,19691,83,5
13729,19693,286,3
13730,19694,280,3
13731,19698,281,4
13732,19699,68,4
13733,19702,549,2
13734,19703,555,3
13735,19704,456,5
13736,19705,621,5
13737,19706,616,2
13738,19708,569,5
13739,19712,142,2
13740,19713,117,5
13741,19714,517,3
13742,19716,468,1
13743,19718,160,4
13744,19719,360,1
13745,19720,21,2
13746,19721,171,5
13747,19722,584,5
13748,19724,418,3
13749,19725,422,1
13750,19726,204,1
13751,19727,646,2
13752,19728,680,4
13753,19729,556,1
13754,19731,447,3
13755,19732,456,1
13756,19734,626,3
13757,19735,323,2
13758,19737,323,4
13759,19738,321,4
13760,19739,299,5
13761,19740,661,2
13762,19741,621,1
13763,19744,145,1
13764,19746,375,5
13765,19747,373,4
13766,19748,376,1
13767,19749,371,5
13768,19751,703,1
13769,19752,699,3
13770,19753,697,5
13771,19754,107,2
13772,19758,601,4
13773,19759,302,1
13774,19760,547,3
13775,19761,304,1
13776,19762,771,5
13777,19763,257,3
13778,19764,104,5
13779,19765,310,1
13780,19766,578,2
13781,19768,29,2
13782,19770,696,3
13783,19771,701,1
13784,19773,698,1
13785,19774,705,4
13786,19775,705,5
13787,19776,683,5
13788,19778,555,4
13789,19779,286,2
13790,19780,279,4
13791,19781,72,2
13792,19783,70,1
13793,19784,277,3
13794,19785,280,4
13795,19786,281,2
13796,19788,732,5
13797,19789,490,2
13798,19790,631,5
13799,19791,488,1
13800,19793,7,4
13801,19794,10,3
13802,19797,768,5
13803,19798,100,5
13804,19799,766,4
13805,19801,173,3
13806,19802,40,2
13807,19803,772,3
13808,19804,331,2
13809,19805,549,5
13810,19807,591,4
13811,19810,315,3
13812,19812,315,1
13813,19813,317,4
13814,19816,637,3
13815,19820,455,4
13816,19822,111,2
13817,19823,560,1
13818,19824,660,4
13819,19826,574,4
13820,19828,535,2
13821,19829,60,3
13822,19830,55,1
13823,19832,216,3
13824,19833,552,5
13825,19834,589,2
13826,19835,683,2
13827,19836,739,4
13828,19837,354,5
13829,19838,635,2
13830,19839,639,5
13831,19840,491,3
13832,19842,461,4
13833,19843,461,4
13834,19847,217,3
13835,19848,66,2
13836,19849,524,5
13837,19850,565,4
13838,19851,331,2
13839,19852,329,4
13840,19853,199,3
13841,19856,152,2
13842,19858,163,1
13843,19860,311,5
13844,19861,15,5
13845,19863,539,2
13846,19864,548,5
13847,19865,632,2
13848,19866,382,2
13849,19867,238,5
13850,19869,71,5
13851,19871,378,5
13852,19874,509,1
13853,19875,94,4
13854,19876,624,3
13855,19878,33,4
13856,19879,626,1
13857,19880,622,4
13858,19882,441,5
13859,19883,151,1
13860,19884,102,1
13861,19885,543,2
13862,19887,361,1
13863,19888,762,2
13864,19889,254,1
13865,19890,350,1
13866,19891,441,4
13867,19892,442,5
13868,19896,441,3
13869,19897,443,3
13870,19898,431,4
13871,19899,436,1
13872,19900,238,2
13873,19902,378,1
13874,19903,374,5
13875,19905,369,2
13876,19906,372,2
13877,19908,370,2
13878,19909,371,4
13879,19910,314,1
13880,19911,540,5
13881,19912,609,2
13882,19914,340,2
13883,19915,174,2
13884,19916,358,5
13885,19917,339,1
13886,19918,735,3
13887,19919,745,2
13888,19920,420,5
13889,19921,427,1
13890,19922,153,5
13891,19923,147,1
13892,19925,202,4
13893,19926,157,4
13894,19927,199,4
13895,19929,433,3
13896,19930,443,3
13897,19931,434,4
13898,19935,181,1
13899,19936,259,4
13900,19938,23,5
13901,19939,279,1
13902,19940,282,1
13903,19941,79,5
13904,19942,281,5
13905,19943,287,1
13906,19944,214,1
13907,19945,29,4
13908,19946,763,3
13909,19947,121,2
13910,19948,520,5
13911,19949,456,3
13912,19950,290,1
13913,19951,687,2
13914,19953,109,5
13915,19954,587,1
13916,19955,339,1
13917,19956,357,1
13918,19957,769,5
13919,19958,340,2
13920,19959,254,4
13921,19961,563,3
13922,19962,692,2
13923,19963,561,2
13924,19964,137,4
13925,19966,90,3
13926,19967,89,3
13927,19968,501,5
13928,19969,501,5
13929,19970,504,3
13930,19971,83,4
13931,19972,89,2
13932,19974,85,4
13933,19977,214,1
13934,19979,37,3
13935,19980,668,1
13936,19981,213,4
13937,19983,92,2
13938,19984,505,1
13939,19985,501,4
13940,19987,92,4
13941,19988,498,3
13942,19989,694,2
13943,19990,702,5
13944,19991,698,5
13945,19993,499,4
13946,19996,504,3
13947,19997,498,2
13948,19998,499,4
13949,19999,92,4
13950,20001,86,2
13951,20002,92,5
13952,20003,509,5
13953,20004,71,2
13954,20006,68,5
13955,20009,166,4
13956,20010,19,2
13957,20011,20,3
13958,20014,588,5
13959,20016,351,3
13960,20017,604,3
13961,20019,180,1
13962,20020,584,2
13963,20022,606,4
13964,20023,170,3
13965,20024,606,1
13966,20025,586,4
13967,20026,261,3
13968,20027,349,4
13969,20029,361,3
13970,20030,460,1
13971,20032,630,4
13972,20033,12,5
13973,20036,487,3
13974,20037,197,2
13975,20040,153,4
13976,20041,421,4
13977,20043,207,1
13978,20044,155,4
13979,20045,154,1
13980,20046,153,4
13981,20048,704,4
13982,20049,698,3
13983,20050,701,3
13984,20052,697,5
13985,20054,695,2
13986,20055,705,1
13987,20056,782,3
13988,20061,660,1
13989,20062,704,1
13990,20064,693,5
13991,20065,701,2
13992,20066,706,2
13993,20067,702,5
13994,20068,693,1
13995,20069,697,4
13996,20070,322,5
13997,20071,19,1
13998,20073,538,5
13999,20075,183,2
14000,20076,106,3
14001,20077,606,1
14002,20079,485,1
14003,20080,236,2
14004,20081,14,3
14005,20083,732,4
14006,20086,232,4
14007,20087,547,3
14008,20088,653,2
14009,20090,49,3
14010,20091,34,1
14011,20092,620,4
14012,20095,448,3
14013,20096,554,2
14014,20097,594,2
14015,20098,68,5
14016,20099,281,5
14017,20103,286,3
14018,20104,71,5
14019,20105,80,2
14020,20106,68,1
14021,20108,671,4
14022,20110,337,2
14023,20111,136,3
14024,20112,590,2
14025,20113,779,4
14026,20116,242,4
14027,20117,271,1
14028,20118,402,4
14029,20120,248,5
14030,20124,399,4
14031,20125,393,2
14032,20126,322,5
14033,20127,159,2
14034,20128,203,4
14035,20130,202,5
14036,20131,426,1
14037,20132,417,5
14038,20133,201,3
14039,20134,148,2
14040,20135,423,5
14041,20137,235,1
14042,20138,639,3
14043,20139,126,1
14044,20140,133,2
14045,20142,424,4
14046,20143,158,1
14047,20144,152,3
14048,20145,88,3
14049,20147,507,3
14050,20148,86,4
14051,20149,503,2
14052,20150,501,4
14053,20151,506,5
14054,20152,202,1
14055,20153,157,4
14056,20154,418,2
14057,20156,156,5
14058,20157,568,5
14059,20159,333,5
14060,20161,290,4
14061,20163,210,5
14062,20164,147,5
14063,20166,211,4
14064,20167,156,5
14065,20168,151,4
14066,20169,150,4
14067,20170,157,1
14068,20171,425,3
14069,20172,641,2
14070,20173,566,2
14071,20176,781,5
14072,20177,447,5
14073,20178,296,2
14074,20181,585,4
14075,20182,538,4
14076,20184,423,4
14077,20187,157,4
14078,20189,156,2
14079,20190,159,3
14080,20191,203,3
14081,20193,607,4
14082,20194,180,3
14083,20196,169,5
14084,20198,547,2
14085,20199,603,2
14086,20200,165,3
14087,20204,418,1
14088,20205,424,3
14089,20207,287,1
14090,20208,73,3
14091,20209,80,4
14092,20210,282,5
14093,20213,285,1
14094,20214,76,3
14095,20215,204,3
14096,20216,418,1
14097,20217,423,3
14098,20218,209,2
14099,20220,723,5
14100,20221,469,1
14101,20222,731,4
14102,20224,463,5
14103,20225,232,3
14104,20227,580,2
14105,20228,761,3
14106,20232,739,2
14107,20233,357,5
14108,20234,345,2
14109,20235,741,2
14110,20236,551,4
14111,20237,625,3
14112,20239,673,1
14113,20240,146,1
14114,20241,620,3
14115,20243,281,3
14116,20244,284,1
14117,20245,278,4
14118,20246,278,3
14119,20247,282,2
14120,20248,287,2
14121,20249,79,5
14122,20250,559,2
14123,20251,137,5
14124,20253,562,1
14125,20254,686,5
14126,20255,30,5
14127,20256,617,5
14128,20257,777,3
14129,20258,377,5
14130,20260,366,5
14131,20261,378,3
14132,20262,375,5
14133,20263,370,2
14134,20264,378,2
14135,20265,18,5
14136,20266,602,3
14137,20267,347,4
14138,20268,355,5
14139,20269,259,3
14140,20270,163,5
14141,20271,110,5
14142,20272,113,2
14143,20273,229,4
14144,20274,197,4
14145,20275,712,2
14146,20278,723,1
14147,20279,429,5
14148,20280,159,1
14149,20281,423,3
14150,20283,417,2
14151,20285,209,3
14152,20286,159,3
14153,20287,151,3
14154,20288,748,1
14155,20290,416,4
14156,20291,755,4
14157,20292,531,3
14158,20293,747,1
14159,20294,747,4
14160,20295,755,3
14161,20298,532,1
14162,20299,414,4
14163,20300,60,5
14164,20301,757,4
14165,20304,318,1
14166,20306,324,1
14167,20307,322,1
14168,20308,316,1
14169,20309,325,3
14170,20310,314,2
14171,20311,326,4
14172,20312,323,4
14173,20313,645,3
14174,20314,600,5
14175,20315,76,1
14176,20317,76,3
14177,20318,74,4
14178,20320,71,4
14179,20321,75,3
14180,20323,72,4
14181,20324,750,2
14182,20325,62,4
14183,20327,530,3
14184,20328,57,1
14185,20329,62,3
14186,20331,179,1
14187,20332,767,2
14188,20333,588,5
14189,20335,579,1
14190,20336,180,2
14191,20339,357,5
14192,20341,211,2
14193,20342,154,2
14194,20343,148,1
14195,20344,207,2
14196,20346,427,2
14197,20348,199,1
14198,20349,198,4
14199,20351,102,2
14200,20353,603,1
14201,20354,360,4
14202,20356,743,2
14203,20357,611,3
14204,20358,339,2
14205,20359,303,1
14206,20360,140,5
14207,20361,36,4
14208,20363,451,4
14209,20367,691,5
14210,20369,740,3
14211,20371,26,5
14212,20372,101,5
14213,20373,165,1
14214,20374,96,3
14215,20377,101,2
14216,20379,517,2
14217,20380,656,1
14218,20381,34,3
14219,20382,622,3
14220,20383,667,2
14221,20384,656,1
14222,20385,28,3
14223,20386,598,3
14224,20387,656,5
14225,20388,547,5
14226,20390,603,3
14227,20391,609,3
14228,20393,507,5
14229,20394,95,1
14230,20395,506,3
14231,20398,509,1
14232,20401,507,2
14233,20403,616,3
14234,20404,136,2
14235,20405,618,4
14236,20406,567,1
14237,20407,222,1
14238,20409,780,4
14239,20410,123,4
14240,20411,744,1
14241,20412,176,5
14242,20413,314,1
14243,20415,317,2
14244,20417,318,4
14245,20419,694,4
14246,20420,512,2
14247,20424,372,3
14248,20426,378,3
14249,20427,235,1
14250,20429,383,1
14251,20430,227,5
14252,20431,7,3
14253,20433,744,2
14254,20434,171,5
14255,20436,252,3
14256,20437,98,1
14257,20438,744,5
14258,20440,611,5
14259,20442,582,3
14260,20443,500,4
14261,20444,498,2
14262,20445,84,2
14263,20446,509,4
14264,20447,503,5
14265,20448,509,3
14266,20451,195,3
14267,20452,721,2
14268,20453,537,4
14269,20454,262,2
14270,20455,349,1
14271,20456,169,5
14272,20457,20,3
14273,20458,302,2
14274,20459,602,4
14275,20460,122,1
14276,20461,254,2
14277,20462,540,4
14278,20463,453,3
14279,20465,559,2
14280,20466,777,4
14281,20467,33,2
14282,20468,599,2
14283,20469,52,1
14284,20470,450,3
14285,20471,670,3
14286,20472,692,4
14287,20473,118,1
14288,20475,551,1
14289,20478,426,2
14290,20480,148,1
14291,20483,147,2
14292,20484,178,5
14293,20485,540,3
14294,20487,107,3
14295,20488,737,5
14296,20489,175,4
14297,20490,181,3
14298,20491,108,4
14299,20492,132,2
14300,20493,154,5
14301,20494,423,1
14302,20497,592,1
14303,20499,293,3
14304,20501,27,4
14305,20503,575,3
14306,20504,362,4
14307,20505,200,5
14308,20506,152,5
14309,20507,420,1
14310,20509,209,5
14311,20510,210,3
14312,20511,727,5
14313,20514,7,3
14314,20515,468,2
14315,20517,628,2
14316,20519,717,3
14317,20520,99,4
14318,20521,176,1
14319,20523,587,5
14320,20525,342,3
14321,20526,307,1
14322,20527,601,2
14323,20528,350,2
14324,20529,347,1
14325,20530,194,1
14326,20534,519,2
14327,20537,602,2
14328,20538,740,1
14329,20539,199,1
14330,20540,158,1
14331,20541,158,2
14332,20542,206,2
14333,20544,426,3
14334,20546,30,1
14335,20548,424,2
14336,20549,154,2
14337,20550,591,2
14338,20552,778,1
14339,20553,145,5
14340,20555,159,5
14341,20558,206,5
14342,20559,204,3
14343,20560,148,5
14344,20561,430,2
14345,20562,198,3
14346,20563,154,4
14347,20564,420,5
14348,20565,422,3
14349,20566,208,3
14350,20568,436,5
14351,20569,442,5
14352,20570,441,1
14353,20572,199,4
14354,20573,430,3
14355,20574,133,2
14356,20576,356,5
14357,20577,737,4
14358,20578,304,5
14359,20579,309,2
14360,20581,744,4
14361,20583,652,2
14362,20584,645,3
14363,20585,150,1
14364,20586,194,3
14365,20587,713,3
14366,20588,238,4
14367,20589,389,2
14368,20590,195,2
14369,20591,78,4
14370,20592,71,5
14371,20595,277,1
14372,20596,284,5
14373,20597,282,2
14374,20598,347,4
14375,20599,123,4
14376,20600,252,2
14377,20601,742,5
14378,20603,233,4
14379,20604,487,1
14380,20605,232,3
14381,20606,520,1
14382,20607,191,2
14383,20608,464,2
14384,20610,145,2
14385,20611,718,3
14386,20612,385,3
14387,20615,226,5
14388,20616,520,5
14389,20618,712,5
14390,20619,717,2
14391,20622,744,1
14392,20623,255,5
14393,20624,768,5
14394,20627,700,4
14395,20628,694,3
14396,20629,696,4
14397,20631,701,4
14398,20632,463,5
14399,20633,384,2
14400,20635,719,4
14401,20636,552,2
14402,20637,225,2
14403,20638,116,4
14404,20639,660,4
14405,20640,46,4
14406,20641,218,1
14407,20642,406,3
14408,20643,756,3
14409,20644,67,3
14410,20645,758,5
14411,20647,759,5
14412,20649,662,1
14413,20651,555,2
14414,20652,555,4
14415,20655,561,1
14416,20656,576,4
14417,20657,27,4
14418,20658,770,5
14419,20660,77,5
14420,20661,281,2
14421,20663,68,2
14422,20664,287,5
14423,20665,283,4
14424,20666,276,3
14425,20667,72,3
14426,20668,279,4
14427,20669,677,2
14428,20670,144,2
14429,20671,39,4
14430,20673,335,3
14431,20674,668,4
14432,20675,641,2
14433,20676,532,5
14434,20677,412,4
14435,20678,533,1
14436,20680,100,2
14437,20681,312,4
14438,20682,180,2
14439,20683,261,3
14440,20685,432,1
14441,20686,435,4
14442,20687,437,1
14443,20688,444,1
14444,20690,440,3
14445,20692,432,3
14446,20693,437,3
14447,20695,326,1
14448,20696,324,4
14449,20697,316,1
14450,20700,317,2
14451,20703,438,2
14452,20705,438,2
14453,20708,597,1
14454,20709,120,2
14455,20711,337,1
14456,20712,337,4
14457,20714,647,3
14458,20717,279,1
14459,20718,72,4
14460,20719,278,5
14461,20720,68,4
14462,20723,370,4
14463,20724,368,2
14464,20727,503,3
14465,20728,84,4
14466,20729,85,5
14467,20730,89,4
14468,20732,89,4
14469,20733,87,1
14470,20734,395,1
14471,20735,475,1
14472,20736,482,5
14473,20737,247,3
14474,20739,269,1
14475,20740,266,1
14476,20741,273,2
14477,20743,141,1
14478,20744,566,3
14479,20745,680,2
14480,20746,675,3
14481,20747,146,4
14482,20748,302,1
14483,20750,304,2
14484,20752,310,3
14485,20754,96,3
14486,20755,22,3
14487,20757,764,5
14488,20758,114,4
14489,20759,682,3
14490,20761,640,4
14491,20762,439,5
14492,20763,435,4
14493,20764,439,1
14494,20767,442,5
14495,20768,442,3
14496,20769,436,3
14497,20770,443,2
14498,20771,433,2
14499,20775,570,2
14500,20776,111,2
14501,20777,29,5
14502,20778,296,1
14503,20779,776,2
14504,20781,150,3
14505,20782,202,1
14506,20785,152,5
14507,20786,159,5
14508,20787,423,4
14509,20788,150,3
14510,20789,210,3
14511,20790,79,5
14512,20792,655,4
14513,20793,456,2
14514,20794,332,3
14515,20795,342,1
14516,20798,107,3
14517,20799,301,5
14518,20800,98,2
14519,20801,770,2
14520,20802,235,3
14521,20803,381,3
14522,20804,733,3
14523,20805,733,1
14524,20806,744,5
14525,20807,24,4
14526,20808,260,1
14527,20809,588,3
14528,20811,734,2
14529,20814,648,2
14530,20815,665,2
14531,20816,643,5
14532,20817,336,3
14533,20819,125,1
14534,20820,259,1
14535,20821,165,1
14536,20822,743,2
14537,20823,739,3
14538,20824,102,1
14539,20825,349,3
14540,20826,543,2
14541,20827,610,2
14542,20829,282,3
14543,20830,68,4
14544,20831,281,2
14545,20832,79,1
14546,20833,156,3
14547,20834,424,4
14548,20838,606,4
14549,20839,537,3
14550,20840,166,2
14551,20841,122,1
14552,20842,177,3
14553,20843,353,4
14554,20845,178,2
14555,20846,151,2
14556,20847,44,5
14557,20848,552,1
14558,20849,333,3
14559,20850,645,1
14560,20851,675,3
14561,20852,646,3
14562,20853,779,1
14563,20855,645,4
14564,20856,110,5
14565,20857,45,5
14566,20859,682,4
14567,20860,663,3
14568,20861,656,1
14569,20863,693,4
14570,20864,67,5
14571,20866,300,2
14572,20867,761,4
14573,20869,586,3
14574,20871,762,2
14575,20872,543,3
14576,20873,123,1
14577,20874,11,2
14578,20875,636,2
14579,20877,380,3
14580,20878,492,5
14581,20879,716,4
14582,20880,713,3
14583,20881,628,3
14584,20882,488,3
14585,20884,36,2
14586,20885,49,5
14587,20886,320,3
14588,20888,324,3
14589,20889,316,5
14590,20890,318,5
14591,20891,319,2
14592,20892,317,1
14593,20893,324,4
14594,20895,355,2
14595,20896,734,1
14596,20897,558,5
14597,20901,213,2
14598,20902,686,1
14599,20904,680,4
14600,20905,681,1
14601,20906,38,3
14602,20907,253,2
14603,20909,359,2
14604,20911,108,1
14605,20915,321,4
14606,20917,403,5
14607,20919,247,2
14608,20920,242,4
14609,20921,423,4
14610,20924,361,3
14611,20925,770,1
14612,20926,372,5
14613,20928,372,4
14614,20930,388,1
14615,20932,10,4
14616,20934,8,4
14617,20935,3,2
14618,20936,515,3
14619,20939,431,2
14620,20940,440,1
14621,20941,440,5
14622,20943,438,1
14623,20944,437,3
14624,20945,436,5
14625,20949,379,1
14626,20950,229,5
14627,20955,228,2
14628,20956,639,2
14629,20957,492,3
14630,20958,233,4
14631,20959,197,5
14632,20960,71,2
14633,20961,78,3
14634,20963,198,3
14635,20965,424,5
14636,20966,147,2
14637,20967,429,3
14638,20968,206,1
14639,20969,201,5
14640,20970,426,3
14641,20971,147,5
14642,20972,207,1
14643,20973,429,1
14644,20974,158,4
14645,20975,156,3
14646,20977,428,3
14647,20978,204,3
14648,20983,704,4
14649,20984,695,3
14650,20985,700,2
14651,20986,456,1
14652,20988,221,4
14653,20989,591,3
14654,20990,556,5
14655,20991,215,3
14656,20992,777,4
14657,20993,446,4
14658,20995,596,2
14659,20996,663,4
14660,20997,597,2
14661,20998,553,4
14662,20999,289,4
14663,21000,454,3
14664,21001,677,5
14665,21003,220,4
14666,21005,69,1
14667,21006,277,5
14668,21007,286,1
14669,21008,282,3
14670,21009,81,4
14671,21010,70,5
14672,21012,280,3
14673,21013,284,5
14674,21014,77,4
14675,21015,283,4
14676,21016,74,2
14677,21017,286,4
14678,21019,281,5
14679,21021,277,5
14680,21022,77,2
14681,21023,279,2
14682,21024,277,5
14683,21025,367,3
14684,21026,372,2
14685,21027,376,3
14686,21030,371,3
14687,21031,375,3
14688,21032,376,4
14689,21034,346,1
14690,21036,257,3
14691,21038,339,1
14692,21039,107,5
14693,21040,358,3
14694,21041,699,1
14695,21044,84,4
14696,21045,84,5
14697,21047,645,5
14698,21048,290,1
14699,21049,616,3
14700,21051,518,4
14701,21054,284,5
14702,21055,72,3
14703,21057,81,4
14704,21058,279,5
14705,21059,72,3
14706,21060,68,2
14707,21061,656,1
14708,21063,679,1
14709,21065,599,2
14710,21066,47,3
14711,21068,214,5
14712,21069,32,5
14713,21071,672,3
14714,21072,169,2
14715,21074,547,2
14716,21075,307,5
14717,21076,544,1
14718,21078,97,4
14719,21079,611,5
14720,21080,735,5
14721,21081,765,4
14722,21082,768,1
14723,21083,342,1
14724,21084,587,4
14725,21085,341,5
14726,21086,274,1
14727,21087,249,1
14728,21089,334,1
14729,21091,687,1
14730,21093,583,3
14731,21094,358,1
14732,21095,130,3
14733,21096,579,2
14734,21097,168,2
14735,21098,763,1
14736,21099,605,2
14737,21101,166,1
14738,21103,782,1
14739,21106,290,4
14740,21107,684,3
14741,21109,651,3
14742,21110,147,1
14743,21111,424,1
14744,21112,211,4
14745,21113,72,2
14746,21114,277,1
14747,21117,75,4
14748,21118,68,2
14749,21119,68,5
14750,21120,279,3
14751,21121,75,3
14752,21122,776,2
14753,21124,370,3
14754,21125,425,4
14755,21126,148,4
14756,21128,426,3
14757,21130,417,4
14758,21132,6,4
14759,21133,187,2
14760,21134,228,5
14761,21135,233,1
14762,21136,494,2
14763,21137,712,2
14764,21138,628,5
14765,21140,632,4
14766,21144,104,3
14767,21145,306,4
14768,21146,586,5
14769,21149,535,3
14770,21150,750,1
14771,21151,526,5
14772,21152,64,3
14773,21153,416,5
14774,21154,696,4
14775,21155,696,5
14776,21158,702,5
14777,21159,598,3
14778,21160,690,4
14779,21161,50,3
14780,21162,556,5
14781,21163,219,1
14782,21164,654,3
14783,21165,50,2
14784,21166,554,3
14785,21168,18,5
14786,21169,356,3
14787,21171,167,5
14788,21172,760,2
14789,21173,125,5
14790,21174,340,3
14791,21176,741,3
14792,21177,99,5
14793,21178,538,3
14794,21179,666,1
14795,21180,689,2
14796,21181,329,2
14797,21182,219,4
14798,21183,447,2
14799,21184,589,2
14800,21188,67,2
14801,21191,748,5
14802,21192,525,3
14803,21193,533,4
14804,21194,756,4
14805,21197,157,3
14806,21200,448,5
14807,21201,29,3
14808,21202,450,2
14809,21203,42,3
14810,21204,330,5
14811,21205,666,3
14812,21207,439,2
14813,21209,18,3
14814,21210,15,5
14815,21211,743,4
14816,21212,98,1
14817,21213,130,2
14818,21214,418,5
14819,21215,423,1
14820,21218,199,2
14821,21219,214,4
14822,21220,558,4
14823,21223,117,5
14824,21224,599,3
14825,21225,89,5
14826,21226,508,2
14827,21228,84,4
14828,21229,93,2
14829,21230,499,4
14830,21231,84,5
14831,21232,82,5
14832,21236,746,5
14833,21239,159,1
14834,21242,423,1
14835,21243,424,1
14836,21245,452,2
14837,21247,295,4
14838,21248,668,1
14839,21249,53,1
14840,21253,122,2
14841,21256,122,1
14842,21257,546,3
14843,21258,169,2
14844,21259,547,1
14845,21260,304,2
14846,21261,355,1
14847,21262,384,2
14848,21263,579,1
14849,21264,360,5
14850,21265,613,5
14851,21267,74,4
14852,21268,640,3
14853,21269,782,1
14854,21271,566,2
14855,21272,203,5
14856,21273,200,1
14857,21274,625,2
14858,21276,292,5
14859,21277,592,5
14860,21280,146,1
14861,21282,211,1
14862,21283,426,4
14863,21284,147,5
14864,21285,153,2
14865,21286,158,2
14866,21289,421,1
14867,21293,200,2
14868,21294,153,4
14869,21295,417,1
14870,21296,754,5
14871,21297,525,1
14872,21298,63,5
14873,21300,57,4
14874,21301,533,5
14875,21302,61,1
14876,21303,532,3
14877,21305,556,1
14878,21308,463,5
14879,21309,23,2
14880,21310,349,2
14881,21311,27,2
14882,21312,760,1
14883,21313,160,5
14884,21315,575,2
14885,21317,14,4
14886,21318,496,2
14887,21319,380,4
14888,21321,720,4
14889,21322,460,4
14890,21323,707,2
14891,21325,470,4
14892,21326,388,1
14893,21327,358,5
14894,21328,184,2
14895,21333,686,1
14896,21335,683,4
14897,21336,670,1
14898,21337,659,5
14899,21338,655,4
14900,21339,595,3
14901,21340,333,3
14902,21341,112,5
14903,21342,45,4
14904,21343,595,5
14905,21345,623,5
14906,21346,60,5
14907,21347,414,4
14908,21348,533,1
14909,21349,753,1
14910,21350,525,1
14911,21351,62,2
14912,21352,412,3
14913,21353,416,2
14914,21354,414,1
14915,21355,524,1
14916,21356,705,2
14917,21357,694,3
14918,21358,694,1
14919,21359,698,1
14920,21364,562,2
14921,21367,119,2
14922,21368,332,2
14923,21369,687,5
14924,21370,327,5
14925,21372,600,2
14926,21373,122,2
14927,21375,185,2
14928,21376,612,1
14929,21377,362,4
14930,21378,576,4
14931,21380,174,1
14932,21381,560,5
14933,21384,129,4
14934,21388,694,5
14935,21390,671,2
14936,21391,281,2
14937,21392,70,4
14938,21393,284,3
14939,21395,277,3
14940,21398,281,1
14941,21399,72,1
14942,21400,702,3
14943,21401,699,4
14944,21403,703,1
14945,21404,705,2
14946,21405,706,5
14947,21406,694,2
14948,21407,695,1
14949,21409,178,2
14950,21410,261,2
14951,21411,17,4
14952,21412,177,2
14953,21413,762,1
14954,21414,108,5
14955,21415,21,1
14956,21416,306,4
14957,21418,348,1
14958,21419,302,3
14959,21420,24,2
14960,21422,127,2
14961,21425,745,4
14962,21427,765,2
14963,21428,305,5
14964,21429,424,2
14965,21431,148,3
14966,21432,207,5
14967,21434,422,1
14968,21435,372,5
14969,21436,367,3
14970,21437,376,3
14971,21438,376,3
14972,21441,374,5
14973,21442,367,2
14974,21443,452,3
14975,21444,120,2
14976,21447,368,5
14977,21448,367,3
14978,21449,367,1
14979,21450,374,2
14980,21453,441,2
14981,21454,434,5
14982,21456,434,2
14983,21457,435,4
14984,21458,440,5
14985,21459,441,3
14986,21461,432,3
14987,21462,376,1
14988,21463,559,5
14989,21465,648,1
14990,21466,334,5
14991,21469,687,1
14992,21471,421,4
14993,21472,201,4
14994,21473,148,1
14995,21474,417,1
14996,21476,632,4
14997,21477,637,3
14998,21479,469,4
14999,21481,487,2
15000,21487,199,1
15001,21489,429,4
15002,21491,425,2
15003,21492,421,4
15004,21494,158,2
15005,21495,203,4
15006,21500,201,1
15007,21501,155,3
15008,21502,198,1
15009,21503,26,2
15010,21506,100,1
15011,21510,376,5
15012,21512,371,2
15013,21513,582,5
15014,21514,538,5
15015,21515,168,1
15016,21516,180,3
15017,21517,185,5
15018,21520,734,5
15019,21521,289,4
15020,21526,665,2
15021,21530,372,3
15022,21531,371,4
15023,21532,370,1
15024,21535,536,4
15025,21536,58,1
15026,21537,756,3
15027,21538,756,4
15028,21539,499,3
15029,21540,86,4
15030,21541,777,2
15031,21542,670,2
15032,21544,683,5
15033,21545,450,2
15034,21546,778,3
15035,21547,645,3
15036,21548,646,5
15037,21549,330,1
15038,21550,44,5
15039,21552,563,2
15040,21554,774,4
15041,21555,36,1
15042,21556,330,5
15043,21557,293,1
15044,21558,295,1
15045,21559,616,3
15046,21560,164,2
15047,21561,161,5
15048,21564,739,5
15049,21566,723,2
15050,21568,238,2
15051,21570,287,3
15052,21571,79,1
15053,21573,181,5
15054,21576,259,4
15055,21578,332,1
15056,21579,290,4
15057,21581,663,4
15058,21583,113,4
15059,21587,575,1
15060,21588,766,1
15061,21589,23,5
15062,21591,581,2
15063,21592,299,4
15064,21594,642,3
15065,21596,626,5
15066,21599,327,2
15067,21600,36,3
15068,21602,7,5
15069,21603,638,2
15070,21604,192,3
15071,21607,708,5
15072,21610,242,4
15073,21614,267,5
15074,21615,478,4
15075,21616,473,1
15076,21617,395,5
15077,21618,402,2
15078,21620,649,5
15079,21621,571,5
15080,21622,143,2
15081,21623,212,5
15082,21624,682,3
15083,21626,285,5
15084,21627,284,2
15085,21628,279,3
15086,21629,277,1
15087,21630,284,5
15088,21631,79,3
15089,21632,276,4
15090,21634,19,3
15091,21635,343,2
15092,21636,582,1
15093,21637,588,1
15094,21638,588,3
15095,21639,259,1
15096,21643,734,4
15097,21644,181,2
15098,21647,167,2
15099,21648,344,3
15100,21649,122,2
15101,21650,766,4
15102,21651,255,1
15103,21652,613,2
15104,21655,503,5
15105,21658,503,2
15106,21659,498,4
15107,21660,434,5
15108,21661,82,5
15109,21662,509,5
15110,21663,90,4
15111,21664,502,1
15112,21665,54,5
15113,21666,600,1
15114,21667,649,1
15115,21668,777,5
15116,21669,29,2
15117,21670,776,5
15118,21672,454,5
15119,21673,495,3
15120,21674,724,2
15121,21676,488,2
15122,21677,13,4
15123,21678,384,2
15124,21680,633,4
15125,21682,469,5
15126,21683,469,4
15127,21685,238,2
15128,21686,469,2
15129,21687,492,5
15130,21688,187,2
15131,21689,719,1
15132,21690,561,2
15133,21691,692,5
15134,21692,661,5
15135,21693,591,2
15136,21694,419,3
15137,21696,157,4
15138,21697,158,5
15139,21700,318,1
15140,21701,455,4
15141,21702,453,2
15142,21703,627,4
15143,21705,675,5
15144,21706,267,5
15145,21708,247,1
15146,21710,270,2
15147,21713,9,3
15148,21714,469,3
15149,21715,193,3
15150,21718,490,3
15151,21719,466,4
15152,21720,718,4
15153,21722,2,3
15154,21723,14,1
15155,21724,12,3
15156,21726,117,4
15157,21727,675,3
15158,21728,679,3
15159,21729,596,5
15160,21730,675,5
15161,21731,139,5
15162,21732,617,1
15163,21733,619,1
15164,21734,27,3
15165,21736,601,2
15166,21737,25,2
15167,21738,16,4
15168,21739,357,3
15169,21740,28,2
15170,21742,626,3
15171,21743,589,2
15172,21744,623,1
15173,21745,559,2
15174,21746,552,2
15175,21747,757,2
15176,21749,55,5
15177,21751,536,3
15178,21754,60,1
15179,21755,409,4
15180,21757,147,2
15181,21758,204,1
15182,21759,203,2
15183,21760,151,1
15184,21762,158,4
15185,21763,516,1
15186,21764,519,4
15187,21765,724,5
15188,21767,386,5
15189,21769,513,3
15190,21771,704,5
15191,21772,302,3
15192,21773,542,2
15193,21774,736,1
15194,21775,133,3
15195,21776,252,3
15196,21777,610,5
15197,21778,543,3
15198,21781,766,2
15199,21782,124,1
15200,21783,262,1
15201,21787,738,4
15202,21788,119,1
15203,21789,226,4
15204,21790,197,2
15205,21791,719,5
15206,21792,226,2
15207,21793,493,5
15208,21795,2,3
15209,21796,487,3
15210,21797,723,3
15211,21799,195,2
15212,21800,388,2
15213,21801,492,5
15214,21802,465,2
15215,21803,493,5
15216,21804,194,1
15217,21806,638,4
15218,21807,152,3
15219,21808,423,4
15220,21809,153,3
15221,21812,159,3
15222,21813,156,5
15223,21814,151,5
15224,21815,173,3
15225,21816,499,2
15226,21820,765,2
15227,21821,737,3
15228,21822,175,5
15229,21824,304,4
15230,21827,721,4
15231,21830,517,1
15232,21834,463,1
15233,21835,9,4
15234,21838,377,4
15235,21839,374,2
15236,21840,378,1
15237,21841,377,5
15238,21842,541,5
15239,21843,362,3
15240,21845,429,4
15241,21846,427,1
15242,21849,108,5
15243,21850,736,4
15244,21851,169,4
15245,21854,607,1
15246,21855,429,2
15247,21856,418,2
15248,21859,553,5
15249,21860,648,2
15250,21861,225,1
15251,21863,43,5
15252,21865,221,1
15253,21866,212,4
15254,21867,29,5
15255,21868,678,5
15256,21869,219,1
15257,21870,32,5
15258,21873,782,2
15259,21875,554,1
15260,21876,668,1
15261,21877,560,4
15262,21879,69,5
15263,21880,276,1
15264,21882,286,3
15265,21883,76,5
15266,21885,367,4
15267,21887,767,2
15268,21888,344,1
15269,21889,603,5
15270,21890,548,5
15271,21891,339,4
15272,21892,68,4
15273,21893,279,5
15274,21896,478,2
15275,21899,283,1
15276,21901,70,2
15277,21902,68,1
15278,21906,188,2
15279,21910,192,5
15280,21911,326,4
15281,21912,317,5
15282,21913,321,3
15283,21915,320,3
15284,21917,325,5
15285,21918,130,2
15286,21920,167,1
15287,21922,586,2
15288,21925,577,1
15289,21926,585,3
15290,21927,17,3
15291,21928,27,2
15292,21929,743,4
15293,21932,714,2
15294,21933,231,1
15295,21934,719,5
15296,21935,189,2
15297,21936,493,3
15298,21937,458,4
15299,21938,717,2
15300,21939,549,2
15301,21940,111,1
15302,21942,296,3
15303,21944,783,2
15304,21945,677,2
15305,21951,556,1
15306,21952,671,1
15307,21953,688,1
15308,21954,332,1
15309,21956,139,4
15310,21957,660,2
15311,21958,146,3
15312,21959,590,1
15313,21960,617,2
15314,21961,293,3
15315,21963,436,1
15316,21964,443,5
15317,21965,442,5
15318,21967,42,5
15319,21968,779,2
15320,21970,597,3
15321,21971,212,5
15322,21973,592,2
15323,21974,616,5
15324,21976,471,2
15325,21977,398,3
15326,21978,392,4
15327,21979,732,2
15328,21981,490,3
15329,21982,459,1
15330,21983,1,4
15331,21984,517,5
15332,21987,439,2
15333,21988,433,1
15334,21989,432,5
15335,21993,441,3
15336,21996,449,3
15337,21997,565,2
15338,21998,777,5
15339,21999,225,1
15340,22002,682,5
15341,22003,557,5
15342,22004,670,4
15343,22005,650,2
15344,22006,145,1
15345,22007,149,1
15346,22008,205,4
15347,22012,650,1
15348,22015,555,2
15349,22018,591,2
15350,22019,331,3
15351,22020,147,4
15352,22023,423,2
15353,22024,206,1
15354,22026,486,4
15355,22027,522,5
15356,22029,13,3
15357,22030,490,2
15358,22031,490,1
15359,22032,113,3
15360,22033,594,2
15361,22034,331,2
15362,22036,332,4
15363,22037,616,4
15364,22038,114,4
15365,22039,219,2
15366,22040,331,3
15367,22041,501,4
15368,22042,88,4
15369,22043,506,5
15370,22048,505,4
15371,22049,94,4
15372,22050,105,1
15373,22051,360,4
15374,22052,178,5
15375,22056,545,4
15376,22057,340,1
15377,22059,6,4
15378,22063,468,1
15379,22064,388,1
15380,22065,148,3
15381,22066,150,4
15382,22067,147,1
15383,22070,148,2
15384,22071,427,3
15385,22072,417,4
15386,22074,149,3
15387,22077,203,1
15388,22078,429,1
15389,22079,156,1
15390,22080,150,5
15391,22082,427,5
15392,22083,204,2
15393,22086,579,2
15394,22087,609,4
15395,22089,255,1
15396,22090,130,4
15397,22091,734,4
15398,22096,513,5
15399,22097,461,1
15400,22098,520,5
15401,22100,194,2
15402,22101,380,3
15403,22102,513,4
15404,22103,728,2
15405,22104,5,4
15406,22105,270,3
15407,22106,265,4
15408,22107,275,3
15409,22108,484,5
15410,22109,472,5
15411,22110,473,4
15412,22111,269,1
15413,22112,274,2
15414,22117,48,1
15415,22118,599,3
15416,22119,549,2
15417,22121,664,5
15418,22122,589,2
15419,22123,648,1
15420,22124,643,1
15421,22125,197,2
15422,22127,230,4
15423,22130,710,5
15424,22131,461,3
15425,22132,523,5
15426,22133,521,3
15427,22134,709,3
15428,22135,530,3
15429,22136,541,4
15430,22137,611,5
15431,22138,606,4
15432,22140,585,3
15433,22141,605,5
15434,22142,27,1
15435,22144,126,3
15436,22145,20,3
15437,22148,543,1
15438,22150,367,1
15439,22151,367,5
15440,22152,373,2
15441,22153,375,5
15442,22154,776,3
15443,22155,625,2
15444,22156,653,2
15445,22157,217,1
15446,22158,777,3
15447,22159,550,5
15448,22160,783,5
15449,22161,665,3
15450,22162,614,2
15451,22163,560,2
15452,22164,31,2
15453,22165,120,3
15454,22166,614,4
15455,22167,566,4
15456,22168,616,2
15457,22170,296,5
15458,22172,156,4
15459,22174,210,1
15460,22175,427,3
15461,22176,421,3
15462,22177,159,3
15463,22178,201,1
15464,22180,61,1
15465,22181,757,1
15466,22183,752,2
15467,22184,183,1
15468,22185,166,3
15469,22186,545,2
15470,22187,124,3
15471,22188,543,4
15472,22189,180,1
15473,22191,695,3
15474,22193,697,5
15475,22196,71,5
15476,22198,78,5
15477,22200,287,4
15478,22202,68,3
15479,22204,102,3
15480,22207,746,4
15481,22208,103,4
15482,22210,19,5
15483,22211,745,3
15484,22212,171,4
15485,22213,22,5
15486,22214,540,5
15487,22215,586,5
15488,22218,481,5
15489,22222,705,3
15490,22224,695,3
15491,22225,703,1
15492,22226,699,4
15493,22227,696,1
15494,22229,695,5
15495,22235,318,2
15496,22236,317,5
15497,22237,60,3
15498,22239,66,1
15499,22240,201,2
15500,22241,204,1
15501,22242,260,3
15502,22243,735,3
15503,22244,743,1
15504,22246,238,2
15505,22247,713,2
15506,22249,193,3
15507,22250,711,1
15508,22252,128,2
15509,22253,602,3
15510,22254,763,1
15511,22255,769,1
15512,22257,164,2
15513,22258,258,5
15514,22261,654,2
15515,22262,457,3
15516,22263,618,1
15517,22264,782,3
15518,22265,557,3
15519,22266,666,5
15520,22267,106,1
15521,22268,768,4
15522,22269,378,5
15523,22270,366,4
15524,22271,612,3
15525,22272,605,4
15526,22273,427,1
15527,22274,208,3
15528,22275,208,2
15529,22276,148,4
15530,22278,417,2
15531,22280,229,3
15532,22281,727,4
15533,22282,731,2
15534,22283,488,4
15535,22285,197,2
15536,22286,235,2
15537,22290,759,5
15538,22291,411,2
15539,22292,406,4
15540,22293,752,4
15541,22294,415,4
15542,22295,483,1
15543,22296,476,1
15544,22297,86,4
15545,22298,503,5
15546,22300,508,5
15547,22301,501,2
15548,22303,502,2
15549,22304,503,5
15550,22305,56,2
15551,22306,57,5
15552,22307,65,1
15553,22308,535,1
15554,22309,56,2
15555,22312,70,4
15556,22313,69,4
15557,22316,207,2
15558,22319,751,1
15559,22322,48,1
15560,22323,448,3
15561,22324,610,5
15562,22325,20,4
15563,22327,178,5
15564,22328,344,3
15565,22329,769,2
15566,22333,572,2
15567,22334,558,1
15568,22336,135,2
15569,22338,675,2
15570,22340,156,4
15571,22341,422,2
15572,22343,179,2
15573,22344,762,2
15574,22345,132,5
15575,22346,587,4
15576,22349,158,3
15577,22350,198,1
15578,22352,151,5
15579,22353,205,4
15580,22354,147,1
15581,22355,420,2
15582,22358,18,3
15583,22360,585,4
15584,22362,164,4
15585,22363,102,1
15586,22364,740,2
15587,22366,287,2
15588,22368,72,3
15589,22369,71,1
15590,22370,285,5
15591,22371,286,3
15592,22372,283,3
15593,22373,597,4
15594,22374,225,3
15595,22376,31,5
15596,22377,663,1
15597,22378,433,1
15598,22379,435,1
15599,22380,437,1
15600,22381,431,1
15601,22383,437,5
15602,22384,650,4
15603,22385,653,2
15604,22386,594,2
15605,22387,667,3
15606,22389,137,3
15607,22390,288,1
15608,22391,663,1
15609,22392,691,5
15610,22395,45,3
15611,22396,645,5
15612,22397,646,5
15613,22399,549,5
15614,22400,144,4
15615,22401,533,4
15616,22402,410,4
15617,22404,58,5
15618,22405,413,3
15619,22406,59,4
15620,22407,536,1
15621,22408,407,2
15622,22410,525,2
15623,22411,613,3
15624,22412,259,5
15625,22414,739,1
15626,22416,587,3
15627,22418,742,1
15628,22420,173,1
15629,22421,97,4
15630,22423,740,2
15631,22424,612,1
15632,22425,341,5
15633,22427,470,5
15634,22428,631,2
15635,22430,191,5
15636,22431,11,2
15637,22432,466,1
15638,22433,196,4
15639,22435,209,4
15640,22436,614,4
15641,22437,141,4
15642,22438,781,4
15643,22439,446,3
15644,22440,145,3
15645,22441,641,3
15646,22444,35,5
15647,22445,505,3
15648,22446,83,2
15649,22447,505,5
15650,22450,435,2
15651,22453,442,4
15652,22454,436,2
15653,22456,555,2
15654,22458,377,1
15655,22460,372,5
15656,22461,376,5
15657,22463,374,5
15658,22464,344,3
15659,22465,466,2
15660,22466,486,1
15661,22468,618,2
15662,22470,584,1
15663,22471,108,5
15664,22473,343,1
15665,22476,740,1
15666,22477,512,2
15667,22478,3,4
15668,22479,101,4
15669,22481,543,2
15670,22482,130,2
15671,22484,576,2
15672,22485,557,1
15673,22486,678,4
15674,22491,195,1
15675,22492,513,2
15676,22493,461,2
15677,22494,493,3
15678,22495,8,4
15679,22496,189,5
15680,22497,229,3
15681,22500,72,1
15682,22501,68,1
15683,22502,76,4
15684,22503,283,3
15685,22504,75,4
15686,22505,75,3
15687,22507,281,4
15688,22508,71,1
15689,22511,421,5
15690,22512,150,5
15691,22513,158,3
15692,22516,556,4
15693,22517,452,1
15694,22518,42,3
15695,22521,678,4
15696,22523,643,1
15697,22525,50,3
15698,22526,663,3
15699,22527,267,5
15700,22529,265,5
15701,22530,250,3
15702,22532,246,2
15703,22533,203,3
15704,22536,429,4
15705,22537,201,5
15706,22538,430,3
15707,22539,204,1
15708,22541,156,1
15709,22542,153,5
15710,22544,598,2
15711,22545,294,1
15712,22546,688,1
15713,22547,29,4
15714,22548,666,3
15715,22549,566,3
15716,22550,694,1
15717,22551,699,1
15718,22553,699,3
15719,22554,697,2
15720,22555,696,4
15721,22556,705,4
15722,22557,689,4
15723,22558,110,2
15724,22560,684,2
15725,22561,626,2
15726,22562,134,2
15727,22564,557,2
15728,22565,555,3
15729,22568,781,4
15730,22569,53,3
15731,22573,622,1
15732,22574,209,1
15733,22575,155,2
15734,22576,159,2
15735,22578,203,1
15736,22581,420,1
15737,22582,417,3
15738,22583,558,3
15739,22585,679,2
15740,22586,642,2
15741,22588,617,1
15742,22589,211,4
15743,22590,430,4
15744,22591,157,3
15745,22592,201,1
15746,22595,149,3
15747,22596,210,1
15748,22598,667,5
15749,22599,41,1
15750,22600,662,5
15751,22601,293,1
15752,22602,644,3
15753,22603,618,3
15754,22605,299,3
15755,22606,239,3
15756,22607,198,1
15757,22608,155,1
15758,22610,159,1
15759,22612,427,5
15760,22614,462,3
15761,22615,237,2
15762,22618,434,4
15763,22621,434,3
15764,22622,436,3
15765,22623,431,4
15766,22624,434,2
15767,22625,432,1
15768,22628,200,5
15769,22629,200,1
15770,22631,425,4
15771,22634,202,2
15772,22636,424,5
15773,22638,353,5
15774,22639,612,3
15775,22641,339,1
15776,22642,302,1
15777,22644,359,2
15778,22646,451,1
15779,22647,288,3
15780,22648,646,4
15781,22649,288,4
15782,22651,614,5
15783,22652,456,3
15784,22653,448,2
15785,22654,691,2
15786,22656,695,3
15787,22658,693,4
15788,22659,157,2
15789,22660,211,4
15790,22661,151,5
15791,22662,149,3
15792,22663,426,1
15793,22664,79,5
15794,22666,282,4
15795,22668,71,1
15796,22670,277,3
15797,22672,79,3
15798,22673,276,4
15799,22675,298,3
15800,22676,117,1
15801,22677,640,1
15802,22679,691,4
15803,22680,67,4
15804,22682,755,5
15805,22683,409,3
15806,22685,406,5
15807,22686,421,1
15808,22688,97,1
15809,22689,170,2
15810,22690,176,4
15811,22692,252,3
15812,22694,255,4
15813,22695,174,3
15814,22696,24,2
15815,22697,110,2
15816,22698,337,5
15817,22699,293,2
15818,22700,772,3
15819,22701,37,3
15820,22702,314,5
15821,22704,326,2
15822,22705,315,3
15823,22706,316,3
15824,22707,314,4
15825,22708,78,3
15826,22710,74,5
15827,22711,79,1
15828,22712,368,3
15829,22714,372,5
15830,22715,369,1
15831,22716,369,1
15832,22717,371,3
15833,22718,374,4
15834,22720,373,1
15835,22723,101,1
15836,22725,581,4
15837,22726,540,4
15838,22727,766,1
15839,22728,409,2
15840,22730,412,1
15841,22733,481,4
15842,22736,275,2
15843,22738,395,4
15844,22739,268,4
15845,22741,369,4
15846,22742,418,2
15847,22743,211,2
15848,22746,745,1
15849,22747,771,4
15850,22748,347,5
15851,22749,308,3
15852,22750,309,2
15853,22751,253,2
15854,22752,771,4
15855,22753,184,3
15856,22754,106,4
15857,22756,576,5
15858,22761,340,3
15859,22762,735,3
15860,22763,170,5
15861,22768,298,5
15862,22769,661,2
15863,22770,663,5
15864,22771,560,3
15865,22772,42,4
15866,22773,663,2
15867,22774,450,1
15868,22775,93,3
15869,22777,115,4
15870,22780,136,3
15871,22782,221,3
15872,22783,28,4
15873,22784,225,3
15874,22786,263,4
15875,22788,347,3
15876,22789,545,2
15877,22791,107,1
15878,22793,105,5
15879,22794,735,5
15880,22795,601,5
15881,22797,365,2
15882,22798,258,3
15883,22799,178,1
15884,22802,584,5
15885,22803,745,1
15886,22804,165,4
15887,22806,179,4
15888,22808,439,3
15889,22810,440,2
15890,22811,443,2
15891,22812,441,3
15892,22813,435,5
15893,22814,442,5
15894,22816,434,5
15895,22818,158,2
15896,22819,198,5
15897,22820,428,5
15898,22822,419,3
15899,22823,149,4
15900,22824,210,5
15901,22825,418,5
15902,22826,421,3
15903,22828,417,3
15904,22830,430,3
15905,22831,205,2
15906,22832,424,2
15907,22833,205,3
15908,22835,71,4
15909,22836,73,2
15910,22837,70,3
15911,22839,73,2
15912,22840,279,2
15913,22845,425,1
15914,22846,198,3
15915,22847,419,4
15916,22848,151,2
15917,22850,237,4
15918,22851,10,1
15919,22853,381,4
15920,22856,323,4
15921,22858,315,2
15922,22860,326,5
15923,22861,317,3
15924,22862,571,1
15925,22863,591,4
15926,22864,537,3
15927,22866,444,3
15928,22867,439,5
15929,22868,439,5
15930,22870,439,1
15931,22871,440,2
15932,22872,438,3
15933,22873,442,3
15934,22874,438,4
15935,22876,601,3
15936,22877,102,1
15937,22878,254,1
15938,22879,340,5
15939,22880,355,5
15940,22881,302,5
15941,22882,262,4
15942,22883,584,2
15943,22884,185,5
15944,22885,531,4
15945,22892,123,3
15946,22893,134,4
15947,22895,303,5
15948,22896,99,5
15949,22897,578,2
15950,22899,114,2
15951,22900,647,3
15952,22902,143,3
15953,22903,621,1
15954,22904,50,2
15955,22906,161,1
15956,22908,352,2
15957,22909,129,3
15958,22910,546,2
15959,22911,178,2
15960,22912,182,3
15961,22914,282,1
15962,22915,280,5
15963,22916,285,2
15964,22917,282,5
15965,22919,377,2
15966,22920,375,4
15967,22921,367,4
15968,22922,375,5
15969,22923,376,4
15970,22924,377,1
15971,22925,375,3
15972,22926,377,5
15973,22927,769,1
15974,22928,540,5
15975,22929,588,4
15976,22930,96,3
15977,22932,313,5
15978,22933,358,1
15979,22934,609,3
15980,22935,263,5
15981,22936,181,1
15982,22937,357,4
15983,22938,263,5
15984,22939,22,5
15985,22941,133,1
15986,22942,259,1
15987,22943,519,5
15988,22944,459,3
15989,22945,468,1
15990,22946,494,3
15991,22947,385,4
15992,22948,637,1
15993,22950,227,1
15994,22951,196,2
15995,22955,16,5
15996,22956,128,3
15997,22957,582,1
15998,22959,580,3
15999,22961,252,4
16000,22962,344,3
16001,22964,333,1
16002,22965,674,3
16003,22966,453,4
16004,22967,556,2
16005,22968,676,2
16006,22969,680,4
16007,22970,551,3
16008,22974,692,5
16009,22976,661,5
16010,22977,208,5
16011,22979,418,1
16012,22980,200,4
16013,22981,205,5
16014,22982,150,1
16015,22985,424,2
16016,22986,153,4
16017,22987,207,5
16018,22988,153,1
16019,22989,148,2
16020,22990,147,1
16021,22991,150,3
16022,22992,150,5
16023,22993,424,2
16024,22994,207,1
16025,22995,204,3
16026,22996,153,4
16027,22997,209,4
16028,22998,159,1
16029,22999,117,3
16030,23001,111,3
16031,23003,651,3
16032,23004,772,2
16033,23005,281,3
16034,23006,280,2
16035,23007,282,1
16036,23008,280,1
16037,23009,740,3
16038,23010,745,4
16039,23013,766,1
16040,23014,764,4
16041,23016,218,4
16042,23018,572,3
16043,23022,454,2
16044,23024,654,1
16045,23026,619,4
16046,23027,440,4
16047,23028,437,1
16048,23029,436,3
16049,23030,437,3
16050,23031,209,3
16051,23032,154,1
16052,23033,418,5
16053,23034,199,1
16054,23035,209,1
16055,23036,207,5
16056,23037,477,1
16057,23038,268,1
16058,23039,403,5
16059,23041,474,5
16060,23044,50,5
16061,23045,292,5
16062,23046,49,1
16063,23048,666,5
16064,23049,137,2
16065,23053,214,2
16066,23054,512,2
16067,23056,194,3
16068,23057,97,3
16069,23058,169,1
16070,23060,745,5
16071,23062,755,1
16072,23063,529,2
16073,23064,60,5
16074,23066,66,1
16075,23068,18,5
16076,23070,771,3
16077,23072,205,5
16078,23075,418,1
16079,23076,157,5
16080,23077,148,2
16081,23079,16,3
16082,23080,339,5
16083,23081,764,4
16084,23082,764,2
16085,23083,260,1
16086,23084,543,3
16087,23086,178,2
16088,23088,766,1
16089,23089,608,3
16090,23090,353,1
16091,23092,210,4
16092,23093,147,3
16093,23095,199,3
16094,23096,149,1
16095,23097,150,5
16096,23098,211,3
16097,23099,423,1
16098,23100,425,5
16099,23103,80,4
16100,23104,282,4
16101,23105,74,3
16102,23107,81,3
16103,23108,281,4
16104,23109,69,2
16105,23110,74,3
16106,23111,568,1
16107,23115,568,1
16108,23116,651,5
16109,23119,366,3
16110,23120,369,3
16111,23122,374,2
16112,23123,373,1
16113,23125,136,3
16114,23126,596,3
16115,23128,407,4
16116,23129,64,5
16117,23130,59,1
16118,23131,757,1
16119,23132,62,3
16120,23135,64,2
16121,23137,57,5
16122,23138,290,4
16123,23139,668,2
16124,23140,595,5
16125,23141,217,5
16126,23143,553,3
16127,23144,670,4
16128,23145,115,2
16129,23147,489,5
16130,23148,488,2
16131,23150,459,4
16132,23153,235,2
16133,23154,491,4
16134,23155,381,2
16135,23156,464,5
16136,23157,316,5
16137,23158,320,4
16138,23159,326,5
16139,23162,550,3
16140,23163,673,1
16141,23164,486,2
16142,23165,6,1
16143,23166,709,1
16144,23167,381,3
16145,23168,634,2
16146,23169,459,3
16147,23170,491,2
16148,23171,491,2
16149,23172,461,4
16150,23174,110,5
16151,23175,110,4
16152,23176,653,5
16153,23177,684,5
16154,23178,45,2
16155,23179,559,5
16156,23181,41,1
16157,23183,261,3
16158,23186,610,3
16159,23188,361,3
16160,23189,173,2
16161,23192,316,3
16162,23193,318,5
16163,23195,317,3
16164,23196,317,5
16165,23197,321,4
16166,23198,315,4
16167,23200,324,2
16168,23203,354,1
16169,23204,260,1
16170,23205,308,2
16171,23207,423,2
16172,23208,153,1
16173,23209,426,5
16174,23210,152,1
16175,23213,209,3
16176,23214,205,2
16177,23216,588,4
16178,23217,134,5
16179,23220,341,4
16180,23221,256,5
16181,23222,701,5
16182,23223,700,1
16183,23224,703,4
16184,23225,701,1
16185,23227,700,2
16186,23228,704,2
16187,23229,700,2
16188,23232,409,5
16189,23234,55,2
16190,23235,66,2
16191,23236,416,1
16192,23239,203,3
16193,23241,147,4
16194,23242,45,2
16195,23243,225,5
16196,23244,335,5
16197,23247,115,4
16198,23250,692,3
16199,23251,221,5
16200,23252,661,1
16201,23253,643,3
16202,23254,558,3
16203,23256,289,1
16204,23257,297,5
16205,23261,754,3
16206,23263,530,1
16207,23265,419,4
16208,23266,417,1
16209,23267,202,2
16210,23269,421,5
16211,23270,532,5
16212,23271,416,2
16213,23272,530,2
16214,23273,757,3
16215,23276,406,4
16216,23277,59,3
16217,23278,440,5
16218,23279,432,3
16219,23281,436,3
16220,23283,418,3
16221,23284,427,2
16222,23285,210,5
16223,23286,512,3
16224,23287,461,1
16225,23288,379,4
16226,23289,195,4
16227,23291,152,5
16228,23292,150,5
16229,23294,421,1
16230,23295,203,1
16231,23297,205,4
16232,23300,209,5
16233,23301,424,1
16234,23302,427,2
16235,23305,236,2
16236,23306,514,1
16237,23307,712,2
16238,23308,11,2
16239,23310,708,4
16240,23311,20,4
16241,23312,173,4
16242,23313,128,5
16243,23314,746,5
16244,23315,362,1
16245,23317,290,3
16246,23318,686,1
16247,23320,596,5
16248,23321,290,3
16249,23322,568,2
16250,23323,110,5
16251,23324,379,4
16252,23325,467,2
16253,23326,516,1
16254,23327,631,2
16255,23328,462,1
16256,23329,464,4
16257,23330,720,4
16258,23332,464,4
16259,23333,461,4
16260,23334,494,5
16261,23335,630,3
16262,23337,518,4
16263,23339,1,3
16264,23340,194,3
16265,23344,520,3
16266,23345,467,2
16267,23347,523,4
16268,23349,489,2
16269,23351,715,1
16270,23352,633,2
16271,23353,232,1
16272,23354,406,1
16273,23356,751,4
16274,23357,757,4
16275,23360,606,1
16276,23361,771,2
16277,23363,545,1
16278,23365,612,2
16279,23366,734,4
16280,23367,610,5
16281,23368,103,3
16282,23370,368,2
16283,23371,374,5
16284,23372,378,1
16285,23373,370,3
16286,23375,373,3
16287,23377,522,2
16288,23378,380,1
16289,23380,493,4
16290,23382,639,2
16291,23383,709,1
16292,23385,200,4
16293,23386,419,2
16294,23387,208,1
16295,23388,199,1
16296,23390,426,5
16297,23392,580,4
16298,23393,603,3
16299,23394,121,2
16300,23400,171,3
16301,23401,537,1
16302,23402,323,5
16303,23406,545,3
16304,23407,539,1
16305,23409,207,2
16306,23410,154,1
16307,23411,155,3
16308,23414,283,2
16309,23415,71,2
16310,23416,287,4
16311,23417,285,2
16312,23418,79,3
16313,23419,280,4
16314,23420,277,2
16315,23421,285,5
16316,23422,217,3
16317,23425,290,5
16318,23426,669,5
16319,23427,747,3
16320,23428,66,5
16321,23429,527,5
16322,23430,750,3
16323,23431,57,1
16324,23432,528,3
16325,23433,752,5
16326,23434,66,3
16327,23435,411,3
16328,23436,166,2
16329,23437,51,2
16330,23439,625,5
16331,23440,660,1
16332,23441,36,1
16333,23442,419,3
16334,23443,147,4
16335,23444,149,2
16336,23446,56,5
16337,23447,62,4
16338,23449,747,2
16339,23450,414,3
16340,23454,412,5
16341,23455,693,3
16342,23456,694,3
16343,23457,702,5
16344,23458,699,4
16345,23461,699,4
16346,23462,706,4
16347,23463,703,2
16348,23464,238,2
16349,23465,727,3
16350,23466,724,2
16351,23467,157,5
16352,23469,25,4
16353,23470,365,5
16354,23471,17,2
16355,23475,771,4
16356,23476,538,3
16357,23477,102,5
16358,23478,262,5
16359,23479,215,3
16360,23480,118,3
16361,23481,455,3
16362,23482,784,3
16363,23485,661,4
16364,23486,117,4
16365,23487,331,4
16366,23488,779,3
16367,23489,659,4
16368,23491,141,4
16369,23492,676,5
16370,23497,57,5
16371,23498,673,3
16372,23499,139,5
16373,23503,146,2
16374,23505,758,5
16375,23506,525,1
16376,23509,237,2
16377,23510,461,3
16378,23512,693,1
16379,23513,693,4
16380,23515,704,2
16381,23516,695,3
16382,23517,706,3
16383,23519,699,5
16384,23520,697,3
16385,23521,702,2
16386,23522,369,5
16387,23523,367,1
16388,23524,374,1
16389,23525,374,4
16390,23526,373,5
16391,23530,375,2
16392,23531,681,2
16393,23533,453,3
16394,23535,642,1
16395,23536,146,1
16396,23537,49,5
16397,23539,696,3
16398,23540,702,3
16399,23541,698,2
16400,23542,702,4
16401,23543,702,5
16402,23545,367,4
16403,23547,368,4
16404,23548,378,1
16405,23550,367,5
16406,23551,337,4
16407,23562,676,2
16408,23563,649,2
16409,23565,447,1
16410,23566,781,5
16411,23567,771,1
16412,23568,612,3
16413,23569,301,4
16414,23570,575,3
16415,23572,581,3
16416,23574,284,5
16417,23575,287,2
16418,23576,363,2
16419,23577,123,1
16420,23579,548,5
16421,23581,414,3
16422,23585,753,5
16423,23587,405,4
16424,23588,56,2
16425,23591,418,5
16426,23595,554,4
16427,23598,668,4
16428,23599,564,2
16429,23600,762,4
16430,23601,607,4
16431,23602,263,1
16432,23604,743,5
16433,23605,723,4
16434,23606,632,3
16435,23607,523,5
16436,23608,379,2
16437,23609,729,5
16438,23610,672,2
16439,23611,640,2
16440,23614,596,4
16441,23615,688,2
16442,23616,332,4
16443,23617,742,1
16444,23618,19,3
16445,23619,588,2
16446,23621,152,1
16447,23624,198,2
16448,23627,156,5
16449,23629,423,2
16450,23630,426,1
16451,23631,199,5
16452,23632,417,2
16453,23633,178,4
16454,23635,508,5
16455,23637,82,2
16456,23638,86,4
16457,23639,91,5
16458,23641,505,3
16459,23642,93,5
16460,23643,94,3
16461,23644,422,1
16462,23645,158,4
16463,23646,424,2
16464,23647,423,4
16465,23651,86,2
16466,23652,95,3
16467,23653,89,4
16468,23654,84,5
16469,23656,501,3
16470,23658,498,3
16471,23660,476,3
16472,23661,243,3
16473,23662,304,3
16474,23663,26,3
16475,23665,563,4
16476,23666,454,4
16477,23667,123,3
16478,23668,544,2
16479,23670,762,3
16480,23671,608,4
16481,23672,134,1
16482,23673,183,2
16483,23676,342,2
16484,23677,609,4
16485,23680,308,4
16486,23681,578,3
16487,23682,609,5
16488,23683,736,5
16489,23684,167,5
16490,23685,763,3
16491,23689,75,2
16492,23690,75,2
16493,23691,69,5
16494,23694,732,4
16495,23695,551,3
16496,23697,221,4
16497,23698,291,2
16498,23702,540,2
16499,23708,115,5
16500,23709,36,3
16501,23710,214,4
16502,23711,614,3
16503,23712,456,1
16504,23713,562,4
16505,23714,640,4
16506,23715,646,1
16507,23716,41,1
16508,23717,651,1
16509,23718,666,5
16510,23720,36,2
16511,23721,295,1
16512,23723,760,2
16513,23724,103,5
16514,23725,107,1
16515,23726,108,3
16516,23727,101,3
16517,23728,769,2
16518,23731,180,5
16519,23732,305,4
16520,23733,660,4
16521,23734,627,5
16522,23735,456,3
16523,23738,775,1
16524,23739,379,4
16525,23740,729,4
16526,23741,6,1
16527,23742,523,2
16528,23744,467,5
16529,23745,122,3
16530,23746,603,4
16531,23747,24,1
16532,23748,165,3
16533,23749,761,4
16534,23750,259,4
16535,23751,99,2
16536,23753,203,5
16537,23754,156,2
16538,23755,147,4
16539,23756,211,2
16540,23757,158,1
16541,23758,427,4
16542,23759,147,1
16543,23760,423,2
16544,23761,155,2
16545,23763,206,5
16546,23764,702,2
16547,23768,696,2
16548,23770,666,5
16549,23772,614,2
16550,23773,487,4
16551,23774,405,4
16552,23775,411,2
16553,23776,61,5
16554,23779,408,1
16555,23781,536,1
16556,23782,56,4
16557,23784,58,4
16558,23785,42,2
16559,23788,704,3
16560,23790,695,5
16561,23792,698,5
16562,23793,702,4
16563,23794,696,3
16564,23796,286,3
16565,23797,279,5
16566,23798,73,2
16567,23799,72,1
16568,23801,155,4
16569,23803,147,5
16570,23804,556,1
16571,23806,625,3
16572,23807,569,4
16573,23808,336,5
16574,23809,784,5
16575,23811,54,1
16576,23812,331,1
16577,23813,635,1
16578,23814,191,4
16579,23815,616,4
16580,23816,669,5
16581,23817,138,2
16582,23820,644,1
16583,23823,510,2
16584,23827,517,3
16585,23830,106,1
16586,23831,163,5
16587,23832,168,3
16588,23834,253,3
16589,23836,177,3
16590,23838,741,4
16591,23839,542,4
16592,23840,739,5
16593,23841,543,1
16594,23842,24,3
16595,23843,745,2
16596,23844,544,2
16597,23847,748,2
16598,23848,528,2
16599,23849,416,5
16600,23850,758,2
16601,23851,66,5
16602,23856,75,3
16603,23857,288,2
16604,23858,543,3
16605,23859,164,2
16606,23861,129,2
16607,23862,257,4
16608,23863,260,3
16609,23864,506,2
16610,23865,95,1
16611,23867,505,2
16612,23868,82,1
16613,23869,502,3
16614,23871,87,1
16615,23872,200,2
16616,23873,207,3
16617,23875,171,4
16618,23876,421,5
16619,23877,201,3
16620,23880,426,5
16621,23881,211,3
16622,23883,521,3
16623,23884,523,3
16624,23888,740,3
16625,23889,360,4
16626,23890,361,4
16627,23891,435,4
16628,23892,434,2
16629,23893,444,5
16630,23894,436,1
16631,23895,438,1
16632,23896,435,3
16633,23898,438,5
16634,23900,442,5
16635,23901,168,1
16636,23904,111,2
16637,23906,438,4
16638,23907,442,3
16639,23908,439,5
16640,23910,159,4
16641,23911,147,3
16642,23912,158,1
16643,23913,150,1
16644,23914,155,1
16645,23915,211,1
16646,23916,155,2
16647,23917,155,4
16648,23919,92,4
16649,23921,85,5
16650,23924,507,1
16651,23925,502,5
16652,23926,109,4
16653,23928,109,2
16654,23930,660,3
16655,23933,30,5
16656,23934,633,5
16657,23935,719,1
16658,23936,669,2
16659,23937,550,2
16660,23938,686,4
16661,23939,137,2
16662,23940,618,1
16663,23941,549,2
16664,23942,337,2
16665,23943,40,4
16666,23944,558,1
16667,23945,706,3
16668,23946,697,1
16669,23948,694,1
16670,23949,702,1
16671,23950,703,1
16672,23951,706,4
16673,23952,697,1
16674,23953,705,5
16675,23956,373,3
16676,23958,249,5
16677,23959,250,2
16678,23962,674,2
16679,23963,559,4
16680,23964,572,2
16681,23966,50,5
16682,23967,683,3
16683,23968,556,1
16684,23970,427,1
16685,23972,417,2
16686,23975,89,3
16687,23978,83,1
16688,23980,499,5
16689,23983,654,3
16690,23985,702,1
16691,23986,694,3
16692,23988,701,2
16693,23989,693,3
16694,23993,199,5
16695,23995,149,4
16696,23997,205,5
16697,23999,662,5
16698,24002,689,1
16699,24005,30,4
16700,24006,256,3
16701,24007,177,5
16702,24008,25,3
16703,24009,26,4
16704,24010,365,2
16705,24011,263,5
16706,24013,617,1
16707,24014,140,5
16708,24015,677,1
16709,24016,218,1
16710,24018,623,5
16711,24019,537,3
16712,24020,341,5
16713,24021,581,5
16714,24022,360,3
16715,24024,360,1
16716,24026,541,3
16717,24027,98,2
16718,24028,349,4
16719,24029,480,4
16720,24030,397,2
16721,24031,472,2
16722,24032,391,1
16723,24033,391,2
16724,24034,275,2
16725,24037,480,5
16726,24038,398,5
16727,24039,373,3
16728,24040,372,5
16729,24041,376,5
16730,24042,376,5
16731,24043,374,1
16732,24044,377,5
16733,24045,375,5
16734,24046,375,5
16735,24047,368,1
16736,24048,373,3
16737,24049,149,1
16738,24050,152,1
16739,24052,156,5
16740,24054,151,1
16741,24055,147,4
16742,24057,149,5
16743,24058,156,3
16744,24059,186,1
16745,24060,716,5
16746,24061,522,2
16747,24064,588,4
16748,24065,180,4
16749,24066,305,2
16750,24067,254,4
16751,24068,310,5
16752,24070,259,4
16753,24071,309,5
16754,24074,85,4
16755,24075,270,5
16756,24076,246,2
16757,24077,241,3
16758,24078,269,5
16759,24079,270,3
16760,24081,396,5
16761,24082,401,2
16762,24083,245,4
16763,24084,401,1
16764,24087,559,1
16765,24088,679,5
16766,24089,36,3
16767,24090,329,3
16768,24091,674,4
16769,24095,80,1
16770,24096,80,2
16771,24097,373,2
16772,24099,372,5
16773,24101,369,5
16774,24102,375,4
16775,24104,371,3
16776,24105,374,3
16777,24106,138,3
16778,24108,299,1
16779,24109,599,1
16780,24111,778,4
16781,24112,33,4
16782,24113,29,5
16783,24114,333,4
16784,24115,331,3
16785,24120,701,2
16786,24125,734,4
16787,24127,114,2
16788,24128,291,5
16789,24129,561,2
16790,24130,687,3
16791,24132,590,4
16792,24134,660,4
16793,24136,43,3
16794,24137,279,1
16795,24140,287,3
16796,24141,81,4
16797,24142,79,2
16798,24143,76,4
16799,24146,441,5
16800,24147,444,5
16801,24148,444,4
16802,24149,494,5
16803,24150,189,2
16804,24151,413,3
16805,24152,526,3
16806,24153,526,2
16807,24154,67,1
16808,24155,63,1
16809,24157,525,3
16810,24158,757,2
16811,24159,749,3
16812,24160,64,4
16813,24162,317,2
16814,24164,325,5
16815,24166,325,3
16816,24167,617,1
16817,24168,646,1
16818,24169,668,4
16819,24170,331,1
16820,24171,135,1
16821,24172,554,1
16822,24175,31,5
16823,24177,620,2
16824,24178,617,1
16825,24179,667,3
16826,24180,659,2
16827,24183,52,1
16828,24184,680,2
16829,24186,616,5
16830,24188,510,5
16831,24190,359,4
16832,24191,761,5
16833,24194,602,5
16834,24195,152,3
16835,24196,202,3
16836,24197,208,4
16837,24200,205,4
16838,24201,153,2
16839,24203,200,5
16840,24204,375,2
16841,24205,370,5
16842,24206,371,2
16843,24208,373,3
16844,24209,367,2
16845,24210,371,2
16846,24211,206,3
16847,24212,210,1
16848,24215,179,5
16849,24220,169,4
16850,24221,108,5
16851,24222,177,1
16852,24223,745,1
16853,24224,603,1
16854,24225,308,3
16855,24228,348,2
16856,24229,601,1
16857,24231,499,2
16858,24232,95,3
16859,24233,502,4
16860,24234,83,4
16861,24235,503,5
16862,24237,92,2
16863,24238,503,3
16864,24239,88,3
16865,24241,160,2
16866,24242,538,1
16867,24243,758,3
16868,24245,525,3
16869,24247,748,5
16870,24248,753,3
16871,24249,57,2
16872,24250,358,1
16873,24251,745,1
16874,24252,355,4
16875,24256,544,1
16876,24257,731,3
16877,24260,189,1
16878,24261,726,3
16879,24262,709,5
16880,24263,190,4
16881,24264,748,1
16882,24266,751,4
16883,24269,64,4
16884,24270,60,2
16885,24271,409,4
16886,24273,366,5
16887,24275,371,3
16888,24276,374,5
16889,24277,377,2
16890,24280,372,4
16891,24281,371,3
16892,24282,370,4
16893,24284,657,2
16894,24285,141,4
16895,24286,683,3
16896,24287,567,4
16897,24288,36,5
16898,24289,663,3
16899,24290,31,5
16900,24291,143,1
16901,24293,632,3
16902,24294,386,3
16903,24295,517,2
16904,24296,459,2
16905,24298,380,1
16906,24299,9,3
16907,24301,188,5
16908,24303,175,2
16909,24304,309,4
16910,24307,633,2
16911,24309,629,1
16912,24310,710,5
16913,24311,518,4
16914,24312,468,1
16915,24314,574,4
16916,24315,655,3
16917,24317,105,2
16918,24318,100,1
16919,24319,179,5
16920,24322,162,2
16921,24323,611,1
16922,24325,344,5
16923,24326,24,5
16924,24327,64,3
16925,24328,750,4
16926,24329,405,4
16927,24331,58,5
16928,24332,56,3
16929,24334,62,2
16930,24335,421,3
16931,24337,150,1
16932,24338,439,4
16933,24339,243,5
16934,24340,244,5
16935,24341,241,4
16936,24342,474,1
16937,24346,272,5
16938,24347,251,1
16939,24349,761,3
16940,24351,262,1
16941,24352,305,3
16942,24353,608,4
16943,24354,540,3
16944,24356,607,5
16945,24359,307,4
16946,24361,537,3
16947,24362,770,5
16948,24363,766,3
16949,24364,23,4
16950,24365,277,4
16951,24367,79,5
16952,24368,79,4
16953,24369,281,5
16954,24370,72,1
16955,24371,79,1
16956,24372,11,3
16957,24374,237,1
16958,24375,723,1
16959,24376,714,2
16960,24377,125,4
16961,24380,365,1
16962,24382,588,4
16963,24385,57,5
16964,24386,535,2
16965,24387,751,5
16966,24388,754,5
16967,24389,414,1
16968,24392,65,4
16969,24394,65,3
16970,24396,452,3
16971,24397,137,3
16972,24398,661,5
16973,24399,675,3
16974,24400,48,1
16975,24402,626,2
16976,24403,445,3
16977,24405,435,1
16978,24407,434,1
16979,24408,442,3
16980,24409,429,3
16981,24410,440,5
16982,24411,436,4
16983,24413,431,3
16984,24415,440,1
16985,24417,56,4
16986,24418,67,5
16987,24419,755,2
16988,24420,409,2
16989,24421,406,1
16990,24422,722,4
16991,24423,728,3
16992,24424,464,1
16993,24428,714,4
16994,24429,460,3
16995,24430,516,1
16996,24431,238,5
16997,24434,91,5
16998,24437,85,5
16999,24438,509,2
17000,24439,93,1
17001,24440,460,4
17002,24441,3,4
17003,24443,9,1
17004,24444,721,5
17005,24445,6,5
17006,24446,324,5
17007,24447,319,5
17008,24449,326,1
17009,24452,316,2
17010,24453,321,4
17011,24454,162,1
17012,24455,353,3
17013,24457,308,4
17014,24460,25,3
17015,24461,101,5
17016,24462,547,1
17017,24463,741,3
17018,24464,451,5
17019,24465,782,2
17020,24469,334,3
17021,24470,224,3
17022,24471,674,4
17023,24472,336,3
17024,24475,702,4
17025,24476,706,4
17026,24477,701,3
17027,24478,704,3
17028,24479,705,4
17029,24480,702,5
17030,24481,697,3
17031,24482,588,4
17032,24483,122,2
17033,24486,741,5
17034,24487,19,1
17035,24488,587,4
17036,24489,742,5
17037,24490,210,3
17038,24491,150,2
17039,24492,152,4
17040,24493,200,1
17041,24494,421,4
17042,24495,560,5
17043,24496,616,2
17044,24497,569,4
17045,24500,622,1
17046,24501,430,4
17047,24502,205,1
17048,24504,203,1
17049,24505,153,4
17050,24508,430,3
17051,24509,147,1
17052,24511,391,2
17053,24512,480,2
17054,24513,396,4
17055,24514,402,5
17056,24515,471,4
17057,24516,268,4
17058,24517,718,4
17059,24518,387,5
17060,24519,389,1
17061,24520,727,4
17062,24521,428,3
17063,24522,417,3
17064,24524,421,3
17065,24525,419,2
17066,24526,201,1
17067,24527,429,5
17068,24528,619,3
17069,24529,138,4
17070,24530,557,4
17071,24531,599,1
17072,24532,668,2
17073,24533,647,2
17074,24534,457,5
17075,24535,319,3
17076,24538,318,4
17077,24539,695,4
17078,24541,698,4
17079,24542,703,5
17080,24543,694,4
17081,24544,701,5
17082,24545,693,1
17083,24546,700,5
17084,24547,281,1
17085,24548,278,4
17086,24551,513,2
17087,24552,634,2
17088,24554,585,3
17089,24555,736,2
17090,24556,766,2
17091,24557,354,5
17092,24558,169,3
17093,24559,172,1
17094,24560,365,1
17095,24562,255,5
17096,24563,144,3
17097,24564,455,4
17098,24565,606,2
17099,24566,603,2
17100,24567,107,3
17101,24569,132,1
17102,24570,359,4
17103,24571,349,4
17104,24572,575,4
17105,24575,446,3
17106,24579,594,3
17107,24580,212,5
17108,24581,596,2
17109,24582,141,2
17110,24583,173,1
17111,24584,304,2
17112,24585,742,3
17113,24586,769,3
17114,24587,362,5
17115,24588,300,5
17116,24589,353,4
17117,24590,321,4
17118,24592,569,4
17119,24593,784,4
17120,24594,625,5
17121,24595,569,2
17122,24597,139,2
17123,24600,677,5
17124,24602,650,5
17125,24605,670,4
17126,24606,676,2
17127,24609,661,1
17128,24611,685,5
17129,24614,699,5
17130,24615,694,4
17131,24616,696,5
17132,24617,718,3
17133,24618,513,2
17134,24619,230,5
17135,24620,232,1
17136,24621,711,4
17137,24622,387,3
17138,24624,517,1
17139,24625,512,3
17140,24629,349,2
17141,24630,701,5
17142,24631,693,5
17143,24632,696,1
17144,24633,606,2
17145,24634,98,3
17146,24635,345,4
17147,24637,767,1
17148,24638,540,5
17149,24639,107,4
17150,24640,306,2
17151,24641,542,1
17152,24642,211,4
17153,24644,316,4
17154,24645,315,4
17155,24646,323,5
17156,24647,221,1
17157,24648,673,1
17158,24649,663,3
17159,24650,448,2
17160,24651,691,2
17161,24653,728,4
17162,24655,637,1
17163,24656,731,1
17164,24658,162,5
17165,24659,764,4
17166,24661,129,2
17167,24663,95,5
17168,24665,70,5
17169,24667,285,4
17170,24668,283,2
17171,24669,330,2
17172,24670,224,3
17173,24671,457,1
17174,24672,568,1
17175,24673,683,1
17176,24675,448,4
17177,24676,660,5
17178,24677,291,5
17179,24678,377,4
17180,24679,376,5
17181,24680,375,3
17182,24681,367,1
17183,24682,367,5
17184,24683,369,5
17185,24684,375,5
17186,24686,375,5
17187,24687,368,2
17188,24689,424,1
17189,24690,157,1
17190,24691,427,2
17191,24692,198,5
17192,24693,429,5
17193,24695,425,3
17194,24696,149,2
17195,24698,204,3
17196,24699,428,4
17197,24700,417,2
17198,24701,208,2
17199,24702,199,4
17200,24703,423,4
17201,24704,175,5
17202,24705,605,4
17203,24706,587,3
17204,24707,350,2
17205,24708,603,1
17206,24709,340,5
17207,24710,548,1
17208,24712,745,1
17209,24713,537,5
17210,24715,208,2
17211,24716,429,4
17212,24717,159,1
17213,24718,428,5
17214,24719,286,1
17215,24720,76,1
17216,24722,276,5
17217,24723,280,4
17218,24725,79,4
17219,24728,123,5
17220,24729,546,3
17221,24730,310,4
17222,24731,762,3
17223,24732,163,3
17224,24733,548,5
17225,24734,612,2
17226,24735,540,3
17227,24737,306,1
17228,24738,554,1
17229,24739,784,5
17230,24740,448,2
17231,24742,689,5
17232,24745,75,1
17233,24747,4,3
17234,24748,459,1
17235,24749,724,1
17236,24750,494,1
17237,24751,628,3
17238,24752,516,2
17239,24753,466,5
17240,24755,80,2
17241,24758,279,3
17242,24759,69,1
17243,24760,277,5
17244,24761,79,4
17245,24762,284,5
17246,24763,580,5
17247,24764,583,5
17248,24766,303,1
17249,24767,605,2
17250,24768,538,4
17251,24770,181,4
17252,24771,702,5
17253,24772,704,4
17254,24774,157,2
17255,24776,204,4
17256,24781,65,4
17257,24782,438,2
17258,24783,188,1
17259,24786,5,4
17260,24787,720,1
17261,24788,193,4
17262,24789,736,2
17263,24790,603,4
17264,24791,419,4
17265,24792,154,5
17266,24793,424,1
17267,24794,33,3
17268,24795,774,4
17269,24796,673,4
17270,24797,679,1
17271,24798,45,5
17272,24799,117,5
17273,24800,297,3
17274,24801,116,4
17275,24803,524,2
17276,24804,528,5
17277,24805,405,2
17278,24806,747,2
17279,24807,529,2
17280,24809,759,2
17281,24810,414,5
17282,24812,116,2
17283,24813,117,5
17284,24814,237,4
17285,24815,712,4
17286,24817,719,5
17287,24819,8,3
17288,24820,192,2
17289,24821,405,3
17290,24822,416,5
17291,24823,752,5
17292,24824,62,1
17293,24825,416,1
17294,24826,408,1
17295,24827,55,2
17296,24828,284,4
17297,24829,78,4
17298,24832,287,2
17299,24833,159,3
17300,24835,116,5
17301,24837,113,5
17302,24838,448,5
17303,24839,659,4
17304,24840,554,2
17305,24842,643,4
17306,24843,136,2
17307,24845,669,3
17308,24846,446,1
17309,24847,114,1
17310,24848,656,5
17311,24850,37,4
17312,24852,428,1
17313,24854,150,1
17314,24858,154,1
17315,24860,648,5
17316,24861,336,5
17317,24863,146,2
17318,24864,335,5
17319,24865,37,5
17320,24866,562,1
17321,24867,156,4
17322,24868,157,3
17323,24869,159,1
17324,24870,210,3
17325,24871,418,2
17326,24872,156,3
17327,24873,111,2
17328,24874,32,1
17329,24879,646,1
17330,24880,676,4
17331,24881,114,5
17332,24882,310,1
17333,24883,324,4
17334,24886,321,5
17335,24887,323,4
17336,24888,322,2
17337,24889,320,4
17338,24890,321,1
17339,24895,637,5
17340,24896,724,4
17341,24898,199,2
17342,24901,430,1
17343,24902,428,5
17344,24903,154,1
17345,24907,277,2
17346,24908,69,2
17347,24909,281,2
17348,24911,286,5
17349,24913,279,5
17350,24914,71,2
17351,24916,77,5
17352,24917,79,5
17353,24918,278,2
17354,24919,276,5
17355,24920,285,5
17356,24922,699,1
17357,24923,695,3
17358,24924,705,3
17359,24925,418,1
17360,24926,420,5
17361,24928,419,3
17362,24929,150,5
17363,24931,153,4
17364,24932,155,1
17365,24933,157,2
17366,24934,209,1
17367,24935,428,4
17368,24936,202,1
17369,24937,211,1
17370,24938,149,1
17371,24940,426,3
17372,24942,417,2
17373,24944,361,2
17374,24945,96,4
17375,24946,576,4
17376,24947,537,4
17377,24948,160,2
17378,24949,769,3
17379,24951,16,4
17380,24952,20,5
17381,24953,537,3
17382,24954,289,5
17383,24955,521,5
17384,24956,379,5
17385,24957,186,1
17386,24959,629,1
17387,24960,497,5
17388,24961,383,1
17389,24962,719,1
17390,24963,186,3
17391,24965,424,4
17392,24966,419,4
17393,24968,440,4
17394,24969,443,2
17395,24971,68,5
17396,24972,284,5
17397,24973,283,3
17398,24974,284,1
17399,24975,279,4
17400,24976,287,2
17401,24977,438,4
17402,24978,439,2
17403,24980,431,5
17404,24982,437,2
17405,24984,257,4
17406,24985,613,3
17407,24987,345,2
17408,24988,27,1
17409,24989,18,2
17410,24990,162,2
17411,24991,343,4
17412,24992,197,4
17413,24995,730,5
17414,24996,230,4
17415,24997,7,4
17416,24998,238,1
17417,24999,721,3
17418,25000,13,5
17419,25002,440,3
17420,25003,444,4
17421,25005,94,1
17422,25006,504,3
17423,25007,92,5
17424,25008,501,3
17425,25009,85,1
17426,25010,501,3
17427,25011,95,3
17428,25012,503,4
17429,25016,192,4
17430,25018,100,4
17431,25019,165,2
17432,25020,354,2
17433,25021,361,2
17434,25022,770,3
17435,25023,374,2
17436,25024,370,4
17437,25025,374,2
17438,25026,366,2
17439,25027,377,5
17440,25028,366,2
17441,25029,374,2
17442,25031,540,3
17443,25032,354,4
17444,25033,579,3
17445,25035,780,2
17446,25037,211,1
17447,25038,157,5
17448,25041,209,5
17449,25042,418,1
17450,25043,430,5
17451,25046,594,3
17452,25050,449,1
17453,25053,78,2
17454,25054,70,5
17455,25055,55,2
17456,25057,751,4
17457,25059,224,1
17458,25061,682,3
17459,25062,775,5
17460,25065,503,1
17461,25066,509,4
17462,25067,85,4
17463,25068,89,1
17464,25069,509,4
17465,25070,498,2
17466,25072,86,5
17467,25074,136,5
17468,25077,35,1
17469,25079,106,4
17470,25082,178,5
17471,25083,177,3
17472,25085,140,5
17473,25086,138,4
17474,25087,617,2
17475,25089,213,1
17476,25091,643,5
17477,25092,224,4
17478,25095,694,3
17479,25097,693,4
17480,25098,698,3
17481,25099,694,2
17482,25100,696,4
17483,25101,694,2
17484,25102,702,1
17485,25104,69,2
17486,25106,77,5
17487,25107,78,4
17488,25108,750,2
17489,25109,406,4
17490,25110,368,1
17491,25111,376,4
17492,25113,375,4
17493,25118,473,4
17494,25119,274,2
17495,25122,251,5
17496,25124,198,2
17497,25125,198,2
17498,25127,429,1
17499,25129,428,4
17500,25131,150,2
17501,25132,596,1
17502,25134,571,3
17503,25135,218,4
17504,25139,30,4
17505,25140,676,4
17506,25141,47,4
17507,25144,135,5
17508,25146,115,5
17509,25147,118,4
17510,25149,451,1
17511,25150,596,1
17512,25151,446,4
17513,25153,137,5
17514,25154,442,5
17515,25156,302,1
17516,25157,361,5
17517,25158,103,4
17518,25159,312,5
17519,25160,540,1
17520,25161,128,2
17521,25162,344,1
17522,25163,601,3
17523,25164,165,1
17524,25165,38,2
17525,25167,328,2
17526,25168,683,1
17527,25169,333,3
17528,25170,331,4
17529,25172,450,3
17530,25173,552,1
17531,25175,202,4
17532,25176,154,5
17533,25177,418,1
17534,25179,418,4
17535,25182,116,3
17536,25183,445,3
17537,25184,183,5
17538,25187,161,2
17539,25188,238,1
17540,25189,230,1
17541,25190,383,2
17542,25191,722,5
17543,25192,519,3
17544,25195,699,4
17545,25198,702,5
17546,25200,43,2
17547,25201,658,3
17548,25202,216,3
17549,25203,627,2
17550,25205,776,3
17551,25206,595,5
17552,25207,593,5
17553,25208,215,5
17554,25209,554,1
17555,25210,645,5
17556,25211,616,3
17557,25212,457,1
17558,25213,43,5
17559,25214,432,1
17560,25215,431,5
17561,25216,439,3
17562,25219,439,2
17563,25220,438,5
17564,25221,435,3
17565,25223,441,4
17566,25224,291,2
17567,25225,197,2
17568,25226,470,3
17569,25228,693,4
17570,25229,694,3
17571,25230,693,4
17572,25231,699,3
17573,25232,705,4
17574,25233,701,2
17575,25234,698,1
17576,25235,703,5
17577,25236,225,4
17578,25238,663,3
17579,25239,47,5
17580,25240,337,2
17581,25241,180,2
17582,25243,771,5
17583,25244,176,1
17584,25245,133,2
17585,25246,634,2
17586,25247,226,4
17587,25248,722,1
17588,25249,730,2
17589,25253,731,1
17590,25254,507,3
17591,25255,87,4
17592,25256,83,2
17593,25258,499,5
17594,25259,536,3
17595,25260,528,2
17596,25261,757,3
17597,25262,89,4
17598,25263,88,3
17599,25265,84,3
17600,25266,83,4
17601,25267,506,2
17602,25268,88,1
17603,25269,498,2
17604,25271,84,1
17605,25272,668,2
17606,25273,554,2
17607,25274,622,2
17608,25277,647,3
17609,25278,780,3
17610,25280,447,4
17611,25281,550,2
17612,25282,590,5
17613,25284,293,2
17614,25286,774,1
17615,25288,209,2
17616,25289,424,1
17617,25290,211,5
17618,25291,206,1
17619,25292,205,1
17620,25294,209,3
17621,25295,202,2
17622,25296,261,1
17623,25297,352,2
17624,25299,339,4
17625,25301,227,5
17626,25302,715,1
17627,25303,12,4
17628,25305,635,3
17629,25306,383,5
17630,25307,485,1
17631,25308,632,1
17632,25309,631,5
17633,25311,5,5
17634,25315,491,2
17635,25316,515,5
17636,25317,718,2
17637,25318,718,3
17638,25320,214,4
17639,25321,645,1
17640,25322,406,4
17641,25323,63,2
17642,25324,409,4
17643,25326,193,1
17644,25328,459,4
17645,25330,517,4
17646,25331,385,1
17647,25332,186,4
17648,25333,630,4
17649,25334,458,4
17650,25335,722,1
17651,25337,65,2
17652,25339,416,3
17653,25340,58,3
17654,25341,752,3
17655,25342,749,2
17656,25346,542,3
17657,25349,615,1
17658,25350,550,3
17659,25351,298,3
17660,25352,141,2
17661,25353,336,1
17662,25354,558,2
17663,25356,454,2
17664,25357,779,1
17665,25360,557,3
17666,25361,686,4
17667,25362,50,1
17668,25364,7,2
17669,25367,723,3
17670,25368,237,2
17671,25369,497,1
17672,25372,178,3
17673,25373,182,4
17674,25374,183,2
17675,25375,739,1
17676,25376,763,1
17677,25377,320,1
17678,25380,317,2
17679,25381,319,3
17680,25382,314,2
17681,25383,431,3
17682,25384,439,3
17683,25385,438,1
17684,25386,431,5
17685,25389,439,1
17686,25390,103,4
17687,25391,612,4
17688,25392,543,2
17689,25393,744,2
17690,25394,300,4
17691,25396,94,4
17692,25397,301,4
17693,25399,256,5
17694,25401,127,5
17695,25402,99,1
17696,25405,142,1
17697,25406,782,3
17698,25407,571,2
17699,25409,559,1
17700,25410,655,1
17701,25411,447,1
17702,25412,565,1
17703,25413,558,3
17704,25414,218,2
17705,25416,43,2
17706,25417,672,3
17707,25418,643,5
17708,25419,154,5
17709,25420,208,5
17710,25421,423,4
17711,25422,152,2
17712,25423,206,5
17713,25424,556,5
17714,25425,39,3
17715,25426,81,2
17716,25428,280,5
17717,25429,73,3
17718,25430,119,4
17719,25431,445,3
17720,25432,30,3
17721,25433,89,1
17722,25434,88,3
17723,25435,86,3
17724,25437,498,3
17725,25438,95,4
17726,25440,92,3
17727,25441,597,2
17728,25442,592,4
17729,25443,690,2
17730,25444,653,4
17731,25446,284,2
17732,25447,280,2
17733,25448,70,2
17734,25450,285,1
17735,25451,78,5
17736,25452,284,2
17737,25453,78,5
17738,25454,277,5
17739,25455,170,2
17740,25456,760,2
17741,25457,767,4
17742,25458,107,5
17743,25461,231,5
17744,25463,230,1
17745,25464,633,3
17746,25468,540,4
17747,25470,278,4
17748,25472,283,5
17749,25473,79,5
17750,25475,277,3
17751,25479,660,2
17752,25481,419,5
17753,25483,150,5
17754,25485,153,3
17755,25486,155,2
17756,25488,417,5
17757,25489,156,2
17758,25490,203,4
17759,25492,316,4
17760,25494,315,4
17761,25495,34,4
17762,25496,596,2
17763,25497,298,4
17764,25498,331,3
17765,25500,553,1
17766,25501,704,3
17767,25502,700,1
17768,25503,706,1
17769,25504,696,5
17770,25507,295,4
17771,25508,553,4
17772,25509,113,3
17773,25511,225,3
17774,25512,644,5
17775,25517,524,1
17776,25518,529,1
17777,25521,754,3
17778,25523,411,3
17779,25526,145,4
17780,25528,782,3
17781,25531,334,3
17782,25534,765,5
17783,25535,173,3
17784,25537,365,1
17785,25538,350,2
17786,25540,603,1
17787,25542,333,2
17788,25544,42,2
17789,25545,599,2
17790,25546,36,5
17791,25547,562,5
17792,25548,64,5
17793,25549,531,4
17794,25551,753,2
17795,25552,413,4
17796,25554,61,1
17797,25556,206,2
17798,25558,427,2
17799,25559,427,2
17800,25560,422,1
17801,25562,429,1
17802,25563,148,3
17803,25566,385,2
17804,25567,713,3
17805,25572,325,1
17806,25573,326,3
17807,25574,323,5
17808,25576,326,5
17809,25577,317,3
17810,25579,325,3
17811,25580,322,2
17812,25581,314,4
17813,25582,282,3
17814,25583,278,3
17815,25585,218,2
17816,25586,25,1
17817,25587,605,3
17818,25588,577,4
17819,25589,170,1
17820,25590,611,2
17821,25593,364,3
17822,25594,132,1
17823,25595,20,1
17824,25596,364,1
17825,25597,98,2
17826,25598,184,3
17827,25600,358,3
17828,25601,673,5
17829,25602,48,1
17830,25603,116,3
17831,25604,564,1
17832,25605,222,1
17833,25607,246,4
17834,25608,404,5
17835,25609,245,4
17836,25610,402,4
17837,25611,266,5
17838,25612,484,5
17839,25613,242,2
17840,25616,412,2
17841,25617,60,2
17842,25618,526,3
17843,25619,405,3
17844,25621,64,4
17845,25622,524,4
17846,25623,58,4
17847,25624,758,2
17848,25625,410,5
17849,25627,334,1
17850,25628,677,3
17851,25629,640,5
17852,25630,445,5
17853,25631,45,5
17854,25632,439,2
17855,25633,442,1
17856,25634,443,3
17857,25635,421,2
17858,25636,205,3
17859,25637,158,1
17860,25638,149,1
17861,25640,210,5
17862,25642,418,1
17863,25644,417,1
17864,25646,323,1
17865,25647,324,1
17866,25648,320,1
17867,25649,320,1
17868,25650,318,4
17869,25651,324,1
17870,25652,316,3
17871,25653,324,3
17872,25655,441,3
17873,25657,628,2
17874,25658,497,5
17875,25663,402,4
17876,25664,269,3
17877,25665,75,1
17878,25666,282,1
17879,25667,77,3
17880,25668,281,3
17881,25669,325,3
17882,25671,149,2
17883,25672,148,3
17884,25673,207,2
17885,25674,154,5
17886,25675,202,3
17887,25676,436,3
17888,25677,440,1
17889,25678,354,4
17890,25679,130,2
17891,25680,542,1
17892,25681,198,3
17893,25683,423,3
17894,25684,154,1
17895,25685,152,4
17896,25686,200,5
17897,25687,425,3
17898,25689,427,3
17899,25690,419,1
17900,25694,152,1
17901,25697,93,4
17902,25698,502,2
17903,25699,503,4
17904,25701,622,5
17905,25704,336,4
17906,25705,445,5
17907,25706,593,2
17908,25707,334,4
17909,25708,86,4
17910,25712,302,1
17911,25713,546,2
17912,25715,580,4
17913,25716,347,4
17914,25717,341,3
17915,25718,766,1
17916,25719,309,4
17917,25721,543,3
17918,25724,130,1
17919,25726,318,5
17920,25728,321,4
17921,25732,322,3
17922,25733,324,3
17923,25734,320,2
17924,25735,781,1
17925,25736,566,1
17926,25737,323,4
17927,25740,324,2
17928,25741,324,4
17929,25742,328,3
17930,25744,637,3
17931,25745,726,3
17932,25746,195,1
17933,25748,707,4
17934,25751,468,3
17935,25752,631,5
17936,25753,630,4
17937,25754,461,5
17938,25755,384,2
17939,25756,380,3
17940,25758,192,2
17941,25759,467,5
17942,25760,609,4
17943,25762,184,4
17944,25766,345,5
17945,25767,27,3
17946,25768,739,1
17947,25769,783,2
17948,25770,618,4
17949,25771,661,5
17950,25772,420,4
17951,25773,422,5
17952,25774,207,3
17953,25775,211,4
17954,25776,211,4
17955,25777,209,3
17956,25779,153,3
17957,25780,114,4
17958,25781,449,5
17959,25782,34,4
17960,25783,623,5
17961,25784,673,3
17962,25786,591,4
17963,25787,484,1
17964,25789,147,1
17965,25791,150,1
17966,25792,423,3
17967,25795,203,4
17968,25797,765,4
17969,25798,300,2
17970,25799,177,3
17971,25800,313,3
17972,25802,310,4
17973,25804,620,3
17974,25805,48,4
17975,25806,147,2
17976,25809,151,1
17977,25810,371,2
17978,25811,376,1
17979,25813,369,4
17980,25814,374,4
17981,25816,369,5
17982,25818,147,3
17983,25819,152,1
17984,25820,421,1
17985,25821,205,1
17986,25822,417,2
17987,25823,428,1
17988,25824,150,3
17989,25825,149,2
17990,25826,342,5
17991,25827,98,3
17992,25828,17,3
17993,25829,763,2
17994,25830,255,5
17995,25831,764,5
17996,25833,545,2
17997,25834,176,2
17998,25835,691,5
17999,25836,780,2
18000,25837,49,1
18001,25838,641,5
18002,25839,564,3
18003,25841,314,1
18004,25842,323,1
18005,25843,322,3
18006,25845,444,5
18007,25846,438,5
18008,25847,444,1
18009,25849,439,5
18010,25850,435,1
18011,25851,443,1
18012,25853,443,5
18013,25855,625,3
18014,25856,573,1
18015,25857,571,2
18016,25858,556,1
18017,25859,330,4
18018,25861,573,5
18019,25862,141,2
18020,25867,293,4
18021,25868,649,1
18022,25869,783,4
18023,25871,209,4
18024,25874,148,2
18025,25875,421,1
18026,25876,139,2
18027,25877,422,3
18028,25878,154,3
18029,25880,251,4
18030,25881,393,5
18031,25882,275,3
18032,25884,306,2
18033,25886,182,4
18034,25887,769,1
18035,25890,576,3
18036,25891,609,1
18037,25893,51,3
18038,25895,562,2
18039,25897,448,4
18040,25898,54,3
18041,25899,74,4
18042,25901,549,2
18043,25902,338,1
18044,25903,775,1
18045,25904,140,3
18046,25905,781,4
18047,25906,119,4
18048,25907,552,1
18049,25908,773,1
18050,25910,779,4
18051,25912,656,3
18052,25913,44,2
18053,25914,686,4
18054,25916,426,5
18055,25917,417,4
18056,25918,430,3
18057,25919,151,4
18058,25920,206,1
18059,25922,211,5
18060,25924,210,5
18061,25925,781,5
18062,25927,145,2
18063,25928,620,3
18064,25929,204,1
18065,25931,151,3
18066,25933,637,1
18067,25935,719,2
18068,25936,732,5
18069,25937,523,4
18070,25939,635,5
18071,25940,383,2
18072,25941,638,5
18073,25942,460,2
18074,25943,186,1
18075,25944,196,4
18076,25945,194,3
18077,25946,598,2
18078,25947,557,5
18079,25948,210,1
18080,25949,361,2
18081,25950,576,2
18082,25951,289,2
18083,25952,28,5
18084,25955,683,4
18085,25956,140,1
18086,25957,137,5
18087,25959,334,1
18088,25960,652,5
18089,25961,335,4
18090,25962,783,1
18091,25963,295,1
18092,25965,589,2
18093,25967,474,5
18094,25968,269,2
18095,25969,484,4
18096,25970,394,4
18097,25973,408,3
18098,25974,409,3
18099,25975,59,3
18100,25976,408,4
18101,25977,409,2
18102,25978,406,3
18103,25979,527,3
18104,25980,59,4
18105,25981,540,3
18106,25982,362,1
18107,25984,543,2
18108,25985,162,3
18109,25986,354,3
18110,25987,734,1
18111,25990,41,3
18112,25991,781,1
18113,25994,661,5
18114,25995,674,4
18115,25996,140,2
18116,25997,777,3
18117,25998,645,5
18118,26000,3,4
18119,26002,189,4
18120,26003,732,3
18121,26004,632,1
18122,26005,232,2
18123,26006,490,4
18124,26007,302,4
18125,26008,768,4
18126,26009,252,3
18127,26011,546,4
18128,26012,770,4
18129,26013,309,4
18130,26014,254,3
18131,26016,647,3
18132,26018,616,5
18133,26019,47,2
18134,26020,618,4
18135,26022,678,3
18136,26023,562,3
18137,26024,211,4
18138,26025,147,4
18139,26026,422,3
18140,26028,155,5
18141,26029,156,2
18142,26033,204,3
18143,26034,688,3
18144,26035,328,3
18145,26036,457,2
18146,26037,556,2
18147,26038,44,3
18148,26040,692,1
18149,26041,328,4
18150,26042,21,4
18151,26043,344,1
18152,26044,340,1
18153,26045,543,3
18154,26046,15,2
18155,26047,537,3
18156,26048,276,4
18157,26049,280,2
18158,26053,78,1
18159,26054,69,2
18160,26056,431,5
18161,26057,431,1
18162,26058,438,5
18163,26059,438,2
18164,26060,432,2
18165,26062,444,1
18166,26064,715,2
18167,26065,7,5
18168,26066,496,1
18169,26067,488,2
18170,26068,522,3
18171,26069,14,3
18172,26070,468,2
18173,26072,707,4
18174,26073,723,1
18175,26074,62,4
18176,26076,415,5
18177,26077,749,3
18178,26078,754,2
18179,26081,415,3
18180,26083,71,4
18181,26084,276,1
18182,26087,204,4
18183,26088,149,4
18184,26089,433,2
18185,26090,432,5
18186,26091,436,5
18187,26092,443,3
18188,26093,433,3
18189,26096,439,5
18190,26098,434,3
18191,26099,428,5
18192,26100,159,5
18193,26101,199,1
18194,26102,149,2
18195,26104,430,1
18196,26105,150,1
18197,26107,604,5
18198,26108,177,1
18199,26109,351,3
18200,26110,780,4
18201,26111,691,5
18202,26112,621,1
18203,26113,141,1
18204,26114,627,5
18205,26116,601,4
18206,26118,342,2
18207,26119,97,4
18208,26120,313,1
18209,26121,586,1
18210,26122,350,1
18211,26124,261,2
18212,26126,17,5
18213,26127,735,5
18214,26128,24,1
18215,26129,312,3
18216,26130,610,4
18217,26132,644,3
18218,26133,645,5
18219,26134,665,3
18220,26135,118,1
18221,26136,677,1
18222,26137,669,3
18223,26139,47,3
18224,26141,65,3
18225,26142,406,4
18226,26143,64,5
18227,26144,752,2
18228,26145,411,4
18229,26146,168,3
18230,26147,339,2
18231,26149,21,3
18232,26150,19,2
18233,26151,359,2
18234,26152,257,1
18235,26154,305,1
18236,26155,565,4
18237,26156,42,4
18238,26157,292,2
18239,26158,676,1
18240,26159,222,5
18241,26160,690,4
18242,26162,558,3
18243,26165,270,3
18244,26166,484,1
18245,26167,475,2
18246,26169,477,1
18247,26170,397,4
18248,26171,393,2
18249,26172,380,5
18250,26173,226,1
18251,26174,630,2
18252,26175,486,2
18253,26177,581,4
18254,26180,263,4
18255,26182,25,4
18256,26183,771,5
18257,26184,306,3
18258,26185,760,3
18259,26187,185,3
18260,26188,346,5
18261,26189,742,4
18262,26190,305,5
18263,26191,162,4
18264,26192,181,4
18265,26197,376,3
18266,26198,376,3
18267,26199,370,1
18268,26201,377,5
18269,26202,546,4
18270,26205,742,2
18271,26207,766,1
18272,26209,377,5
18273,26210,376,1
18274,26211,378,4
18275,26212,366,4
18276,26213,376,3
18277,26214,372,4
18278,26216,375,3
18279,26219,126,5
18280,26220,771,5
18281,26221,601,5
18282,26222,300,2
18283,26223,108,4
18284,26224,165,1
18285,26225,300,1
18286,26226,590,1
18287,26227,291,2
18288,26228,323,5
18289,26229,315,4
18290,26230,322,3
18291,26233,314,3
18292,26234,321,5
18293,26235,324,5
18294,26236,287,2
18295,26237,75,1
18296,26238,283,2
18297,26239,287,5
18298,26240,277,5
18299,26242,72,4
18300,26243,281,2
18301,26244,154,2
18302,26245,159,5
18303,26246,156,3
18304,26248,52,4
18305,26250,455,3
18306,26251,591,5
18307,26252,590,2
18308,26253,616,1
18309,26254,443,1
18310,26255,438,5
18311,26256,443,2
18312,26257,443,5
18313,26258,437,1
18314,26259,70,2
18315,26260,80,2
18316,26262,276,3
18317,26263,277,5
18318,26265,76,4
18319,26266,279,4
18320,26268,211,5
18321,26270,149,4
18322,26273,92,1
18323,26274,90,1
18324,26275,86,2
18325,26277,641,3
18326,26278,35,2
18327,26279,682,2
18328,26280,598,1
18329,26281,222,2
18330,26282,763,3
18331,26283,1,4
18332,26284,721,5
18333,26285,723,5
18334,26286,729,5
18335,26287,386,3
18336,26289,107,2
18337,26290,23,3
18338,26291,583,2
18339,26292,92,3
18340,26293,91,1
18341,26294,93,3
18342,26296,509,3
18343,26297,500,2
18344,26298,503,3
18345,26299,501,3
18346,26301,360,5
18347,26302,586,3
18348,26303,349,1
18349,26304,101,1
18350,26305,20,5
18351,26308,338,3
18352,26310,283,1
18353,26311,75,2
18354,26312,75,3
18355,26316,282,5
18356,26317,75,5
18357,26318,38,2
18358,26319,46,3
18359,26320,37,3
18360,26321,448,1
18361,26323,665,1
18362,26325,547,5
18363,26327,130,1
18364,26330,733,4
18365,26332,379,5
18366,26333,491,1
18367,26336,14,3
18368,26338,423,3
18369,26339,430,2
18370,26340,150,3
18371,26341,286,4
18372,26342,150,2
18373,26343,423,2
18374,26345,537,2
18375,26347,26,1
18376,26348,583,1
18377,26349,738,2
18378,26350,746,4
18379,26351,178,1
18380,26353,263,2
18381,26355,554,1
18382,26356,782,4
18383,26357,453,1
18384,26358,781,5
18385,26360,677,1
18386,26361,574,3
18387,26362,712,5
18388,26363,725,4
18389,26364,636,4
18390,26365,523,1
18391,26366,464,4
18392,26367,487,4
18393,26368,493,1
18394,26369,13,2
18395,26370,385,2
18396,26371,226,1
18397,26372,323,2
18398,26374,324,5
18399,26375,319,1
18400,26376,319,1
18401,26377,324,2
18402,26381,418,5
18403,26382,211,5
18404,26383,149,4
18405,26386,426,3
18406,26387,154,3
18407,26388,203,3
18408,26390,500,3
18409,26391,508,5
18410,26392,87,4
18411,26393,504,4
18412,26394,94,2
18413,26395,739,2
18414,26396,131,5
18415,26398,734,3
18416,26399,176,1
18417,26400,578,4
18418,26401,184,5
18419,26403,340,1
18420,26405,357,3
18421,26406,165,1
18422,26408,104,2
18423,26412,342,1
18424,26414,295,4
18425,26416,567,2
18426,26417,145,3
18427,26418,670,3
18428,26419,670,4
18429,26420,669,5
18430,26421,174,5
18431,26422,107,1
18432,26424,740,2
18433,26426,738,1
18434,26427,262,1
18435,26428,312,5
18436,26429,548,1
18437,26430,541,5
18438,26431,182,1
18439,26432,547,2
18440,26433,537,5
18441,26434,548,5
18442,26435,705,5
18443,26436,696,2
18444,26437,701,2
18445,26438,249,5
18446,26439,399,1
18447,26440,472,4
18448,26441,399,5
18449,26442,251,5
18450,26443,404,1
18451,26445,397,2
18452,26448,285,3
18453,26449,280,3
18454,26450,68,4
18455,26452,68,5
18456,26453,278,4
18457,26454,276,1
18458,26455,279,1
18459,26457,283,1
18460,26458,183,4
18461,26460,300,1
18462,26461,306,5
18463,26462,60,5
18464,26463,416,2
18465,26464,747,2
18466,26465,58,4
18467,26466,462,3
18468,26468,238,1
18469,26469,380,5
18470,26470,733,2
18471,26471,211,2
18472,26472,428,3
18473,26473,149,3
18474,26474,198,1
18475,26476,153,1
18476,26477,147,3
18477,26478,154,2
18478,26479,201,1
18479,26481,427,3
18480,26482,152,1
18481,26483,150,5
18482,26485,655,4
18483,26486,662,3
18484,26487,675,5
18485,26488,659,1
18486,26489,776,5
18487,26490,118,4
18488,26493,413,3
18489,26494,58,5
18490,26495,534,1
18491,26496,55,1
18492,26497,63,2
18493,26499,754,4
18494,26501,228,4
18495,26502,13,1
18496,26503,707,1
18497,26504,725,4
18498,26505,197,5
18499,26507,518,4
18500,26508,636,4
18501,26509,426,5
18502,26510,53,3
18503,26511,772,1
18504,26513,138,3
18505,26515,643,2
18506,26516,678,1
18507,26517,645,3
18508,26518,670,3
18509,26520,553,1
18510,26523,360,1
18511,26524,741,4
18512,26525,611,5
18513,26527,717,1
18514,26529,512,2
18515,26530,634,5
18516,26531,235,4
18517,26532,16,4
18518,26533,105,3
18519,26534,43,1
18520,26535,225,4
18521,26537,596,5
18522,26538,118,2
18523,26539,559,4
18524,26540,116,5
18525,26542,451,2
18526,26543,23,4
18527,26544,102,1
18528,26545,365,2
18529,26548,765,5
18530,26549,700,5
18531,26550,698,5
18532,26551,700,5
18533,26553,697,4
18534,26554,703,1
18535,26555,695,2
18536,26556,697,5
18537,26558,693,4
18538,26559,636,4
18539,26560,522,4
18540,26561,380,4
18541,26562,628,4
18542,26564,491,1
18543,26565,6,1
18544,26566,45,1
18545,26567,298,5
18546,26568,672,2
18547,26569,39,5
18548,26571,220,5
18549,26572,111,5
18550,26574,521,4
18551,26576,4,2
18552,26577,468,1
18553,26578,379,4
18554,26579,196,5
18555,26580,469,4
18556,26581,190,3
18557,26583,245,2
18558,26584,242,1
18559,26585,393,5
18560,26586,269,4
18561,26587,471,1
18562,26589,484,5
18563,26591,376,1
18564,26592,372,5
18565,26594,371,4
18566,26595,503,5
18567,26597,505,5
18568,26600,506,4
18569,26601,503,2
18570,26605,428,5
18571,26607,149,1
18572,26608,151,2
18573,26609,207,1
18574,26610,201,2
18575,26611,419,2
18576,26612,508,1
18577,26617,90,3
18578,26618,505,3
18579,26619,501,4
18580,26621,498,2
18581,26622,502,4
18582,26625,156,5
18583,26626,421,1
18584,26627,427,3
18585,26628,110,2
18586,26629,595,1
18587,26630,328,4
18588,26631,777,3
18589,26632,137,2
18590,26634,550,3
18591,26635,115,4
18592,26636,596,5
18593,26637,454,4
18594,26639,666,5
18595,26640,254,5
18596,26641,104,5
18597,26642,349,3
18598,26643,734,2
18599,26645,257,5
18600,26646,282,3
18601,26649,284,3
18602,26650,70,2
18603,26651,278,4
18604,26653,618,4
18605,26654,48,4
18606,26656,30,1
18607,26657,564,1
18608,26660,734,1
18609,26661,348,4
18610,26663,745,3
18611,26664,580,2
18612,26666,74,2
18613,26667,280,5
18614,26668,287,1
18615,26669,68,1
18616,26670,282,3
18617,26671,282,5
18618,26672,206,4
18619,26673,149,4
18620,26674,156,5
18621,26677,210,4
18622,26678,206,1
18623,26679,419,4
18624,26681,157,1
18625,26682,327,3
18626,26683,225,3
18627,26684,783,4
18628,26685,141,4
18629,26686,38,3
18630,26687,640,1
18631,26688,331,1
18632,26692,168,2
18633,26693,123,3
18634,26696,421,5
18635,26697,419,3
18636,26698,428,2
18637,26699,210,3
18638,26700,204,2
18639,26701,152,2
18640,26702,153,5
18641,26703,211,2
18642,26704,199,4
18643,26705,232,3
18644,26708,231,5
18645,26709,719,5
18646,26710,717,3
18647,26711,694,5
18648,26713,631,5
18649,26714,522,5
18650,26716,726,1
18651,26717,384,1
18652,26721,558,1
18653,26722,775,3
18654,26725,558,3
18655,26726,25,1
18656,26728,25,4
18657,26729,547,3
18658,26730,353,1
18659,26731,736,5
18660,26732,132,1
18661,26734,367,1
18662,26735,366,1
18663,26738,580,4
18664,26739,258,3
18665,26741,303,1
18666,26742,131,3
18667,26743,134,4
18668,26745,543,5
18669,26747,561,5
18670,26748,221,1
18671,26751,435,4
18672,26752,431,1
18673,26753,440,2
18674,26754,442,3
18675,26756,443,4
18676,26759,434,3
18677,26760,348,5
18678,26761,107,3
18679,26762,260,2
18680,26763,133,3
18681,26764,367,3
18682,26766,372,5
18683,26767,370,5
18684,26768,294,2
18685,26769,295,1
18686,26771,593,2
18687,26772,291,2
18688,26773,666,3
18689,26775,48,1
18690,26776,654,1
18691,26777,209,2
18692,26779,205,5
18693,26780,148,3
18694,26781,151,4
18695,26782,764,5
18696,26784,278,1
18697,26785,81,3
18698,26787,71,2
18699,26788,283,2
18700,26789,89,4
18701,26790,87,1
18702,26792,95,4
18703,26794,509,2
18704,26795,502,5
18705,26796,89,1
18706,26797,92,4
18707,26798,94,2
18708,26800,690,3
18709,26804,575,3
18710,26805,168,2
18711,26806,764,4
18712,26807,280,4
18713,26808,80,3
18714,26809,284,5
18715,26810,281,3
18716,26813,76,5
18717,26817,480,4
18718,26819,404,1
18719,26820,399,5
18720,26821,265,4
18721,26823,705,5
18722,26824,705,4
18723,26826,267,2
18724,26827,240,2
18725,26828,508,2
18726,26830,283,5
18727,26831,73,5
18728,26832,73,5
18729,26833,285,5
18730,26834,284,2
18731,26836,285,1
18732,26837,529,5
18733,26839,62,4
18734,26840,415,2
18735,26841,441,3
18736,26842,435,1
18737,26847,779,3
18738,26849,111,2
18739,26850,666,3
18740,26851,52,5
18741,26852,649,5
18742,26856,175,4
18743,26857,541,1
18744,26858,585,1
18745,26859,767,5
18746,26861,167,3
18747,26862,19,4
18748,26865,503,2
18749,26867,88,4
18750,26869,46,1
18751,26871,563,5
18752,26872,775,2
18753,26873,120,3
18754,26874,663,2
18755,26875,568,4
18756,26876,560,5
18757,26877,658,4
18758,26878,338,3
18759,26879,644,2
18760,26880,683,1
18761,26883,263,4
18762,26885,131,2
18763,26887,76,2
18764,26888,321,3
18765,26889,322,1
18766,26891,318,1
18767,26892,320,3
18768,26893,320,5
18769,26896,322,5
18770,26898,262,1
18771,26899,736,4
18772,26900,547,3
18773,26901,307,1
18774,26902,175,1
18775,26904,365,4
18776,26905,538,1
18777,26906,217,2
18778,26907,40,2
18779,26908,667,4
18780,26909,299,3
18781,26910,776,3
18782,26912,33,2
18783,26913,774,5
18784,26915,664,4
18785,26917,84,5
18786,26918,504,4
18787,26921,505,4
18788,26922,505,4
18789,26923,87,5
18790,26924,205,1
18791,26925,202,3
18792,26926,419,5
18793,26927,740,2
18794,26929,763,5
18795,26930,182,2
18796,26931,163,2
18797,26932,185,5
18798,26933,174,3
18799,26934,105,2
18800,26935,577,4
18801,26937,358,5
18802,26938,380,1
18803,26940,715,5
18804,26942,514,4
18805,26943,498,4
18806,26945,502,3
18807,26946,95,5
18808,26947,501,2
18809,26949,87,1
18810,26950,504,4
18811,26951,83,2
18812,26952,91,5
18813,26953,358,3
18814,26954,575,1
18815,26955,261,4
18816,26956,22,5
18817,26957,309,5
18818,26958,347,2
18819,26959,22,2
18820,26962,139,5
18821,26963,294,1
18822,26965,649,4
18823,26966,118,5
18824,26968,553,4
18825,26969,657,2
18826,26970,693,1
18827,26971,701,1
18828,26972,696,5
18829,26973,700,5
18830,26975,695,1
18831,26976,696,1
18832,26978,216,3
18833,26981,640,2
18834,26982,665,4
18835,26983,319,5
18836,26985,316,4
18837,26986,319,2
18838,26987,322,3
18839,26988,317,1
18840,26989,324,3
18841,26990,773,5
18842,26991,148,3
18843,26993,604,2
18844,26994,541,1
18845,26995,608,4
18846,27000,155,4
18847,27001,205,4
18848,27002,152,2
18849,27003,208,4
18850,27004,153,1
18851,27005,417,2
18852,27007,198,5
18853,27009,149,3
18854,27010,159,5
18855,27011,92,3
18856,27013,93,3
18857,27014,505,4
18858,27015,256,5
18859,27016,769,2
18860,27020,55,3
18861,27022,91,4
18862,27023,84,3
18863,27025,506,5
18864,27026,85,3
18865,27027,503,2
18866,27029,83,3
18867,27031,590,3
18868,27037,740,5
18869,27038,608,1
18870,27041,742,5
18871,27042,388,3
18872,27043,632,5
18873,27044,721,4
18874,27045,487,4
18875,27047,514,2
18876,27048,519,3
18877,27049,190,4
18878,27051,251,3
18879,27052,404,1
18880,27053,400,5
18881,27055,319,4
18882,27056,321,4
18883,27059,322,3
18884,27060,314,3
18885,27062,319,2
18886,27063,562,3
18887,27064,566,2
18888,27066,212,2
18889,27067,549,5
18890,27068,120,4
18891,27070,114,1
18892,27071,659,1
18893,27075,443,5
18894,27079,431,5
18895,27080,437,2
18896,27081,440,4
18897,27082,433,2
18898,27083,434,5
18899,27084,434,1
18900,27085,744,4
18901,27086,15,2
18902,27089,544,1
18903,27090,547,5
18904,27091,478,5
18905,27092,404,2
18906,27093,399,1
18907,27094,393,2
18908,27096,299,5
18909,27098,775,1
18910,27099,621,2
18911,27100,37,5
18912,27101,679,3
18913,27102,146,1
18914,27103,381,4
18915,27104,639,5
18916,27105,631,3
18917,27107,12,2
18918,27109,568,4
18919,27110,565,3
18920,27111,221,4
18921,27112,374,3
18922,27113,373,5
18923,27114,368,3
18924,27116,375,1
18925,27118,371,5
18926,27119,374,3
18927,27120,304,2
18928,27121,610,2
18929,27122,302,2
18930,27123,539,4
18931,27124,130,4
18932,27125,177,1
18933,27127,354,1
18934,27129,358,3
18935,27130,661,4
18936,27131,135,3
18937,27132,549,4
18938,27133,30,3
18939,27134,666,4
18940,27136,560,2
18941,27137,445,5
18942,27138,623,4
18943,27139,217,4
18944,27140,690,2
18945,27141,558,3
18946,27143,683,4
18947,27144,222,4
18948,27145,222,3
18949,27146,778,3
18950,27147,56,5
18951,27149,759,5
18952,27150,550,4
18953,27151,49,5
18954,27152,660,2
18955,27153,659,5
18956,27155,687,5
18957,27157,631,1
18958,27158,5,1
18959,27159,382,1
18960,27162,584,4
18961,27163,734,5
18962,27164,362,5
18963,27165,735,3
18964,27166,256,1
18965,27168,123,4
18966,27169,583,4
18967,27171,183,4
18968,27172,169,3
18969,27174,723,3
18970,27175,374,4
18971,27176,599,3
18972,27177,654,2
18973,27178,235,3
18974,27179,717,1
18975,27180,639,4
18976,27181,194,5
18977,27182,10,5
18978,27183,522,3
18979,27184,633,5
18980,27185,460,3
18981,27186,458,2
18982,27187,157,1
18983,27188,157,3
18984,27189,427,5
18985,27190,661,2
18986,27191,213,5
18987,27192,684,5
18988,27194,31,2
18989,27195,562,4
18990,27196,222,3
18991,27197,617,1
18992,27198,221,3
18993,27199,157,3
18994,27200,426,1
18995,27203,605,2
18996,27206,328,2
18997,27208,53,5
18998,27209,655,4
18999,27210,110,4
19000,27212,135,5
19001,27213,664,4
19002,27214,145,3
19003,27216,148,2
19004,27218,199,1
19005,27219,206,1
19006,27220,201,2
19007,27221,471,3
19008,27222,248,3
19009,27223,471,4
19010,27224,242,2
19011,27225,265,1
19012,27227,392,3
19013,27228,445,5
19014,27229,316,2
19015,27230,324,4
19016,27232,319,3
19017,27233,315,5
19018,27235,93,4
19019,27237,85,2
19020,27238,91,1
19021,27239,93,3
19022,27240,89,5
19023,27241,94,4
19024,27243,323,1
19025,27244,320,5
19026,27245,69,3
19027,27247,284,1
19028,27249,279,4
19029,27250,283,2
19030,27251,285,1
19031,27253,281,1
19032,27255,280,2
19033,27256,70,2
19034,27257,277,4
19035,27258,489,3
19036,27259,521,2
19037,27260,711,4
19038,27264,83,5
19039,27266,84,4
19040,27268,158,5
19041,27269,425,4
19042,27270,203,2
19043,27271,428,5
19044,27272,207,5
19045,27273,152,2
19046,27274,427,4
19047,27275,775,3
19048,27276,549,2
19049,27277,50,3
19050,27279,298,2
19051,27282,660,4
19052,27284,376,5
19053,27285,367,2
19054,27286,368,2
19055,27287,372,3
19056,27288,377,1
19057,27289,373,1
19058,27290,70,4
19059,27291,284,1
19060,27293,73,5
19061,27294,284,1
19062,27295,281,3
19063,27296,279,3
19064,27297,68,3
19065,27298,711,3
19066,27299,711,2
19067,27300,521,1
19068,27301,492,5
19069,27303,513,3
19070,27304,389,1
19071,27305,631,2
19072,27306,639,1
19073,27307,635,2
19074,27308,348,4
19075,27309,604,3
19076,27310,129,3
19077,27311,602,1
19078,27312,355,3
19079,27313,164,3
19080,27314,129,5
19081,27316,768,4
19082,27320,762,1
19083,27322,614,2
19084,27323,294,5
19085,27325,614,4
19086,27326,677,3
19087,27327,118,5
19088,27328,114,1
19089,27329,120,5
19090,27330,297,4
19091,27331,702,3
19092,27332,698,3
19093,27333,695,4
19094,27334,695,3
19095,27335,696,5
19096,27337,703,4
19097,27338,698,2
19098,27340,694,1
19099,27341,33,1
19100,27342,569,4
19101,27345,33,4
19102,27346,225,1
19103,27348,328,5
19104,27350,347,3
19105,27351,175,5
19106,27352,20,1
19107,27353,360,2
19108,27355,367,1
19109,27356,376,2
19110,27357,335,5
19111,27358,450,4
19112,27361,783,3
19113,27364,442,5
19114,27365,435,3
19115,27366,161,5
19116,27367,608,4
19117,27368,542,2
19118,27369,185,2
19119,27370,22,2
19120,27371,97,1
19121,27372,538,3
19122,27374,256,5
19123,27375,587,4
19124,27376,124,5
19125,27377,348,5
19126,27378,134,4
19127,27379,352,3
19128,27381,126,3
19129,27382,177,2
19130,27383,100,1
19131,27385,62,5
19132,27386,750,1
19133,27387,244,2
19134,27390,678,5
19135,27392,225,5
19136,27393,564,3
19137,27394,619,1
19138,27395,625,5
19139,27396,574,2
19140,27397,24,1
19141,27398,163,4
19142,27399,305,1
19143,27400,363,2
19144,27401,581,3
19145,27403,102,5
19146,27404,505,3
19147,27405,93,1
19148,27406,507,2
19149,27407,149,2
19150,27408,420,4
19151,27409,118,5
19152,27410,689,2
19153,27411,773,2
19154,27412,624,1
19155,27413,569,3
19156,27414,688,5
19157,27415,395,2
19158,27417,544,5
19159,27418,304,5
19160,27419,181,2
19161,27420,132,1
19162,27421,171,4
19163,27422,539,1
19164,27424,587,3
19165,27425,252,2
19166,27426,759,2
19167,27427,535,1
19168,27428,756,3
19169,27429,409,4
19170,27430,604,4
19171,27431,550,3
19172,27432,566,4
19173,27433,673,3
19174,27435,420,4
19175,27436,419,4
19176,27437,158,5
19177,27438,159,5
19178,27440,149,4
19179,27441,151,4
19180,27443,343,2
19181,27445,122,1
19182,27446,739,3
19183,27447,261,1
19184,27448,737,5
19185,27449,586,5
19186,27450,585,1
19187,27451,121,4
19188,27452,588,4
19189,27455,195,4
19190,27456,428,2
19191,27458,199,5
19192,27460,421,3
19193,27461,204,3
19194,27462,275,3
19195,27465,693,2
19196,27466,613,3
19197,27468,128,5
19198,27469,303,3
19199,27470,771,4
19200,27471,580,1
19201,27473,353,1
19202,27474,541,5
19203,27475,363,4
19204,27476,129,2
19205,27477,108,1
19206,27479,263,4
19207,27480,100,2
19208,27481,354,3
19209,27483,430,3
19210,27484,428,1
19211,27486,144,2
19212,27488,689,5
19213,27489,417,5
19214,27490,423,2
19215,27491,155,3
19216,27494,156,2
19217,27496,68,1
19218,27497,69,4
19219,27498,286,1
19220,27500,21,4
19221,27501,185,4
19222,27503,357,2
19223,27504,129,1
19224,27505,350,3
19225,27506,736,4
19226,27507,768,1
19227,27508,739,1
19228,27509,419,3
19229,27510,429,3
19230,27513,154,5
19231,27514,424,2
19232,27515,153,4
19233,27517,201,2
19234,27518,425,1
19235,27519,577,5
19236,27522,548,1
19237,27523,165,5
19238,27524,744,4
19239,27525,402,1
19240,27526,63,5
19241,27527,532,2
19242,27528,757,1
19243,27529,535,2
19244,27531,473,4
19245,27532,247,4
19246,27533,242,3
19247,27537,150,5
19248,27538,201,5
19249,27540,159,5
19250,27541,2,2
19251,27542,221,2
19252,27543,594,2
19253,27544,627,4
19254,27545,754,5
19255,27546,756,5
19256,27549,756,4
19257,27550,66,4
19258,27551,63,2
19259,27552,63,1
19260,27553,416,3
19261,27555,466,1
19262,27556,205,3
19263,27558,157,3
19264,27560,423,4
19265,27562,147,4
19266,27563,208,1
19267,27564,419,1
19268,27565,208,4
19269,27567,180,3
19270,27568,184,4
19271,27569,16,1
19272,27570,746,5
19273,27571,542,1
19274,27572,403,2
19275,27573,250,5
19276,27574,241,4
19277,27577,241,3
19278,27578,275,4
19279,27581,623,4
19280,27584,260,2
19281,27585,628,4
19282,27587,489,1
19283,27589,532,2
19284,27591,534,1
19285,27592,55,4
19286,27593,58,1
19287,27594,525,4
19288,27595,703,1
19289,27596,706,1
19290,27598,693,3
19291,27599,698,3
19292,27600,700,2
19293,27601,703,2
19294,27602,696,2
19295,27606,93,5
19296,27607,506,4
19297,27608,509,5
19298,27609,92,4
19299,27611,503,3
19300,27612,86,5
19301,27613,85,3
19302,27617,502,4
19303,27618,95,3
19304,27619,507,3
19305,27620,82,4
19306,27621,95,3
19307,27622,93,3
19308,27623,92,3
19309,27624,89,1
19310,27625,732,5
19311,27626,227,1
19312,27629,517,1
19313,27630,236,3
19314,27633,188,3
19315,27634,468,3
19316,27635,148,5
19317,27636,202,4
19318,27637,151,1
19319,27639,155,1
19320,27640,206,3
19321,27643,198,1
19322,27645,418,2
19323,27647,474,1
19324,27649,199,1
19325,27651,284,4
19326,27652,281,3
19327,27656,124,5
19328,27657,501,1
19329,27659,503,1
19330,27660,501,3
19331,27661,87,1
19332,27663,503,1
19333,27664,87,2
19334,27666,502,2
19335,27667,688,5
19336,27670,593,5
19337,27671,42,3
19338,27672,50,5
19339,27674,554,1
19340,27675,40,4
19341,27677,651,1
19342,27678,452,2
19343,27679,28,1
19344,27680,609,2
19345,27681,740,4
19346,27682,96,1
19347,27683,548,5
19348,27684,26,4
19349,27687,411,1
19350,27691,59,1
19351,27692,530,3
19352,27693,178,3
19353,27696,345,4
19354,27697,22,4
19355,27698,130,4
19356,27700,610,4
19357,27701,18,5
19358,27702,47,4
19359,27703,86,3
19360,27704,95,1
19361,27707,84,5
19362,27708,508,2
19363,27710,625,2
19364,27711,645,5
19365,27714,592,4
19366,27715,627,4
19367,27716,537,4
19368,27717,259,5
19369,27718,24,5
19370,27720,343,3
19371,27721,308,4
19372,27722,340,2
19373,27723,762,2
19374,27724,254,3
19375,27726,91,2
19376,27728,507,4
19377,27729,508,4
19378,27730,86,1
19379,27731,90,1
19380,27732,508,4
19381,27733,94,2
19382,27734,86,5
19383,27735,232,3
19384,27736,286,5
19385,27737,69,5
19386,27738,281,1
19387,27741,284,5
19388,27743,78,1
19389,27744,72,3
19390,27745,279,1
19391,27747,181,3
19392,27749,25,4
19393,27750,21,4
19394,27751,341,1
19395,27752,551,2
19396,27753,772,4
19397,27754,213,1
19398,27755,566,3
19399,27756,689,3
19400,27757,451,1
19401,27760,581,5
19402,27761,97,5
19403,27763,357,2
19404,27764,26,2
19405,27766,252,5
19406,27767,762,5
19407,27769,637,2
19408,27772,65,2
19409,27773,753,1
19410,27774,62,2
19411,27775,408,1
19412,27777,66,4
19413,27779,285,5
19414,27780,72,2
19415,27781,279,5
19416,27782,103,1
19417,27783,184,2
19418,27784,746,1
19419,27786,182,5
19420,27787,339,3
19421,27788,302,4
19422,27789,613,5
19423,27791,354,3
19424,27792,347,4
19425,27793,308,1
19426,27794,164,4
19427,27796,262,5
19428,27797,345,3
19429,27798,176,2
19430,27799,530,1
19431,27800,58,2
19432,27801,532,3
19433,27802,756,4
19434,27803,748,4
19435,27804,750,1
19436,27806,758,1
19437,27808,653,1
19438,27809,120,5
19439,27812,115,2
19440,27813,40,4
19441,27814,327,2
19442,27815,775,3
19443,27816,780,2
19444,27818,154,2
19445,27819,155,4
19446,27820,420,3
19447,27821,418,3
19448,27822,210,4
19449,27823,148,4
19450,27825,340,2
19451,27826,547,2
19452,27827,658,1
19453,27829,446,5
19454,27830,660,3
19455,27833,28,2
19456,27834,354,1
19457,27836,379,3
19458,27837,235,5
19459,27839,495,2
19460,27840,237,5
19461,27842,496,4
19462,27843,470,5
19463,27844,575,1
19464,27845,667,5
19465,27846,574,3
19466,27847,559,2
19467,27848,220,1
19468,27849,627,1
19469,27850,43,1
19470,27852,652,3
19471,27853,447,2
19472,27854,54,3
19473,27855,30,3
19474,27857,685,5
19475,27858,550,4
19476,27859,291,3
19477,27861,675,4
19478,27862,654,2
19479,27863,139,5
19480,27865,348,3
19481,27869,462,2
19482,27872,376,3
19483,27874,372,1
19484,27875,375,2
19485,27876,368,2
19486,27877,369,5
19487,27878,371,3
19488,27879,367,3
19489,27880,378,5
19490,27882,445,3
19491,27883,645,2
19492,27884,783,5
19493,27885,622,3
19494,27887,676,4
19495,27888,676,4
19496,27889,211,3
19497,27893,696,3
19498,27894,706,3
19499,27896,700,5
19500,27899,706,5
19501,27900,96,2
19502,27902,60,3
19503,27903,64,4
19504,27904,619,5
19505,27906,689,1
19506,27907,775,5
19507,27908,554,2
19508,27910,691,5
19509,27911,651,3
19510,27912,198,5
19511,27913,211,4
19512,27914,204,2
19513,27915,158,4
19514,27916,156,2
19515,27919,208,5
19516,27920,426,3
19517,27922,201,4
19518,27923,156,1
19519,27924,210,2
19520,27925,211,5
19521,27931,783,4
19522,27935,589,3
19523,27936,560,4
19524,27937,144,2
19525,27939,514,5
19526,27940,14,1
19527,27942,191,3
19528,27943,230,3
19529,27944,232,3
19530,27946,718,5
19531,27947,166,1
19532,27948,543,4
19533,27949,765,4
19534,27950,300,1
19535,27953,365,4
19536,27954,707,2
19537,27955,512,4
19538,27957,459,1
19539,27958,191,3
19540,27959,731,3
19541,27960,510,5
19542,27961,153,1
19543,27962,151,1
19544,27964,159,2
19545,27966,199,3
19546,27968,157,3
19547,27971,642,5
19548,27972,145,4
19549,27973,139,1
19550,27976,294,5
19551,27979,393,1
19552,27980,400,1
19553,27981,394,1
19554,27984,246,4
19555,27986,326,2
19556,27987,319,4
19557,27988,326,5
19558,27990,323,5
19559,27991,325,5
19560,27995,736,3
19561,27996,180,4
19562,27997,504,5
19563,27999,509,3
19564,28000,500,2
19565,28001,83,4
19566,28002,500,3
19567,28003,279,5
19568,28004,75,2
19569,28005,81,3
19570,28006,281,2
19571,28009,60,1
19572,28010,535,3
19573,28011,779,5
19574,28014,131,5
19575,28018,18,3
19576,28019,578,3
19577,28020,61,4
19578,28021,61,2
19579,28023,704,1
19580,28025,435,2
19581,28026,432,4
19582,28027,436,3
19583,28028,440,1
19584,28029,431,3
19585,28030,432,4
19586,28032,432,3
19587,28033,432,3
19588,28034,441,2
19589,28036,142,2
19590,28037,111,5
19591,28038,676,2
19592,28039,290,1
19593,28040,111,5
19594,28041,333,4
19595,28042,45,4
19596,28048,287,3
19597,28049,414,1
19598,28050,151,5
19599,28051,211,1
19600,28052,147,2
19601,28053,210,2
19602,28055,203,3
19603,28056,211,3
19604,28057,370,2
19605,28058,376,2
19606,28059,368,4
19607,28060,370,4
19608,28061,370,1
19609,28062,376,3
19610,28063,371,2
19611,28064,376,4
19612,28065,377,3
19613,28066,370,1
19614,28069,374,5
19615,28071,326,4
19616,28077,319,2
19617,28078,538,2
19618,28079,187,5
19619,28080,711,3
19620,28082,5,4
19621,28083,519,4
19622,28086,11,3
19623,28087,529,2
19624,28088,531,4
19625,28089,757,5
19626,28090,533,1
19627,28092,240,5
19628,28094,476,2
19629,28098,242,5
19630,28099,269,2
19631,28101,476,2
19632,28102,27,3
19633,28103,100,1
19634,28104,174,4
19635,28105,545,4
19636,28106,537,4
19637,28108,362,1
19638,28110,344,4
19639,28112,290,5
19640,28113,336,1
19641,28117,189,4
19642,28118,486,3
19643,28119,3,3
19644,28120,277,2
19645,28121,278,5
19646,28122,286,3
19647,28124,72,1
19648,28126,73,4
19649,28127,281,1
19650,28128,284,4
19651,28129,661,2
19652,28130,654,4
19653,28131,776,2
19654,28133,120,1
19655,28134,646,1
19656,28136,69,1
19657,28138,279,1
19658,28139,78,5
19659,28140,277,4
19660,28141,77,4
19661,28146,666,5
19662,28147,556,5
19663,28148,571,4
19664,28149,218,2
19665,28150,705,5
19666,28151,704,5
19667,28154,693,5
19668,28155,702,4
19669,28156,706,1
19670,28157,723,5
19671,28158,709,4
19672,28159,660,5
19673,28160,595,4
19674,28161,664,5
19675,28162,631,2
19676,28165,465,1
19677,28166,468,4
19678,28167,459,4
19679,28168,179,1
19680,28169,122,5
19681,28170,180,2
19682,28171,256,1
19683,28174,257,5
19684,28175,362,2
19685,28176,301,4
19686,28178,555,2
19687,28180,328,2
19688,28181,562,5
19689,28182,290,1
19690,28183,599,2
19691,28185,292,3
19692,28187,672,4
19693,28188,662,1
19694,28189,142,1
19695,28190,457,1
19696,28191,550,1
19697,28192,44,4
19698,28193,563,1
19699,28194,110,5
19700,28197,692,1
19701,28199,220,2
19702,28200,680,1
19703,28201,333,2
19704,28202,509,3
19705,28203,504,1
19706,28204,91,4
19707,28205,506,5
19708,28206,90,4
19709,28208,504,3
19710,28209,501,4
19711,28212,764,3
19712,28213,311,1
19713,28215,505,2
19714,28216,93,4
19715,28219,509,3
19716,28220,499,5
19717,28221,500,4
19718,28222,86,4
19719,28223,213,3
19720,28224,448,5
19721,28225,664,2
19722,28226,676,2
19723,28227,663,1
19724,28229,92,2
19725,28230,502,2
19726,28231,504,4
19727,28232,505,5
19728,28236,84,1
19729,28237,509,5
19730,28239,696,2
19731,28241,702,4
19732,28242,701,5
19733,28243,696,2
19734,28244,705,3
19735,28246,603,2
19736,28247,601,4
19737,28248,582,5
19738,28249,362,3
19739,28250,127,2
19740,28251,132,4
19741,28252,613,1
19742,28254,771,2
19743,28255,765,1
19744,28258,613,4
19745,28259,748,2
19746,28260,529,3
19747,28261,408,3
19748,28262,409,3
19749,28263,59,3
19750,28264,753,3
19751,28265,412,2
19752,28266,96,1
19753,28267,305,4
19754,28268,768,3
19755,28270,305,2
19756,28272,537,4
19757,28273,580,2
19758,28275,146,3
19759,28278,626,3
19760,28281,669,2
19761,28283,605,2
19762,28284,107,5
19763,28286,301,4
19764,28288,205,2
19765,28290,428,4
19766,28292,208,1
19767,28293,418,5
19768,28294,428,5
19769,28296,153,4
19770,28297,635,3
19771,28298,719,1
19772,28299,193,3
19773,28302,380,3
19774,28303,14,3
19775,28304,459,4
19776,28305,635,2
19777,28306,573,3
19778,28307,781,5
19779,28308,137,4
19780,28310,220,1
19781,28311,296,5
19782,28312,681,4
19783,28314,643,5
19784,28316,688,1
19785,28317,455,5
19786,28318,595,3
19787,28319,656,4
19788,28320,598,5
19789,28321,331,3
19790,28322,218,2
19791,28324,777,5
19792,28326,46,3
19793,28327,299,2
19794,28328,594,5
19795,28329,656,3
19796,28331,621,5
19797,28332,756,2
19798,28333,4,2
19799,28335,204,1
19800,28336,152,5
19801,28337,61,5
19802,28338,535,4
19803,28339,57,2
19804,28340,414,2
19805,28341,534,1
19806,28342,532,3
19807,28343,724,1
19808,28344,490,3
19809,28345,1,3
19810,28346,3,2
19811,28347,195,2
19812,28348,469,2
19813,28349,194,3
19814,28350,327,5
19815,28352,617,4
19816,28353,721,1
19817,28354,466,3
19818,28355,460,4
19819,28356,226,5
19820,28358,232,2
19821,28359,521,4
19822,28360,503,5
19823,28361,94,1
19824,28362,752,3
19825,28364,525,1
19826,28365,473,1
19827,28366,241,4
19828,28367,265,3
19829,28369,267,1
19830,28370,400,2
19831,28371,272,1
19832,28372,388,4
19833,28373,393,2
19834,28375,471,5
19835,28376,242,2
19836,28377,653,5
19837,28378,292,3
19838,28380,299,1
19839,28381,42,2
19840,28383,652,1
19841,28384,133,2
19842,28385,163,3
19843,28386,739,5
19844,28387,80,5
19845,28389,76,5
19846,28390,706,4
19847,28394,703,1
19848,28396,696,1
19849,28397,429,3
19850,28398,426,5
19851,28399,418,5
19852,28400,157,1
19853,28402,427,3
19854,28403,208,2
19855,28404,695,1
19856,28405,696,2
19857,28406,699,5
19858,28407,705,3
19859,28409,705,2
19860,28410,696,2
19861,28411,693,2
19862,28412,25,1
19863,28415,349,5
19864,28416,260,4
19865,28418,349,4
19866,28420,170,5
19867,28423,435,3
19868,28426,442,2
19869,28428,438,5
19870,28430,441,2
19871,28431,437,4
19872,28433,434,3
19873,28434,579,3
19874,28435,580,2
19875,28436,578,1
19876,28437,354,3
19877,28440,605,4
19878,28443,354,4
19879,28445,256,2
19880,28448,130,5
19881,28449,348,3
19882,28450,545,3
19883,28452,435,1
19884,28453,433,2
19885,28454,431,2
19886,28456,431,1
19887,28458,437,3
19888,28459,434,4
19889,28460,421,4
19890,28461,198,2
19891,28462,155,1
19892,28463,419,2
19893,28464,157,5
19894,28466,153,1
19895,28467,153,2
19896,28469,427,1
19897,28471,154,3
19898,28472,77,4
19899,28473,75,4
19900,28474,81,3
19901,28475,277,5
19902,28476,281,4
19903,28477,70,1
19904,28478,81,5
19905,28479,77,2
19906,28480,777,5
19907,28484,592,2
19908,28485,570,1
19909,28486,117,4
19910,28487,681,2
19911,28488,676,5
19912,28489,215,3
19913,28490,221,2
19914,28491,689,3
19915,28493,54,4
19916,28496,51,1
19917,28498,594,3
19918,28499,582,4
19919,28500,543,1
19920,28501,173,4
19921,28505,364,4
19922,28506,610,5
19923,28507,365,1
19924,28509,253,1
19925,28510,160,4
19926,28512,105,4
19927,28513,735,2
19928,28514,142,5
19929,28515,334,1
19930,28517,51,3
19931,28518,141,2
19932,28519,135,5
19933,28520,326,5
19934,28521,326,2
19935,28524,326,2
19936,28525,319,2
19937,28526,278,3
19938,28528,75,5
19939,28529,71,3
19940,28532,277,5
19941,28534,75,2
19942,28535,162,3
19943,28536,154,3
19944,28538,151,3
19945,28539,203,5
19946,28540,159,3
19947,28541,154,5
19948,28542,206,5
19949,28543,417,5
19950,28546,558,5
19951,28547,679,2
19952,28548,650,3
19953,28549,33,5
19954,28550,683,4
19955,28552,638,5
19956,28554,388,3
19957,28555,726,3
19958,28556,720,2
19959,28557,4,2
19960,28558,488,2
19961,28560,357,1
19962,28562,165,2
19963,28563,312,5
19964,28565,341,3
19965,28568,117,4
19966,28571,109,3
19967,28573,675,2
19968,28574,447,4
19969,28575,456,3
19970,28576,374,3
19971,28577,173,3
19972,28579,300,5
19973,28580,350,2
19974,28581,304,2
19975,28582,68,4
19976,28588,73,2
19977,28591,206,2
19978,28592,525,5
19979,28593,534,3
19980,28594,60,5
19981,28596,749,4
19982,28598,410,3
19983,28599,758,4
19984,28600,67,2
19985,28602,474,1
19986,28604,393,1
19987,28606,394,5
19988,28607,396,3
19989,28608,478,2
19990,28609,269,4
19991,28610,402,1
19992,28611,398,4
19993,28612,184,2
19994,28613,545,3
19995,28614,342,5
19996,28615,185,5
19997,28618,468,3
19998,28620,125,4
19999,28621,102,1
20000,28622,168,5
20001,28624,240,5
20002,28625,306,2
20003,28626,311,5
20004,28629,738,4
20005,28630,480,5
20006,28631,393,3
20007,28632,248,3
20008,28634,471,3
20009,28635,478,4
20010,28636,271,4
20011,28637,480,2
20012,28639,391,3
20013,28640,542,5
20014,28643,129,4
20015,28644,736,4
20016,28645,735,3
20017,28646,767,4
20018,28647,100,2
20019,28649,536,4
20020,28652,60,2
20021,28654,57,3
20022,28656,276,5
20023,28658,625,5
20024,28659,334,3
20025,28660,676,5
20026,28661,109,2
20027,28662,649,4
20028,28663,51,2
20029,28664,667,3
20030,28665,219,1
20031,28668,149,5
20032,28669,158,5
20033,28670,203,5
20034,28671,419,1
20035,28672,429,3
20036,28674,210,5
20037,28675,151,1
20038,28677,630,2
20039,28678,514,5
20040,28679,233,5
20041,28682,631,3
20042,28683,633,4
20043,28685,729,5
20044,28686,733,3
20045,28687,237,3
20046,28688,383,1
20047,28690,175,1
20048,28692,587,2
20049,28693,745,5
20050,28694,179,2
20051,28695,58,2
20052,28696,529,4
20053,28697,412,5
20054,28699,528,3
20055,28700,367,4
20056,28701,372,1
20057,28702,370,1
20058,28703,373,1
20059,28705,367,5
20060,28706,366,3
20061,28707,378,4
20062,28708,621,1
20063,28709,214,4
20064,28710,684,3
20065,28711,756,2
20066,28715,63,2
20067,28717,677,2
20068,28719,569,1
20069,28720,648,1
20070,28721,659,1
20071,28723,324,5
20072,28725,207,1
20073,28726,150,4
20074,28727,425,1
20075,28728,426,5
20076,28729,466,5
20077,28731,14,2
20078,28732,226,4
20079,28733,513,2
20080,28734,192,3
20081,28735,234,5
20082,28736,488,4
20083,28737,423,5
20084,28738,204,3
20085,28742,197,5
20086,28743,707,4
20087,28744,494,4
20088,28747,513,5
20089,28748,382,2
20090,28749,440,2
20091,28750,443,3
20092,28751,435,3
20093,28752,435,1
20094,28753,444,5
20095,28754,435,4
20096,28755,725,3
20097,28756,518,5
20098,28758,4,5
20099,28761,301,2
20100,28762,542,1
20101,28763,343,2
20102,28765,26,5
20103,28766,347,3
20104,28767,177,5
20105,28768,173,1
20106,28769,437,3
20107,28770,431,5
20108,28771,431,3
20109,28772,438,2
20110,28773,438,2
20111,28774,201,2
20112,28776,210,2
20113,28777,208,4
20114,28779,417,1
20115,28780,422,3
20116,28781,200,2
20117,28783,736,3
20118,28785,180,4
20119,28786,154,1
20120,28787,428,2
20121,28788,581,4
20122,28790,307,4
20123,28791,257,4
20124,28792,182,2
20125,28794,311,1
20126,28795,416,5
20127,28797,76,2
20128,28798,284,1
20129,28799,286,2
20130,28800,77,5
20131,28801,74,3
20132,28803,73,3
20133,28805,77,1
20134,28806,74,4
20135,28807,559,1
20136,28809,675,4
20137,28811,624,5
20138,28812,489,3
20139,28813,467,2
20140,28814,464,4
20141,28815,721,4
20142,28816,488,5
20143,28818,381,3
20144,28821,496,4
20145,28822,679,1
20146,28824,739,1
20147,28825,363,4
20148,28826,764,4
20149,28827,312,2
20150,28828,768,5
20151,28829,129,2
20152,28830,461,3
20153,28832,8,4
20154,28833,519,1
20155,28834,630,2
20156,28835,489,1
20157,28836,344,2
20158,28837,107,3
20159,28838,353,1
20160,28840,359,1
20161,28841,746,4
20162,28842,134,1
20163,28845,88,3
20164,28846,87,4
20165,28847,318,4
20166,28848,326,3
20167,28850,324,3
20168,28851,314,1
20169,28852,315,3
20170,28854,323,4
20171,28855,315,3
20172,28856,428,5
20173,28857,150,2
20174,28858,152,4
20175,28859,657,2
20176,28860,598,1
20177,28861,650,3
20178,28863,334,2
20179,28867,666,1
20180,28868,688,5
20181,28869,114,5
20182,28870,653,3
20183,28871,648,3
20184,28873,142,3
20185,28874,561,4
20186,28875,775,5
20187,28876,314,2
20188,28877,316,3
20189,28878,323,3
20190,28879,319,5
20191,28880,315,3
20192,28881,318,4
20193,28882,322,3
20194,28883,324,4
20195,28885,110,2
20196,28886,289,1
20197,28887,593,2
20198,28889,88,5
20199,28890,501,4
20200,28891,93,2
20201,28892,83,4
20202,28894,92,1
20203,28896,708,5
20204,28901,725,1
20205,28902,494,1
20206,28903,11,3
20207,28908,509,4
20208,28909,95,5
20209,28910,499,1
20210,28912,73,5
20211,28913,287,1
20212,28916,77,1
20213,28917,69,1
20214,28918,86,2
20215,28921,84,4
20216,28922,83,2
20217,28923,500,2
20218,28924,175,1
20219,28925,601,3
20220,28926,767,1
20221,28927,738,2
20222,28928,734,2
20223,28929,166,2
20224,28930,539,2
20225,28931,167,1
20226,28932,328,2
20227,28933,556,1
20228,28935,554,1
20229,28936,571,1
20230,28938,553,2
20231,28939,574,1
20232,28940,598,4
20233,28941,446,2
20234,28942,139,2
20235,28946,206,5
20236,28948,509,4
20237,28950,85,5
20238,28952,86,5
20239,28953,506,1
20240,28954,92,3
20241,28955,352,5
20242,28956,18,1
20243,28957,124,3
20244,28959,343,2
20245,28962,619,1
20246,28963,336,4
20247,28964,417,2
20248,28965,95,4
20249,28966,84,2
20250,28967,505,4
20251,28968,505,5
20252,28971,505,3
20253,28972,83,5
20254,28973,511,1
20255,28974,626,2
20256,28975,294,1
20257,28977,330,2
20258,28978,54,1
20259,28979,291,4
20260,28980,449,5
20261,28983,348,4
20262,28985,100,5
20263,28986,302,1
20264,28988,361,3
20265,28989,763,5
20266,28990,208,5
20267,28991,423,3
20268,28996,425,1
20269,28998,147,3
20270,28999,588,1
20271,29001,18,5
20272,29002,107,2
20273,29003,184,2
20274,29004,303,2
20275,29005,237,1
20276,29006,465,2
20277,29007,515,3
20278,29009,245,1
20279,29010,242,3
20280,29012,267,3
20281,29013,396,3
20282,29014,274,4
20283,29015,482,3
20284,29016,477,2
20285,29017,401,4
20286,29018,484,4
20287,29019,594,5
20288,29022,212,1
20289,29024,41,3
20290,29025,48,3
20291,29026,134,2
20292,29027,168,2
20293,29028,176,5
20294,29029,305,1
20295,29032,183,4
20296,29033,100,5
20297,29035,96,4
20298,29036,439,1
20299,29037,443,4
20300,29039,597,1
20301,29040,773,1
20302,29041,675,2
20303,29042,678,5
20304,29046,499,2
20305,29047,501,5
20306,29050,443,3
20307,29051,442,1
20308,29052,435,5
20309,29054,441,4
20310,29055,436,4
20311,29056,431,2
20312,29057,530,2
20313,29058,415,3
20314,29059,757,2
20315,29060,408,3
20316,29061,536,3
20317,29062,412,4
20318,29063,64,2
20319,29064,2,4
20320,29065,707,4
20321,29069,330,1
20322,29070,641,4
20323,29071,557,2
20324,29072,673,3
20325,29073,119,5
20326,29075,141,5
20327,29076,98,3
20328,29078,357,3
20329,29079,87,2
20330,29080,504,4
20331,29081,503,4
20332,29084,83,4
20333,29085,91,3
20334,29086,704,1
20335,29087,693,5
20336,29088,705,2
20337,29089,695,1
20338,29091,697,4
20339,29092,621,4
20340,29093,619,2
20341,29095,650,1
20342,29096,116,2
20343,29098,683,4
20344,29099,331,2
20345,29100,115,3
20346,29101,111,2
20347,29102,109,2
20348,29103,289,1
20349,29104,110,2
20350,29105,79,4
20351,29106,282,4
20352,29107,285,3
20353,29108,278,5
20354,29110,78,2
20355,29111,74,3
20356,29112,503,5
20357,29113,85,1
20358,29114,87,1
20359,29115,499,1
20360,29117,92,1
20361,29118,498,5
20362,29119,503,3
20363,29120,80,2
20364,29121,68,1
20365,29122,70,5
20366,29124,91,5
20367,29126,82,5
20368,29129,502,3
20369,29130,94,4
20370,29131,91,3
20371,29132,158,5
20372,29134,534,5
20373,29135,757,2
20374,29137,276,3
20375,29138,281,4
20376,29140,281,1
20377,29141,722,4
20378,29142,639,2
20379,29143,721,4
20380,29144,720,3
20381,29145,634,1
20382,29147,523,1
20383,29148,515,1
20384,29149,495,3
20385,29150,712,4
20386,29151,362,5
20387,29153,399,1
20388,29154,243,3
20389,29155,269,3
20390,29156,472,1
20391,29158,471,5
20392,29159,271,1
20393,29160,267,1
20394,29161,269,2
20395,29162,438,4
20396,29163,435,5
20397,29164,440,5
20398,29165,432,3
20399,29166,432,5
20400,29167,704,4
20401,29168,706,2
20402,29170,693,3
20403,29171,694,4
20404,29172,148,3
20405,29173,206,1
20406,29174,427,2
20407,29176,420,3
20408,29177,152,4
20409,29178,329,4
20410,29180,212,1
20411,29181,646,3
20412,29182,39,3
20413,29184,199,3
20414,29185,210,5
20415,29186,694,2
20416,29188,276,1
20417,29189,436,5
20418,29190,439,5
20419,29191,438,2
20420,29194,444,3
20421,29195,435,5
20422,29197,530,4
20423,29198,750,1
20424,29199,57,1
20425,29200,61,1
20426,29201,755,3
20427,29203,409,3
20428,29204,571,5
20429,29207,142,2
20430,29208,238,3
20431,29209,389,1
20432,29210,390,1
20433,29211,522,2
20434,29212,714,1
20435,29213,187,5
20436,29214,192,5
20437,29215,187,3
20438,29217,517,2
20439,29218,587,4
20440,29220,23,1
20441,29221,586,3
20442,29222,24,1
20443,29225,19,5
20444,29226,308,2
20445,29227,18,4
20446,29228,263,5
20447,29229,133,1
20448,29230,740,2
20449,29231,543,1
20450,29232,123,4
20451,29234,248,3
20452,29236,395,3
20453,29237,275,1
20454,29238,381,3
20455,29239,236,4
20456,29240,511,5
20457,29243,101,3
20458,29244,633,4
20459,29245,43,2
20460,29247,467,1
20461,29248,190,2
20462,29249,189,4
20463,29250,639,1
20464,29252,725,2
20465,29254,572,4
20466,29255,782,4
20467,29258,325,4
20468,29259,325,4
20469,29260,320,5
20470,29261,15,5
20471,29262,547,2
20472,29263,259,3
20473,29264,609,3
20474,29265,610,5
20475,29267,763,4
20476,29270,584,3
20477,29271,96,3
20478,29272,105,3
20479,29273,684,4
20480,29274,297,5
20481,29277,333,3
20482,29278,697,2
20483,29279,703,1
20484,29280,697,5
20485,29282,704,4
20486,29283,561,3
20487,29284,684,5
20488,29286,563,3
20489,29288,118,5
20490,29290,225,5
20491,29291,181,5
20492,29294,24,3
20493,29295,738,3
20494,29297,127,5
20495,29298,330,3
20496,29300,643,4
20497,29302,591,3
20498,29305,373,4
20499,29306,366,3
20500,29307,372,3
20501,29309,376,2
20502,29313,378,3
20503,29314,370,5
20504,29315,369,2
20505,29317,378,3
20506,29318,376,1
20507,29319,373,3
20508,29320,401,1
20509,29321,228,3
20510,29322,123,1
20511,29323,540,3
20512,29324,161,3
20513,29325,18,4
20514,29326,261,5
20515,29328,784,3
20516,29329,334,2
20517,29331,47,1
20518,29332,288,1
20519,29333,554,4
20520,29334,336,5
20521,29336,372,1
20522,29338,367,4
20523,29339,376,5
20524,29340,372,5
20525,29342,373,3
20526,29343,377,5
20527,29346,617,1
20528,29349,114,3
20529,29350,113,3
20530,29351,50,4
20531,29352,224,1
20532,29353,615,2
20533,29354,140,1
20534,29355,782,4
20535,29357,686,3
20536,29358,646,4
20537,29360,153,4
20538,29361,420,3
20539,29362,422,4
20540,29364,150,4
20541,29365,207,3
20542,29366,428,1
20543,29368,423,5
20544,29369,293,4
20545,29370,45,5
20546,29371,775,4
20547,29372,689,3
20548,29373,48,4
20549,29374,663,2
20550,29376,743,1
20551,29377,311,1
20552,29378,72,2
20553,29380,281,5
20554,29383,719,2
20555,29385,14,1
20556,29386,722,2
20557,29387,729,1
20558,29389,11,3
20559,29390,497,2
20560,29391,364,5
20561,29392,303,2
20562,29393,582,3
20563,29394,122,5
20564,29395,365,1
20565,29397,262,4
20566,29398,139,4
20567,29399,598,3
20568,29400,572,5
20569,29401,288,5
20570,29404,668,5
20571,29405,338,1
20572,29406,595,1
20573,29407,120,1
20574,29410,657,5
20575,29412,598,2
20576,29413,594,1
20577,29416,696,3
20578,29417,181,5
20579,29418,613,1
20580,29419,179,1
20581,29420,359,3
20582,29422,131,1
20583,29424,577,5
20584,29425,609,1
20585,29426,20,5
20586,29427,350,3
20587,29428,339,2
20588,29429,180,2
20589,29431,26,5
20590,29432,748,3
20591,29433,64,2
20592,29435,759,2
20593,29436,415,5
20594,29437,182,4
20595,29438,306,2
20596,29439,131,3
20597,29440,302,2
20598,29441,255,3
20599,29443,421,4
20600,29444,209,5
20601,29449,156,4
20602,29450,485,5
20603,29451,493,3
20604,29452,638,1
20605,29454,384,4
20606,29455,229,5
20607,29456,232,3
20608,29459,496,4
20609,29460,577,4
20610,29462,363,3
20611,29463,148,1
20612,29464,427,5
20613,29465,150,5
20614,29466,425,4
20615,29467,199,3
20616,29468,209,5
20617,29469,206,4
20618,29470,418,4
20619,29472,128,2
20620,29473,256,1
20621,29474,581,5
20622,29476,16,1
20623,29477,305,1
20624,29478,771,3
20625,29479,129,3
20626,29480,312,4
20627,29481,310,4
20628,29482,149,5
20629,29483,200,5
20630,29484,152,5
20631,29487,203,2
20632,29488,421,3
20633,29489,417,1
20634,29490,155,2
20635,29491,155,4
20636,29492,170,5
20637,29493,233,3
20638,29494,196,1
20639,29495,464,4
20640,29496,468,1
20641,29499,631,3
20642,29500,166,3
20643,29502,127,5
20644,29503,587,5
20645,29505,135,5
20646,29509,30,1
20647,29510,422,3
20648,29511,421,5
20649,29512,73,5
20650,29513,81,4
20651,29515,75,4
20652,29516,288,4
20653,29518,424,2
20654,29519,430,1
20655,29521,422,1
20656,29523,209,2
20657,29524,420,1
20658,29525,109,3
20659,29526,616,1
20660,29533,393,3
20661,29535,402,4
20662,29536,480,2
20663,29537,481,4
20664,29538,248,5
20665,29540,315,1
20666,29541,323,5
20667,29542,321,5
20668,29544,558,2
20669,29545,30,5
20670,29546,452,5
20671,29548,653,5
20672,29549,620,4
20673,29550,436,5
20674,29551,698,5
20675,29552,705,1
20676,29553,695,5
20677,29555,702,3
20678,29556,700,2
20679,29557,695,3
20680,29558,694,1
20681,29559,84,3
20682,29560,506,5
20683,29562,507,2
20684,29563,498,2
20685,29565,86,2
20686,29569,309,2
20687,29570,97,2
20688,29571,281,2
20689,29572,283,2
20690,29573,337,2
20691,29574,677,5
20692,29576,648,2
20693,29578,664,5
20694,29579,419,4
20695,29580,423,5
20696,29581,150,2
20697,29582,210,2
20698,29583,151,5
20699,29587,204,3
20700,29588,418,5
20701,29591,134,3
20702,29592,17,2
20703,29594,256,3
20704,29595,341,4
20705,29596,250,3
20706,29598,476,2
20707,29600,247,1
20708,29601,466,1
20709,29602,379,3
20710,29603,461,2
20711,29604,459,2
20712,29606,233,4
20713,29607,11,5
20714,29608,730,5
20715,29609,713,4
20716,29610,516,5
20717,29613,280,3
20718,29615,72,1
20719,29616,68,1
20720,29617,75,3
20721,29618,69,2
20722,29619,79,5
20723,29620,68,5
20724,29622,372,4
20725,29623,372,4
20726,29624,371,2
20727,29626,207,4
20728,29627,149,5
20729,29628,204,1
20730,29629,491,1
20731,29630,718,2
20732,29631,235,5
20733,29633,379,5
20734,29634,522,5
20735,29636,629,2
20736,29638,523,2
20737,29640,374,5
20738,29641,370,5
20739,29642,366,2
20740,29643,368,1
20741,29644,378,1
20742,29645,500,5
20743,29646,95,2
20744,29647,508,3
20745,29648,507,5
20746,29649,171,2
20747,29651,341,1
20748,29652,744,1
20749,29653,99,4
20750,29654,160,3
20751,29655,313,1
20752,29656,101,5
20753,29657,108,5
20754,29658,173,1
20755,29659,89,2
20756,29660,504,1
20757,29661,503,5
20758,29662,508,1
20759,29664,132,4
20760,29665,305,5
20761,29667,538,3
20762,29668,305,5
20763,29669,736,1
20764,29671,123,4
20765,29672,183,2
20766,29674,171,5
20767,29676,419,4
20768,29679,203,5
20769,29680,418,4
20770,29682,419,5
20771,29683,155,5
20772,29684,149,4
20773,29685,352,2
20774,29688,306,5
20775,29691,209,1
20776,29692,205,5
20777,29694,205,1
20778,29695,749,3
20779,29696,756,1
20780,29697,67,5
20781,29698,759,3
20782,29701,86,5
20783,29702,504,4
20784,29703,88,2
20785,29704,509,5
20786,29706,122,1
20787,29707,263,1
20788,29708,97,1
20789,29709,762,5
20790,29710,546,5
20791,29711,308,3
20792,29713,334,4
20793,29714,453,4
20794,29715,590,1
20795,29716,555,2
20796,29717,641,3
20797,29718,295,1
20798,29719,578,5
20799,29720,18,4
20800,29721,308,3
20801,29722,26,4
20802,29724,160,3
20803,29726,657,2
20804,29727,779,2
20805,29728,560,3
20806,29729,640,5
20807,29730,654,1
20808,29732,662,4
20809,29734,550,5
20810,29735,650,3
20811,29736,783,3
20812,29737,564,2
20813,29739,423,2
20814,29740,427,5
20815,29741,75,5
20816,29743,80,4
20817,29744,281,3
20818,29746,69,5
20819,29747,285,3
20820,29748,641,3
20821,29749,39,2
20822,29751,670,2
20823,29753,210,2
20824,29755,735,4
20825,29756,107,2
20826,29757,18,3
20827,29758,170,4
20828,29759,350,2
20829,29761,544,2
20830,29762,175,2
20831,29763,259,1
20832,29764,25,2
20833,29765,372,2
20834,29767,370,1
20835,29768,367,1
20836,29770,373,1
20837,29772,373,1
20838,29774,373,1
20839,29777,376,2
20840,29778,369,2
20841,29779,378,4
20842,29780,371,2
20843,29781,549,4
20844,29782,643,1
20845,29783,568,2
20846,29784,146,1
20847,29787,557,3
20848,29788,335,4
20849,29789,685,5
20850,29790,322,5
20851,29791,316,4
20852,29792,318,4
20853,29793,319,3
20854,29794,318,5
20855,29795,322,2
20856,29797,394,5
20857,29798,270,2
20858,29799,706,2
20859,29800,699,2
20860,29802,696,1
20861,29805,696,5
20862,29807,182,5
20863,29808,162,5
20864,29810,577,5
20865,29811,306,3
20866,29812,130,1
20867,29813,97,2
20868,29814,537,5
20869,29817,353,4
20870,29818,577,3
20871,29819,309,3
20872,29820,305,5
20873,29821,168,3
20874,29822,354,4
20875,29823,697,2
20876,29826,696,5
20877,29827,694,2
20878,29828,696,1
20879,29829,698,3
20880,29830,705,5
20881,29831,702,2
20882,29832,694,4
20883,29833,679,3
20884,29834,624,1
20885,29835,555,4
20886,29836,417,2
20887,29837,147,3
20888,29838,461,5
20889,29839,5,3
20890,29840,383,3
20891,29842,86,4
20892,29843,87,3
20893,29844,509,5
20894,29845,94,5
20895,29847,503,4
20896,29848,93,4
20897,29849,563,4
20898,29850,116,3
20899,29851,684,1
20900,29852,225,3
20901,29853,664,2
20902,29856,292,2
20903,29857,522,5
20904,29858,227,4
20905,29859,729,1
20906,29860,232,2
20907,29861,633,5
20908,29862,459,3
20909,29863,631,4
20910,29864,204,5
20911,29865,418,5
20912,29866,207,2
20913,29868,419,3
20914,29869,201,5
20915,29871,153,5
20916,29872,198,3
20917,29873,154,2
20918,29875,91,4
20919,29876,508,1
20920,29877,508,1
20921,29878,84,3
20922,29879,95,4
20923,29880,89,3
20924,29881,502,4
20925,29883,99,4
20926,29885,133,2
20927,29886,740,5
20928,29889,20,4
20929,29890,178,3
20930,29891,652,1
20931,29892,446,2
20932,29893,620,5
20933,29894,619,4
20934,29896,646,2
20935,29897,446,5
20936,29898,138,1
20937,29899,110,5
20938,29900,574,2
20939,29902,117,3
20940,29903,141,1
20941,29905,769,5
20942,29907,741,3
20943,29908,740,1
20944,29910,409,2
20945,29913,536,2
20946,29914,409,2
20947,29916,753,1
20948,29917,412,1
20949,29918,410,3
20950,29920,612,2
20951,29921,437,2
20952,29922,441,2
20953,29923,439,2
20954,29925,540,2
20955,29926,263,3
20956,29927,172,4
20957,29928,613,1
20958,29933,708,3
20959,29934,381,1
20960,29935,6,5
20961,29936,387,1
20962,29937,633,2
20963,29940,83,4
20964,29941,505,5
20965,29943,95,4
20966,29945,507,1
20967,29946,74,2
20968,29947,280,4
20969,29948,78,3
20970,29951,76,4
20971,29953,74,1
20972,29954,80,2
20973,29955,70,4
20974,29957,212,5
20975,29958,40,2
20976,29959,778,4
20977,29960,437,2
20978,29961,439,3
20979,29962,431,2
20980,29963,431,3
20981,29964,442,1
20982,29966,561,2
20983,29967,448,4
20984,29968,688,3
20985,29969,680,4
20986,29970,31,5
20987,29971,28,2
20988,29972,213,5
20989,29973,212,5
20990,29974,683,4
20991,29976,299,5
20992,29978,775,4
20993,29979,338,5
20994,29980,450,1
20995,29983,703,1
20996,29985,693,4
20997,29986,694,3
20998,29987,704,1
20999,29988,698,3
21000,29990,700,3
21001,29991,238,2
21002,29992,707,1
21003,29993,194,1
21004,29994,719,3
21005,29995,190,1
21006,29996,725,3
21007,29997,635,3
21008,29998,711,4
21009,29999,385,2
21010,30000,40,5
21011,30001,137,1
21012,30002,615,3
21013,30004,469,3
21014,30005,630,2
21015,30006,234,5
21016,30007,459,4
21017,30008,384,5
21018,30009,724,5
21019,30010,520,4
21020,30012,485,1
21021,30013,637,5
21022,30015,5,3
21023,30016,634,4
21024,30018,425,2
21025,30019,430,4
21026,30020,604,4
21027,30021,360,4
21028,30023,131,1
21029,30024,304,1
21030,30026,768,1
21031,30027,344,1
21032,30029,346,5
21033,30030,160,5
21034,30032,612,4
21035,30034,257,3
21036,30035,131,3
21037,30039,342,4
21038,30040,306,5
21039,30042,128,4
21040,30043,127,4
21041,30044,203,4
21042,30048,662,1
21043,30049,677,3
21044,30050,117,5
21045,30052,671,4
21046,30053,338,1
21047,30055,767,2
21048,30057,197,4
21049,30058,226,4
21050,30059,226,5
21051,30062,486,1
21052,30063,208,4
21053,30064,153,5
21054,30065,148,5
21055,30066,207,3
21056,30067,418,1
21057,30068,153,1
21058,30070,209,1
21059,30071,211,1
21060,30073,157,4
21061,30075,430,2
21062,30076,207,5
21063,30077,430,3
21064,30078,210,1
21065,30080,54,4
21066,30081,638,4
21067,30082,465,1
21068,30086,729,4
21069,30087,5,4
21070,30088,708,1
21071,30089,228,4
21072,30090,250,3
21073,30091,484,1
21074,30093,411,2
21075,30094,67,5
21076,30095,406,1
21077,30097,652,4
21078,30099,659,2
21079,30101,623,3
21080,30102,452,3
21081,30103,51,2
21082,30104,618,1
21083,30106,768,4
21084,30107,125,5
21085,30109,15,1
21086,30112,306,3
21087,30115,689,1
21088,30116,666,1
21089,30117,594,4
21090,30118,135,5
21091,30119,375,5
21092,30120,375,5
21093,30123,375,3
21094,30124,378,2
21095,30125,378,3
21096,30126,375,3
21097,30127,378,3
21098,30128,2,5
21099,30129,732,5
21100,30130,227,4
21101,30132,380,2
21102,30133,153,1
21103,30135,421,5
21104,30136,199,4
21105,30137,429,1
21106,30138,755,5
21107,30139,751,4
21108,30140,415,1
21109,30141,413,3
21110,30142,752,5
21111,30143,58,1
21112,30144,498,1
21113,30145,93,3
21114,30147,498,3
21115,30150,756,2
21116,30151,533,3
21117,30153,757,3
21118,30158,67,2
21119,30159,416,5
21120,30160,108,2
21121,30161,583,3
21122,30162,605,1
21123,30164,767,3
21124,30165,302,5
21125,30166,194,4
21126,30167,390,1
21127,30168,707,5
21128,30171,390,4
21129,30172,691,2
21130,30173,141,2
21131,30175,106,3
21132,30176,356,3
21133,30177,175,1
21134,30178,312,1
21135,30179,354,1
21136,30180,769,4
21137,30181,25,1
21138,30182,576,2
21139,30183,768,4
21140,30184,623,5
21141,30187,570,3
21142,30189,108,1
21143,30190,105,3
21144,30191,168,1
21145,30192,770,2
21146,30194,771,3
21147,30196,120,1
21148,30198,215,4
21149,30199,557,5
21150,30202,666,1
21151,30203,776,4
21152,30204,47,4
21153,30205,17,2
21154,30206,341,2
21155,30208,582,4
21156,30209,769,1
21157,30211,130,1
21158,30214,591,2
21159,30218,661,4
21160,30223,205,1
21161,30225,430,3
21162,30226,378,1
21163,30228,378,1
21164,30230,376,4
21165,30233,350,1
21166,30234,365,2
21167,30236,439,2
21168,30237,438,2
21169,30238,438,3
21170,30239,444,1
21171,30240,444,5
21172,30241,435,3
21173,30242,440,4
21174,30243,329,1
21175,30244,648,2
21176,30245,571,3
21177,30246,330,4
21178,30247,650,5
21179,30248,454,5
21180,30249,565,1
21181,30251,161,5
21182,30252,203,3
21183,30254,209,3
21184,30256,1,5
21185,30260,725,4
21186,30261,520,4
21187,30262,701,4
21188,30263,697,3
21189,30264,705,1
21190,30265,705,1
21191,30266,698,4
21192,30267,44,1
21193,30269,549,3
21194,30270,593,5
21195,30271,554,1
21196,30272,85,1
21197,30273,503,4
21198,30274,83,2
21199,30276,290,3
21200,30278,115,3
21201,30281,220,5
21202,30283,445,3
21203,30284,569,5
21204,30287,449,4
21205,30288,455,5
21206,30289,330,3
21207,30291,620,2
21208,30293,773,1
21209,30296,346,4
21210,30298,313,1
21211,30299,167,2
21212,30300,108,2
21213,30301,606,1
21214,30302,352,3
21215,30303,527,3
21216,30304,412,5
21217,30305,747,3
21218,30307,752,1
21219,30309,206,4
21220,30310,200,2
21221,30311,425,3
21222,30312,744,1
21223,30314,262,1
21224,30315,770,1
21225,30317,394,5
21226,30318,472,2
21227,30319,403,5
21228,30320,250,1
21229,30321,472,5
21230,30322,393,1
21231,30324,318,2
21232,30325,319,4
21233,30326,282,2
21234,30327,276,2
21235,30328,281,5
21236,30329,347,2
21237,30331,771,4
21238,30333,744,2
21239,30334,354,5
21240,30335,184,4
21241,30337,587,1
21242,30338,763,1
21243,30339,153,2
21244,30340,209,3
21245,30343,198,4
21246,30344,422,4
21247,30345,158,5
21248,30347,709,2
21249,30348,469,5
21250,30349,1,2
21251,30351,459,5
21252,30353,326,4
21253,30354,320,2
21254,30355,318,5
21255,30357,323,2
21256,30358,314,1
21257,30359,325,3
21258,30360,616,3
21259,30361,143,4
21260,30363,598,1
21261,30365,314,4
21262,30366,322,3
21263,30367,326,5
21264,30368,315,1
21265,30370,325,5
21266,30371,318,2
21267,30374,429,2
21268,30375,157,2
21269,30376,150,3
21270,30377,160,4
21271,30378,544,2
21272,30379,546,1
21273,30380,162,2
21274,30381,355,1
21275,30382,164,3
21276,30383,766,3
21277,30384,354,2
21278,30387,609,2
21279,30390,303,3
21280,30391,770,1
21281,30393,108,5
21282,30395,332,3
21283,30396,147,5
21284,30398,427,5
21285,30399,210,1
21286,30400,422,2
21287,30402,201,3
21288,30403,424,2
21289,30404,358,1
21290,30405,162,5
21291,30406,176,3
21292,30407,584,5
21293,30408,631,2
21294,30410,490,2
21295,30412,751,3
21296,30413,533,2
21297,30414,413,4
21298,30415,406,3
21299,30416,754,4
21300,30417,155,4
21301,30418,51,3
21302,30419,670,3
21303,30421,775,2
21304,30422,774,5
21305,30423,599,2
21306,30428,302,4
21307,30430,696,3
21308,30431,670,2
21309,30432,220,3
21310,30433,46,2
21311,30434,692,2
21312,30435,686,1
21313,30437,560,1
21314,30438,290,5
21315,30439,446,4
21316,30440,159,1
21317,30441,203,1
21318,30442,151,3
21319,30443,154,5
21320,30444,418,2
21321,30446,206,2
21322,30448,199,1
21323,30449,420,4
21324,30450,708,3
21325,30451,460,4
21326,30454,497,1
21327,30455,5,2
21328,30456,723,5
21329,30457,228,2
21330,30459,8,5
21331,30460,193,3
21332,30461,382,1
21333,30462,228,4
21334,30463,8,3
21335,30465,707,4
21336,30467,230,2
21337,30468,229,2
21338,30469,721,5
21339,30471,478,3
21340,30472,265,3
21341,30474,245,5
21342,30476,275,3
21343,30478,607,1
21344,30479,253,1
21345,30480,308,4
21346,30483,602,2
21347,30485,588,3
21348,30486,569,4
21349,30487,597,1
21350,30488,337,4
21351,30491,144,3
21352,30492,641,1
21353,30493,777,5
21354,30494,645,1
21355,30496,139,4
21356,30497,653,2
21357,30499,616,3
21358,30500,681,1
21359,30502,560,4
21360,30503,288,2
21361,30504,642,3
21362,30505,560,1
21363,30506,612,4
21364,30507,542,1
21365,30508,575,4
21366,30509,259,3
21367,30510,97,2
21368,30511,543,4
21369,30512,164,3
21370,30513,610,4
21371,30514,305,2
21372,30516,547,5
21373,30517,184,3
21374,30518,539,2
21375,30519,766,3
21376,30520,577,2
21377,30521,313,1
21378,30523,348,1
21379,30524,347,3
21380,30525,254,5
21381,30526,153,5
21382,30527,422,3
21383,30528,205,2
21384,30529,556,2
21385,30530,30,2
21386,30531,334,4
21387,30533,605,4
21388,30534,605,5
21389,30536,154,3
21390,30537,201,3
21391,30538,199,4
21392,30539,203,5
21393,30540,203,1
21394,30541,203,3
21395,30542,156,5
21396,30543,151,5
21397,30544,632,4
21398,30545,382,5
21399,30547,380,1
21400,30550,516,2
21401,30551,629,2
21402,30553,200,1
21403,30554,152,2
21404,30556,634,2
21405,30557,469,4
21406,30559,156,5
21407,30560,208,2
21408,30561,210,1
21409,30562,420,5
21410,30563,152,1
21411,30564,134,2
21412,30566,611,5
21413,30567,539,5
21414,30568,290,5
21415,30569,647,2
21416,30570,182,1
21417,30571,538,2
21418,30572,105,5
21419,30573,163,5
21420,30574,312,2
21421,30575,533,2
21422,30578,412,4
21423,30579,66,2
21424,30580,748,5
21425,30581,56,1
21426,30582,525,2
21427,30583,55,2
21428,30585,424,3
21429,30586,201,3
21430,30587,30,2
21431,30588,779,5
21432,30589,652,1
21433,30590,646,5
21434,30591,598,1
21435,30592,220,5
21436,30593,753,1
21437,30595,314,3
21438,30596,320,5
21439,30597,71,1
21440,30599,76,2
21441,30600,633,5
21442,30601,197,3
21443,30602,523,5
21444,30604,458,1
21445,30605,230,5
21446,30606,637,3
21447,30608,708,2
21448,30609,187,3
21449,30610,66,5
21450,30611,59,5
21451,30612,412,4
21452,30613,751,2
21453,30614,752,2
21454,30615,416,1
21455,30616,410,4
21456,30617,542,2
21457,30618,545,1
21458,30619,349,1
21459,30620,178,1
21460,30621,585,1
21461,30622,19,3
21462,30624,538,2
21463,30625,254,5
21464,30626,577,5
21465,30628,24,3
21466,30630,767,4
21467,30632,587,2
21468,30633,309,3
21469,30634,588,5
21470,30635,307,4
21471,30637,606,3
21472,30639,324,3
21473,30640,314,4
21474,30641,316,3
21475,30643,718,3
21476,30644,389,5
21477,30645,235,1
21478,30646,461,5
21479,30647,239,2
21480,30649,443,1
21481,30650,432,5
21482,30652,220,4
21483,30653,43,5
21484,30654,649,2
21485,30655,596,1
21486,30657,117,4
21487,30659,774,5
21488,30660,781,3
21489,30663,175,1
21490,30664,181,4
21491,30666,132,2
21492,30667,580,5
21493,30668,347,1
21494,30670,434,5
21495,30671,443,5
21496,30672,430,4
21497,30675,152,3
21498,30676,155,2
21499,30678,158,1
21500,30679,422,4
21501,30680,158,3
21502,30681,423,4
21503,30684,155,1
21504,30686,768,2
21505,30687,345,3
21506,30688,771,3
21507,30691,263,3
21508,30692,101,3
21509,30693,182,5
21510,30694,364,1
21511,30695,649,5
21512,30696,668,3
21513,30697,640,4
21514,30698,110,5
21515,30701,509,2
21516,30704,509,4
21517,30705,83,4
21518,30706,90,2
21519,30707,498,4
21520,30708,82,2
21521,30709,113,5
21522,30711,641,5
21523,30713,648,5
21524,30714,626,1
21525,30715,781,4
21526,30716,760,3
21527,30719,459,4
21528,30720,485,4
21529,30721,462,2
21530,30722,628,4
21531,30724,719,5
21532,30725,708,1
21533,30726,182,4
21534,30727,24,3
21535,30728,341,1
21536,30730,27,1
21537,30731,344,4
21538,30733,343,4
21539,30734,178,3
21540,30737,159,4
21541,30738,430,4
21542,30739,206,4
21543,30740,158,5
21544,30741,159,4
21545,30743,157,4
21546,30744,728,5
21547,30746,250,1
21548,30747,249,5
21549,30748,250,4
21550,30749,226,3
21551,30750,195,3
21552,30751,713,1
21553,30752,383,3
21554,30753,469,4
21555,30756,519,4
21556,30757,711,4
21557,30759,15,3
21558,30760,278,2
21559,30761,71,5
21560,30763,362,3
21561,30764,741,3
21562,30765,602,5
21563,30766,166,2
21564,30767,611,1
21565,30768,605,1
21566,30770,759,3
21567,30771,286,3
21568,30772,73,3
21569,30774,278,1
21570,30775,280,5
21571,30776,280,3
21572,30777,281,4
21573,30778,375,3
21574,30782,368,1
21575,30783,372,2
21576,30784,575,5
21577,30786,106,1
21578,30787,385,5
21579,30789,156,1
21580,30794,522,5
21581,30796,561,4
21582,30799,603,2
21583,30801,153,1
21584,30802,201,2
21585,30803,150,2
21586,30804,99,4
21587,30805,739,4
21588,30806,737,5
21589,30807,765,2
21590,30809,220,2
21591,30810,783,3
21592,30814,777,4
21593,30815,598,2
21594,30816,554,4
21595,30817,145,1
21596,30818,259,5
21597,30819,106,2
21598,30820,760,2
21599,30821,132,1
21600,30823,106,5
21601,30825,294,4
21602,30827,222,4
21603,30828,144,3
21604,30829,145,4
21605,30831,46,2
21606,30832,678,3
21607,30833,390,3
21608,30834,714,5
21609,30835,230,4
21610,30836,382,3
21611,30838,10,2
21612,30839,459,1
21613,30841,598,4
21614,30842,646,4
21615,30843,49,1
21616,30845,453,2
21617,30846,564,5
21618,30847,550,2
21619,30848,37,2
21620,30850,285,4
21621,30851,527,5
21622,30852,747,4
21623,30853,409,4
21624,30854,67,1
21625,30855,530,1
21626,30856,759,2
21627,30858,534,5
21628,30859,410,3
21629,30860,245,4
21630,30861,528,5
21631,30862,752,1
21632,30863,532,4
21633,30869,24,1
21634,30871,183,3
21635,30872,588,3
21636,30874,201,4
21637,30875,419,2
21638,30876,147,5
21639,30877,148,1
21640,30879,152,2
21641,30880,204,3
21642,30881,427,2
21643,30883,203,4
21644,30886,208,1
21645,30888,156,3
21646,30889,157,5
