sales_id,product_id,quantity
1,78,1
1,49,3
1,69,2
1,52,2
2,47,3
2,15,2
2,12,1
3,38,2
3,22,2
4,89,2
4,55,1
4,2,1
5,91,3
5,7,3
5,24,3
5,93,2
6,78,1
6,22,1
7,14,2
7,55,2
7,25,3
7,94,2
8,3,3
8,44,1
8,17,3
9,35,2
9,47,3
9,83,1
9,42,2
10,38,2
10,20,3
11,98,1
11,61,1
11,48,3
12,8,1
13,92,3
14,52,3
14,62,2
15,13,1
15,5,2
16,57,3
16,2,3
16,36,2
16,25,3
16,65,3
17,80,1
17,3,2
17,54,3
18,42,3
18,38,1
18,92,1
18,14,1
19,37,3
19,64,1
19,61,1
20,26,2
20,54,1
20,99,3
20,31,3
21,7,1
21,25,2
21,95,2
21,17,1
22,19,1
22,24,2
22,2,3
22,99,1
22,3,1
23,98,2
23,47,2
23,71,1
24,16,1
24,5,3
24,28,1
24,35,3
25,88,1
25,96,2
26,72,3
26,80,1
27,18,3
27,45,3
27,9,2
27,63,2
28,21,2
28,54,2
28,36,3
29,62,3
29,37,1
29,100,2
29,99,2
30,62,1
30,31,1
31,8,3
31,24,1
31,66,2
31,43,1
32,66,3
32,44,3
32,89,2
32,46,1
33,76,2
33,10,2
33,32,1
33,73,3
34,20,2
34,68,1
34,96,2
34,24,1
34,38,2
35,38,1
35,13,1
35,58,3
36,86,3
36,98,1
36,40,2
36,70,3
37,46,1
37,81,2
38,79,1
39,40,2
39,50,1
39,17,1
39,86,1
40,11,3
40,93,1
40,61,2
41,79,2
41,66,2
41,51,2
42,85,2
42,39,2
42,30,3
42,67,1
43,87,3
43,69,3
43,11,3
44,76,1
44,56,2
44,59,1
45,16,3
46,14,1
46,19,3
47,88,1
47,40,3
47,19,1
47,32,1
47,75,1
48,69,2
48,90,2
48,14,1
49,89,1
49,48,1
50,69,2
50,91,3
51,68,1
51,10,1
51,90,2
52,97,3
52,72,1
52,94,3
52,60,1
52,69,3
53,47,3
53,82,3
53,95,1
53,83,3
53,27,1
54,84,3
54,9,1
55,8,2
55,12,3
55,93,1
55,38,1
56,83,1
57,75,3
57,15,1
57,96,2
57,29,2
57,30,1
58,37,2
58,22,1
59,18,3
59,30,1
59,21,2
59,70,1
59,11,1
60,14,2
60,77,1
61,91,2
61,66,2
61,84,3
61,90,2
62,1,3
63,60,1
63,11,2
63,53,1
64,17,3
64,94,3
64,31,2
65,14,2
65,4,1
65,64,2
65,71,3
66,95,3
66,60,1
66,8,3
66,88,2
66,62,2
67,94,1
67,8,3
67,31,2
68,41,3
68,91,2
68,92,1
68,8,3
69,19,1
69,100,3
69,79,3
70,57,3
70,86,2
70,79,3
71,1,1
71,80,1
71,11,3
72,97,3
73,36,2
73,42,1
73,39,2
73,1,3
74,56,1
74,79,3
75,41,2
76,74,2
76,9,1
76,93,3
77,17,3
77,81,1
78,1,3
78,25,3
79,65,3
79,97,3
79,68,3
79,73,3
79,75,1
80,67,1
81,43,2
81,57,1
81,13,3
82,2,1
82,83,1
82,42,3
83,70,3
83,55,2
83,53,2
83,90,3
83,78,3
84,18,2
84,93,2
84,92,3
84,90,2
85,100,3
85,88,2
85,15,1
85,50,1
85,53,2
86,1,1
86,2,2
87,69,1
87,22,2
87,65,1
88,58,1
88,55,3
88,49,2
88,45,2
89,89,1
89,18,2
89,49,3
89,56,2
90,11,3
90,46,3
90,62,2
90,41,3
91,91,2
92,18,1
92,83,2
92,24,1
93,54,2
93,52,2
94,28,2
94,30,3
94,13,2
94,53,2
95,67,1
95,37,3
95,52,1
95,45,1
96,67,3
96,82,3
97,73,1
97,22,2
98,89,3
98,34,3
98,31,3
98,53,2
99,7,3
99,11,2
99,5,1
99,41,2
99,94,3
100,8,3
101,16,2
101,99,3
101,49,2
101,45,3
102,39,1
103,35,2
104,95,2
104,92,1
104,32,3
105,62,3
105,42,1
105,69,3
106,11,2
107,1,1
107,55,3
107,18,1
107,81,2
108,29,3
108,85,1
108,16,2
109,70,3
109,91,2
109,12,1
109,53,2
109,47,2
110,38,1
110,93,1
110,91,2
110,18,3
111,90,1
111,25,2
111,34,1
112,69,1
112,31,1
112,65,3
113,100,2
113,42,2
113,13,3
113,35,1
114,5,2
114,1,1
115,40,3
115,73,1
115,48,1
115,58,1
116,54,1
116,20,3
117,95,2
117,17,2
117,21,2
117,20,1
118,2,2
118,80,2
119,68,2
119,29,1
119,89,3
119,43,1
120,3,2
120,66,3
120,79,1
120,6,1
121,53,1
121,17,1
122,27,3
122,6,1
123,92,2
123,81,2
124,52,3
124,73,3
124,83,3
124,21,2
124,85,1
125,87,3
125,22,2
125,57,1
125,9,1
126,62,2
126,91,2
126,6,1
126,15,1
127,67,1
127,91,3
128,57,2
128,25,2
128,33,2
128,51,2
128,82,1
129,42,3
129,96,2
129,17,1
129,37,1
130,22,2
130,12,1
131,71,3
131,26,3
131,28,2
131,40,1
132,31,2
132,53,2
132,34,1
132,92,1
132,97,3
133,81,1
133,17,3
133,91,1
133,2,2
134,74,3
134,67,2
135,78,2
136,87,2
136,24,2
136,72,1
136,70,3
137,49,2
138,67,2
138,31,3
138,33,2
138,51,1
139,83,1
140,6,2
140,21,1
140,72,2
140,74,1
141,48,3
142,25,2
142,77,3
142,5,2
143,54,3
143,28,3
143,65,2
144,43,1
144,40,1
144,55,3
144,71,3
144,62,3
145,60,2
145,83,1
145,16,3
145,44,3
146,11,2
146,24,2
146,1,2
146,35,1
147,96,2
148,90,1
148,59,2
148,39,1
148,37,1
148,75,3
149,17,1
150,98,3
150,92,2
150,39,1
150,6,3
150,44,1
151,31,2
152,11,1
152,15,1
153,97,1
154,89,2
155,7,3
155,2,3
156,95,2
156,68,3
156,84,3
156,1,2
156,96,2
157,98,1
157,36,3
157,92,1
157,62,2
157,41,1
158,59,3
158,53,2
158,80,2
158,32,1
158,75,2
159,26,2
159,56,2
159,13,1
159,1,2
159,78,2
160,57,1
160,43,1
160,62,1
160,8,2
160,38,1
161,57,3
162,99,3
162,40,3
163,66,2
163,11,1
164,3,2
164,23,3
165,39,1
165,95,2
165,34,2
165,15,2
166,10,1
166,1,1
166,77,2
166,55,1
166,93,1
167,85,3
168,28,2
168,50,2
168,74,3
168,7,2
168,57,1
169,29,2
169,34,2
169,14,3
169,87,2
170,55,2
171,33,3
171,1,2
171,72,2
171,93,2
171,35,1
172,79,3
172,18,3
173,33,2
173,83,2
173,60,1
174,65,1
174,62,1
174,71,3
175,55,1
175,78,3
176,46,1
176,64,2
176,52,2
176,73,3
176,93,3
177,74,2
178,9,1
179,19,3
180,2,2
180,60,1
180,28,3
181,15,1
181,40,2
181,71,3
182,96,2
182,31,3
183,38,1
184,15,1
184,28,1
184,60,2
184,59,1
185,56,2
185,61,3
185,81,1
186,40,3
186,21,1
186,59,3
186,52,3
186,24,3
187,45,2
187,28,1
187,37,3
187,27,2
188,40,1
188,79,2
189,3,1
189,89,3
189,73,1
189,76,1
190,93,1
190,20,2
191,41,3
191,72,2
191,59,2
191,64,1
191,34,2
192,97,1
192,26,3
193,39,1
193,74,2
193,94,2
193,29,2
194,96,1
194,35,1
194,68,3
194,84,3
195,33,2
195,89,1
195,61,2
195,12,2
196,2,3
197,45,1
197,70,1
198,48,1
198,95,1
198,44,3
198,19,3
199,70,2
199,10,1
199,42,2
199,88,1
199,46,1
200,10,2
200,57,3
200,2,3
200,48,1
200,61,3
201,75,3
201,14,2
202,56,1
202,24,2
202,29,1
202,75,1
203,53,2
203,16,1
203,93,1
203,43,2
203,9,2
204,27,3
204,5,1
204,41,3
204,68,3
204,35,2
205,77,3
205,96,3
205,37,2
206,74,1
207,44,3
207,3,2
207,26,2
207,42,1
208,45,1
208,21,2
209,1,2
209,87,2
209,7,3
209,6,1
209,89,3
210,3,3
211,34,1
211,80,1
211,25,1
212,82,2
212,18,1
212,44,1
212,92,2
213,67,2
213,50,3
213,43,1
213,89,2
214,13,3
214,19,3
214,29,3
214,72,3
215,69,2
215,44,3
215,89,3
215,76,3
215,48,1
216,24,1
216,1,3
216,100,3
217,34,1
217,14,3
217,99,3
218,90,1
219,9,3
219,36,2
219,15,3
219,70,2
219,33,1
220,17,2
220,96,1
220,50,1
220,73,1
221,99,3
221,97,3
221,32,3
222,77,3
222,85,3
223,14,3
223,15,1
223,12,1
223,53,3
223,23,1
224,31,3
224,8,2
224,100,2
224,86,1
224,2,1
225,43,1
225,89,3
225,88,2
226,18,3
227,17,1
227,90,1
228,5,1
229,96,2
229,5,3
230,1,2
230,67,1
230,50,2
230,61,1
230,70,2
231,32,1
231,69,2
231,59,1
231,38,2
231,20,3
232,60,1
232,35,3
232,53,2
233,7,2
233,38,3
233,88,3
233,71,1
233,75,3
234,24,1
235,12,3
235,99,1
235,53,3
235,29,3
235,91,1
236,3,3
236,58,1
236,96,2
236,70,3
236,15,1
237,51,1
237,46,2
238,38,1
239,52,3
240,95,3
240,50,2
240,4,3
240,48,3
240,54,2
241,49,3
241,75,3
242,52,2
242,66,1
243,36,3
243,84,3
244,37,3
244,81,3
244,67,2
244,41,3
245,38,2
246,13,1
247,73,3
247,69,2
247,91,2
247,10,1
248,38,2
248,61,1
248,58,3
249,78,3
250,73,2
251,92,2
252,11,1
252,8,1
252,66,2
252,40,1
252,64,2
253,95,2
253,92,3
253,8,1
254,56,1
255,86,3
255,28,3
255,81,3
255,37,1
255,20,2
256,68,2
257,27,2
257,50,3
257,2,3
258,4,1
259,73,2
259,92,3
259,74,3
260,2,1
261,68,1
261,64,1
261,75,2
261,73,1
261,61,1
262,76,2
262,46,3
262,13,3
262,33,3
262,4,2
263,18,1
263,27,2
263,75,2
263,90,3
264,55,2
264,13,3
264,6,3
264,97,3
265,24,3
265,69,3
265,87,2
265,93,1
266,55,3
267,11,1
267,60,1
267,12,1
267,26,1
267,25,3
268,17,2
268,59,2
268,27,2
268,67,2
268,32,3
269,84,2
269,7,2
269,50,1
269,75,2
269,30,2
270,22,2
270,49,3
271,70,1
272,34,3
272,70,2
273,42,3
273,23,3
273,8,2
274,69,1
274,73,1
275,19,3
275,97,2
275,22,1
275,53,2
276,13,2
276,61,1
276,60,1
277,66,2
277,85,2
277,68,1
277,60,3
277,46,1
278,6,1
278,49,1
278,65,3
278,95,3
278,28,1
279,70,2
280,59,3
280,70,3
280,74,3
280,33,3
281,80,3
281,4,2
281,95,3
281,46,1
281,25,2
282,8,3
282,98,1
282,23,3
282,35,2
282,58,2
283,47,2
283,70,1
283,68,2
284,61,2
284,100,3
285,85,1
286,62,2
286,18,2
287,20,3
287,2,1
287,9,3
287,11,1
288,73,3
288,26,3
288,33,3
288,18,3
288,1,2
289,98,1
289,76,3
289,53,1
289,45,2
290,14,2
290,92,2
290,74,2
290,15,3
291,20,2
291,70,1
291,52,2
292,30,3
293,48,3
293,36,3
293,25,3
293,18,1
294,74,1
294,16,2
294,12,2
295,77,2
295,29,3
295,41,2
296,11,2
297,97,3
297,14,2
297,38,3
297,12,1
298,53,3
298,77,1
298,34,3
299,31,3
300,36,1
300,75,3
300,79,2
301,38,1
302,46,3
302,6,2
303,19,1
304,70,2
304,64,3
304,8,3
305,81,1
305,25,3
305,47,1
305,1,2
305,48,1
306,20,3
306,27,2
306,39,3
306,80,1
306,63,1
307,94,1
308,38,3
308,20,2
308,84,2
308,47,1
309,63,2
309,72,1
309,79,3
309,58,1
309,75,3
310,43,3
310,86,3
310,74,3
310,75,3
311,73,1
312,30,1
312,84,1
312,91,3
312,9,3
313,98,1
313,53,1
313,94,3
313,7,1
313,67,3
314,95,3
314,67,3
314,16,3
314,48,3
315,49,2
315,11,1
315,78,1
316,72,2
316,27,2
316,97,2
317,63,1
317,41,3
317,16,3
317,47,3
318,15,2
318,99,1
318,93,3
319,53,3
319,58,1
319,65,3
320,42,2
320,44,1
320,90,1
320,3,1
320,49,2
321,80,3
321,64,2
321,100,1
322,100,2
322,9,3
322,83,1
322,75,2
322,8,3
323,76,3
323,75,1
324,97,1
325,19,2
325,67,1
325,1,1
325,17,3
326,8,2
326,52,2
326,82,3
326,73,3
326,21,3
327,43,3
327,7,2
327,4,1
328,7,3
328,87,2
328,12,3
328,91,1
329,40,3
329,99,1
329,52,2
329,22,1
330,85,2
330,81,1
330,17,1
331,90,2
331,93,2
331,56,1
331,7,3
332,49,1
332,62,2
333,6,2
334,24,2
334,51,3
335,1,3
335,32,3
335,95,3
335,20,3
335,89,3
336,76,2
337,71,1
337,15,3
337,57,3
337,95,1
337,1,3
338,56,2
338,80,3
339,65,1
339,4,3
339,38,1
339,99,2
340,47,2
340,7,2
340,57,3
341,13,3
342,42,1
342,57,2
342,73,2
343,96,3
343,45,2
344,41,2
344,70,1
344,23,2
345,75,1
346,16,3
347,40,3
347,30,3
348,18,1
348,42,1
348,30,1
348,65,3
348,21,2
349,76,1
350,32,3
350,45,2
351,74,2
352,35,2
352,18,3
352,34,3
353,89,2
354,6,2
354,51,3
354,54,1
354,25,2
355,19,2
355,69,2
356,39,1
356,24,2
356,54,2
356,55,3
357,31,1
357,38,3
357,61,1
357,37,3
358,75,2
359,25,1
360,17,3
360,3,3
361,72,3
361,26,3
361,86,1
361,36,1
361,97,3
362,14,3
362,41,3
362,35,2
363,56,1
363,13,1
363,99,3
363,53,1
364,67,3
365,20,3
365,8,2
365,44,3
365,61,3
366,13,2
366,11,2
366,82,3
367,66,3
367,83,2
368,26,3
368,71,2
368,15,2
368,35,2
368,28,1
369,31,3
369,51,2
369,37,1
369,59,1
369,34,3
370,19,1
370,29,2
371,84,3
371,73,1
371,86,1
371,22,1
371,87,2
372,76,3
373,76,2
373,69,1
373,77,1
373,59,3
374,28,1
375,24,3
376,16,3
376,67,1
376,86,2
376,100,3
377,94,2
377,92,2
377,90,1
377,6,2
378,100,3
378,58,1
378,50,3
379,85,2
379,61,1
379,84,3
379,93,2
380,40,3
380,80,3
380,51,2
380,41,2
380,82,2
381,67,1
381,17,3
381,83,3
382,27,3
382,62,2
382,95,2
382,88,3
382,6,2
383,18,1
383,65,3
383,42,3
384,23,1
384,68,2
384,59,2
384,52,2
384,12,1
385,37,2
385,5,3
385,41,2
385,44,1
385,35,1
386,83,3
386,41,2
386,23,1
386,49,1
387,13,3
388,27,2
388,59,3
388,78,2
389,30,1
389,93,2
389,10,2
389,61,2
389,14,1
390,38,2
390,49,3
391,29,2
391,75,3
392,61,3
392,45,3
392,57,1
392,25,1
393,42,1
393,54,3
394,51,3
395,36,3
395,83,3
396,62,3
396,53,3
396,10,3
396,65,3
397,21,2
397,62,2
397,89,3
398,96,1
398,78,1
398,68,2
398,31,3
398,56,2
399,74,2
399,31,2
399,37,3
400,77,2
401,68,1
402,39,1
402,48,3
402,32,3
402,35,3
402,97,2
403,78,2
403,24,2
403,20,3
403,58,3
403,91,3
404,43,3
405,67,3
405,89,3
405,64,3
405,25,2
405,88,2
406,74,2
406,4,2
406,66,2
407,56,2
407,87,3
407,53,3
407,38,3
408,3,3
408,48,3
409,7,1
409,99,3
409,28,1
409,63,3
409,5,2
410,19,2
410,23,1
410,8,1
410,31,1
410,38,2
411,29,1
411,4,3
412,75,3
413,50,3
413,64,2
413,29,1
413,96,1
413,57,3
414,64,2
415,1,1
415,3,1
416,91,1
416,66,3
417,63,1
417,11,3
417,6,1
417,21,1
417,13,3
418,45,2
418,50,2
418,67,3
418,41,3
419,7,1
419,82,1
419,58,1
420,8,2
420,81,1
420,75,3
420,98,1
420,66,2
421,93,1
421,57,2
421,43,2
421,87,2
422,46,1
422,78,1
422,83,1
423,43,2
423,32,1
424,92,3
424,18,1
424,21,1
425,28,3
425,22,2
425,44,2
425,33,3
425,46,1
426,75,2
427,66,2
427,68,3
428,13,1
428,76,3
428,29,1
428,21,3
428,60,3
429,57,3
429,13,1
429,8,3
430,26,2
430,13,1
430,59,1
430,10,3
430,63,2
431,48,2
432,73,2
432,95,1
433,97,1
433,43,3
433,95,3
433,27,1
434,44,1
434,46,2
434,67,1
434,59,2
435,54,2
435,53,3
435,32,1
435,40,2
435,27,3
436,18,3
436,67,1
436,89,1
437,64,2
437,55,1
438,89,1
438,71,3
438,14,2
438,58,3
439,53,1
440,91,2
440,78,1
440,83,2
440,80,3
440,95,1
441,97,2
441,78,3
441,68,2
441,91,3
442,51,3
443,37,3
444,36,3
444,91,3
444,68,2
445,99,1
445,70,3
445,11,1
445,57,1
446,51,3
447,6,3
447,89,1
448,51,1
448,29,1
448,41,3
448,64,2
448,95,3
449,8,3
449,89,3
449,85,2
450,49,3
450,17,3
451,38,1
451,31,1
451,9,3
452,87,3
452,24,1
452,58,1
453,19,2
453,61,1
453,30,1
453,76,1
454,37,1
454,82,1
454,28,1
455,98,1
456,65,3
456,9,2
457,86,2
457,22,1
457,72,1
457,100,3
457,12,3
458,86,2
459,26,2
459,1,3
459,50,3
459,16,3
459,75,2
460,23,3
460,61,1
460,31,3
460,81,3
461,65,2
461,32,3
461,58,1
461,63,3
461,43,2
462,31,2
462,6,3
463,83,1
464,86,2
464,21,2
464,62,3
464,84,1
465,45,3
466,49,3
466,57,1
466,95,3
466,88,1
467,11,2
468,80,3
468,74,1
468,93,1
468,64,1
469,8,3
470,17,2
471,48,1
471,92,2
471,84,3
471,40,3
472,33,3
473,66,3
473,77,2
474,80,1
474,62,2
474,7,3
475,83,3
475,11,3
475,53,1
476,73,1
476,63,1
476,87,3
476,62,3
477,72,2
477,25,1
477,45,1
478,44,3
478,34,3
478,99,3
478,77,1
479,25,2
480,52,1
480,1,3
480,76,2
481,16,2
481,9,2
481,24,1
481,70,2
481,14,2
482,80,1
482,23,1
483,34,1
483,17,3
483,71,3
484,36,1
484,90,3
484,98,3
484,17,3
484,56,2
485,57,2
485,64,1
485,70,2
486,2,3
486,78,3
486,22,1
486,91,1
487,82,2
487,59,1
487,46,1
487,48,2
488,75,3
489,64,3
489,22,2
489,45,1
489,55,2
490,7,2
490,64,1
490,47,3
491,73,3
491,41,3
491,98,3
492,2,1
492,9,1
492,84,2
492,81,1
493,36,3
494,74,3
494,64,2
494,15,1
494,3,1
494,26,2
495,72,1
495,47,1
495,17,2
495,93,2
495,77,2
496,15,2
496,24,3
496,80,1
497,31,1
497,23,1
498,9,2
498,25,1
499,62,3
499,80,3
499,87,1
500,47,3
500,63,2
500,28,2
500,82,3
500,26,1
501,6,3
501,100,2
502,38,2
502,99,3
502,55,1
502,6,3
503,84,3
503,6,1
503,51,3
503,31,1
504,22,1
505,76,1
505,89,2
505,31,3
505,48,1
505,34,3
506,25,2
507,15,3
508,91,1
508,79,3
508,88,1
508,3,1
508,69,2
509,97,1
510,28,1
511,45,1
511,59,1
511,25,3
512,65,1
512,16,1
512,70,3
512,85,2
512,89,3
513,41,1
513,44,2
514,62,1
514,7,3
514,47,3
514,65,3
515,72,2
516,76,2
516,16,1
516,50,3
517,71,2
518,51,2
518,15,1
519,9,1
520,17,2
520,7,1
520,86,3
520,78,2
520,19,3
521,16,2
522,96,1
523,80,3
523,7,3
524,57,2
525,65,2
525,64,2
525,31,2
525,9,1
525,53,1
526,63,1
527,72,3
527,62,3
527,59,2
528,23,2
528,90,1
528,9,1
528,19,1
528,62,1
529,13,2
530,24,2
531,6,3
531,74,3
531,34,1
531,93,3
532,33,1
532,31,3
533,23,3
533,24,1
533,86,3
534,56,2
534,19,2
534,34,1
535,58,1
535,89,2
535,68,3
535,8,2
535,4,2
536,19,3
536,65,2
536,48,2
536,5,1
536,41,2
537,64,2
537,57,3
537,8,1
538,23,1
538,18,2
539,77,1
539,46,2
540,98,2
540,45,2
540,84,1
540,4,1
541,86,3
541,76,3
542,13,1
542,78,2
542,95,3
542,40,3
542,54,2
543,30,1
543,35,1
544,63,3
544,43,1
544,84,2
544,20,2
545,74,2
545,19,3
545,56,2
546,4,2
546,20,2
546,94,2
546,59,1
547,80,1
547,41,1
547,6,1
547,89,3
547,60,3
548,100,1
548,52,2
548,95,2
549,96,2
549,40,2
549,20,3
549,38,1
549,9,3
550,41,2
551,7,3
551,36,3
552,17,3
553,93,1
553,42,3
554,20,3
554,14,3
554,3,1
555,79,2
555,56,1
555,62,3
556,60,3
556,16,1
557,81,3
557,50,2
558,30,2
558,44,1
558,65,1
558,99,1
558,83,2
559,37,1
559,4,2
560,41,1
560,36,3
560,63,2
560,79,2
561,77,1
561,84,1
562,50,1
562,82,1
562,68,1
563,98,3
563,90,1
563,16,3
564,51,1
565,26,2
565,87,1
565,45,1
565,70,3
566,2,2
566,36,1
566,38,2
566,54,1
566,28,2
567,3,2
567,84,3
567,92,1
567,98,2
567,71,2
568,91,3
568,52,3
569,35,3
569,73,3
569,31,2
569,78,3
570,16,1
570,2,1
570,27,2
570,66,2
570,79,2
571,96,3
571,18,1
571,21,1
572,35,1
572,23,3
572,84,1
572,71,1
572,97,1
573,96,2
574,16,1
574,88,1
575,6,2
576,21,1
576,78,2
576,23,1
577,54,3
577,96,1
577,8,2
577,35,1
578,33,3
578,47,1
579,69,1
579,16,3
579,72,2
579,70,2
580,76,1
580,77,1
580,59,3
580,10,1
580,53,1
581,83,2
581,71,2
581,78,1
582,88,2
582,43,1
582,72,1
582,79,3
582,48,2
583,47,2
583,65,1
583,11,1
583,83,3
583,3,1
584,11,1
584,19,3
585,33,3
585,92,1
585,48,1
585,27,3
585,12,1
586,47,2
586,24,2
586,96,1
586,69,3
586,4,3
587,59,1
587,27,1
587,6,2
587,98,2
588,66,3
589,19,1
589,65,2
589,77,2
589,84,2
589,41,2
590,14,1
590,86,1
591,60,2
591,37,3
592,7,2
592,31,1
593,8,1
594,6,3
594,53,1
594,79,1
594,44,1
594,72,2
595,88,3
595,82,1
595,5,3
595,38,3
596,4,1
596,17,3
596,93,2
596,19,3
597,25,2
597,8,3
597,2,1
597,71,3
598,76,3
598,2,1
599,82,1
599,61,3
600,35,2
601,44,1
602,96,1
602,82,3
602,67,2
602,9,1
602,50,2
603,74,3
603,63,2
603,81,1
604,41,1
604,88,2
605,76,2
605,1,3
605,61,3
606,54,1
606,81,1
606,2,1
607,60,3
607,40,2
607,22,3
608,82,2
608,66,2
608,60,2
608,75,3
608,99,3
609,22,3
610,30,2
610,17,3
610,70,3
610,74,1
611,11,2
611,84,3
611,77,1
611,31,1
612,35,2
613,64,2
613,59,1
613,58,2
613,17,2
613,90,2
614,84,3
614,44,1
614,26,2
614,78,3
614,53,2
615,43,3
615,6,1
616,6,2
616,67,1
616,92,2
617,36,1
618,93,1
618,60,3
618,7,1
618,100,1
618,71,3
619,50,2
619,95,3
620,21,3
621,94,3
621,49,2
621,85,2
621,74,1
622,15,3
622,23,3
623,80,2
623,39,1
624,62,3
624,46,1
624,93,3
624,5,1
624,73,1
625,6,1
626,82,1
626,85,1
626,14,3
626,84,2
626,19,2
627,32,3
627,50,3
627,81,1
628,93,1
628,45,1
629,81,2
629,76,2
629,27,1
629,64,3
630,15,3
630,97,3
631,19,1
631,1,1
631,17,3
631,12,1
632,97,2
632,14,1
633,57,1
634,3,1
634,71,3
635,97,2
635,35,2
635,12,3
635,7,1
636,77,3
637,94,2
638,37,3
639,26,2
639,54,2
639,64,1
639,1,3
640,6,2
640,67,1
640,10,1
640,8,3
640,85,2
641,83,2
641,51,3
641,73,2
641,34,3
642,22,1
643,99,1
643,54,2
643,22,3
643,62,3
644,90,2
644,40,1
644,24,1
645,89,2
646,94,2
647,15,2
647,51,3
647,54,3
647,99,3
648,23,1
649,26,1
649,14,1
649,44,2
649,76,3
649,62,2
650,53,2
650,40,3
650,22,1
650,86,1
651,41,3
651,7,2
651,46,2
651,55,2
652,63,1
652,29,1
652,26,3
653,51,2
653,68,2
653,58,3
653,38,2
653,14,2
654,32,1
654,26,2
654,31,3
654,23,1
654,39,1
655,16,1
656,13,3
656,46,3
656,63,2
656,9,1
656,88,1
657,48,3
657,69,2
657,86,3
657,27,1
657,76,2
658,32,2
658,55,1
658,63,1
658,66,1
658,52,2
659,22,3
659,3,3
659,47,2
659,81,2
659,56,1
660,12,1
660,1,1
660,20,3
660,84,1
660,87,1
661,47,2
661,61,3
661,59,1
661,68,1
661,65,2
662,82,2
662,80,3
662,86,3
662,36,2
662,72,3
663,92,1
664,88,2
665,76,1
666,58,2
666,89,2
666,60,3
667,57,1
668,63,1
668,45,1
668,65,3
669,20,3
670,26,1
670,16,2
670,63,3
671,44,1
672,85,1
672,46,3
672,96,2
672,45,2
672,79,3
673,50,2
673,55,2
673,54,2
674,44,2
674,26,3
674,88,3
674,92,1
674,13,3
675,40,2
675,100,1
675,95,2
675,7,1
676,86,2
676,13,1
676,65,1
676,46,1
676,30,1
677,79,1
678,2,2
678,15,1
678,36,3
678,56,3
679,93,1
679,95,1
679,48,2
680,73,3
680,88,1
680,29,3
680,15,3
681,97,2
681,10,1
682,92,2
682,30,3
682,65,2
682,31,2
682,88,2
683,73,1
683,68,2
683,75,2
683,16,2
684,63,2
684,95,3
684,6,1
685,57,1
685,28,3
686,78,2
687,64,1
687,99,2
687,68,2
688,48,2
688,99,3
688,47,3
689,87,2
689,21,2
689,90,2
690,59,3
690,100,2
690,14,1
690,1,1
690,20,3
691,93,2
691,31,3
691,77,1
692,65,2
693,99,1
693,30,1
694,85,2
694,14,2
694,68,2
694,94,2
694,39,1
695,24,3
695,23,3
695,59,3
695,75,1
695,94,2
696,19,1
697,4,1
698,58,2
698,41,3
699,85,2
699,68,2
700,7,1
700,74,1
700,47,1
700,73,2
700,3,2
701,47,2
701,35,1
702,55,2
702,19,2
702,39,3
702,80,1
702,81,1
703,32,2
704,98,1
704,71,3
705,75,3
705,19,3
705,96,2
705,95,1
706,45,1
707,47,1
707,36,2
707,64,2
707,9,1
708,42,3
709,75,1
709,19,3
709,70,2
710,89,1
710,1,2
710,38,3
710,70,3
711,99,2
712,22,1
712,23,1
713,14,3
713,96,2
713,99,2
714,43,3
715,26,2
715,38,3
715,29,2
715,48,2
715,12,2
716,2,1
716,80,3
717,25,1
717,57,3
718,60,1
718,27,2
718,11,3
719,60,3
719,83,1
719,94,2
720,5,3
720,74,3
720,31,3
720,56,3
720,79,1
721,68,2
721,90,3
721,18,2
722,17,3
722,14,2
722,24,3
723,24,2
723,95,3
724,71,1
724,75,2
724,79,3
725,67,2
725,38,3
725,70,1
725,72,2
726,51,3
726,13,1
726,10,3
727,74,3
728,75,3
728,44,1
728,50,2
729,9,2
729,43,2
730,68,2
730,39,3
730,54,1
731,3,2
731,83,3
732,24,2
732,43,2
732,62,1
733,48,2
733,52,1
734,79,1
734,5,3
734,27,3
734,95,1
735,53,1
735,88,2
735,24,1
735,60,2
735,58,3
736,12,1
736,31,3
736,30,1
736,11,1
737,15,1
737,31,2
737,56,3
737,50,1
737,39,1
738,74,3
739,70,1
739,83,1
740,59,1
740,51,2
740,32,3
740,39,2
740,22,1
741,59,1
741,55,1
742,31,3
742,60,3
743,78,1
743,20,1
744,52,3
745,91,3
745,45,3
745,25,1
746,73,3
746,77,1
746,99,2
746,88,1
747,57,1
747,39,2
747,77,3
747,2,1
748,57,3
749,34,3
749,20,3
749,22,2
750,26,3
750,86,1
751,77,2
752,49,3
752,86,3
752,31,3
753,76,1
753,66,3
754,17,1
754,50,3
755,48,1
755,59,2
756,84,2
756,61,1
756,65,1
756,7,2
756,86,2
757,88,2
757,85,2
757,50,2
757,4,2
757,42,1
758,96,1
758,52,2
758,50,2
758,22,3
758,80,3
759,98,1
759,81,1
759,43,1
760,73,2
760,12,1
760,82,1
760,57,1
761,30,2
762,95,1
762,75,3
763,42,3
763,46,1
763,94,3
764,91,3
764,87,1
765,19,1
765,98,3
765,70,1
766,36,2
766,2,1
766,58,2
766,38,1
767,90,3
767,62,3
767,25,3
767,79,3
767,46,1
768,66,3
768,16,1
768,72,1
768,79,3
769,22,2
769,13,2
769,20,3
770,13,3
770,75,2
770,5,2
771,51,1
771,98,3
771,11,2
772,31,1
772,43,2
772,24,2
773,69,3
773,36,1
774,69,2
774,62,3
774,34,1
775,28,2
775,42,3
776,72,2
776,62,1
776,98,2
776,26,3
776,29,3
777,23,3
778,87,2
778,99,3
778,51,3
778,48,1
778,81,2
779,38,1
779,7,1
779,31,1
779,73,2
779,21,1
780,99,2
780,93,1
780,18,1
780,72,1
781,67,2
781,100,3
781,45,1
782,85,3
782,19,3
782,1,1
782,31,3
782,97,2
783,97,2
783,71,1
783,92,3
784,65,3
784,51,1
784,66,3
784,79,2
784,82,2
785,53,1
785,20,3
786,48,1
786,21,2
787,88,1
788,93,3
788,67,3
788,63,3
789,3,2
789,8,3
790,25,1
790,96,1
790,23,1
790,37,2
791,11,2
791,28,2
791,89,1
791,44,3
792,21,2
792,38,1
792,31,3
792,12,1
793,60,2
793,45,1
794,66,3
794,19,3
795,100,1
795,9,3
795,22,3
796,84,1
796,51,2
797,92,2
798,80,3
798,22,3
799,18,2
800,7,1
800,73,2
800,5,3
801,84,3
801,6,1
801,30,3
801,65,2
802,99,2
803,18,2
804,4,2
804,32,2
805,77,2
805,37,3
805,62,3
805,32,1
806,5,2
807,42,2
807,87,3
807,11,1
807,91,2
808,49,1
808,14,3
808,69,2
808,35,1
808,83,2
809,16,2
809,22,3
809,31,1
810,55,3
810,32,3
810,65,1
811,74,2
811,61,1
812,80,1
812,13,1
813,64,1
814,79,1
814,57,2
814,39,3
814,23,3
815,20,2
815,45,1
815,50,2
815,4,2
816,72,1
816,59,3
816,44,3
817,46,3
818,67,3
818,65,2
818,21,1
819,13,2
820,18,2
820,39,3
820,93,2
820,1,1
820,73,3
821,78,1
821,99,2
821,90,3
821,75,1
821,18,2
822,91,3
822,100,1
823,87,3
823,34,3
823,8,3
823,65,1
824,97,2
824,60,2
824,76,1
824,61,3
825,90,2
825,81,3
825,74,3
826,63,3
826,48,1
826,2,2
827,44,2
827,58,1
827,57,1
827,34,3
828,25,1
828,83,1
828,67,2
828,98,2
829,67,1
829,30,1
829,17,1
829,78,2
830,56,3
830,1,2
830,71,2
830,12,3
830,15,2
831,72,1
831,25,3
831,1,1
831,60,2
831,80,1
832,84,1
832,74,1
832,72,1
832,10,3
832,54,1
833,56,1
833,84,2
833,63,1
833,35,2
834,82,2
835,56,3
835,74,3
835,45,2
836,3,1
836,57,2
837,33,3
837,55,3
837,22,2
838,39,1
838,79,3
838,74,1
838,10,1
838,11,3
839,48,2
839,64,1
840,85,2
840,69,3
841,41,3
841,21,1
842,20,1
843,62,2
843,100,2
843,81,2
843,6,1
844,100,3
844,11,2
844,59,3
844,67,1
845,61,3
845,37,3
845,74,1
845,75,3
845,64,1
846,79,2
846,92,1
846,29,2
846,64,2
846,76,2
847,9,1
848,33,1
849,59,1
849,22,2
849,10,1
850,76,1
850,90,1
850,39,1
850,40,1
851,57,2
852,65,2
852,58,2
853,97,3
853,28,2
853,83,1
853,5,3
853,77,3
854,83,3
855,71,2
855,7,1
855,42,1
855,62,1
855,17,2
856,94,2
856,10,3
856,48,3
856,61,1
856,7,1
857,8,3
857,95,3
857,75,2
857,66,2
858,3,2
858,40,3
858,50,2
859,46,2
859,94,1
859,24,3
859,55,2
859,93,1
860,99,1
861,31,3
861,72,2
861,52,2
862,46,3
862,85,3
863,40,1
863,49,3
864,35,3
864,100,2
864,51,3
865,2,2
865,31,2
866,83,1
866,45,2
867,22,1
867,78,2
867,59,2
868,83,2
868,94,2
868,52,1
868,96,3
869,27,2
869,29,2
869,92,1
870,57,1
870,27,1
870,47,3
871,70,2
872,59,1
872,17,1
872,86,3
873,53,3
874,32,1
874,91,1
875,97,1
875,45,3
875,50,2
876,32,1
877,22,1
877,53,2
877,73,2
877,58,2
877,18,1
878,81,2
878,53,2
878,33,1
878,15,2
879,16,3
879,12,2
879,24,3
879,43,2
880,53,1
881,73,3
881,33,3
881,99,1
881,43,2
882,83,2
882,68,3
882,32,1
882,28,2
882,4,1
883,4,3
883,12,1
883,88,3
883,18,3
883,79,2
884,75,1
884,66,1
884,27,3
885,24,1
885,30,2
886,100,2
886,85,1
886,72,2
886,76,3
887,99,1
887,96,3
887,80,3
887,47,3
888,39,1
889,22,3
889,66,2
890,50,2
891,88,1
891,55,2
892,4,3
893,18,2
893,6,1
893,42,3
894,54,2
894,68,2
894,58,3
894,30,3
894,9,2
895,75,2
895,76,3
895,82,3
895,27,1
895,73,3
896,11,3
896,91,3
896,56,1
897,23,2
898,20,2
898,45,2
898,32,1
899,50,2
899,8,1
899,45,2
900,86,2
901,9,3
901,6,2
901,17,2
901,10,1
901,62,3
902,20,3
903,81,2
903,1,2
904,66,2
904,15,1
904,43,3
904,46,3
904,59,1
905,29,3
906,4,2
906,62,2
906,39,1
906,10,1
906,49,2
907,74,1
907,78,2
907,31,2
908,54,3
908,62,3
908,94,2
909,56,1
909,7,2
909,36,3
909,73,1
909,6,2
910,77,3
910,1,3
911,44,2
911,73,2
911,55,2
912,51,1
913,86,1
914,77,1
915,4,2
915,7,3
916,19,2
916,45,2
916,76,3
917,77,3
917,94,1
917,9,3
917,39,1
918,96,2
918,86,2
918,44,2
918,70,1
918,89,1
919,44,1
919,8,2
919,64,3
919,66,2
919,86,2
920,20,1
920,63,2
920,97,3
921,78,3
922,30,1
923,75,3
923,20,2
923,95,1
923,69,1
924,4,1
925,83,3
926,24,3
926,27,3
927,61,3
927,60,3
928,50,3
929,31,2
929,88,3
929,89,1
929,37,1
930,64,1
930,19,3
930,93,2
930,46,1
930,2,1
931,15,1
931,41,3
931,37,2
931,68,1
931,10,2
932,2,3
933,63,3
934,41,2
934,69,1
934,19,2
934,48,3
934,99,1
935,69,3
935,46,3
935,56,1
935,95,2
936,36,3
936,35,1
937,54,1
937,78,1
937,67,2
937,63,3
938,72,3
938,17,3
938,53,1
938,67,1
939,62,2
939,46,3
939,47,1
939,53,1
940,96,3
940,12,2
940,15,2
941,83,2
941,78,2
941,33,1
941,29,1
941,46,2
942,25,2
942,68,2
942,62,3
942,21,2
943,71,1
943,5,2
943,79,2
943,2,1
944,45,3
944,100,3
945,95,1
945,89,2
945,22,3
945,78,2
945,83,2
946,26,3
946,4,2
946,51,3
947,72,3
947,91,2
947,78,2
947,81,1
948,28,1
948,64,1
948,69,3
948,1,2
948,62,3
949,37,1
949,6,2
949,29,2
949,42,1
949,30,3
950,37,2
950,26,3
950,27,2
950,74,3
950,4,3
951,89,2
951,83,2
951,82,2
952,84,2
952,61,3
953,46,1
953,19,3
953,45,1
953,90,3
954,4,1
954,59,1
954,63,1
954,20,1
955,82,1
955,10,1
955,72,2
955,33,3
955,30,1
956,80,3
956,90,1
957,100,3
957,21,2
957,70,1
958,15,3
959,27,1
959,40,2
959,56,3
959,8,2
959,57,2
960,70,1
960,12,1
960,99,3
961,5,2
961,91,3
961,46,2
962,47,3
962,11,2
962,25,2
962,21,2
963,81,3
963,32,3
963,8,1
964,70,1
964,67,2
965,9,1
965,66,2
965,74,2
965,4,2
966,44,1
966,64,2
966,33,2
967,35,1
967,33,3
967,55,3
967,10,1
968,44,2
968,84,1
969,60,2
970,48,3
970,23,3
970,7,1
971,51,1
971,17,1
972,38,2
973,56,2
973,43,2
974,52,3
974,72,2
975,9,1
976,79,3
976,38,1
976,72,2
976,44,3
977,60,1
977,96,1
977,19,1
977,65,2
977,59,2
978,46,3
978,68,1
979,39,1
979,69,3
980,36,2
980,22,3
980,96,3
981,7,3
981,3,3
981,71,1
982,81,1
982,54,1
983,69,1
984,36,2
985,88,1
985,17,3
985,57,2
985,70,1
985,95,3
986,62,1
987,39,1
987,96,3
987,57,3
987,77,3
988,5,3
989,65,1
989,87,2
989,73,1
990,3,3
990,29,2
990,70,3
990,45,2
991,65,3
991,52,2
991,49,3
991,11,3
992,98,2
992,35,3
993,27,3
993,19,3
993,33,2
993,56,3
994,50,3
994,32,2
994,7,2
994,37,2
995,4,3
995,44,3
996,67,2
996,35,2
996,27,3
997,15,3
997,42,3
997,97,1
997,43,2
998,61,2
998,38,2
998,1,1
998,98,1
999,1,2
1000,88,1
1000,79,3
1001,47,1
1001,90,1
1001,51,3
1002,38,1
1002,55,1
1003,62,1
1003,81,2
1003,61,1
1003,45,3
1004,30,1
1004,17,2
1004,91,3
1004,56,1
1005,71,2
1005,63,1
1006,78,3
1006,32,1
1006,77,1
1007,74,2
1008,9,2
1008,53,2
1008,66,3
1008,86,2
1008,91,3
1009,12,2
1009,86,3
1009,83,1
1009,11,2
1009,10,2
1010,72,1
1010,27,2
1010,47,2
1011,99,3
1011,49,1
1011,80,2
1012,96,1
1012,25,3
1012,21,3
1012,73,3
1012,44,3
1013,37,2
1013,90,3
1013,74,3
1013,87,3
1013,17,3
1014,76,3
1015,20,3
1015,44,1
1015,94,1
1016,77,2
1017,66,3
1017,1,2
1017,79,1
1017,35,1
1017,19,2
1018,29,3
1019,70,3
1019,2,2
1020,90,1
1020,66,2
1020,95,3
1021,19,2
1021,13,2
1021,68,3
1021,16,2
1021,56,1
1022,89,1
1022,44,2
1022,58,3
1022,57,2
1022,33,1
1023,78,3
1024,17,2
1025,85,2
1026,90,2
1026,44,3
1026,17,1
1026,28,1
1027,28,3
1027,1,3
1027,15,3
1027,52,3
1027,25,1
1028,79,2
1028,90,2
1029,88,2
1029,8,2
1029,60,1
1030,1,2
1030,2,2
1030,43,1
1030,50,3
1030,30,2
1031,4,1
1032,94,1
1032,53,2
1032,3,1
1033,59,3
1034,57,2
1034,56,3
1034,34,3
1034,29,1
1034,72,2
1035,66,1
1035,38,1
1035,33,2
1035,1,3
1036,92,2
1037,7,2
1037,90,3
1038,5,2
1038,67,1
1038,7,1
1038,53,3
1039,62,2
1039,91,3
1039,28,3
1039,50,1
1040,9,3
1040,3,1
1040,30,3
1040,46,2
1040,50,2
1041,2,3
1041,30,1
1041,31,2
1042,54,2
1042,68,2
1043,15,1
1043,87,1
1043,57,1
1043,76,2
1044,58,1
1044,41,1
1045,43,3
1045,78,1
1045,61,1
1045,96,2
1045,42,2
1046,44,3
1046,2,3
1046,55,2
1046,24,1
1046,88,1
1047,30,2
1047,38,1
1047,25,3
1047,6,1
1048,74,2
1049,91,1
1049,71,2
1049,26,3
1049,84,2
1049,10,1
1050,34,2
1050,36,1
1050,70,1
1051,87,3
1052,81,2
1052,19,1
1052,72,2
1053,87,1
1053,39,3
1053,33,2
1053,6,1
1054,80,1
1054,34,3
1055,16,1
1055,13,2
1055,80,1
1056,71,3
1056,7,2
1057,7,2
1057,96,3
1058,49,2
1059,30,2
1059,15,2
1059,31,3
1059,14,1
1060,27,2
1061,46,2
1061,7,2
1061,48,3
1062,97,2
1062,57,2
1062,30,1
1062,27,3
1063,65,1
1064,96,1
1064,94,3
1064,41,1
1064,27,3
1065,14,2
1066,44,1
1066,33,2
1067,20,3
1067,4,1
1067,52,2
1067,58,1
1068,41,3
1068,90,3
1069,42,2
1069,88,2
1069,6,2
1069,78,1
1069,98,3
1070,96,3
1070,87,2
1070,16,1
1070,100,2
1071,27,1
1071,42,2
1072,25,3
1073,78,2
1073,32,3
1073,61,3
1074,92,1
1075,55,2
1075,19,3
1075,75,3
1075,58,1
1076,33,2
1077,91,3
1077,81,1
1078,84,2
1079,86,3
1079,57,3
1080,32,3
1080,86,2
1081,95,1
1081,25,3
1082,48,3
1083,48,2
1084,53,1
1084,18,1
1084,20,1
1084,72,2
1084,60,2
1085,61,3
1085,70,3
1085,92,3
1085,85,3
1086,64,1
1086,7,2
1086,54,2
1086,4,1
1086,22,2
1087,77,3
1087,76,1
1087,62,1
1087,93,1
1088,55,2
1088,18,3
1088,82,2
1089,13,1
1089,3,1
1089,85,2
1089,74,3
1090,28,1
1091,97,1
1091,100,1
1091,29,1
1092,34,2
1092,29,3
1092,54,2
1093,58,3
1093,62,1
1093,28,3
1094,8,3
1094,68,2
1094,69,1
1095,4,1
1095,16,2
1096,42,1
1096,60,1
1096,9,3
1096,6,1
1097,12,1
1097,23,3
1097,25,2
1098,9,3
1098,4,2
1098,1,2
1098,88,1
1099,97,2
1099,8,3
1100,92,2
1100,75,1
1100,36,3
1101,33,2
1101,17,1
1101,56,3
1102,10,3
1102,18,3
1102,80,2
1102,75,2
1103,18,1
1103,27,2
1103,88,3
1103,17,2
1104,38,1
1104,30,3
1104,69,3
1104,24,2
1105,4,2
1105,14,3
1106,85,3
1106,26,2
1106,12,3
1107,30,2
1107,2,1
1107,8,1
1108,48,3
1108,23,2
1108,12,1
1108,24,1
1109,28,2
1109,23,1
1109,27,1
1109,6,3
1109,8,1
1110,65,3
1110,32,3
1111,44,3
1111,70,3
1112,75,1
1112,13,3
1112,2,3
1112,77,3
1112,58,3
1113,9,2
1113,19,1
1113,30,3
1114,16,1
1114,38,3
1114,22,2
1115,93,2
1116,42,1
1117,73,3
1118,46,3
1119,39,2
1119,82,1
1119,6,1
1120,2,2
1120,78,3
1120,51,2
1120,56,3
1120,72,3
1121,93,2
1122,74,1
1122,30,1
1122,98,1
1122,45,1
1123,91,3
1123,40,3
1123,48,2
1123,77,1
1124,80,3
1125,81,3
1126,30,3
1126,2,1
1126,25,3
1127,74,2
1127,30,3
1127,85,1
1127,67,1
1128,40,2
1128,37,2
1128,73,1
1128,90,2
1129,35,3
1129,11,1
1129,84,3
1130,3,1
1130,92,3
1130,100,3
1130,55,3
1131,57,3
1132,6,2
1132,84,2
1132,65,3
1132,22,1
1132,36,1
1133,41,1
1133,36,2
1133,66,1
1133,15,3
1133,17,3
1134,89,3
1134,80,1
1134,41,1
1134,31,2
1135,32,1
1135,52,2
1136,28,2
1137,35,2
1137,19,1
1137,71,2
1138,95,2
1138,46,1
1138,92,1
1138,25,2
1138,94,3
1139,85,3
1139,19,1
1139,88,1
1140,59,2
1141,4,3
1142,12,1
1143,5,2
1143,35,3
1143,33,3
1143,42,1
1143,70,2
1144,82,3
1144,79,3
1144,33,2
1144,75,3
1145,25,2
1145,82,1
1146,50,2
1146,15,2
1146,6,3
1146,31,1
1147,80,1
1147,64,3
1147,42,3
1147,29,1
1148,91,2
1148,53,1
1148,33,2
1148,95,2
1149,16,3
1149,22,3
1149,80,1
1149,84,3
1149,18,3
1150,81,1
1150,60,2
1150,66,2
1150,19,2
1151,1,1
1151,72,1
1151,85,1
1151,97,3
1152,72,3
1152,23,2
1152,66,3
1153,12,2
1153,30,1
1153,20,1
1154,45,2
1154,42,1
1154,94,2
1154,32,1
1154,4,1
1155,4,2
1155,31,2
1156,5,2
1156,48,1
1157,9,3
1157,83,2
1158,38,1
1159,39,3
1160,85,2
1160,94,2
1160,77,3
1161,1,1
1161,72,1
1162,31,3
1163,39,3
1163,19,1
1163,21,3
1163,8,2
1163,35,2
1164,37,3
1164,9,1
1164,29,1
1165,90,3
1165,7,3
1165,78,3
1165,87,3
1165,60,3
1166,86,2
1166,78,2
1167,31,1
1167,83,3
1167,98,2
1168,94,3
1168,82,3
1168,81,1
1168,31,3
1168,36,1
1169,16,2
1169,99,1
1169,11,1
1169,3,1
1169,77,1
1170,78,3
1170,43,1
1170,34,1
1170,100,1
1171,76,3
1171,58,3
1172,53,1
1172,5,2
1172,2,2
1172,44,3
1172,33,1
1173,27,2
1173,84,3
1173,79,1
1173,1,3
1173,18,3
1174,45,3
1174,25,1
1175,21,3
1175,92,1
1176,48,3
1177,61,1
1177,12,1
1177,68,3
1178,76,3
1178,32,2
1178,69,2
1179,47,3
1179,97,2
1180,39,2
1180,47,3
1180,100,2
1181,23,2
1181,32,1
1181,65,2
1181,3,3
1181,12,2
1182,33,2
1183,20,3
1183,21,3
1183,70,2
1184,70,2
1184,20,1
1185,9,1
1185,78,2
1186,87,3
1187,23,1
1187,1,2
1187,50,2
1188,26,2
1188,99,3
1189,41,3
1190,78,1
1191,39,2
1191,80,3
1191,91,1
1192,7,2
1193,55,2
1193,69,2
1193,62,2
1194,49,1
1194,98,2
1194,1,1
1194,25,3
1195,64,2
1196,81,1
1197,22,2
1198,75,3
1199,68,3
1199,58,2
1199,12,3
1200,55,3
1200,60,2
1201,44,1
1201,61,3
1201,59,1
1201,71,2
1201,25,1
1202,18,3
1202,44,3
1202,73,2
1202,89,2
1202,5,3
1203,38,2
1204,87,3
1205,30,1
1205,47,1
1205,29,2
1206,12,1
1206,57,1
1207,56,1
1207,6,3
1207,43,1
1207,5,1
1207,55,2
1208,6,1
1208,90,2
1208,61,3
1209,62,2
1210,81,2
1210,46,1
1210,22,2
1211,68,3
1211,67,2
1211,37,2
1211,23,1
1211,73,1
1212,19,1
1212,16,1
1212,32,2
1212,18,1
1213,36,2
1213,57,2
1213,58,2
1213,83,1
1214,83,1
1214,28,2
1214,75,3
1214,56,3
1215,76,2
1215,83,3
1215,9,1
1215,69,2
1216,92,2
1216,7,1
1217,37,1
1217,16,2
1217,28,2
1217,100,2
1218,18,1
1219,66,2
1219,85,1
1219,92,3
1220,80,3
1220,11,2
1220,57,1
1220,38,1
1221,63,3
1222,81,3
1222,61,3
1222,21,2
1223,18,2
1223,87,2
1223,69,3
1223,90,3
1223,15,2
1224,47,3
1224,88,2
1225,38,1
1226,26,2
1226,27,3
1226,41,1
1226,73,3
1227,65,2
1227,62,2
1228,12,2
1228,53,2
1228,37,2
1228,24,1
1228,4,1
1229,70,3
1229,41,1
1229,50,3
1229,65,2
1229,35,1
1230,12,2
1230,25,1
1230,86,2
1230,8,2
1231,38,2
1232,91,3
1232,1,2
1233,7,3
1233,73,1
1234,70,2
1234,13,1
1234,53,2
1235,23,1
1235,69,1
1235,15,1
1235,59,1
1235,45,1
1236,97,1
1236,10,1
1236,7,1
1237,26,3
1238,63,2
1238,67,2
1238,58,1
1239,30,3
1239,25,1
1239,28,2
1239,60,2
1239,76,2
1240,24,1
1240,6,1
1240,36,2
1240,66,2
1240,44,2
1241,22,1
1242,52,3
1242,79,2
1242,68,1
1242,3,2
1243,47,3
1243,22,3
1243,31,2
1243,32,3
1243,74,2
1244,30,2
1244,4,2
1244,43,1
1245,83,1
1245,54,3
1245,68,3
1245,17,1
1245,26,1
1246,12,2
1247,1,2
1247,7,2
1247,72,1
1248,51,2
1249,24,3
1250,69,2
1250,74,2
1250,7,3
1250,31,1
1251,47,2
1251,88,1
1252,92,3
1253,1,3
1254,61,1
1255,95,3
1255,77,3
1255,19,2
1256,34,3
1256,74,3
1256,65,2
1256,68,1
1257,23,2
1257,6,2
1257,14,1
1257,91,3
1257,61,1
1258,92,3
1259,11,3
1259,7,2
1260,98,1
1260,52,3
1261,60,3
1262,10,2
1262,31,2
1262,76,1
1262,94,3
1262,63,3
1263,10,2
1263,17,3
1263,75,1
1264,77,3
1264,76,1
1264,88,2
1264,16,3
1265,76,1
1265,61,3
1265,83,3
1265,7,2
1266,18,1
1266,63,1
1266,22,2
1266,59,1
1266,25,1
1267,25,2
1267,68,3
1268,66,3
1269,32,2
1269,5,3
1269,93,2
1270,12,2
1271,38,2
1271,45,2
1271,87,3
1271,51,2
1272,20,2
1273,55,2
1273,73,3
1273,75,3
1273,89,1
1274,64,1
1274,99,2
1275,60,1
1275,46,3
1276,15,2
1276,87,2
1276,66,1
1277,36,1
1277,59,2
1277,24,1
1277,78,3
1277,81,3
1278,55,1
1279,75,2
1279,97,1
1280,87,2
1280,64,3
1280,21,1
1280,44,3
1281,54,3
1281,52,3
1281,16,3
1282,65,2
1282,81,2
1282,80,2
1282,14,2
1283,29,1
1283,12,2
1283,77,1
1283,31,2
1284,99,3
1284,34,1
1285,50,3
1285,37,1
1285,42,3
1285,64,2
1285,4,2
1286,78,3
1287,7,2
1288,1,3
1288,53,3
1288,47,2
1289,60,1
1289,26,3
1289,37,3
1290,66,1
1290,6,3
1290,51,2
1290,40,1
1291,39,1
1291,18,1
1292,11,2
1293,72,2
1294,49,2
1294,70,2
1295,65,3
1295,80,2
1295,28,1
1295,83,1
1295,55,3
1296,30,1
1296,14,2
1296,7,2
1296,61,2
1296,51,2
1297,68,2
1297,47,3
1297,92,1
1297,44,3
1298,48,1
1298,90,2
1298,78,1
1299,47,2
1299,87,3
1299,82,2
1299,48,3
1300,20,2
1300,61,2
1300,77,3
1301,42,2
1301,7,1
1301,95,1
1301,27,1
1301,57,3
1302,42,3
1303,77,3
1303,9,1
1303,46,1
1304,53,2
1304,43,3
1304,79,3
1304,41,2
1305,19,3
1305,96,3
1305,84,3
1305,100,1
1305,61,1
1306,56,1
1307,75,3
1307,63,1
1307,15,2
1307,13,2
1308,60,2
1309,28,2
1309,100,3
1309,94,3
1310,71,1
1310,63,1
1310,86,1
1310,100,1
1310,19,2
1311,32,2
1311,80,2
1311,84,1
1312,67,2
1312,60,1
1313,95,3
1313,74,3
1313,19,3
1313,88,2
1314,99,3
1314,28,2
1314,5,2
1314,74,1
1315,57,2
1316,21,2
1316,68,2
1317,55,1
1317,99,2
1317,63,1
1317,36,1
1318,91,3
1318,58,2
1318,66,2
1319,86,2
1319,56,2
1319,1,3
1320,74,1
1320,91,2
1321,3,1
1321,12,2
1322,70,2
1323,61,1
1323,39,1
1323,100,1
1323,18,3
1323,45,1
1324,9,3
1324,16,1
1324,59,3
1325,47,2
1325,50,2
1325,58,2
1326,59,2
1326,99,3
1327,56,2
1328,98,1
1328,9,1
1328,38,3
1328,5,3
1328,10,1
1329,58,2
1329,17,2
1329,70,1
1329,52,2
1330,19,1
1330,14,3
1330,7,3
1330,36,1
1330,91,3
1331,37,3
1331,97,2
1331,34,1
1331,23,3
1331,15,2
1332,68,1
1332,90,2
1332,38,2
1333,1,3
1334,81,1
1334,24,1
1335,88,1
1336,44,3
1336,7,1
1336,24,2
1336,42,2
1337,83,3
1337,4,1
1338,29,2
1338,95,2
1338,2,3
1339,58,2
1339,24,2
1339,26,3
1339,50,3
1339,20,1
1340,48,1
1340,31,3
1340,2,2
1340,44,2
1341,12,1
1341,8,2
1341,54,3
1341,94,2
1342,79,2
1342,1,1
1342,25,3
1342,33,3
1343,97,3
1343,20,2
1343,77,1
1343,62,1
1344,7,1
1344,56,1
1345,71,2
1345,34,1
1345,68,3
1345,15,1
1346,88,3
1346,86,3
1347,78,1
1347,98,2
1347,47,3
1347,94,1
1348,24,3
1349,50,3
1350,75,2
1351,27,1
1351,82,2
1351,52,1
1352,10,3
1352,50,2
1352,100,1
1352,3,3
1353,29,1
1353,95,2
1353,81,3
1353,38,1
1353,6,1
1354,7,3
1354,97,1
1354,100,3
1354,16,3
1355,84,1
1355,9,3
1355,11,2
1355,79,3
1356,100,3
1356,79,3
1356,36,2
1357,78,3
1357,3,3
1357,57,3
1357,89,1
1357,33,1
1358,75,2
1358,64,1
1358,94,1
1358,38,3
1358,52,1
1359,63,3
1359,82,2
1360,30,1
1361,51,1
1361,64,2
1361,79,2
1362,44,2
1363,1,2
1363,77,1
1363,98,3
1364,29,3
1364,82,3
1364,45,3
1364,16,1
1364,75,3
1365,92,3
1365,3,1
1366,35,3
1367,5,3
1367,14,1
1367,89,3
1368,96,1
1369,95,3
1369,99,3
1369,94,1
1370,20,2
1370,65,2
1370,39,3
1370,44,2
1370,98,1
1371,100,1
1371,81,2
1371,28,1
1371,62,2
1372,52,1
1372,76,3
1372,100,2
1373,82,2
1373,39,3
1373,25,3
1373,21,2
1373,68,1
1374,79,1
1374,14,3
1374,51,1
1374,60,3
1375,7,2
1375,8,1
1375,35,2
1375,80,3
1376,54,2
1377,25,1
1377,31,2
1377,70,2
1377,4,1
1377,35,3
1378,27,2
1378,73,3
1378,80,3
1378,96,2
1378,84,3
1379,49,3
1379,71,2
1379,87,1
1379,72,3
1379,13,2
1380,64,1
1380,68,1
1381,42,2
1381,20,1
1381,76,1
1382,74,3
1382,16,3
1382,21,1
1382,82,2
1382,57,3
1383,66,1
1383,91,1
1384,56,2
1384,26,2
1384,7,3
1384,68,3
1384,18,1
1385,88,2
1386,32,1
1386,71,1
1386,51,2
1386,7,1
1387,100,2
1387,34,2
1387,65,3
1387,2,3
1387,5,2
1388,73,1
1388,97,2
1389,12,3
1389,62,3
1389,71,1
1389,32,2
1390,95,3
1390,71,1
1390,54,2
1391,55,1
1391,56,1
1391,82,3
1391,24,2
1391,26,1
1392,84,2
1392,5,1
1392,80,1
1392,42,3
1392,73,1
1393,64,2
1393,43,1
1393,2,1
1394,39,1
1395,41,3
1396,98,2
1396,8,2
1396,37,2
1396,59,1
1396,9,1
1397,77,2
1397,34,3
1398,96,2
1398,49,3
1398,4,3
1398,65,2
1398,64,1
1399,98,2
1399,25,1
1399,75,2
1400,46,3
1400,27,2
1401,15,3
1401,6,3
1402,23,2
1402,31,3
1403,37,1
1404,3,3
1404,45,1
1404,41,3
1404,61,1
1405,76,3
1405,49,3
1406,24,3
1406,47,1
1406,73,3
1406,92,1
1407,11,2
1407,4,2
1407,66,3
1407,76,2
1407,30,3
1408,49,3
1408,96,2
1408,3,3
1409,24,2
1410,8,1
1410,54,2
1410,42,1
1410,61,1
1410,28,3
1411,29,2
1411,11,3
1411,31,1
1411,1,2
1411,53,2
1412,44,2
1412,70,2
1412,22,1
1412,33,3
1412,78,3
1413,23,2
1413,66,2
1414,83,1
1414,10,1
1414,37,1
1415,64,3
1415,49,3
1415,12,1
1415,7,1
1416,36,1
1416,87,3
1416,3,3
1416,27,3
1416,22,1
1417,51,2
1417,36,1
1417,53,1
1418,50,3
1418,92,3
1418,16,3
1418,87,1
1419,13,3
1419,34,3
1419,28,3
1419,79,1
1420,15,3
1421,7,2
1421,19,2
1421,96,2
1421,83,2
1422,75,1
1423,2,3
1423,70,2
1424,39,2
1424,91,2
1424,62,3
1424,33,2
1425,5,3
1426,16,1
1426,1,1
1427,39,1
1427,40,1
1427,53,1
1427,12,1
1427,100,2
1428,49,2
1428,71,2
1429,79,1
1429,19,2
1429,97,2
1429,65,1
1430,30,1
1430,86,2
1431,21,1
1431,90,2
1432,54,3
1432,46,3
1432,87,3
1433,25,3
1433,19,3
1433,91,3
1433,78,2
1433,96,2
1434,43,1
1435,99,3
1435,78,2
1435,54,1
1435,79,2
1436,68,2
1436,88,2
1436,7,1
1436,32,3
1436,72,1
1437,43,1
1437,27,1
1437,70,1
1437,34,2
1438,12,3
1438,7,1
1438,46,2
1439,54,3
1439,38,1
1439,90,1
1439,59,3
1439,11,3
1440,14,1
1440,48,1
1440,53,1
1441,85,1
1441,55,3
1442,74,1
1442,18,1
1443,6,1
1444,94,3
1445,84,3
1445,8,2
1445,44,3
1445,60,1
1446,61,3
1446,53,3
1446,5,1
1446,41,2
1446,89,1
1447,61,3
1447,5,2
1447,91,3
1447,1,2
1448,99,3
1448,22,2
1448,12,1
1448,85,1
1448,19,1
1449,93,3
1449,42,2
1449,72,2
1449,70,1
1449,47,2
1450,48,2
1451,26,3
1451,15,2
1451,19,1
1452,56,1
1452,73,1
1453,2,1
1453,65,2
1453,54,3
1453,62,1
1454,68,3
1454,2,2
1454,70,1
1455,100,2
1455,69,2
1455,73,1
1456,84,1
1456,26,1
1456,16,1
1456,65,1
1457,26,3
1457,33,1
1457,92,2
1458,52,2
1458,73,2
1458,55,1
1458,9,1
1458,74,3
1459,81,2
1459,82,2
1460,94,2
1460,19,3
1460,14,3
1461,65,2
1461,51,2
1462,73,1
1462,20,3
1463,85,2
1463,86,3
1463,65,2
1464,18,2
1465,84,1
1465,59,1
1466,4,3
1466,17,3
1466,27,2
1467,76,3
1468,96,2
1468,11,2
1468,34,2
1469,77,3
1469,12,3
1470,92,1
1470,75,2
1470,12,2
1471,25,2
1471,83,2
1471,14,1
1471,43,3
1472,96,2
1472,79,1
1473,19,1
1474,59,1
1474,17,3
1475,1,3
1475,36,1
1475,62,3
1475,76,2
1475,82,1
1476,19,3
1476,81,3
1476,4,3
1477,88,3
1477,45,3
1478,94,2
1478,80,2
1479,60,1
1479,94,1
1479,50,2
1480,1,1
1481,64,3
1482,92,1
1482,13,1
1482,56,1
1482,9,3
1482,64,2
1483,25,3
1483,82,3
1484,1,1
1484,37,1
1484,5,3
1484,62,1
1485,18,2
1485,27,1
1485,93,3
1485,55,3
1485,69,3
1486,27,1
1486,24,1
1486,95,3
1486,41,1
1487,88,3
1487,43,1
1487,86,2
1488,85,3
1488,3,2
1488,19,2
1488,77,1
1488,39,2
1489,71,1
1489,92,1
1490,60,1
1491,30,1
1491,38,3
1491,3,3
1491,14,1
1491,89,3
1492,83,2
1492,29,2
1493,69,1
1493,18,2
1493,74,1
1493,48,2
1494,52,1
1494,6,2
1494,47,1
1494,99,1
1495,38,3
1495,86,2
1495,74,2
1495,34,1
1496,27,3
1496,72,1
1496,19,2
1496,57,1
1496,4,2
1497,10,1
1497,43,3
1498,34,2
1498,46,3
1498,1,1
1499,96,3
1499,6,2
1499,45,1
1499,58,1
1499,38,2
1500,6,3
1500,41,2
1501,13,2
1501,66,1
1502,48,2
1502,58,1
1503,24,2
1504,32,1
1504,29,1
1505,71,3
1505,69,1
1506,79,2
1506,31,3
1506,43,2
1507,75,1
1507,47,1
1508,15,3
1508,97,3
1508,87,1
1509,18,2
1509,24,3
1510,27,3
1510,83,2
1510,78,1
1511,51,1
1511,27,3
1511,67,3
1511,10,2
1512,100,2
1512,31,2
1512,5,2
1512,44,1
1512,39,3
1513,21,3
1513,76,3
1513,55,3
1513,90,2
1514,97,3
1514,41,1
1514,68,1
1515,92,1
1515,39,1
1515,53,3
1515,82,3
1516,83,3
1516,30,1
1516,28,1
1516,88,3
1517,49,2
1517,42,1
1517,99,3
1518,31,2
1518,43,2
1518,17,3
1518,86,1
1518,50,1
1519,19,2
1519,58,3
1519,11,1
1520,83,1
1520,22,2
1520,85,1
1520,32,1
1520,38,1
1521,32,3
1521,55,2
1521,48,2
1521,35,1
1522,41,1
1522,83,3
1523,63,2
1523,73,3
1523,77,2
1523,69,2
1523,8,2
1524,91,1
1524,7,2
1524,49,3
1525,52,3
1525,97,1
1525,1,3
1526,80,2
1527,98,3
1527,69,2
1527,85,3
1528,81,1
1528,15,3
1528,62,3
1529,66,3
1529,49,3
1530,74,3
1530,34,1
1530,20,2
1530,46,1
1530,96,1
1531,29,1
1531,18,1
1531,13,2
1532,20,3
1532,8,3
1532,99,1
1532,6,2
1533,38,1
1533,55,1
1533,13,3
1534,32,2
1534,63,1
1535,71,3
1535,47,1
1536,72,3
1537,24,2
1538,7,3
1539,19,1
1539,41,1
1539,58,1
1539,46,3
1539,83,2
1540,4,2
1540,87,1
1541,41,2
1541,64,3
1541,16,3
1541,76,3
1542,23,1
1542,22,1
1543,24,1
1544,14,1
1544,72,2
1544,16,2
1545,87,1
1545,45,3
1545,51,1
1545,63,3
1546,58,1
1546,88,3
1546,36,3
1546,96,2
1546,26,1
1547,5,2
1547,80,3
1547,19,3
1547,39,1
1548,25,1
1548,67,3
1549,6,2
1549,66,1
1549,18,1
1549,57,3
1549,26,3
1550,46,3
1551,35,2
1551,5,3
1551,84,3
1552,21,3
1552,84,1
1552,61,2
1553,50,1
1553,64,3
1553,99,3
1554,44,1
1554,92,2
1554,49,3
1555,64,3
1555,70,1
1555,65,2
1556,21,1
1556,70,2
1556,46,1
1557,11,3
1558,3,3
1558,58,3
1558,65,3
1559,74,2
1559,99,1
1560,1,2
1560,64,1
1560,47,2
1560,6,1
1561,60,2
1561,11,1
1561,99,1
1562,28,2
1563,79,1
1564,63,1
1565,46,3
1565,92,3
1565,74,3
1565,2,3
1565,98,3
1566,37,2
1567,22,1
1567,19,3
1567,99,1
1567,12,3
1568,74,2
1568,92,1
1568,66,1
1569,54,1
1570,83,2
1570,71,2
1570,57,2
1570,92,1
1571,93,2
1571,26,2
1571,65,1
1571,81,2
1572,94,1
1573,48,2
1573,78,2
1573,45,2
1573,31,1
1573,26,1
1574,64,3
1574,63,1
1575,41,3
1575,36,2
1575,18,2
1576,40,1
1577,21,2
1577,50,1
1577,44,3
1577,68,2
1577,13,3
1578,41,1
1578,15,2
1579,73,3
1579,27,2
1579,68,1
1579,64,2
1579,34,2
1580,86,1
1580,4,2
1581,93,1
1581,53,1
1582,9,3
1582,50,3
1582,97,3
1583,8,1
1583,47,2
1584,47,2
1584,58,3
1584,81,3
1585,78,1
1585,15,1
1585,37,3
1586,43,2
1586,18,2
1586,20,3
1586,61,1
1587,79,1
1587,20,2
1587,14,2
1588,99,2
1588,2,1
1588,8,2
1589,63,3
1589,58,2
1589,13,3
1589,42,2
1589,88,3
1590,74,3
1590,60,2
1590,87,2
1590,1,3
1591,69,1
1591,88,1
1591,67,2
1591,96,2
1592,3,2
1592,77,2
1592,10,1
1592,61,2
1592,15,1
1593,34,3
1593,29,3
1594,39,3
1594,97,3
1595,42,2
1595,90,3
1595,6,3
1596,91,1
1597,66,2
1598,7,2
1598,49,3
1598,64,3
1599,67,2
1599,16,3
1599,48,1
1599,94,1
1599,75,2
1600,49,2
1600,73,3
1601,77,2
1601,12,3
1601,16,3
1602,5,2
1602,16,2
1602,100,2
1602,25,1
1602,71,3
1603,4,2
1603,9,2
1603,60,1
1603,92,2
1604,5,2
1604,55,2
1605,12,2
1605,58,2
1605,27,1
1605,63,2
1605,25,2
1606,87,1
1606,68,2
1606,36,2
1606,34,2
1607,62,1
1607,9,1
1607,20,3
1607,87,3
1607,88,1
1608,33,2
1608,27,2
1608,76,1
1608,29,1
1609,96,2
1609,11,1
1610,76,2
1610,14,1
1611,66,1
1611,76,1
1611,8,3
1612,70,1
1612,82,1
1612,66,1
1612,93,1
1613,36,1
1613,76,3
1613,95,2
1614,26,3
1614,23,3
1614,7,3
1614,9,2
1615,56,3
1616,74,2
1616,17,3
1616,51,3
1616,67,2
1616,93,3
1617,28,2
1617,58,3
1617,97,3
1618,27,1
1618,93,3
1619,100,2
1619,48,3
1619,57,2
1619,15,3
1620,35,1
1620,100,1
1621,77,1
1621,82,2
1622,53,1
1622,76,3
1623,29,2
1623,57,1
1623,91,3
1623,51,1
1623,12,2
1624,91,3
1625,95,3
1626,14,1
1626,8,1
1626,76,3
1626,44,2
1626,88,2
1627,60,2
1628,46,3
1629,61,3
1629,21,3
1629,69,2
1629,37,1
1629,65,1
1630,15,1
1631,88,3
1631,14,2
1631,59,1
1631,22,2
1631,13,2
1632,5,1
1633,42,2
1633,36,1
1633,60,2
1634,12,1
1634,77,1
1635,20,2
1635,17,3
1635,43,1
1636,22,2
1637,49,3
1637,99,2
1637,91,1
1637,45,3
1637,41,2
1638,22,2
1638,7,2
1638,18,2
1639,90,3
1639,84,3
1640,89,1
1640,98,2
1640,57,3
1641,80,3
1642,96,1
1642,40,3
1642,13,3
1643,44,1
1644,74,2
1644,46,3
1644,88,3
1645,2,1
1645,69,3
1645,28,1
1646,8,2
1646,61,1
1647,17,1
1647,77,3
1648,73,3
1648,15,3
1648,48,3
1648,82,1
1649,90,1
1649,25,3
1650,74,3
1650,57,2
1650,20,3
1650,80,1
1650,53,3
1651,67,3
1651,43,3
1651,76,3
1651,95,3
1651,99,2
1652,50,3
1653,94,3
1653,53,2
1654,2,2
1654,69,3
1654,99,1
1654,50,3
1654,3,3
1655,81,3
1655,14,2
1656,88,3
1656,9,2
1657,83,2
1657,77,1
1657,11,1
1657,30,3
1658,24,3
1658,64,1
1658,72,2
1659,69,1
1659,2,1
1659,86,2
1659,44,2
1660,7,1
1660,90,1
1660,45,3
1660,80,1
1661,25,3
1661,68,3
1661,7,2
1661,29,3
1662,58,2
1663,35,3
1663,37,2
1663,97,1
1663,79,1
1664,62,3
1664,53,2
1664,31,2
1665,40,1
1666,93,3
1666,56,3
1666,1,1
1666,75,3
1667,46,2
1667,87,1
1667,82,3
1667,6,2
1668,69,3
1668,63,2
1668,37,2
1668,76,2
1668,33,1
1669,45,2
1669,87,3
1669,53,2
1669,2,2
1669,41,2
1670,14,3
1670,16,2
1671,32,1
1672,61,3
1672,17,3
1672,86,2
1672,69,3
1672,77,1
1673,7,1
1673,44,2
1673,21,1
1673,59,2
1673,37,3
1674,84,1
1674,10,3
1674,27,3
1674,77,2
1674,13,2
1675,45,3
1676,70,2
1676,80,3
1676,26,1
1677,24,2
1677,55,2
1677,65,1
1677,2,2
1677,10,1
1678,78,3
1679,91,2
1679,55,1
1679,4,2
1679,24,2
1679,16,2
1680,94,2
1680,7,3
1680,96,2
1680,38,1
1681,47,2
1682,14,1
1683,45,1
1683,95,1
1684,34,1
1685,83,1
1686,24,2
1687,52,1
1687,17,2
1687,4,3
1688,57,2
1688,55,1
1688,86,2
1689,95,3
1689,32,2
1689,29,1
1689,56,1
1689,18,3
1690,35,3
1690,30,2
1690,62,3
1690,95,3
1691,92,2
1691,41,2
1691,18,1
1691,24,3
1691,76,2
1692,98,1
1692,68,1
1692,49,1
1692,66,3
1692,8,3
1693,79,1
1693,57,1
1694,65,1
1694,69,1
1694,27,3
1694,53,2
1695,12,2
1695,13,3
1695,66,1
1696,33,3
1697,25,2
1697,78,3
1697,46,3
1698,46,2
1698,54,1
1699,50,2
1699,24,2
1699,31,3
1699,88,3
1700,21,2
1700,45,1
1700,40,3
1700,1,1
1701,18,1
1701,94,2
1701,41,2
1702,91,3
1702,1,3
1702,20,2
1702,54,1
1703,20,2
1704,4,2
1704,36,2
1705,33,3
1705,10,2
1705,26,1
1706,19,3
1707,95,3
1708,64,2
1708,86,3
1708,28,3
1708,71,3
1709,80,2
1709,4,1
1710,79,1
1711,95,3
1711,89,1
1711,51,3
1712,58,2
1713,82,2
1713,97,1
1713,92,1
1713,67,2
1713,62,1
1714,21,1
1714,3,2
1714,70,2
1714,82,1
1714,99,2
1715,59,3
1715,54,3
1715,93,2
1715,8,2
1715,71,3
1716,42,2
1716,43,3
1717,92,3
1717,25,2
1718,70,1
1718,10,1
1719,94,3
1719,68,3
1720,44,1
1720,96,2
1720,30,2
1721,32,1
1721,74,3
1721,7,3
1721,66,2
1722,49,3
1723,25,1
1723,53,2
1723,20,3
1723,33,2
1723,18,2
1724,25,3
1724,75,2
1724,31,3
1724,83,2
1725,16,3
1725,30,3
1725,57,1
1726,30,2
1726,62,1
1726,96,3
1727,46,2
1727,98,2
1727,7,3
1727,1,1
1728,57,1
1728,68,1
1728,53,2
1729,34,2
1729,61,1
1729,72,1
1730,87,1
1730,67,2
1730,18,3
1731,90,1
1731,27,1
1731,41,1
1731,33,1
1732,30,3
1733,76,2
1733,98,3
1733,90,1
1733,38,1
1733,60,1
1734,92,3
1734,2,1
1734,94,3
1734,49,3
1735,75,1
1735,2,1
1735,18,2
1735,65,3
1736,56,2
1736,6,3
1736,52,2
1736,4,1
1737,71,1
1737,39,3
1737,36,1
1737,16,3
1738,46,2
1738,100,2
1738,53,2
1738,70,2
1739,54,1
1739,72,3
1739,6,1
1739,30,1
1740,79,3
1740,99,2
1741,98,1
1741,47,2
1741,9,3
1741,7,3
1742,72,2
1742,73,1
1743,30,2
1743,94,1
1743,84,2
1743,34,3
1743,61,2
1744,44,3
1745,21,2
1745,46,2
1745,98,2
1745,44,1
1746,18,2
1746,56,2
1746,50,2
1746,8,3
1747,16,3
1747,91,1
1747,44,1
1748,97,1
1749,67,2
1749,41,1
1749,9,3
1749,49,2
1750,26,1
1751,21,1
1751,56,1
1751,28,1
1751,59,2
1751,4,3
1752,59,2
1752,12,2
1752,92,1
1753,100,1
1754,12,2
1754,77,1
1755,13,1
1755,31,2
1755,61,2
1755,97,3
1756,87,1
1756,84,1
1756,25,2
1756,18,3
1756,96,3
1757,8,2
1758,70,1
1759,50,2
1760,19,2
1760,7,2
1761,7,1
1762,97,3
1763,17,3
1763,15,2
1763,40,3
1764,85,3
1764,47,3
1764,8,2
1764,76,3
1765,80,3
1765,29,2
1765,52,1
1766,3,3
1766,73,2
1767,13,2
1767,27,3
1768,46,3
1768,52,1
1768,96,1
1769,99,2
1769,64,2
1769,53,3
1769,80,1
1769,41,1
1770,98,1
1771,32,1
1771,79,3
1771,59,3
1771,82,2
1771,10,3
1772,98,3
1772,48,1
1772,52,2
1772,66,1
1773,26,2
1774,62,2
1774,29,2
1775,72,1
1776,79,2
1776,65,1
1777,100,2
1777,28,3
1777,35,1
1777,74,1
1777,71,1
1778,83,1
1779,33,1
1779,91,2
1780,13,2
1780,33,1
1781,52,2
1781,42,2
1781,81,1
1782,40,1
1783,48,2
1784,25,2
1785,74,2
1785,93,1
1785,59,3
1786,20,2
1786,84,3
1786,85,2
1787,82,3
1787,22,1
1787,77,3
1788,81,2
1788,99,2
1788,23,2
1788,97,2
1788,16,1
1789,15,1
1789,52,1
1789,28,3
1790,20,2
1790,66,2
1790,80,3
1790,50,1
1791,54,1
1791,37,3
1791,24,3
1791,35,3
1792,20,1
1793,3,1
1793,69,3
1793,59,3
1794,51,3
1795,20,2
1795,31,1
1796,4,2
1796,61,3
1797,12,3
1797,74,2
1797,65,1
1797,5,3
1797,48,2
1798,64,2
1798,68,1
1798,89,1
1799,91,2
1799,48,2
1799,69,1
1800,32,2
1800,46,2
1800,86,1
1800,35,3
1800,18,3
1801,81,3
1801,33,3
1801,14,3
1801,47,2
1801,8,2
1802,22,1
1802,21,2
1802,67,1
1802,100,3
1802,38,3
1803,41,2
1803,71,1
1803,28,1
1804,19,2
1804,23,3
1804,27,3
1805,60,1
1805,1,2
1806,56,3
1806,95,2
1806,82,2
1806,97,1
1807,20,2
1808,3,2
1809,20,1
1809,77,3
1809,32,2
1809,64,1
1809,45,1
1810,86,3
1811,50,1
1811,32,3
1811,3,2
1811,35,1
1812,73,3
1812,26,2
1813,52,1
1813,26,3
1814,27,3
1815,13,3
1815,25,1
1816,17,1
1816,36,1
1816,39,3
1817,38,2
1817,28,1
1817,34,1
1817,10,3
1818,60,2
1818,77,2
1818,65,2
1818,38,2
1819,97,2
1819,38,3
1819,52,2
1820,91,1
1820,80,2
1820,38,3
1820,95,3
1820,65,3
1821,4,1
1821,10,1
1821,77,2
1821,52,3
1822,80,3
1822,83,2
1822,94,1
1822,32,3
1823,44,3
1823,87,3
1824,79,2
1824,91,1
1824,85,2
1824,82,3
1825,87,3
1825,52,2
1825,23,3
1825,95,1
1826,94,3
1826,19,3
1827,52,1
1827,43,3
1828,7,1
1828,9,2
1828,76,3
1829,79,2
1830,74,1
1830,45,3
1830,96,1
1831,94,1
1831,56,3
1831,87,3
1832,46,2
1832,49,1
1833,31,2
1833,85,2
1833,18,2
1833,63,1
1833,95,3
1834,83,2
1834,15,3
1834,16,1
1834,60,1
1835,53,3
1836,67,1
1836,64,1
1836,21,1
1837,95,1
1838,53,3
1838,82,3
1838,57,1
1839,50,1
1839,93,2
1840,40,3
1840,70,3
1840,55,1
1840,32,2
1840,8,1
1841,31,3
1841,80,3
1841,6,3
1841,63,2
1842,88,3
1842,47,2
1842,9,3
1842,50,3
1843,78,3
1843,45,1
1843,46,1
1844,79,1
1845,62,1
1845,96,2
1845,94,1
1845,31,3
1845,19,3
1846,74,2
1846,1,2
1847,60,2
1847,83,3
1847,22,3
1847,90,3
1848,46,1
1848,44,1
1848,23,3
1848,40,3
1849,55,2
1849,59,1
1849,89,1
1850,96,2
1850,26,3
1850,75,2
1850,44,3
1851,68,1
1851,99,2
1851,19,1
1851,54,2
1852,94,1
1852,6,3
1852,4,1
1852,64,1
1852,30,2
1853,57,2
1853,81,2
1853,65,3
1853,43,1
1854,2,3
1854,82,1
1854,6,1
1855,47,1
1855,41,1
1855,28,1
1855,26,3
1856,60,2
1856,39,2
1856,5,1
1857,6,2
1857,2,1
1857,73,3
1857,24,1
1858,36,2
1858,54,2
1858,24,1
1858,13,2
1859,84,3
1859,89,1
1859,11,3
1860,37,1
1861,15,2
1861,6,1
1862,75,3
1862,69,3
1863,81,1
1863,34,3
1864,41,3
1864,52,3
1864,99,1
1864,67,2
1864,92,2
1865,42,1
1865,88,3
1865,73,1
1865,18,1
1866,96,1
1866,58,2
1867,26,3
1868,81,3
1868,11,1
1869,15,2
1869,60,3
1870,38,1
1871,98,2
1871,62,2
1871,1,3
1871,86,2
1871,34,2
1872,6,3
1872,84,2
1873,100,3
1873,83,1
1873,92,1
1873,14,2
1873,65,1
1874,34,2
1874,35,1
1874,46,3
1874,66,1
1875,93,1
1875,1,3
1876,99,1
1876,5,2
1876,84,2
1877,67,1
1878,38,2
1878,32,1
1878,2,3
1878,83,2
1878,47,3
1879,61,1
1879,79,2
1879,24,3
1880,65,1
1880,61,2
1880,28,3
1880,31,2
1881,68,2
1881,25,2
1881,72,3
1881,11,3
1881,96,1
1882,12,2
1882,52,1
1882,23,2
1882,87,3
1882,83,1
1883,34,1
1883,31,3
1883,71,1
1883,3,2
1884,31,1
1884,3,3
1884,18,2
1884,80,2
1885,48,1
1885,44,3
1885,89,1
1886,77,1
1886,43,2
1887,30,2
1887,52,3
1887,89,2
1888,43,1
1888,83,2
1888,36,2
1888,28,1
1889,52,3
1889,29,2
1889,96,3
1889,45,3
1889,33,2
1890,39,2
1890,34,1
1891,70,3
1891,37,3
1891,74,3
1891,6,1
1892,50,2
1892,25,3
1892,95,1
1892,59,1
1893,93,3
1893,90,3
1893,32,2
1894,72,3
1894,15,3
1894,34,3
1894,20,2
1894,82,2
1895,52,2
1895,16,1
1895,22,2
1896,34,1
1896,70,1
1896,25,2
1897,2,1
1897,37,2
1897,43,1
1897,12,2
1897,74,3
1898,84,2
1899,65,2
1899,66,1
1900,17,3
1900,23,3
1901,61,3
1901,29,2
1901,19,1
1901,69,2
1901,48,2
1902,49,1
1903,83,2
1903,69,2
1904,30,1
1904,98,3
1905,94,3
1905,60,2
1905,36,2
1905,33,2
1905,29,3
1906,89,1
1906,75,1
1906,12,3
1907,68,3
1907,15,3
1907,7,1
1907,20,1
1907,75,2
1908,37,3
1908,51,2
1908,49,2
1909,55,2
1910,46,2
1910,53,3
1911,98,3
1911,26,3
1911,56,2
1911,74,2
1912,35,1
1912,72,3
1913,40,3
1913,17,1
1914,85,1
1914,88,3
1914,62,3
1914,19,3
1914,93,2
1915,8,1
1915,98,2
1915,9,2
1915,5,3
1915,42,1
1916,76,1
1916,6,2
1916,5,1
1916,57,1
1916,92,1
1917,89,3
1918,86,3
1918,79,1
1918,99,2
1918,22,1
1919,48,2
1919,97,3
1919,23,2
1920,41,3
1920,77,3
1920,15,2
1920,31,2
1921,49,3
1921,55,3
1921,90,2
1921,21,1
1922,35,3
1923,51,3
1923,8,2
1924,5,3
1924,39,2
1925,78,3
1925,90,2
1925,39,2
1925,29,2
1926,69,1
1926,36,1
1926,6,1
1926,43,2
1927,79,1
1927,84,2
1927,50,1
1927,16,1
1927,7,1
1928,58,2
1928,9,1
1928,68,1
1929,55,1
1929,78,1
1929,53,3
1929,3,3
1929,64,3
1930,62,3
1931,57,2
1931,98,1
1931,37,1
1931,9,1
1932,2,2
1932,48,1
1932,13,1
1932,59,2
1933,4,1
1934,12,1
1934,56,2
1934,27,1
1935,7,2
1935,36,1
1935,58,2
1935,95,1
1935,40,2
1936,5,3
1936,69,3
1937,10,1
1938,97,2
1939,3,3
1939,75,2
1940,53,2
1941,68,1
1941,83,1
1941,84,3
1941,20,2
1941,50,3
1942,69,1
1942,74,2
1942,85,2
1942,50,3
1942,10,1
1943,67,1
1943,65,3
1943,66,1
1943,86,2
1944,95,1
1944,5,1
1944,79,3
1944,3,3
1945,89,1
1945,54,1
1945,33,1
1946,13,1
1946,44,3
1947,86,1
1948,21,1
1949,32,3
1949,59,1
1949,16,1
1949,56,1
1949,25,2
1950,74,3
1950,87,3
1950,84,1
1951,95,3
1951,80,3
1951,66,2
1952,9,1
1953,99,2
1953,78,1
1953,45,2
1953,7,2
1954,16,1
1954,4,2
1954,38,1
1954,44,1
1955,32,3
1955,100,3
1955,93,3
1955,72,2
1955,31,2
1956,80,3
1956,51,3
1956,18,2
1956,24,3
1956,59,2
1957,55,3
1958,24,2
1959,42,3
1959,83,2
1959,89,1
1959,12,3
1960,20,3
1961,96,3
1961,57,1
1961,42,3
1961,31,2
1961,84,1
1962,38,3
1962,45,1
1962,52,3
1963,5,3
1963,7,1
1963,81,2
1964,60,2
1964,27,1
1965,17,1
1965,74,2
1965,98,3
1965,82,2
1966,12,2
1966,90,1
1966,79,2
1966,92,2
1966,5,3
1967,77,2
1967,73,2
1968,62,3
1969,34,2
1970,78,3
1971,81,1
1971,14,1
1972,57,2
1973,79,2
1973,82,3
1973,75,2
1973,47,1
1974,48,1
1974,78,3
1974,88,2
1975,30,2
1975,3,2
1975,6,2
1976,55,2
1977,63,2
1977,7,1
1977,69,3
1977,66,1
1977,17,2
1978,82,3
1979,24,2
1979,77,1
1979,84,1
1979,56,3
1980,22,1
1980,96,2
1980,97,1
1980,4,2
1980,92,2
1981,82,3
1982,84,3
1982,12,2
1982,64,1
1982,94,1
1982,46,1
1983,44,3
1983,58,2
1983,4,3
1984,7,3
1984,52,3
1984,97,3
1984,65,3
1984,67,1
1985,57,1
1985,80,2
1985,68,2
1985,53,2
1985,66,1
1986,39,2
1986,67,2
1986,28,3
1987,64,3
1987,34,2
1987,92,3
1987,18,3
1988,6,2
1988,67,2
1989,81,3
1989,93,1
1990,19,3
1990,3,2
1990,42,2
1990,29,2
1991,59,2
1991,52,2
1991,44,2
1991,95,1
1992,62,1
1992,94,3
1992,43,3
1992,27,3
1993,69,3
1993,81,2
1994,23,1
1994,80,3
1994,4,2
1994,91,1
1995,3,1
1995,14,2
1996,2,1
1997,81,2
1997,94,2
1997,49,1
1997,52,2
1998,33,3
1998,76,3
1998,65,3
1999,82,2
1999,64,1
1999,6,3
1999,98,1
1999,13,2
2000,31,1
2000,11,2
2001,17,1
2001,36,3
2001,54,2
2002,92,1
2002,13,1
2002,76,1
2002,1,2
2002,42,1
2003,37,1
2003,41,2
2003,72,1
2003,18,2
2004,14,2
2004,23,2
2004,13,2
2004,56,1
2004,100,2
2005,34,1
2005,20,2
2006,88,3
2006,8,3
2006,50,1
2006,34,2
2007,18,2
2007,85,1
2007,35,3
2007,83,2
2007,20,3
2008,30,2
2008,80,1
2008,24,3
2008,46,3
2008,3,3
2009,31,1
2010,20,3
2010,100,2
2010,71,2
2010,45,1
2011,48,1
2011,35,1
2011,84,2
2011,26,1
2011,68,2
2012,66,3
2013,10,1
2013,16,2
2013,88,2
2013,55,3
2013,41,3
2014,54,2
2014,48,2
2015,89,1
2015,39,3
2015,82,3
2015,40,1
2016,52,2
2017,32,2
2017,59,3
2017,5,1
2017,86,3
2017,88,3
2018,42,1
2018,3,3
2018,9,2
2019,78,3
2019,71,2
2019,70,3
2020,58,2
2020,74,3
2020,23,1
2021,13,1
2022,34,2
2022,66,2
2022,96,3
2023,67,3
2024,65,3
2024,72,2
2024,37,2
2024,63,1
2024,58,3
2025,54,2
2025,30,3
2025,12,2
2025,56,1
2026,22,2
2026,30,1
2026,60,1
2027,58,3
2028,81,1
2028,58,3
2028,38,2
2028,44,1
2028,64,2
2029,17,1
2029,3,2
2029,75,2
2029,32,2
2030,7,1
2030,25,1
2030,32,2
2030,20,1
2030,95,1
2031,94,2
2031,49,1
2031,13,1
2031,3,1
2031,73,1
2032,57,3
2032,62,3
2033,5,2
2033,68,2
2033,30,2
2034,25,3
2034,1,2
2034,74,2
2034,92,1
2034,44,1
2035,56,2
2035,68,3
2036,78,3
2037,57,1
2038,45,3
2039,66,1
2039,51,3
2040,13,2
2040,84,2
2040,80,3
2041,91,3
2041,48,1
2041,69,1
2041,75,1
2042,1,1
2042,11,3
2042,14,2
2042,49,3
2042,20,3
2043,88,3
2043,23,2
2043,63,3
2043,80,2
2044,97,2
2044,38,1
2045,51,1
2045,90,3
2045,46,1
2045,23,1
2045,66,1
2046,75,3
2046,11,3
2046,68,2
2047,13,1
2047,94,3
2047,1,2
2047,81,2
2047,98,3
2048,89,1
2048,80,1
2049,29,3
2049,7,2
2050,54,3
2050,73,2
2051,60,1
2051,3,2
2051,87,1
2051,24,2
2051,66,2
2052,84,1
2053,76,3
2053,21,1
2053,99,1
2053,11,1
2054,20,1
2054,43,2
2054,79,3
2055,28,3
2055,3,1
2056,13,1
2056,98,2
2056,83,1
2056,87,1
2057,9,3
2057,24,3
2057,73,1
2058,92,1
2058,38,3
2058,58,3
2059,87,1
2059,56,1
2059,88,3
2060,6,1
2060,72,2
2060,51,2
2060,28,1
2060,24,3
2061,37,3
2061,10,1
2061,38,3
2061,75,2
2061,26,1
2062,13,3
2062,47,2
2063,54,3
2063,33,1
2063,8,2
2064,56,2
2064,66,3
2064,4,3
2065,84,2
2065,36,2
2065,99,1
2065,11,3
2065,22,1
2066,80,1
2066,56,2
2066,68,1
2066,65,3
2067,33,2
2067,27,1
2068,96,2
2068,1,3
2069,63,2
2069,82,1
2069,95,2
2069,8,1
2069,53,1
2070,21,2
2070,91,2
2070,18,1
2071,31,3
2071,86,2
2072,78,1
2072,94,3
2072,84,3
2072,83,1
2072,22,2
2073,20,1
2073,89,2
2073,97,2
2073,32,3
2074,41,3
2075,36,1
2075,79,3
2075,73,1
2075,93,3
2075,54,3
2076,75,3
2076,49,1
2077,3,2
2077,88,2
2078,6,2
2079,100,3
2079,50,2
2079,48,3
2080,6,1
2081,94,3
2081,81,3
2082,23,3
2082,81,3
2082,91,3
2083,62,2
2083,87,1
2083,68,2
2084,75,1
2084,2,1
2084,33,1
2085,30,3
2085,98,2
2085,68,2
2085,19,2
2086,93,3
2086,64,2
2086,88,1
2086,1,1
2086,10,2
2087,52,2
2087,4,2
2088,94,3
2088,43,3
2088,86,2
2088,97,3
2088,40,1
2089,31,2
2090,59,2
2090,46,1
2090,56,1
2090,31,2
2091,89,1
2091,25,1
2091,53,3
2091,46,1
2092,43,3
2092,21,1
2092,33,1
2092,91,3
2092,44,3
2093,48,3
2094,39,3
2094,73,1
2094,79,1
2094,50,3
2094,68,3
2095,100,2
2096,46,3
2097,49,2
2097,12,1
2098,90,3
2098,30,3
2098,43,3
2098,41,3
2099,91,2
2100,57,1
2100,47,1
2100,44,1
2100,2,1
2101,25,1
2101,51,2
2102,5,3
2102,40,2
2103,78,2
2103,42,2
2103,23,2
2104,5,2
2104,90,1
2104,19,2
2104,15,2
2105,8,1
2105,45,3
2106,51,3
2106,18,2
2107,31,2
2108,58,1
2108,98,2
2108,52,3
2108,99,1
2109,72,1
2109,26,1
2109,21,1
2110,45,1
2110,56,2
2110,55,1
2111,27,1
2111,79,2
2111,13,3
2111,59,3
2111,58,2
2112,71,3
2112,22,1
2112,39,1
2112,7,2
2113,6,2
2113,73,1
2113,34,1
2113,71,2
2114,45,3
2114,91,3
2114,60,1
2114,78,3
2114,70,2
2115,87,1
2115,31,3
2115,90,2
2115,8,1
2115,58,3
2116,61,2
2117,23,1
2117,6,3
2118,82,2
2118,35,2
2118,23,2
2119,57,1
2119,66,3
2119,6,2
2119,10,3
2120,46,3
2120,92,3
2120,88,1
2120,62,1
2120,73,2
2121,86,3
2121,78,1
2121,74,3
2121,52,1
2121,24,2
2122,57,1
2122,13,3
2123,30,3
2123,72,3
2123,38,2
2123,97,1
2123,6,3
2124,42,1
2125,38,2
2125,58,2
2125,42,1
2125,94,1
2126,14,3
2126,94,1
2127,85,1
2128,72,1
2128,19,2
2128,38,2
2128,64,3
2128,66,1
2129,60,3
2129,62,2
2129,23,2
2129,52,2
2130,75,3
2130,61,1
2130,42,3
2130,34,2
2131,74,2
2131,72,3
2131,63,2
2132,65,1
2132,22,2
2132,54,3
2133,23,3
2133,71,2
2133,4,2
2134,20,3
2134,14,3
2134,97,2
2135,9,2
2135,23,2
2135,67,2
2135,71,2
2135,87,1
2136,30,2
2136,2,1
2136,89,2
2136,35,3
2137,33,3
2137,41,1
2137,82,2
2138,17,2
2139,12,1
2139,29,3
2139,40,1
2140,74,3
2141,42,2
2141,32,1
2141,75,2
2142,26,2
2142,53,2
2143,60,3
2143,99,3
2143,5,1
2144,79,1
2144,22,2
2144,88,2
2144,67,3
2144,19,3
2145,36,1
2145,80,1
2145,7,1
2145,91,1
2145,51,3
2146,74,1
2146,58,1
2146,45,3
2147,30,3
2147,39,3
2147,17,1
2148,7,1
2148,31,2
2148,85,2
2149,31,3
2149,35,3
2149,92,2
2149,21,3
2149,76,1
2150,52,3
2150,60,2
2150,19,2
2151,5,2
2151,91,1
2152,34,2
2153,77,1
2154,72,3
2154,33,3
2154,59,1
2154,77,2
2155,31,3
2155,20,1
2156,47,3
2156,17,2
2156,9,1
2156,50,1
2156,67,3
2157,78,1
2157,79,2
2157,56,2
2157,57,1
2157,17,1
2158,6,3
2158,24,3
2158,41,1
2158,91,1
2158,94,2
2159,14,1
2159,24,1
2159,100,3
2159,55,3
2159,22,3
2160,6,2
2161,21,1
2161,5,3
2161,25,1
2162,18,3
2162,77,1
2162,33,1
2162,87,2
2162,65,3
2163,43,2
2163,21,2
2164,68,2
2164,59,2
2164,67,3
2165,53,1
2165,75,3
2166,15,1
2166,56,3
2166,47,2
2167,38,1
2167,100,1
2167,52,3
2168,58,1
2168,20,1
2168,28,1
2169,67,1
2169,8,2
2170,21,3
2170,78,2
2170,73,3
2171,7,1
2171,74,3
2171,19,2
2171,8,2
2171,93,3
2172,63,1
2173,60,2
2173,88,1
2173,97,3
2173,18,1
2173,73,3
2174,1,2
2174,52,1
2174,83,3
2175,77,2
2175,3,2
2175,17,1
2176,56,1
2176,33,2
2176,69,1
2176,74,2
2176,18,3
2177,34,1
2177,40,1
2177,57,2
2177,16,2
2178,7,2
2178,87,3
2178,33,3
2178,79,2
2179,21,2
2179,13,1
2179,35,1
2179,18,1
2179,30,1
2180,98,2
2181,40,3
2181,78,1
2182,54,1
2182,53,3
2182,10,3
2182,87,1
2182,27,3
2183,44,1
2183,49,1
2183,81,2
2183,38,3
2183,83,3
2184,98,3
2184,73,3
2184,7,3
2184,99,1
2184,66,2
2185,66,1
2186,86,1
2187,26,1
2187,19,2
2187,28,2
2187,4,3
2187,24,3
2188,57,3
2188,22,3
2188,61,1
2188,85,2
2188,3,1
2189,14,3
2190,9,1
2191,67,1
2192,96,1
2192,56,1
2192,51,1
2192,94,3
2193,45,2
2193,55,1
2193,24,1
2193,70,2
2194,59,2
2194,67,2
2194,22,2
2194,16,1
2194,18,2
2195,45,2
2196,95,2
2196,32,3
2196,82,3
2196,88,1
2197,43,1
2198,72,1
2198,57,2
2199,15,2
2199,92,1
2199,4,1
2200,62,1
2201,89,1
2201,76,3
2201,23,3
2201,4,1
2202,48,1
2202,12,2
2203,41,3
2204,21,3
2204,79,1
2204,25,3
2204,69,1
2205,75,1
2205,24,1
2205,41,3
2205,62,1
2205,71,1
2206,52,1
2206,50,1
2206,23,1
2207,33,3
2207,57,3
2207,79,2
2208,57,2
2209,37,3
2210,78,2
2210,86,3
2210,6,1
2211,75,2
2211,32,3
2211,92,2
2212,41,3
2212,91,1
2212,65,1
2213,26,2
2213,72,2
2213,60,3
2213,44,2
2214,90,1
2214,47,1
2214,67,2
2215,61,1
2215,41,1
2215,11,2
2215,3,2
2216,21,2
2216,66,3
2216,12,1
2216,72,1
2216,30,3
2217,11,2
2217,56,3
2217,9,3
2217,5,1
2217,77,1
2218,9,2
2218,58,3
2218,98,2
2218,59,3
2219,82,2
2220,32,2
2220,62,1
2220,72,2
2221,95,3
2222,91,2
2222,44,1
2223,84,1
2223,97,3
2223,95,3
2224,63,3
2225,84,3
2225,91,2
2225,54,2
2225,52,3
2225,10,2
2226,96,2
2226,82,1
2227,76,1
2227,86,2
2227,79,3
2227,18,1
2228,38,2
2229,64,3
2229,55,2
2229,56,3
2230,2,1
2230,74,3
2230,37,1
2231,33,2
2232,61,1
2232,71,3
2232,80,1
2232,25,3
2232,29,3
2233,53,2
2233,52,1
2234,71,1
2234,94,3
2235,38,2
2235,29,2
2235,68,1
2236,37,2
2236,87,1
2237,36,2
2237,23,1
2238,6,3
2238,92,2
2238,70,1
2239,29,2
2239,83,3
2239,43,2
2239,70,3
2240,43,3
2240,65,2
2240,45,1
2240,16,1
2241,71,2
2241,93,1
2241,60,2
2241,70,2
2241,49,2
2242,97,3
2242,78,2
2242,89,1
2242,9,2
2242,60,1
2243,68,2
2243,61,3
2243,25,1
2243,73,1
2243,29,2
2244,80,1
2245,68,2
2246,39,3
2246,20,1
2246,49,3
2246,46,1
2247,3,2
2247,69,3
2247,52,2
2247,11,3
2247,1,1
2248,29,1
2249,82,3
2249,70,1
2249,36,3
2249,2,1
2250,47,3
2250,25,3
2251,55,2
2251,67,3
2252,99,1
2252,54,1
2252,89,3
2252,92,1
2252,68,3
2253,82,1
2254,97,2
2254,29,2
2254,11,3
2254,25,2
2255,19,1
2255,34,1
2256,8,2
2256,45,3
2256,22,1
2256,57,3
2256,54,1
2257,18,1
2257,2,3
2257,14,3
2257,96,3
2257,80,1
2258,34,3
2258,2,1
2259,90,1
2259,72,3
2259,44,2
2260,74,3
2260,26,2
2260,88,3
2261,44,3
2261,51,3
2261,67,3
2261,71,1
2262,44,2
2262,67,3
2262,71,3
2263,13,3
2263,82,1
2264,38,3
2264,69,1
2264,43,1
2264,76,3
2265,68,3
2266,29,2
2266,45,3
2266,86,2
2266,37,2
2267,41,1
2267,59,2
2268,56,3
2268,6,1
2269,73,2
2269,34,2
2269,77,2
2269,2,3
2270,19,1
2270,25,3
2270,1,3
2271,19,3
2271,95,1
2271,53,2
2271,69,3
2271,7,2
2272,35,2
2272,73,2
2272,89,1
2273,66,1
2273,97,1
2273,15,2
2273,3,1
2274,81,1
2274,8,3
2275,18,1
2275,7,2
2276,28,1
2276,26,2
2277,24,1
2278,42,1
2278,96,1
2279,58,1
2279,5,1
2280,55,1
2280,86,2
2280,19,2
2280,32,2
2281,63,1
2281,77,1
2281,80,1
2281,84,3
2282,85,3
2282,27,2
2282,73,1
2282,17,2
2283,84,2
2283,30,3
2284,48,2
2284,34,2
2284,11,3
2284,44,3
2284,52,3
2285,13,1
2285,91,1
2285,53,2
2285,94,2
2285,80,1
2286,68,2
2286,86,3
2286,94,3
2286,22,1
2286,29,2
2287,70,2
2287,81,3
2288,6,2
2288,48,1
2289,96,3
2290,27,2
2290,20,3
2291,86,3
2291,97,2
2291,54,3
2292,87,3
2292,25,1
2293,44,2
2293,77,2
2293,70,3
2293,23,1
2294,64,3
2294,73,1
2294,99,1
2294,85,3
2294,96,2
2295,42,2
2295,39,1
2295,50,3
2295,11,3
2296,63,3
2296,24,2
2296,9,2
2296,65,2
2296,78,1
2297,64,1
2298,69,1
2298,59,3
2299,27,2
2299,6,2
2299,85,2
2299,75,3
2299,13,2
2300,84,2
2300,10,3
2300,93,3
2300,64,2
2301,28,3
2301,30,3
2302,12,1
2302,100,2
2302,7,3
2302,10,3
2302,9,2
2303,67,3
2303,65,2
2303,22,2
2303,16,1
2304,89,3
2305,92,1
2305,12,3
2305,94,1
2305,48,1
2306,53,1
2307,10,2
2307,34,3
2307,9,1
2308,24,1
2308,78,1
2309,68,2
2309,54,1
2310,66,1
2310,46,3
2310,56,2
2310,25,3
2311,10,3
2311,54,3
2312,21,1
2312,83,2
2312,55,1
2312,9,1
2313,21,3
2313,92,1
2313,33,3
2313,60,1
2314,83,1
2314,94,1
2314,57,3
2314,60,2
2315,41,3
2315,17,2
2316,89,3
2316,74,1
2316,45,3
2316,41,3
2316,59,2
2317,24,2
2317,89,2
2318,45,1
2318,27,2
2318,66,2
2318,33,1
2319,56,2
2320,68,1
2320,93,3
2321,43,3
2321,92,3
2321,25,3
2321,56,1
2321,39,1
2322,48,1
2322,13,3
2323,10,3
2323,41,3
2323,48,1
2323,22,3
2324,45,3
2324,4,3
2324,7,2
2325,3,1
2325,34,3
2325,94,3
2325,25,3
2326,18,3
2326,41,1
2327,30,3
2327,42,1
2327,54,1
2327,91,3
2328,14,3
2329,7,1
2329,43,3
2329,55,2
2329,79,3
2329,63,3
2330,24,1
2330,63,1
2330,59,3
2330,87,3
2330,73,2
2331,74,1
2331,48,2
2331,66,3
2332,38,2
2332,8,3
2333,16,1
2333,63,1
2333,93,3
2333,56,3
2333,97,2
2334,55,2
2334,77,1
2334,25,3
2335,15,2
2336,68,2
2336,35,3
2336,57,2
2337,44,2
2337,15,2
2337,3,2
2338,51,3
2338,32,1
2338,19,1
2339,59,2
2339,69,3
2339,3,2
2339,56,1
2340,89,1
2340,63,1
2340,75,3
2341,38,1
2341,61,3
2341,82,1
2341,18,2
2341,79,3
2342,31,2
2343,42,3
2343,76,2
2343,43,2
2343,86,3
2343,77,3
2344,79,2
2344,57,1
2345,84,1
2346,100,3
2346,62,1
2346,86,1
2347,100,1
2347,82,2
2347,96,2
2348,99,1
2348,66,3
2349,41,2
2350,77,2
2350,18,3
2350,59,2
2350,45,2
2350,71,1
2351,21,3
2351,87,3
2352,31,1
2352,40,2
2352,47,3
2352,68,3
2352,50,2
2353,10,3
2354,96,3
2354,5,2
2354,77,1
2354,100,2
2355,27,2
2355,30,2
2355,22,2
2356,1,1
2356,97,2
2356,9,1
2357,39,1
2357,94,2
2357,46,1
2357,45,1
2358,22,2
2358,11,2
2359,12,1
2359,26,1
2360,98,1
2361,39,2
2362,77,1
2363,21,3
2363,63,1
2363,68,1
2363,46,1
2363,24,1
2364,59,1
2364,64,2
2365,10,2
2365,21,3
2365,32,2
2365,95,3
2365,99,2
2366,49,1
2366,56,1
2366,83,2
2367,20,1
2367,40,2
2367,97,3
2367,53,1
2368,40,2
2369,56,3
2369,4,2
2369,14,1
2369,83,3
2369,87,3
2370,76,1
2370,33,1
2370,27,1
2370,51,3
2370,28,3
2371,98,1
2372,55,1
2373,96,2
2373,58,1
2373,33,1
2373,99,3
2374,24,3
2374,57,1
2374,45,2
2375,95,3
2375,94,1
2375,2,2
2376,27,2
2376,7,1
2376,58,2
2376,28,1
2377,66,1
2377,91,1
2377,90,2
2377,69,3
2378,58,3
2378,71,3
2378,80,1
2379,12,2
2379,21,3
2379,32,3
2379,69,3
2379,20,3
2380,8,1
2380,96,3
2381,37,2
2381,22,1
2382,34,3
2382,33,3
2382,3,2
2382,61,3
2382,82,3
2383,28,2
2384,42,3
2384,74,2
2384,70,2
2385,25,2
2385,16,2
2385,78,3
2385,96,2
2385,7,3
2386,54,1
2386,94,3
2386,22,3
2386,80,1
2386,85,1
2387,55,3
2388,72,2
2389,56,3
2389,70,3
2389,99,3
2390,25,1
2390,27,3
2390,39,2
2390,9,3
2391,23,3
2392,86,3
2393,66,2
2393,49,1
2393,40,3
2394,35,2
2395,35,3
2395,28,1
2395,83,1
2395,21,1
2395,24,2
2396,81,3
2396,37,3
2397,9,3
2398,42,3
2398,3,3
2398,14,3
2398,31,2
2398,19,3
2399,44,2
2399,77,3
2399,73,3
2400,39,3
2400,96,2
2400,31,1
2401,38,1
2401,24,3
2401,82,1
2401,70,2
2402,70,3
2402,86,3
2403,76,2
2403,45,2
2404,46,2
2404,88,2
2404,81,2
2404,40,1
2404,39,2
2405,75,2
2405,54,1
2405,30,1
2405,12,1
2406,22,2
2407,10,1
2408,49,1
2409,62,3
2409,74,2
2409,40,3
2409,70,1
2409,21,3
2410,2,1
2411,60,3
2411,74,3
2411,12,3
2412,58,3
2413,10,2
2413,100,3
2413,42,3
2413,48,1
2414,48,1
2414,1,2
2414,22,2
2414,62,3
2414,58,3
2415,12,3
2415,42,3
2415,97,1
2415,86,1
2415,62,1
2416,20,3
2417,16,3
2417,8,1
2418,79,1
2419,35,2
2419,20,2
2419,85,3
2420,35,1
2420,75,2
2420,15,2
2420,19,3
2421,77,3
2421,30,1
2421,86,3
2421,29,3
2422,36,3
2422,7,2
2422,73,2
2423,78,2
2423,96,3
2423,27,2
2424,62,2
2424,78,1
2425,31,3
2425,43,2
2425,55,1
2426,95,3
2426,92,1
2426,31,2
2426,9,3
2427,60,3
2427,52,3
2427,27,3
2427,67,1
2427,34,3
2428,28,1
2428,41,1
2428,80,3
2428,31,3
2429,93,1
2430,98,1
2430,97,3
2430,78,1
2431,20,1
2431,89,3
2432,35,3
2432,71,2
2432,23,1
2433,22,1
2434,5,3
2434,18,2
2434,56,1
2434,86,2
2435,65,2
2436,22,2
2436,87,1
2437,18,2
2437,4,3
2437,26,1
2437,39,3
2437,28,1
2438,11,2
2438,41,3
2439,49,3
2440,19,3
2441,48,3
2441,43,2
2441,52,2
2442,72,2
2442,22,3
2443,87,1
2444,88,3
2444,22,1
2444,8,3
2444,16,3
2444,52,1
2445,51,3
2445,29,3
2445,41,2
2445,77,1
2446,53,3
2446,19,3
2446,2,2
2446,35,1
2446,17,1
2447,14,3
2447,95,2
2447,90,3
2447,19,1
2448,29,3
2449,10,3
2449,96,1
2450,61,2
2450,12,3
2450,56,1
2451,49,1
2451,7,3
2451,37,3
2451,27,2
2452,28,2
2452,90,1
2452,59,3
2453,85,3
2453,21,3
2453,25,1
2453,36,2
2453,81,2
2454,92,3
2454,44,1
2455,47,2
2455,31,2
2456,52,2
2456,56,2
2456,36,1
2456,42,1
2457,90,1
2457,91,1
2457,75,2
2457,37,2
2458,43,2
2458,50,2
2458,24,3
2458,12,1
2459,56,3
2459,38,3
2460,93,3
2460,47,2
2460,43,3
2460,81,3
2461,43,2
2461,36,1
2461,37,1
2462,64,1
2462,92,2
2463,72,1
2463,23,2
2463,7,3
2464,16,3
2464,87,2
2464,65,1
2464,53,1
2464,69,1
2465,81,2
2466,9,2
2467,23,2
2467,14,1
2467,17,2
2468,53,1
2468,30,1
2468,87,3
2469,85,3
2469,41,3
2469,25,3
2469,96,1
2469,72,2
2470,47,2
2470,22,2
2470,42,2
2470,12,2
2471,24,2
2471,73,1
2471,86,1
2472,69,3
2472,37,3
2472,25,1
2472,55,1
2472,34,3
2473,39,3
2473,59,1
2473,2,1
2473,75,3
2474,72,1
2475,65,1
2475,90,2
2475,11,2
2475,24,1
2475,44,2
2476,7,1
2477,39,3
2477,32,1
2477,55,2
2477,5,2
2478,83,3
2478,36,2
2478,62,1
2478,2,3
2479,49,2
2479,3,1
2479,20,1
2479,22,3
2479,38,3
2480,88,3
2480,24,2
2480,6,2
2481,36,1
2481,31,1
2481,6,3
2481,4,2
2481,86,2
2482,17,1
2482,2,2
2482,71,2
2482,79,1
2483,80,2
2483,88,1
2483,53,2
2483,99,3
2484,13,1
2484,7,3
2484,57,2
2484,84,3
2484,68,2
2485,6,1
2486,8,2
2486,35,1
2486,59,2
2486,12,1
2486,94,1
2487,50,3
2488,33,2
2488,74,1
2488,65,1
2488,8,1
2488,27,3
2489,63,2
2489,90,1
2490,4,1
2490,62,3
2491,85,3
2491,53,2
2491,6,1
2491,56,1
2491,34,3
2492,11,2
2492,16,1
2492,97,2
2492,15,3
2493,38,1
2493,69,1
2494,47,3
2494,18,1
2494,45,1
2495,18,2
2495,36,3
2495,57,1
2496,69,2
2496,20,1
2496,14,2
2496,29,1
2497,48,2
2497,21,2
2498,18,2
2499,57,1
2499,42,3
2499,25,3
2499,65,2
2499,36,1
2500,14,2
2500,88,1
2500,35,1
2500,61,2
2501,8,1
2501,65,2
2501,23,2
2501,30,1
2501,10,3
2502,73,3
2503,52,3
2504,80,3
2504,31,1
2504,75,1
2504,7,2
2505,46,1
2505,94,2
2505,61,3
2505,65,1
2506,63,3
2506,18,1
2506,39,1
2506,15,2
2506,19,3
2507,32,2
2507,44,1
2507,40,2
2508,35,2
2509,22,1
2510,73,3
2510,99,2
2511,60,2
2511,41,1
2511,98,3
2511,100,1
2512,27,3
2512,72,1
2512,31,3
2512,94,3
2512,61,3
2513,4,1
2513,67,2
2513,65,1
2513,7,2
2513,58,3
2514,29,1
2515,82,2
2515,8,1
2515,9,3
2516,42,1
2516,60,1
2516,43,2
2516,18,3
2516,72,2
2517,10,2
2518,37,1
2518,44,1
2518,54,2
2519,36,3
2519,46,3
2519,60,1
2520,80,3
2520,24,1
2520,98,3
2520,10,3
2520,55,2
2521,97,2
2521,21,2
2521,98,2
2522,11,2
2522,85,2
2522,65,1
2523,12,3
2523,56,2
2523,54,1
2523,8,2
2524,96,1
2524,49,3
2525,25,2
2525,39,2
2526,73,3
2526,29,3
2526,83,3
2526,31,3
2526,22,2
2527,5,2
2528,75,2
2528,53,2
2528,93,3
2528,90,2
2528,92,2
2529,70,1
2529,80,2
2529,14,3
2530,98,2
2530,30,1
2531,7,1
2531,18,1
2531,26,2
2531,44,2
2532,6,1
2532,85,2
2532,31,1
2532,76,3
2533,35,2
2533,75,2
2533,83,2
2534,93,1
2534,62,3
2534,24,2
2534,8,3
2535,12,2
2535,40,3
2535,100,3
2536,2,2
2537,76,3
2538,83,1
2538,80,3
2538,6,1
2538,72,2
2539,59,2
2539,36,3
2539,26,3
2539,83,1
2539,54,3
2540,58,2
2540,83,3
2540,100,2
2541,7,2
2541,36,3
2541,83,1
2541,26,2
2541,43,1
2542,11,3
2542,49,1
2543,33,2
2543,89,3
2543,37,3
2544,77,1
2544,21,3
2544,29,3
2544,99,1
2544,52,1
2545,54,3
2545,24,1
2545,52,2
2545,10,2
2545,67,3
2546,97,3
2546,93,1
2547,60,1
2547,76,1
2547,48,3
2547,94,3
2548,92,3
2549,17,3
2549,45,1
2550,63,2
2550,57,1
2551,1,3
2551,48,3
2552,97,1
2552,22,1
2552,86,1
2552,28,3
2552,80,2
2553,12,1
2553,9,1
2553,5,1
2554,11,3
2554,93,2
2554,5,3
2555,32,1
2556,47,2
2556,94,1
2557,75,3
2557,63,2
2557,89,2
2557,17,2
2558,41,1
2558,70,1
2558,30,1
2558,10,2
2559,53,1
2560,49,1
2560,31,1
2561,11,1
2561,58,1
2561,65,2
2561,79,3
2562,39,1
2563,6,3
2563,54,3
2563,62,1
2563,34,1
2563,93,1
2564,23,2
2564,30,3
2564,3,1
2564,95,3
2565,61,1
2565,73,2
2565,6,3
2566,42,1
2566,19,1
2566,25,3
2567,9,1
2567,86,1
2567,94,2
2567,24,1
2567,72,3
2568,72,3
2568,52,2
2569,84,3
2569,100,3
2569,80,3
2569,76,3
2569,32,1
2570,86,3
2571,26,2
2571,23,3
2571,58,2
2572,83,3
2572,45,2
2572,18,1
2573,4,3
2573,40,1
2573,24,3
2573,60,3
2574,33,1
2574,5,3
2574,58,2
2574,82,3
2574,80,3
2575,26,2
2575,7,1
2576,81,3
2576,96,2
2576,98,1
2576,11,3
2577,37,2
2577,80,2
2578,57,3
2578,29,2
2579,10,1
2579,77,3
2579,12,1
2579,65,3
2579,25,2
2580,21,1
2581,82,2
2582,51,1
2582,94,3
2583,21,2
2583,18,1
2583,15,2
2583,60,1
2584,23,2
2585,80,1
2585,46,2
2585,14,1
2585,87,2
2586,16,1
2586,70,1
2587,23,2
2587,44,3
2587,5,3
2587,24,3
2587,52,1
2588,83,1
2588,47,1
2588,15,3
2588,39,3
2589,77,3
2589,61,2
2590,68,3
2590,79,1
2590,85,3
2591,7,1
2591,85,1
2591,12,1
2591,34,1
2591,41,2
2592,64,1
2592,45,1
2593,64,2
2594,26,2
2594,77,2
2594,19,3
2595,17,2
2595,97,2
2595,45,1
2595,71,3
2595,80,2
2596,14,2
2596,2,3
2596,4,3
2596,22,2
2597,41,2
2598,66,1
2599,31,2
2599,8,2
2599,81,1
2599,37,3
2599,55,1
2600,21,2
2600,19,1
2600,41,3
2601,46,1
2601,61,2
2601,13,2
2602,32,3
2602,79,1
2602,86,1
2602,44,3
2603,69,1
2603,12,2
2603,90,2
2603,53,1
2604,75,3
2604,83,2
2604,84,2
2604,30,2
2604,26,1
2605,33,2
2605,77,1
2606,68,3
2606,94,2
2606,13,3
2607,5,1
2607,19,2
2607,4,3
2608,49,2
2609,46,2
2610,36,2
2610,1,3
2610,69,1
2610,92,2
2610,83,2
2611,82,1
2612,70,3
2612,6,2
2612,14,2
2613,76,2
2614,67,3
2615,88,1
2615,3,2
2615,80,1
2616,97,2
2616,62,2
2616,36,1
2616,16,2
2616,98,3
2617,56,3
2618,61,1
2618,38,3
2618,54,3
2619,56,3
2619,66,2
2619,45,2
2620,51,3
2620,71,3
2620,40,3
2621,65,3
2622,39,2
2622,12,3
2622,40,3
2622,47,1
2622,25,2
2623,69,3
2623,64,2
2623,77,3
2623,51,1
2623,80,2
2624,14,2
2624,23,2
2624,72,1
2624,2,1
2624,89,1
2625,72,1
2625,83,2
2626,12,3
2626,7,3
2626,11,1
2627,80,2
2627,51,2
2627,10,3
2628,92,1
2628,21,2
2628,9,3
2629,41,1
2629,97,1
2629,14,3
2629,96,2
2630,63,3
2630,59,3
2630,47,3
2630,37,2
2631,57,1
2631,76,1
2631,90,3
2631,78,1
2632,66,2
2633,41,3
2633,91,1
2633,96,3
2634,100,1
2634,2,1
2634,39,2
2635,72,2
2636,35,1
2636,62,2
2636,55,3
2636,34,1
2637,88,2
2637,1,2
2637,72,3
2637,59,1
2638,18,1
2639,85,2
2639,39,3
2639,90,3
2639,10,2
2640,81,2
2640,39,3
2640,10,3
2640,64,1
2641,32,3
2641,25,3
2642,91,3
2642,8,3
2642,79,3
2643,12,1
2643,32,3
2643,46,3
2643,43,1
2644,61,3
2644,31,3
2645,38,1
2645,57,2
2645,58,2
2646,95,2
2646,14,1
2646,35,1
2647,90,2
2647,73,3
2648,20,3
2648,65,2
2649,23,1
2649,37,1
2649,26,2
2649,39,1
2650,10,3
2650,15,2
2650,82,2
2650,64,2
2650,95,1
2651,9,2
2651,3,3
2651,5,3
2651,53,2
2651,85,1
2652,95,1
2652,34,3
2653,53,3
2653,62,2
2653,99,1
2654,97,3
2655,34,1
2656,82,1
2656,86,3
2656,65,2
2656,55,2
2656,61,3
2657,73,2
2657,72,1
2657,69,3
2657,46,2
2657,8,1
2658,61,3
2658,19,1
2658,92,3
2659,69,1
2659,65,2
2660,9,3
2660,55,1
2661,96,2
2661,62,1
2662,38,2
2662,80,3
2662,23,2
2663,36,3
2663,83,2
2663,38,3
2663,37,1
2664,8,2
2664,77,1
2664,62,2
2665,68,1
2665,10,2
2665,74,3
2666,15,2
2667,10,3
2667,1,1
2667,7,1
2668,8,3
2668,32,2
2668,67,2
2668,78,1
2668,18,1
2669,75,3
2669,21,1
2670,4,3
2670,17,2
2671,45,3
2671,67,3
2672,41,1
2672,10,2
2672,2,3
2672,97,1
2672,18,3
2673,39,3
2674,29,2
2675,77,1
2676,38,2
2676,21,2
2676,100,2
2677,88,2
2677,17,1
2677,54,2
2677,34,3
2677,72,1
2678,35,3
2679,88,3
2679,83,1
2679,73,2
2679,69,2
2679,37,3
2680,45,1
2681,90,3
2681,57,3
2681,95,3
2681,33,2
2681,43,2
2682,89,3
2682,71,3
2682,72,1
2682,87,3
2683,75,3
2683,11,1
2683,73,1
2683,83,2
2684,88,1
2684,14,2
2684,32,1
2685,19,3
2685,52,3
2685,21,3
2685,45,2
2685,95,1
2686,75,2
2686,80,1
2686,72,2
2686,20,3
2687,96,1
2688,29,3
2688,10,2
2688,12,2
2688,91,1
2689,56,3
2689,40,3
2689,1,3
2689,54,1
2689,38,1
2690,40,3
2690,14,2
2690,97,2
2690,39,2
2690,21,2
2691,45,3
2691,88,3
2691,95,3
2691,57,2
2691,54,2
2692,6,3
2692,35,2
2692,86,1
2692,30,1
2693,35,1
2693,3,3
2694,2,2
2694,27,3
2695,56,1
2696,54,1
2696,50,1
2696,89,3
2696,37,1
2697,90,3
2697,13,1
2697,92,2
2698,80,3
2698,17,2
2698,69,2
2699,30,3
2699,18,2
2700,14,1
2700,70,2
2700,1,2
2700,94,3
2701,21,3
2701,68,3
2701,74,1
2702,47,1
2702,12,2
2702,84,3
2702,29,2
2702,11,1
2703,39,1
2703,67,1
2703,64,1
2704,11,2
2704,13,3
2704,71,3
2704,53,2
2704,49,2
2705,31,2
2705,54,2
2706,17,1
2706,22,2
2706,56,1
2706,25,3
2706,24,1
2707,93,1
2707,89,2
2707,48,3
2707,67,3
2708,19,3
2709,71,3
2710,99,3
2711,56,1
2712,11,1
2713,29,2
2713,99,3
2714,21,1
2715,31,3
2715,74,3
2715,62,2
2715,73,1
2715,68,3
2716,73,2
2716,1,2
2716,27,2
2716,40,3
2717,93,2
2718,81,1
2718,3,1
2718,77,2
2718,58,3
2718,32,3
2719,66,1
2720,87,3
2720,35,3
2720,90,3
2721,68,2
2721,33,1
2721,35,3
2721,61,3
2721,25,3
2722,44,1
2723,82,3
2723,18,2
2724,86,3
2724,58,2
2724,54,2
2724,41,2
2724,70,2
2725,18,3
2725,53,2
2725,65,1
2726,72,2
2726,68,1
2726,33,2
2726,14,3
2726,10,3
2727,57,1
2727,53,3
2728,21,1
2728,40,2
2729,54,1
2730,55,1
2730,24,3
2730,81,1
2730,59,3
2730,62,1
2731,70,2
2732,14,3
2733,56,1
2733,7,3
2734,79,3
2734,2,1
2734,71,1
2734,14,2
2735,10,1
2735,30,1
2735,41,1
2735,89,2
2735,54,1
2736,72,3
2736,8,3
2736,83,3
2736,34,1
2736,61,1
2737,63,1
2738,2,3
2738,50,3
2739,11,1
2739,15,3
2740,23,2
2741,97,1
2741,92,2
2741,60,2
2741,41,2
2741,72,3
2742,88,2
2742,19,1
2742,4,2
2743,30,2
2743,55,1
2743,18,1
2743,92,3
2743,41,2
2744,80,2
2744,12,2
2744,57,3
2744,77,1
2745,47,3
2746,63,2
2746,13,2
2747,13,3
2747,40,2
2748,76,1
2748,92,2
2748,11,2
2748,56,2
2748,40,2
2749,13,1
2750,64,3
2750,36,3
2750,58,1
2750,60,3
2750,61,2
2751,46,2
2751,8,2
2751,68,2
2751,95,1
2751,7,2
2752,24,1
2752,71,3
2752,64,2
2752,9,3
2752,43,3
2753,99,1
2753,61,1
2753,4,1
2753,58,2
2753,7,3
2754,75,3
2754,97,3
2754,49,1
2754,47,2
2755,71,1
2756,19,3
2756,59,1
2757,86,3
2758,56,1
2758,21,1
2759,35,1
2759,42,3
2760,77,2
2760,14,3
2760,43,1
2760,40,2
2761,29,3
2761,10,2
2762,81,3
2762,58,2
2762,42,1
2762,64,1
2762,77,2
2763,80,3
2764,49,2
2764,65,1
2764,78,2
2765,83,2
2765,89,2
2765,82,3
2766,41,1
2766,22,3
2767,82,1
2767,71,2
2768,3,1
2769,90,3
2769,2,1
2769,51,2
2769,53,3
2769,91,3
2770,60,3
2770,45,3
2770,37,1
2770,53,1
2771,15,2
2771,67,2
2771,45,2
2771,8,1
2771,85,2
2772,56,3
2772,58,1
2772,24,1
2772,21,3
2772,95,3
2773,8,3
2773,76,1
2773,32,2
2774,61,3
2774,25,1
2774,40,2
2774,27,2
2775,18,3
2775,29,1
2775,52,2
2775,90,2
2776,86,1
2776,85,2
2776,18,3
2776,20,3
2776,27,3
2777,79,2
2777,41,3
2778,39,3
2778,1,1
2778,70,3
2778,93,3
2778,3,2
2779,22,1
2779,68,3
2779,37,2
2779,63,3
2780,61,3
2780,51,2
2781,36,2
2781,59,3
2781,14,1
2781,66,1
2781,44,3
2782,65,1
2783,7,2
2783,68,1
2783,19,1
2783,61,2
2784,92,1
2785,62,1
2785,55,1
2786,91,1
2786,33,3
2787,6,1
2787,83,3
2787,80,1
2788,47,2
2789,2,3
2790,39,3
2790,7,1
2790,29,1
2791,61,2
2791,100,2
2791,62,1
2791,70,3
2791,93,1
2792,42,2
2792,10,3
2792,99,1
2792,28,3
2793,10,1
2793,70,3
2794,14,1
2794,86,2
2794,61,1
2794,16,3
2795,38,2
2795,17,3
2795,96,2
2796,61,2
2796,78,1
2796,100,3
2796,44,3
2796,57,1
2797,35,3
2797,18,1
2798,57,1
2799,18,1
2799,48,3
2800,75,3
2800,72,1
2801,43,3
2802,18,2
2803,95,2
2803,75,3
2803,15,1
2803,65,2
2803,45,3
2804,71,2
2804,64,2
2804,92,1
2804,29,2
2804,3,1
2805,53,3
2805,56,1
2805,9,1
2805,29,3
2805,34,3
2806,79,1
2806,70,3
2806,47,2
2806,49,3
2806,100,1
2807,72,1
2808,10,1
2808,29,1
2808,38,3
2809,71,2
2809,21,2
2809,16,3
2809,53,3
2809,95,3
2810,35,2
2810,64,3
2810,66,1
2810,54,1
2810,34,2
2811,82,2
2811,32,3
2812,25,2
2812,90,1
2812,95,3
2812,4,1
2813,72,2
2813,89,2
2813,91,3
2814,44,1
2814,8,2
2815,30,1
2815,76,2
2815,61,2
2815,28,3
2815,2,3
2816,14,3
2816,31,3
2816,75,1
2816,15,3
2816,22,1
2817,17,2
2818,8,3
2819,54,2
2819,61,2
2820,6,3
2820,75,2
2820,98,1
2821,27,3
2821,62,3
2821,59,3
2822,43,3
2822,36,3
2823,85,2
2823,86,1
2824,67,2
2825,85,3
2825,99,3
2825,54,3
2825,13,2
2826,64,2
2826,71,3
2826,20,3
2827,47,2
2827,16,3
2827,7,1
2827,73,1
2828,47,1
2828,70,1
2828,2,3
2828,67,1
2829,61,3
2829,64,2
2830,5,1
2830,85,2
2830,88,2
2830,9,3
2831,18,3
2831,42,2
2831,47,2
2831,41,1
2831,45,1
2832,2,2
2833,48,1
2833,66,1
2833,90,1
2834,11,2
2835,35,2
2835,49,1
2835,84,2
2835,22,2
2836,99,1
2837,78,1
2837,96,1
2837,43,2
2837,62,1
2837,21,3
2838,49,1
2838,2,2
2839,52,3
2839,6,3
2840,89,3
2841,35,1
2841,64,3
2841,21,2
2842,18,1
2842,25,1
2842,78,3
2842,8,1
2842,15,1
2843,57,2
2843,3,2
2844,70,3
2844,19,2
2845,77,3
2846,97,3
2846,69,2
2846,88,3
2846,35,2
2846,15,2
2847,46,3
2847,44,2
2847,28,3
2848,81,3
2848,36,3
2849,33,2
2849,26,2
2850,40,2
2850,51,1
2850,30,1
2850,78,3
2850,48,2
2851,71,1
2851,9,3
2851,95,2
2851,63,2
2852,100,3
2852,1,2
2852,36,2
2853,6,3
2853,44,3
2854,72,2
2854,67,2
2855,99,3
2855,95,3
2855,77,3
2855,29,3
2856,77,3
2856,32,1
2856,41,3
2856,26,1
2856,36,1
2857,39,3
2857,75,3
2857,72,1
2857,51,1
2858,85,2
2859,37,1
2859,95,1
2859,34,2
2859,59,1
2859,81,2
2860,61,3
2860,62,3
2860,77,2
2860,32,1
2860,30,2
2861,60,2
2861,70,3
2862,15,3
2863,18,2
2864,42,1
2864,7,3
2865,69,1
2865,53,2
2866,26,2
2866,49,2
2867,97,3
2867,96,2
2867,4,2
2867,37,2
2867,10,3
2868,89,1
2869,71,3
2869,65,2
2869,36,2
2870,20,2
2870,88,3
2870,6,3
2871,17,1
2871,50,1
2871,4,2
2872,26,3
2873,24,2
2874,32,2
2874,90,1
2875,79,2
2876,14,2
2876,29,3
2876,85,3
2876,62,2
2877,3,1
2877,93,2
2877,80,3
2878,70,2
2878,5,1
2879,95,3
2879,97,3
2879,48,3
2879,64,3
2880,22,1
2881,100,1
2881,91,3
2881,30,1
2881,42,3
2882,98,1
2882,24,2
2883,59,3
2883,70,1
2884,43,2
2884,29,1
2884,38,2
2884,4,3
2884,75,1
2885,75,1
2885,24,1
2885,72,1
2885,100,3
2885,45,3
2886,38,3
2886,1,3
2886,15,2
2887,93,2
2888,80,1
2888,82,2
2888,3,3
2888,32,2
2889,28,3
2889,51,2
2889,55,3
2889,37,3
2889,58,3
2890,36,1
2890,33,1
2890,30,3
2891,85,3
2891,43,2
2892,12,3
2892,73,1
2893,51,3
2893,6,1
2893,66,1
2893,84,3
2894,43,1
2894,23,1
2894,47,1
2894,13,1
2895,98,3
2895,57,2
2895,59,3
2896,28,3
2896,30,3
2897,23,1
2897,100,2
2897,94,2
2897,52,2
2898,30,2
2898,19,3
2898,17,2
2898,54,1
2899,36,3
2899,75,3
2900,4,2
2900,88,1
2900,91,2
2901,7,3
2901,77,3
2901,49,2
2902,34,3
2902,84,2
2902,39,1
2902,33,3
2902,70,1
2903,37,3
2903,88,1
2904,94,2
2904,35,1
2904,53,2
2904,23,2
2904,38,1
2905,58,2
2906,48,2
2906,27,2
2906,58,2
2907,89,1
2907,87,3
2907,58,1
2908,62,3
2908,69,3
2908,30,3
2908,35,3
2908,64,3
2909,35,1
2909,70,2
2910,78,2
2911,7,3
2911,75,2
2911,80,1
2912,27,2
2912,30,3
2912,74,2
2912,17,2
2912,89,3
2913,2,3
2913,11,2
2913,1,2
2913,66,1
2913,94,3
2914,70,2
2914,81,2
2915,20,2
2915,99,1
2915,14,2
2915,100,3
2915,63,2
2916,42,3
2916,97,3
2916,19,3
2916,70,1
2916,56,2
2917,17,1
2917,24,1
2917,34,1
2917,80,2
2917,93,1
2918,32,1
2919,86,1
2919,50,2
2919,34,1
2919,63,3
2920,29,1
2920,44,1
2921,94,3
2921,23,1
2922,28,1
2922,77,1
2922,88,3
2922,94,2
2923,40,1
2923,93,1
2923,54,1
2923,52,2
2923,78,3
2924,24,3
2924,22,3
2925,74,3
2926,46,3
2927,83,2
2928,28,2
2929,34,2
2929,5,2
2930,7,2
2930,4,2
2930,21,1
2930,20,2
2931,81,3
2931,24,2
2931,86,3
2932,96,3
2932,35,1
2932,47,3
2932,27,3
2933,26,1
2934,96,3
2934,10,2
2934,16,2
2935,83,1
2935,31,2
2935,43,1
2935,87,2
2935,50,3
2936,34,1
2936,52,3
2936,62,3
2936,48,3
2937,44,3
2937,94,1
2938,2,1
2938,6,1
2938,86,3
2939,20,2
2939,55,2
2940,90,1
2941,68,1
2941,14,2
2941,93,3
2942,11,3
2943,81,3
2943,44,1
2944,100,2
2944,84,3
2944,98,1
2945,21,3
2945,24,3
2945,30,2
2945,31,1
2946,60,3
2946,94,2
2946,47,3
2947,37,3
2947,92,3
2947,6,1
2947,32,3
2947,79,3
2948,66,2
2948,17,1
2948,44,2
2949,52,2
2949,64,1
2949,86,3
2949,2,1
2950,76,3
2950,79,3
2950,25,3
2950,18,2
2950,38,3
2951,51,2
2951,83,1
2951,95,3
2952,6,1
2952,52,2
2953,52,1
2953,57,2
2953,12,3
2954,18,3
2954,99,2
2954,79,3
2954,42,3
2954,73,2
2955,75,3
2956,22,3
2956,36,3
2956,50,3
2957,81,3
2958,81,2
2959,67,2
2959,87,2
2959,21,1
2959,24,3
2960,33,2
2961,9,2
2962,10,1
2962,13,3
2962,72,3
2962,92,3
2962,61,2
2963,71,1
2963,83,3
2963,51,1
2964,60,3
2965,66,3
2966,28,2
2966,1,2
2966,16,2
2967,100,2
2967,33,2
2968,36,1
2968,40,3
2968,23,3
2968,82,1
2968,34,2
2969,50,2
2970,8,3
2970,11,2
2970,15,1
2970,97,3
2970,80,1
2971,35,2
2971,14,3
2971,8,2
2971,48,3
2971,18,1
2972,91,1
2972,44,1
2972,22,1
2972,90,3
2973,49,1
2973,70,2
2973,20,2
2974,43,2
2975,47,1
2975,6,1
2975,60,3
2975,79,3
2975,16,1
2976,6,1
2977,81,3
2977,41,3
2977,15,1
2977,73,1
2977,5,3
2978,39,2
2978,78,3
2979,100,2
2980,71,2
2980,85,3
2980,56,2
2980,24,3
2981,71,1
2981,11,2
2981,58,3
2982,79,2
2983,23,2
2984,95,2
2984,28,2
2984,92,2
2984,14,2
2984,53,3
2985,30,1
2985,90,3
2985,4,1
2985,58,1
2985,12,1
2986,90,3
2986,33,3
2986,76,2
2987,58,2
2987,96,1
2987,33,2
2987,63,2
2988,100,2
2988,2,1
2988,64,1
2988,22,2
2988,98,3
2989,36,1
2990,36,1
2990,86,2
2990,13,2
2990,89,1
2990,42,1
2991,56,2
2991,21,2
2991,34,3
2991,46,3
2991,81,3
2992,81,2
2992,20,1
2992,33,2
2992,95,1
2993,51,3
2994,39,3
2994,45,3
2994,50,3
2995,77,1
2996,50,1
2997,47,3
2998,63,2
2998,28,3
2998,19,1
2999,61,3
2999,46,3
2999,39,3
2999,12,2
3000,32,3
3000,78,3
3001,8,2
3001,33,3
3002,14,3
3003,27,2
3003,17,2
3003,68,2
3003,4,2
3004,41,3
3004,66,1
3004,36,2
3005,20,2
3005,76,3
3006,19,1
3007,18,3
3007,50,1
3007,29,1
3007,70,1
3008,95,2
3008,31,1
3009,96,1
3009,33,3
3010,12,1
3010,48,3
3010,95,1
3010,40,2
3011,76,1
3011,86,3
3011,60,1
3011,17,3
3011,20,3
3012,19,2
3012,45,2
3012,8,3
3013,19,1
3013,81,2
3013,10,3
3014,81,1
3015,71,2
3016,20,1
3016,72,1
3017,94,2
3018,37,2
3018,74,1
3018,23,3
3018,62,3
3019,37,3
3019,35,2
3019,26,1
3019,25,1
3020,33,3
3021,98,3
3021,58,2
3021,49,1
3021,88,2
3021,32,1
3022,88,1
3023,94,1
3023,64,3
3023,61,1
3024,74,3
3025,70,1
3025,13,3
3025,16,1
3025,9,3
3026,2,3
3026,33,3
3026,95,2
3026,82,3
3027,12,2
3027,9,3
3028,18,2
3028,93,1
3028,54,1
3028,37,2
3029,59,1
3029,65,1
3029,87,2
3030,81,3
3030,68,3
3031,57,3
3031,33,2
3031,8,2
3031,83,1
3032,31,1
3032,89,2
3032,12,3
3032,13,2
3033,56,3
3033,37,2
3033,5,1
3034,5,3
3034,85,1
3034,4,2
3035,20,3
3035,17,1
3035,8,1
3035,3,1
3036,74,1
3036,90,3
3036,32,3
3036,48,1
3036,82,1
3037,25,2
3037,6,2
3037,45,2
3037,59,3
3037,16,1
3038,21,3
3038,16,3
3038,37,3
3038,80,3
3038,81,2
3039,20,1
3039,73,1
3039,14,1
3039,23,2
3040,50,3
3041,17,2
3041,20,1
3041,71,3
3041,9,1
3042,19,2
3043,16,3
3043,13,1
3043,92,1
3044,9,2
3044,62,3
3044,70,2
3044,38,2
3044,18,3
3045,98,2
3045,33,3
3045,96,2
3045,12,2
3046,82,2
3046,65,1
3046,78,1
3047,26,1
3047,2,3
3047,22,3
3047,86,2
3048,25,1
3049,80,2
3049,27,2
3049,98,1
3050,30,2
3051,16,3
3051,8,3
3052,89,1
3052,60,1
3052,27,1
3052,95,2
3052,13,2
3053,22,1
3053,94,1
3053,36,1
3053,41,3
3054,27,1
3054,100,3
3054,48,3
3055,91,3
3055,32,1
3055,77,1
3056,2,2
3056,80,1
3057,64,3
3058,84,3
3058,42,1
3058,48,3
3058,40,2
3058,98,2
3059,65,2
3059,80,2
3060,20,1
3060,51,2
3060,1,2
3060,81,2
3060,32,3
3061,85,2
3061,81,3
3062,54,1
3062,88,2
3062,65,2
3062,78,3
3062,59,2
3063,32,3
3063,18,2
3063,58,2
3063,61,2
3064,25,2
3064,71,1
3064,59,3
3065,47,2
3065,48,2
3065,6,3
3066,72,2
3066,54,3
3066,37,3
3066,68,3
3066,79,1
3067,78,3
3067,74,1
3068,77,2
3068,81,2
3068,32,1
3069,40,3
3069,54,2
3070,94,2
3070,56,1
3070,71,3
3070,91,2
3071,30,2
3071,23,2
3071,60,2
3071,63,1
3072,47,1
3073,37,2
3074,31,3
3074,19,3
3074,69,1
3074,11,3
3074,35,3
3075,36,1
3075,53,2
3075,58,3
3075,81,3
3075,37,2
3076,96,1
3076,98,1
3077,89,2
3077,92,2
3077,88,3
3078,12,1
3078,27,3
3078,52,3
3078,28,1
3079,23,3
3079,25,1
3079,28,3
3079,36,1
3079,12,1
3080,54,3
3080,30,1
3080,24,3
3080,77,3
3081,11,2
3081,20,1
3081,64,2
3081,84,2
3082,10,3
3082,21,3
3082,2,3
3082,100,1
3083,17,2
3083,99,3
3083,34,3
3083,41,3
3084,92,2
3084,5,3
3085,74,2
3085,87,1
3085,14,1
3086,15,2
3086,20,1
3086,39,2
3087,90,1
3087,26,1
3087,50,1
3087,87,3
3088,54,2
3088,22,3
3089,3,1
3089,79,1
3090,9,3
3090,54,2
3091,16,2
3091,4,2
3091,50,2
3091,1,1
3092,23,2
3092,82,2
3092,77,3
3092,12,3
3092,14,1
3093,69,1
3094,4,2
3094,55,1
3095,60,1
3095,90,3
3095,42,3
3095,11,1
3095,51,1
3096,23,3
3097,59,2
3097,35,2
3097,51,3
3097,33,1
3097,7,1
3098,84,3
3098,37,1
3098,91,2
3098,75,3
3098,72,3
3099,2,1
3100,76,3
3100,28,2
3100,38,3
3100,74,2
3100,75,3
3101,37,2
3101,75,2
3101,91,2
3101,56,2
3102,19,2
3102,51,3
3102,58,3
3103,95,3
3103,74,1
3104,10,1
3105,67,3
3105,65,3
3105,7,2
3105,40,1
3106,86,2
3107,39,2
3107,53,1
3107,99,3
3107,25,3
3107,84,2
3108,2,1
3108,7,1
3108,35,1
3108,83,2
3108,92,3
3109,37,3
3109,3,3
3109,82,2
3109,94,1
3110,11,2
3110,51,2
3110,10,2
3111,75,2
3111,64,3
3112,92,3
3112,77,1
3112,90,1
3112,9,1
3113,91,2
3114,93,3
3114,78,2
3115,55,2
3115,72,1
3115,4,3
3115,5,1
3116,10,3
3116,50,1
3116,59,1
3116,36,2
3116,55,2
3117,56,2
3117,25,3
3118,37,2
3118,92,1
3118,28,3
3118,32,2
3118,60,1
3119,70,3
3119,42,1
3119,7,3
3119,90,1
3120,27,1
3120,69,1
3120,7,3
3121,88,3
3121,95,1
3121,46,2
3121,39,1
3121,56,1
3122,70,3
3123,61,1
3123,11,1
3123,30,3
3124,62,1
3124,17,3
3124,13,2
3124,81,2
3125,79,2
3126,18,1
3126,59,2
3127,59,1
3127,63,1
3127,27,2
3128,23,2
3128,95,2
3128,33,2
3129,95,3
3129,65,3
3129,93,3
3129,24,3
3129,4,3
3130,11,1
3130,28,3
3130,55,1
3130,79,1
3130,74,1
3131,76,3
3131,89,1
3131,44,3
3131,34,2
3131,28,2
3132,32,1
3132,52,1
3132,78,3
3132,100,1
3132,24,3
3133,99,3
3133,1,3
3133,55,3
3133,89,3
3134,21,1
3134,99,2
3134,47,1
3135,78,3
3135,65,1
3135,84,2
3135,99,1
3135,32,1
3136,28,3
3137,39,3
3138,28,2
3139,39,1
3139,74,2
3139,31,2
3139,37,2
3139,93,3
3140,72,2
3141,75,3
3142,39,3
3142,65,2
3142,47,3
3142,14,3
3143,92,3
3144,72,1
3144,14,1
3144,50,2
3145,65,3
3145,51,2
3146,13,2
3147,48,2
3147,94,1
3148,92,3
3148,83,3
3149,67,1
3150,13,2
3150,44,3
3150,9,3
3150,100,3
3151,9,2
3151,7,3
3151,95,2
3151,25,1
3151,4,3
3152,10,1
3152,95,3
3153,38,1
3153,11,2
3154,19,2
3154,86,3
3154,77,3
3154,60,1
3154,39,3
3155,5,2
3155,80,3
3155,36,2
3155,90,2
3156,3,1
3156,9,2
3156,62,1
3156,12,1
3156,95,3
3157,67,1
3157,53,3
3158,51,1
3159,48,3
3159,91,2
3159,11,2
3159,66,3
3160,40,2
3160,70,2
3160,58,1
3160,51,1
3161,79,2
3161,55,1
3162,10,3
3163,98,1
3163,72,2
3163,44,1
3163,3,1
3163,56,1
3164,85,3
3164,62,1
3164,82,1
3164,81,1
3164,96,2
3165,41,3
3165,29,3
3165,98,3
3166,61,1
3166,42,2
3166,32,2
3166,49,2
3167,35,3
3167,55,1
3167,57,2
3168,63,2
3168,33,1
3168,54,3
3168,75,2
3169,50,2
3170,31,1
3170,68,2
3170,63,3
3170,14,3
3171,79,2
3171,63,3
3171,43,2
3171,9,3
3171,69,1
3172,66,2
3173,73,2
3173,26,1
3173,14,3
3174,60,1
3174,86,1
3174,62,3
3174,5,3
3174,39,1
3175,71,2
3176,14,2
3176,46,3
3177,29,1
3177,25,3
3177,45,2
3178,54,1
3178,8,2
3178,77,3
3178,13,2
3178,94,1
3179,41,2
3179,12,3
3179,55,3
3180,61,3
3180,73,1
3181,40,3
3182,66,2
3182,5,2
3182,32,3
3182,83,2
3183,89,3
3183,8,3
3183,71,3
3183,52,1
3184,33,1
3185,85,1
3185,77,3
3186,30,3
3186,85,2
3186,39,3
3187,37,3
3187,15,3
3187,19,1
3187,48,3
3187,22,1
3188,72,2
3188,9,1
3188,87,1
3189,4,1
3190,94,3
3190,12,2
3191,14,2
3191,59,3
3191,62,2
3191,13,2
3192,9,1
3192,92,3
3193,22,1
3193,44,1
3193,14,2
3193,78,2
3194,79,3
3194,37,1
3194,49,3
3194,13,1
3194,52,2
3195,15,3
3195,100,2
3195,32,2
3196,43,1
3197,64,1
3198,45,1
3198,85,1
3198,91,3
3198,61,3
3198,96,2
3199,19,3
3200,82,1
3201,96,3
3202,49,3
3202,16,2
3203,8,2
3204,87,3
3205,45,2
3206,56,3
3206,54,2
3207,59,3
3208,69,3
3208,64,3
3208,95,1
3208,52,3
3209,79,1
3209,70,1
3209,60,3
3210,88,3
3210,42,1
3210,60,2
3210,38,2
3211,76,3
3211,1,2
3212,72,3
3212,42,2
3212,98,1
3212,5,3
3212,100,2
3213,9,1
3213,66,2
3214,60,3
3215,4,3
3215,92,2
3216,76,2
3216,73,1
3216,92,2
3216,42,2
3216,13,1
3217,67,2
3218,97,1
3218,60,1
3219,29,1
3219,67,1
3219,30,1
3219,88,2
3220,35,3
3220,79,1
3220,54,1
3220,51,1
3220,68,2
3221,80,1
3221,65,1
3221,72,3
3222,33,2
3222,11,1
3222,91,3
3223,13,3
3223,25,3
3223,20,3
3224,5,3
3224,46,1
3224,11,3
3224,98,1
3224,19,3
3225,51,2
3225,54,3
3226,8,3
3226,11,1
3226,92,1
3226,71,2
3226,36,1
3227,67,3
3227,18,2
3227,33,1
3227,49,3
3228,48,3
3228,72,3
3229,22,1
3229,21,2
3229,5,2
3229,98,2
3229,93,3
3230,74,1
3230,9,1
3231,92,2
3231,43,3
3231,82,2
3231,78,1
3232,37,2
3233,50,2
3233,46,3
3233,24,1
3233,48,3
3234,97,1
3235,97,2
3235,25,1
3235,71,2
3235,94,1
3235,9,3
3236,46,1
3236,11,2
3237,16,1
3238,13,1
3239,70,2
3239,49,3
3239,43,2
3240,47,2
3241,11,1
3241,27,1
3241,54,2
3241,41,3
3242,97,2
3242,32,2
3242,23,3
3242,44,3
3243,5,1
3243,9,2
3243,93,1
3244,12,3
3244,86,2
3244,21,1
3244,60,1
3244,84,2
3245,43,2
3245,35,3
3245,88,1
3246,47,3
3246,53,3
3246,11,2
3246,69,1
3247,40,1
3248,55,2
3248,22,2
3249,98,2
3249,10,3
3249,15,3
3249,84,2
3250,35,1
3250,95,3
3250,16,3
3251,94,2
3252,19,2
3253,93,1
3253,61,1
3253,50,2
3253,88,2
3254,56,1
3255,89,1
3256,34,1
3256,49,3
3256,97,1
3256,83,1
3257,84,2
3257,2,3
3257,75,2
3257,30,1
3258,93,3
3258,81,3
3258,32,2
3259,48,1
3259,75,2
3260,64,3
3260,4,1
3260,93,3
3261,91,2
3261,2,2
3261,70,2
3261,1,2
3262,56,2
3263,12,3
3263,93,2
3263,13,2
3264,95,3
3264,62,1
3264,58,1
3264,86,2
3264,60,2
3265,33,1
3266,51,3
3266,74,3
3266,29,2
3266,88,2
3266,43,1
3267,73,2
3267,29,3
3267,34,3
3267,69,3
3268,7,2
3268,63,2
3268,47,2
3268,97,2
3268,22,3
3269,81,2
3269,87,2
3269,14,2
3270,41,1
3270,10,2
3270,67,2
3270,44,3
3270,70,3
3271,72,1
3271,83,2
3271,36,2
3272,55,1
3273,45,2
3274,15,1
3274,68,3
3274,20,1
3274,81,2
3274,27,2
3275,20,3
3275,78,2
3275,4,1
3276,24,2
3276,56,3
3277,95,2
3277,15,1
3278,77,2
3278,33,2
3278,40,3
3278,86,2
3278,30,3
3279,24,1
3279,94,3
3279,61,1
3279,53,3
3280,50,2
3280,27,1
3280,94,1
3280,52,1
3280,68,3
3281,80,3
3282,2,3
3282,31,3
3282,21,1
3282,34,3
3283,36,1
3284,79,1
3284,16,1
3284,50,1
3285,60,1
3285,66,1
3285,14,2
3285,88,3
3286,82,3
3286,29,1
3286,75,1
3286,96,3
3286,23,1
3287,58,2
3287,14,2
3287,81,3
3287,28,1
3287,100,1
3288,34,1
3288,64,1
3288,21,3
3289,34,2
3289,63,2
3289,66,2
3290,77,3
3290,94,1
3290,21,1
3291,20,2
3291,25,1
3292,71,1
3292,59,3
3293,68,2
3293,98,1
3294,24,1
3294,93,3
3294,19,2
3294,13,3
3294,44,3
3295,92,3
3295,60,2
3295,69,2
3296,35,2
3297,100,1
3297,83,3
3297,9,3
3297,82,3
3298,77,3
3298,88,2
3298,19,1
3298,82,1
3298,54,3
3299,27,2
3299,1,3
3300,19,2
3300,54,2
3300,28,2
3300,43,1
3301,61,3
3301,46,1
3302,21,3
3302,75,3
3303,65,1
3303,13,1
3303,10,2
3303,55,3
3304,31,3
3304,28,1
3304,56,3
3304,70,3
3304,79,1
3305,41,3
3305,28,1
3306,61,1
3307,64,2
3307,12,3
3307,47,2
3307,75,2
3308,79,1
3308,74,2
3308,72,2
3309,28,2
3309,53,2
3309,70,1
3309,25,1
3310,67,2
3310,25,2
3310,97,3
3310,17,2
3311,28,1
3311,48,1
3311,5,1
3311,100,2
3311,17,2
3312,31,1
3313,46,3
3313,64,2
3314,6,3
3315,66,2
3316,29,1
3316,67,3
3317,53,3
3317,36,1
3317,95,3
3317,80,2
3318,9,1
3318,60,2
3319,92,2
3319,66,2
3319,20,3
3320,33,2
3320,64,2
3320,6,1
3321,63,3
3322,46,1
3322,38,3
3322,66,3
3322,21,1
3323,94,3
3323,82,1
3323,63,3
3323,39,1
3323,26,1
3324,65,1
3324,53,2
3324,66,2
3324,41,2
3324,49,3
3325,74,2
3325,80,1
3325,39,2
3326,4,1
3326,94,3
3326,18,1
3327,56,3
3327,20,3
3327,90,2
3327,53,1
3328,21,1
3328,100,3
3328,28,1
3329,43,2
3329,29,1
3329,16,3
3329,17,1
3329,92,3
3330,10,3
3330,17,2
3330,36,1
3330,38,2
3330,58,3
3331,55,1
3331,87,1
3331,1,1
3331,78,3
3332,76,3
3332,99,3
3332,58,3
3333,92,1
3333,24,2
3333,84,2
3333,72,1
3334,84,1
3334,56,1
3334,100,1
3334,17,3
3335,100,2
3336,3,2
3336,28,2
3337,68,2
3337,45,2
3337,11,1
3338,86,2
3338,41,3
3338,30,3
3338,70,1
3338,67,1
3339,36,2
3340,81,1
3340,72,3
3340,57,3
3340,9,3
3341,13,2
3341,40,2
3341,47,2
3342,15,1
3342,63,3
3342,16,2
3342,97,1
3343,56,2
3344,3,2
3345,66,3
3346,42,2
3346,10,3
3347,77,3
3347,95,1
3348,93,3
3348,17,1
3348,26,3
3349,62,3
3349,81,3
3349,59,1
3350,67,3
3350,22,1
3350,78,2
3350,3,2
3351,6,1
3352,88,3
3352,7,1
3352,34,2
3352,27,2
3353,72,3
3353,3,3
3353,63,1
3353,58,2
3354,36,3
3354,87,2
3354,85,2
3354,5,1
3355,6,2
3355,5,1
3355,9,2
3356,68,1
3356,90,1
3357,83,2
3357,15,2
3357,19,1
3357,99,3
3358,10,1
3358,50,2
3359,95,3
3359,11,2
3359,13,2
3359,14,1
3359,27,2
3360,39,1
3361,88,1
3361,62,2
3361,73,3
3362,36,1
3363,36,3
3364,1,1
3364,55,2
3365,100,2
3365,44,3
3365,11,1
3366,4,3
3367,58,1
3367,67,3
3367,72,3
3368,48,2
3368,85,2
3369,86,3
3369,70,2
3369,98,3
3370,97,2
3370,69,2
3371,51,2
3372,83,3
3372,100,3
3372,10,2
3372,28,3
3372,24,2
3373,36,2
3374,79,3
3374,39,2
3374,20,1
3374,16,2
3374,25,2
3375,47,1
3375,12,1
3375,90,1
3375,87,1
3376,32,2
3377,55,3
3377,8,1
3377,76,2
3377,68,1
3378,83,1
3378,18,2
3378,58,2
3378,71,2
3378,33,3
3379,97,1
3380,16,3
3380,62,2
3380,15,2
3380,10,3
3381,65,1
3381,41,3
3381,50,2
3381,49,3
3382,17,1
3382,7,3
3383,67,1
3383,66,1
3383,57,1
3383,27,2
3383,37,3
3384,100,3
3384,96,1
3384,27,2
3384,21,2
3384,73,3
3385,47,2
3386,44,2
3387,96,1
3387,45,1
3388,29,3
3389,4,2
3389,34,3
3389,75,3
3389,29,2
3389,66,1
3390,86,2
3390,97,3
3391,75,3
3391,90,3
3391,8,2
3391,34,3
3392,33,2
3392,28,1
3392,90,1
3392,8,3
3392,27,1
3393,29,1
3393,30,2
3393,54,1
3393,56,3
3394,8,2
3395,29,2
3395,96,3
3395,13,2
3396,3,2
3396,93,1
3396,43,2
3397,89,3
3397,98,1
3398,23,3
3398,93,3
3398,66,3
3398,59,3
3399,65,2
3399,87,1
3399,20,1
3400,26,2
3400,86,3
3400,30,1
3400,31,3
3401,84,3
3401,35,2
3401,3,3
3402,38,2
3402,41,1
3402,53,1
3403,34,3
3403,23,3
3403,54,3
3404,55,2
3404,98,2
3404,32,2
3404,28,1
3404,20,2
3405,28,1
3405,81,2
3406,68,3
3407,38,1
3407,25,1
3407,96,3
3407,2,2
3408,66,2
3408,86,2
3409,54,2
3409,46,3
3409,20,1
3409,37,2
3410,34,1
3410,31,3
3410,24,2
3410,10,2
3410,30,1
3411,4,2
3411,74,1
3411,69,1
3411,60,2
3412,72,1
3412,47,2
3412,53,3
3412,94,3
3412,68,3
3413,27,2
3413,31,3
3413,3,2
3413,2,2
3413,55,1
3414,75,2
3414,46,3
3414,71,3
3415,85,1
3415,36,3
3416,6,2
3416,66,1
3417,85,3
3417,82,1
3418,24,3
3418,2,1
3419,93,2
3419,53,3
3419,69,3
3419,1,2
3420,28,2
3420,65,2
3420,8,3
3421,20,3
3421,65,2
3422,67,2
3423,41,2
3424,22,1
3424,2,1
3424,56,2
3424,1,2
3425,33,1
3425,54,1
3426,87,1
3427,32,2
3427,92,1
3428,66,3
3428,28,2
3428,61,2
3428,82,1
3429,75,1
3429,87,3
3429,64,3
3429,2,2
3429,74,3
3430,90,3
3430,96,3
3430,44,2
3430,95,1
3430,1,1
3431,68,3
3431,49,1
3431,53,2
3432,92,1
3432,58,1
3432,23,1
3433,4,3
3433,100,1
3433,41,1
3434,70,1
3434,43,2
3434,41,2
3434,53,2
3434,80,1
3435,76,1
3436,36,3
3436,52,1
3436,61,2
3437,79,2
3438,52,2
3438,65,2
3439,92,3
3440,56,3
3440,13,3
3441,33,3
3441,40,2
3441,55,3
3442,41,1
3442,34,3
3442,42,2
3442,20,2
3443,75,1
3443,74,1
3444,25,2
3445,87,1
3445,68,1
3446,68,1
3447,100,1
3448,46,1
3448,95,3
3448,71,2
3449,16,1
3449,77,2
3450,94,3
3450,40,1
3450,30,1
3451,2,2
3451,78,3
3451,83,1
3451,21,2
3451,84,1
3452,94,2
3453,2,1
3453,19,2
3454,30,2
3454,87,1
3454,86,2
3454,93,1
3455,19,1
3456,29,2
3456,63,1
3457,64,1
3457,36,2
3457,27,2
3457,4,1
3457,47,2
3458,43,1
3458,72,1
3458,37,2
3458,30,2
3458,7,2
3459,64,3
3459,76,3
3459,33,3
3459,36,3
3460,49,2
3460,36,1
3460,68,1
3460,28,1
3460,34,3
3461,82,1
3461,61,3
3461,8,2
3461,44,3
3461,68,2
3462,60,1
3462,31,1
3462,18,1
3462,63,3
3463,20,3
3463,36,3
3463,48,2
3464,48,1
3464,6,2
3464,40,3
3464,15,2
3464,17,1
3465,95,3
3465,53,3
3465,15,1
3466,72,2
3466,99,2
3466,60,2
3466,40,1
3467,25,2
3467,46,1
3468,73,1
3468,28,2
3469,29,3
3469,88,2
3469,70,2
3469,77,1
3470,34,3
3470,98,3
3470,35,3
3470,36,1
3471,67,1
3472,74,2
3472,83,1
3472,56,3
3473,61,3
3473,31,2
3473,81,1
3473,2,2
3474,4,2
3474,66,2
3474,21,1
3474,24,2
3475,22,2
3476,81,2
3476,75,3
3476,88,3
3477,24,2
3477,76,2
3477,58,3
3477,92,2
3478,69,2
3478,90,1
3478,71,1
3478,19,3
3478,91,2
3479,70,3
3479,37,2
3479,35,2
3479,26,2
3479,58,1
3480,82,3
3480,76,2
3480,28,3
3480,2,1
3481,32,2
3481,75,2
3481,63,3
3481,79,3
3481,68,1
3482,56,3
3482,20,2
3483,23,1
3483,74,3
3483,41,3
3483,22,1
3484,50,1
3484,25,3
3484,78,2
3485,93,1
3485,24,2
3486,3,3
3486,82,1
3486,9,3
3486,78,3
3487,76,2
3487,17,2
3488,90,2
3488,25,1
3489,21,1
3489,43,2
3490,4,2
3491,34,3
3491,12,1
3491,72,2
3492,71,1
3492,97,3
3492,5,3
3493,3,3
3493,45,2
3493,38,3
3493,95,1
3493,13,2
3494,2,2
3494,42,2
3494,84,3
3495,91,3
3496,97,3
3496,68,1
3497,89,3
3497,81,1
3498,97,1
3498,66,1
3499,73,1
3500,19,1
3500,38,2
3500,29,3
3501,84,1
3502,20,3
3502,22,2
3503,31,3
3504,24,1
3504,17,2
3504,71,2
3504,29,2
3504,68,3
3505,17,1
3505,70,2
3505,51,3
3505,54,1
3505,29,1
3506,6,3
3506,18,2
3507,93,1
3507,69,3
3508,22,1
3509,74,1
3509,31,1
3509,44,1
3510,68,1
3510,40,3
3510,32,1
3510,13,1
3511,48,2
3511,62,1
3511,25,1
3511,22,1
3511,56,3
3512,55,3
3512,12,2
3512,82,3
3512,75,3
3512,79,3
3513,54,3
3513,21,3
3513,38,1
3513,44,1
3513,86,2
3514,86,1
3514,77,1
3514,11,2
3514,51,2
3515,7,2
3515,80,1
3516,84,2
3516,98,1
3516,17,2
3517,71,2
3517,20,1
3517,87,2
3517,35,2
3517,26,2
3518,23,2
3518,89,1
3518,25,1
3518,58,1
3518,4,3
3519,97,2
3519,15,1
3519,91,2
3519,46,2
3519,64,2
3520,50,3
3520,90,3
3520,74,2
3521,29,2
3522,48,1
3522,85,1
3522,42,2
3522,59,3
3523,53,1
3523,48,3
3523,94,3
3523,8,2
3524,87,1
3524,41,2
3524,14,1
3525,87,2
3526,18,1
3527,23,2
3527,9,3
3527,51,3
3528,94,2
3528,89,3
3528,66,1
3529,28,2
3529,59,2
3529,9,2
3529,46,1
3529,45,2
3530,79,2
3531,55,3
3531,37,2
3532,34,3
3532,55,3
3532,51,3
3532,68,1
3532,48,2
3533,87,2
3533,55,2
3533,83,2
3533,10,1
3533,84,3
3534,36,2
3535,69,2
3536,46,1
3536,29,1
3537,54,3
3537,68,1
3537,35,2
3537,39,2
3537,72,1
3538,33,2
3539,14,3
3539,92,3
3539,13,1
3540,66,1
3540,74,1
3540,20,3
3540,96,2
3541,29,3
3541,13,2
3541,88,3
3542,92,1
3542,79,3
3542,58,1
3542,82,1
3542,73,1
3543,49,3
3543,77,1
3544,39,1
3544,90,1
3544,50,3
3545,84,1
3545,54,3
3545,19,3
3546,31,2
3546,12,2
3546,5,2
3547,96,2
3547,62,2
3547,53,1
3547,33,1
3548,1,2
3548,54,1
3548,6,1
3548,18,3
3549,60,2
3549,47,1
3549,96,1
3549,48,1
3550,35,1
3550,91,1
3551,11,1
3551,49,2
3551,15,1
3551,60,1
3552,38,1
3552,72,1
3552,74,3
3552,22,3
3552,37,2
3553,2,3
3553,96,1
3553,14,3
3553,89,1
3553,4,3
3554,96,1
3555,81,3
3556,65,1
3556,59,1
3556,7,3
3557,7,1
3558,25,3
3558,26,2
3558,62,2
3559,82,1
3559,25,2
3559,20,1
3559,31,1
3559,81,2
3560,40,1
3560,86,2
3561,4,3
3561,5,2
3561,42,3
3561,43,3
3562,99,2
3562,38,2
3562,56,2
3563,52,3
3563,100,1
3564,59,3
3564,76,2
3564,92,3
3565,12,2
3566,33,3
3566,73,1
3566,89,1
3567,86,1
3567,37,3
3568,48,2
3568,14,1
3569,9,2
3569,33,3
3569,11,1
3570,46,2
3570,96,3
3570,19,2
3570,82,3
3571,82,2
3572,99,1
3572,83,2
3572,14,1
3573,2,1
3573,57,1
3574,73,1
3575,98,1
3575,53,1
3576,21,1
3576,5,2
3576,98,1
3576,29,1
3576,30,1
3577,72,1
3577,27,1
3577,10,1
3578,42,1
3578,20,2
3578,91,3
3578,79,3
3579,91,3
3580,71,2
3580,78,3
3580,45,2
3580,82,3
3580,77,1
3581,14,1
3581,83,2
3581,28,3
3582,78,2
3583,2,3
3583,45,3
3583,13,2
3583,82,3
3584,61,3
3584,92,3
3584,33,2
3585,94,1
3585,35,2
3586,69,2
3586,46,3
3586,91,2
3586,93,1
3586,28,3
3587,56,2
3587,23,1
3587,54,2
3587,31,2
3588,12,1
3588,53,3
3588,16,1
3589,53,3
3589,12,3
3589,28,3
3590,86,1
3590,73,3
3590,92,3
3590,66,1
3590,7,2
3591,26,1
3591,68,1
3591,48,3
3591,73,1
3592,46,1
3592,18,1
3592,89,3
3593,26,2
3593,44,3
3593,62,1
3594,20,3
3594,87,1
3595,29,3
3595,22,2
3595,59,2
3595,47,2
3595,87,2
3596,87,1
3596,11,1
3596,39,1
3596,33,2
3597,89,1
3597,95,3
3597,72,1
3597,39,2
3598,13,3
3598,70,2
3598,72,1
3598,59,1
3599,48,2
3599,52,3
3599,98,1
3599,37,1
3599,30,3
3600,83,2
3600,29,1
3601,68,2
3601,39,2
3601,59,2
3601,80,2
3601,34,1
3602,91,3
3602,37,2
3602,26,3
3602,64,3
3603,54,2
3603,23,3
3603,20,1
3603,2,3
3604,55,1
3604,37,1
3605,34,2
3605,92,2
3606,94,1
3606,45,2
3606,41,2
3607,37,2
3608,81,3
3608,72,3
3608,17,1
3608,8,3
3608,43,2
3609,67,1
3609,5,1
3609,63,2
3610,61,3
3610,59,2
3611,68,1
3611,45,2
3611,3,3
3612,38,2
3613,67,3
3613,95,1
3614,66,2
3614,25,1
3615,75,1
3615,48,1
3616,36,2
3616,35,3
3617,8,3
3617,32,3
3617,14,2
3617,55,2
3618,38,2
3619,34,1
3620,90,2
3620,87,2
3620,99,1
3620,73,1
3621,26,3
3622,50,1
3622,84,1
3623,53,2
3624,92,2
3624,67,2
3624,8,2
3624,45,2
3624,12,3
3625,54,2
3625,81,1
3626,8,2
3626,16,3
3627,25,1
3627,75,3
3627,29,2
3627,24,1
3628,31,1
3629,60,3
3629,11,3
3629,34,3
3629,44,2
3629,50,3
3630,17,3
3630,94,2
3630,48,3
3630,35,2
3630,21,2
3631,68,3
3632,18,1
3632,50,1
3632,4,3
3633,39,3
3633,81,2
3634,23,2
3634,29,1
3634,24,3
3634,48,3
3634,8,3
3635,19,1
3635,100,1
3635,65,1
3635,38,2
3635,92,1
3636,58,1
3636,8,3
3636,66,2
3637,14,2
3637,78,3
3637,53,2
3638,42,2
3638,71,3
3638,66,3
3639,85,3
3639,41,2
3639,33,1
3639,35,1
3640,7,2
3640,43,2
3640,14,1
3641,60,3
3641,31,1
3641,39,3
3641,87,2
3641,46,2
3642,93,3
3642,83,3
3643,6,3
3643,77,3
3643,4,3
3643,10,1
3643,96,3
3644,49,1
3644,36,3
3644,68,3
3644,87,3
3645,40,2
3645,25,3
3645,14,3
3646,60,3
3646,1,2
3647,77,1
3647,94,3
3647,62,2
3647,63,2
3648,3,2
3648,45,3
3648,88,3
3648,31,2
3649,22,1
3650,11,3
3650,72,3
3651,38,1
3651,29,1
3651,47,1
3651,74,2
3652,76,3
3652,9,2
3652,52,1
3652,66,3
3653,86,1
3653,20,2
3654,1,3
3654,51,3
3654,61,2
3654,23,1
3654,79,3
3655,6,3
3655,45,3
3655,66,2
3655,51,2
3655,28,3
3656,8,1
3656,31,3
3656,33,1
3656,4,1
3656,59,1
3657,39,1
3657,7,1
3657,70,2
3657,99,1
3658,78,3
3658,6,2
3659,50,1
3660,4,2
3660,91,1
3660,31,3
3660,33,3
3661,72,2
3661,50,1
3661,39,1
3661,53,3
3662,28,2
3662,91,3
3662,9,3
3662,78,2
3662,72,2
3663,5,2
3663,96,3
3664,30,1
3664,23,2
3664,67,3
3665,14,2
3665,85,3
3666,89,1
3666,9,1
3667,76,2
3667,21,1
3667,58,2
3667,79,2
3668,22,3
3668,62,1
3668,42,2
3669,54,1
3670,13,3
3670,19,1
3671,79,2
3672,70,1
3672,78,1
3672,93,3
3672,68,2
3672,74,3
3673,68,3
3673,26,2
3673,96,2
3674,37,3
3674,27,2
3674,25,3
3674,19,1
3674,1,3
3675,77,3
3675,30,2
3676,91,3
3676,60,2
3676,39,3
3677,26,2
3677,92,2
3677,16,2
3677,11,2
3678,5,3
3679,78,1
3679,13,3
3679,43,3
3679,100,3
3679,10,2
3680,64,3
3680,5,3
3680,86,1
3680,38,3
3681,32,1
3681,3,3
3681,25,2
3681,39,1
3681,42,3
3682,82,1
3682,57,1
3683,68,2
3683,74,3
3684,21,1
3684,15,3
3684,95,2
3685,35,1
3685,52,3
3686,1,1
3686,17,1
3686,79,2
3686,43,2
3686,23,2
3687,62,3
3687,14,3
3688,58,3
3688,42,3
3689,94,3
3689,92,1
3689,2,2
3689,72,1
3690,77,1
3690,28,2
3690,84,2
3690,82,2
3691,47,3
3691,81,2
3691,54,3
3691,33,3
3691,14,2
3692,4,2
3692,70,3
3693,58,3
3694,85,1
3694,39,1
3694,37,3
3695,89,3
3696,96,1
3696,49,1
3696,91,3
3696,79,2
3696,78,2
3697,76,3
3697,27,2
3697,66,1
3697,7,1
3698,1,1
3698,50,1
3698,35,3
3698,83,3
3699,30,1
3699,75,2
3700,78,3
3700,88,3
3700,44,3
3701,3,3
3701,39,1
3701,20,2
3702,58,1
3702,89,1
3702,100,1
3702,68,3
3703,77,1
3704,72,2
3704,2,3
3704,49,3
3704,1,1
3704,81,1
3705,20,2
3705,64,1
3705,65,1
3705,10,2
3706,86,2
3706,52,3
3707,2,3
3707,35,2
3707,69,3
3708,55,3
3708,40,1
3708,2,3
3708,30,2
3708,95,3
3709,37,1
3709,55,3
3709,83,1
3710,98,1
3710,27,2
3710,75,1
3710,45,3
3710,91,2
3711,69,3
3711,39,1
3711,11,3
3712,40,1
3712,98,3
3712,86,2
3712,55,1
3713,83,1
3713,68,1
3714,38,3
3714,60,2
3714,55,1
3714,8,1
3715,99,1
3715,92,1
3716,13,1
3717,77,2
3717,31,1
3717,23,2
3717,75,1
3717,92,2
3718,14,3
3718,87,1
3719,86,1
3719,42,3
3719,13,1
3720,96,3
3720,81,3
3721,91,2
3722,13,3
3722,1,2
3723,96,2
3723,72,1
3724,34,1
3724,31,3
3724,26,3
3724,32,1
3724,81,2
3725,65,2
3725,74,1
3726,99,3
3726,66,3
3727,73,3
3728,41,1
3729,34,1
3729,88,3
3729,70,3
3729,28,2
3729,73,2
3730,100,3
3731,4,2
3731,55,2
3731,74,2
3731,50,3
3732,23,2
3732,28,2
3732,10,1
3732,88,2
3732,51,1
3733,89,3
3733,22,2
3733,95,1
3733,31,2
3734,6,3
3734,23,2
3735,29,3
3735,16,1
3735,46,3
3735,8,1
3736,8,3
3736,16,2
3736,52,3
3736,48,1
3737,86,2
3737,61,2
3737,73,1
3737,100,2
3737,54,3
3738,86,1
3738,24,3
3738,73,3
3738,16,1
3738,48,1
3739,20,3
3739,3,2
3739,68,2
3739,91,1
3740,48,2
3741,8,1
3741,95,3
3742,56,3
3742,81,3
3743,29,2
3743,39,2
3744,61,2
3744,75,3
3744,58,2
3744,34,1
3744,62,1
3745,91,3
3745,7,3
3746,45,1
3746,96,3
3746,55,1
3747,82,3
3747,48,1
3747,52,1
3747,74,1
3748,53,3
3748,21,1
3749,56,3
3749,55,3
3749,89,1
3750,38,3
3750,71,3
3750,56,1
3751,47,2
3751,4,1
3751,35,1
3752,83,3
3752,91,2
3752,62,2
3752,88,1
3753,90,3
3754,2,2
3755,60,1
3755,1,3
3755,38,2
3755,31,2
3756,90,1
3756,91,1
3756,20,2
3756,83,1
3756,32,2
3757,19,2
3757,52,1
3757,60,2
3757,63,2
3758,32,3
3759,70,3
3759,12,3
3759,92,2
3760,72,1
3761,52,2
3761,15,2
3761,53,2
3761,29,2
3761,68,3
3762,1,1
3762,27,2
3762,11,2
3762,80,3
3763,82,2
3763,41,2
3763,87,3
3764,10,3
3764,50,2
3764,46,1
3764,20,2
3764,42,3
3765,62,2
3766,1,3
3766,7,1
3766,71,2
3766,66,1
3766,55,3
3767,39,2
3767,72,3
3767,41,2
3767,35,2
3767,12,1
3768,62,3
3768,34,2
3769,17,3
3769,71,3
3769,69,2
3769,35,1
3770,16,3
3770,57,2
3771,86,2
3771,42,1
3771,74,1
3772,97,1
3772,48,1
3772,72,3
3772,95,2
3772,23,3
3773,4,3
3773,10,2
3773,16,3
3773,21,1
3773,88,1
3774,32,2
3774,5,1
3774,45,1
3775,1,2
3775,87,1
3776,75,1
3776,16,1
3777,79,1
3777,68,1
3778,34,1
3778,53,1
3778,1,3
3778,36,2
3779,8,1
3780,9,2
3780,15,1
3780,75,1
3781,96,2
3781,81,1
3782,66,1
3782,62,2
3782,16,2
3782,86,3
3783,69,1
3783,37,2
3783,66,3
3784,22,3
3785,12,3
3785,24,1
3786,76,1
3786,12,3
3786,43,1
3786,67,2
3787,33,1
3787,90,3
3788,89,2
3788,37,3
3788,98,1
3788,34,1
3788,71,1
3789,80,3
3789,94,3
3789,53,2
3789,11,3
3789,3,1
3790,93,1
3790,43,3
3791,72,1
3791,3,3
3791,82,3
3791,8,2
3791,66,3
3792,51,3
3793,3,1
3794,92,2
3795,30,3
3795,53,1
3795,34,1
3796,87,3
3796,47,2
3796,29,3
3796,69,3
3796,93,2
3797,67,1
3797,55,2
3797,42,3
3797,27,2
3798,8,2
3799,76,1
3799,81,2
3799,1,3
3799,32,2
3800,95,3
3800,65,3
3800,54,2
3801,63,1
3801,93,2
3801,48,1
3801,53,1
3802,86,2
3802,29,3
3802,8,2
3803,21,2
3803,90,1
3804,66,1
3804,76,1
3804,90,1
3805,59,3
3806,21,2
3806,62,3
3806,92,2
3807,30,3
3808,58,3
3809,45,2
3809,14,1
3809,80,1
3810,10,1
3811,87,2
3811,3,3
3811,31,1
3812,94,1
3812,35,3
3812,47,2
3812,28,1
3813,99,2
3813,28,3
3813,32,3
3813,14,3
3814,44,2
3814,22,1
3814,52,3
3814,33,1
3815,14,3
3815,55,3
3815,45,2
3815,49,2
3816,46,2
3816,77,3
3816,30,1
3817,64,2
3817,98,3
3817,8,1
3817,3,1
3818,90,3
3818,24,3
3818,12,3
3819,35,3
3819,16,2
3820,82,3
3820,96,1
3820,42,2
3820,68,3
3821,57,2
3821,39,2
3822,27,2
3822,65,3
3822,87,1
3823,22,2
3823,63,3
3823,10,1
3823,46,1
3823,68,3
3824,91,2
3825,42,1
3825,76,1
3825,84,2
3825,93,3
3826,84,1
3827,98,3
3827,83,2
3827,76,3
3827,66,1
3828,49,1
3828,40,2
3829,35,1
3829,67,1
3829,51,1
3829,83,3
3830,19,3
3831,91,2
3831,36,2
3832,13,3
3832,7,2
3832,8,1
3832,83,3
3832,87,3
3833,25,2
3833,34,1
3834,81,2
3834,61,2
3834,56,1
3834,73,3
3834,35,3
3835,95,3
3835,16,2
3835,69,3
3835,46,3
3836,96,2
3836,18,1
3837,41,1
3837,4,3
3837,29,2
3838,100,3
3839,25,3
3840,51,3
3840,43,1
3841,80,1
3841,46,1
3841,38,1
3841,87,1
3842,7,1
3843,78,1
3843,85,2
3844,18,1
3844,95,1
3844,51,3
3845,46,3
3845,100,2
3845,15,1
3846,56,1
3847,10,2
3847,99,3
3847,51,2
3847,30,1
3848,91,1
3848,23,2
3848,64,1
3849,95,3
3849,58,3
3849,5,1
3850,59,2
3850,24,3
3851,71,2
3851,55,1
3852,2,1
3852,45,3
3853,83,1
3854,43,1
3855,55,2
3855,12,1
3856,17,1
3856,31,3
3856,48,3
3856,1,3
3857,9,1
3857,98,1
3857,40,1
3857,19,1
3858,85,3
3858,95,2
3858,32,3
3858,42,2
3859,49,1
3859,43,2
3859,68,3
3859,7,3
3859,27,2
3860,4,3
3860,51,3
3860,1,1
3861,83,3
3861,71,2
3861,11,2
3862,4,2
3863,97,2
3863,7,1
3863,48,3
3863,33,2
3864,93,3
3865,21,2
3865,70,3
3866,90,1
3866,29,2
3867,54,1
3867,58,3
3867,98,1
3867,71,1
3868,65,2
3868,39,2
3868,71,3
3868,5,2
3869,30,2
3869,62,1
3869,93,1
3869,34,2
3870,17,1
3870,82,2
3870,57,2
3870,98,1
3870,87,2
3871,13,3
3871,100,3
3871,14,2
3871,99,2
3871,58,3
3872,65,1
3872,23,1
3872,27,3
3873,19,1
3873,46,1
3873,42,1
3873,12,2
3874,64,3
3875,73,1
3875,26,3
3875,75,1
3875,33,2
3875,80,2
3876,53,1
3876,32,1
3877,96,2
3878,19,2
3878,90,1
3878,42,3
3878,88,2
3878,12,3
3879,2,2
3879,32,2
3879,36,2
3879,71,2
3880,67,1
3880,75,2
3880,81,3
3880,27,3
3880,25,2
3881,1,3
3881,49,2
3881,40,2
3881,98,1
3881,90,3
3882,59,3
3882,51,3
3882,42,3
3882,73,2
3882,9,3
3883,100,3
3884,52,1
3884,34,2
3885,30,3
3885,88,3
3885,74,3
3886,38,2
3886,18,2
3887,23,1
3888,6,2
3888,46,2
3888,93,3
3889,65,3
3889,83,1
3890,64,1
3890,38,2
3890,39,1
3891,14,2
3891,76,1
3892,64,3
3892,55,3
3892,98,2
3892,19,2
3892,100,1
3893,84,3
3893,76,1
3893,87,1
3894,26,1
3894,44,2
3894,41,2
3894,18,2
3894,61,2
3895,43,2
3895,2,1
3896,71,3
3897,38,1
3897,26,1
3898,21,1
3899,14,1
3899,76,2
3900,33,2
3901,40,2
3901,89,3
3901,21,3
3902,40,2
3902,90,1
3903,63,3
3904,45,2
3904,68,3
3904,70,2
3904,44,3
3904,76,3
3905,25,3
3905,14,1
3905,43,1
3905,97,1
3906,73,2
3906,24,3
3906,84,3
3906,100,2
3906,62,2
3907,65,1
3908,11,3
3908,52,1
3909,14,3
3909,93,1
3910,88,1
3910,49,2
3910,44,3
3911,20,2
3911,92,3
3911,13,2
3912,15,1
3912,92,1
3913,99,1
3914,8,2
3914,49,2
3914,67,3
3914,40,3
3914,13,3
3915,70,1
3915,25,1
3915,10,1
3916,45,3
3916,85,3
3917,48,2
3917,86,1
3917,73,2
3917,90,1
3917,94,1
3918,92,1
3918,40,1
3918,46,3
3919,59,1
3919,94,2
3919,79,2
3919,48,1
3919,87,2
3920,50,3
3921,46,1
3921,72,3
3922,51,3
3922,62,2
3922,99,3
3923,83,1
3924,20,2
3924,88,3
3924,38,2
3925,9,2
3926,37,3
3926,65,2
3926,5,1
3927,69,2
3927,77,3
3927,54,2
3927,61,3
3927,81,1
3928,71,2
3929,43,3
3929,12,3
3930,76,3
3930,49,2
3930,75,1
3930,25,3
3931,42,1
3932,43,1
3932,6,1
3932,36,3
3932,17,1
3933,100,3
3933,3,3
3933,43,3
3933,5,2
3933,88,1
3934,10,2
3934,30,2
3934,94,2
3934,7,1
3935,31,3
3935,68,2
3935,84,3
3935,42,3
3935,96,2
3936,14,3
3936,60,1
3936,40,3
3936,7,2
3937,6,3
3937,57,2
3937,80,1
3937,65,2
3937,91,1
3938,82,3
3938,2,1
3938,22,3
3938,21,1
3938,49,3
3939,5,2
3939,52,1
3940,2,1
3940,25,2
3940,74,2
3940,91,2
3941,54,3
3941,23,1
3941,64,2
3942,10,3
3942,56,1
3943,28,1
3943,12,3
3943,69,1
3943,74,1
3943,33,1
3944,81,2
3944,95,2
3944,72,2
3944,23,3
3945,45,3
3945,36,1
3945,89,2
3946,49,1
3946,65,3
3946,32,3
3946,68,1
3947,40,3
3947,22,2
3947,93,2
3947,58,3
3948,62,3
3948,45,3
3948,92,2
3948,34,3
3948,46,1
3949,66,3
3949,7,1
3950,30,1
3950,81,1
3951,95,3
3951,73,1
3951,28,3
3951,82,2
3952,41,2
3952,71,2
3953,74,2
3954,6,1
3954,95,1
3954,34,1
3954,76,3
3955,9,2
3955,49,1
3955,37,1
3956,22,3
3956,20,1
3956,100,3
3956,47,3
3957,85,1
3958,10,1
3958,22,3
3958,68,1
3959,83,1
3960,80,3
3960,13,2
3960,41,3
3961,43,2
3962,4,1
3962,66,1
3962,83,1
3962,68,1
3962,49,1
3963,36,1
3963,46,3
3963,94,1
3963,7,1
3963,53,1
3964,77,2
3964,68,2
3964,59,2
3965,76,1
3965,1,1
3966,98,3
3966,11,1
3966,32,3
3966,44,3
3967,61,2
3968,12,1
3969,25,3
3969,48,3
3969,35,3
3969,17,2
3969,49,2
3970,74,1
3970,30,3
3970,73,3
3971,56,2
3972,48,3
3972,60,1
3972,76,2
3972,87,1
3972,17,1
3973,45,2
3974,68,2
3974,67,3
3975,66,1
3975,96,2
3975,23,3
3975,2,3
3976,88,3
3976,7,2
3977,99,3
3978,82,3
3978,21,1
3979,2,2
3979,25,3
3979,54,3
3979,44,1
3980,8,2
3980,27,2
3980,83,2
3980,26,1
3980,93,2
3981,8,1
3981,61,3
3981,47,2
3981,76,1
3982,79,2
3982,82,3
3982,20,3
3982,60,1
3983,12,1
3984,70,3
3984,15,1
3984,32,2
3984,83,1
3985,74,1
3985,38,3
3985,91,1
3986,89,1
3986,11,1
3986,67,3
3986,58,3
3986,26,2
3987,96,2
3988,14,3
3989,82,2
3989,62,1
3989,30,2
3989,53,3
3990,83,2
3990,49,3
3990,31,2
3991,31,1
3991,25,3
3992,25,3
3992,36,3
3992,23,1
3993,79,2
3993,42,2
3994,6,3
3995,94,2
3995,22,1
3995,86,1
3996,30,1
3996,41,3
3996,2,3
3996,40,3
3997,29,2
3997,96,1
3997,67,3
3998,5,1
3998,90,2
3999,84,2
4000,15,3
4000,87,2
4000,12,1
4001,62,3
4001,85,2
4001,33,2
4002,62,3
4003,80,3
4003,42,3
4003,96,3
4003,49,2
4004,27,2
4004,38,3
4004,20,2
4004,49,2
4004,98,1
4005,9,1
4005,73,2
4005,14,2
4006,84,2
4006,17,1
4007,42,1
4008,33,3
4008,41,1
4008,9,2
4008,39,2
4008,8,3
4009,89,2
4010,60,3
4010,98,1
4010,70,2
4010,51,2
4011,24,3
4011,91,2
4011,25,2
4011,58,2
4012,52,2
4013,75,3
4013,46,3
4013,14,2
4014,43,2
4015,27,1
4015,75,1
4015,47,3
4016,10,1
4016,54,3
4017,28,3
4017,72,2
4018,1,1
4018,51,2
4019,61,1
4019,86,2
4019,19,3
4020,62,2
4020,69,2
4021,3,3
4021,93,1
4021,67,1
4021,78,1
4021,25,1
4022,13,3
4022,83,1
4022,99,1
4022,81,3
4022,96,2
4023,57,2
4023,18,1
4023,83,2
4023,22,2
4023,13,2
4024,97,1
4024,45,2
4025,49,1
4026,50,3
4026,2,3
4026,14,1
4026,3,2
4026,12,3
4027,19,3
4027,3,3
4028,20,3
4028,9,2
4028,66,1
4028,77,2
4028,54,2
4029,93,1
4029,1,3
4029,60,3
4030,11,1
4030,77,2
4031,16,3
4032,80,3
4032,61,3
4032,2,2
4033,37,3
4034,88,1
4035,15,1
4035,26,3
4035,12,2
4035,85,3
4035,31,3
4036,63,1
4036,85,1
4036,81,3
4036,91,1
4037,71,1
4037,15,2
4038,50,1
4038,83,1
4038,67,1
4038,60,3
4038,58,3
4039,1,2
4039,32,2
4039,55,2
4039,45,1
4040,34,3
4040,45,2
4040,51,1
4040,17,1
4040,42,1
4041,94,1
4041,68,2
4041,76,2
4041,70,3
4042,23,1
4042,83,1
4042,40,1
4042,18,2
4042,49,3
4043,71,2
4043,1,2
4043,70,1
4043,29,2
4043,10,3
4044,61,3
4044,21,1
4044,46,2
4045,62,2
4045,48,2
4045,33,3
4045,5,2
4046,31,1
4046,23,2
4046,4,3
4046,66,1
4047,81,1
4047,13,1
4047,63,3
4047,62,3
4048,76,2
4048,62,2
4048,66,1
4048,58,1
4049,1,2
4049,26,1
4049,47,3
4050,19,1
4050,76,1
4051,47,1
4051,21,3
4051,41,2
4051,69,3
4052,59,3
4052,42,3
4052,10,3
4053,32,2
4053,28,2
4053,25,1
4053,95,1
4054,96,3
4054,47,2
4054,30,3
4054,73,2
4054,92,2
4055,90,3
4056,57,1
4057,42,3
4057,62,2
4057,85,1
4057,32,1
4057,23,3
4058,81,1
4058,11,3
4059,75,1
4059,26,2
4059,55,2
4059,99,3
4059,90,2
4060,94,2
4061,57,2
4062,53,2
4062,83,1
4063,87,2
4063,57,1
4063,88,1
4063,80,1
4064,20,3
4065,92,3
4065,21,2
4065,85,2
4065,5,2
4066,45,2
4066,7,2
4066,65,2
4066,66,1
4067,56,2
4067,5,2
4068,79,1
4069,52,1
4069,16,2
4069,46,2
4069,27,1
4070,20,3
4070,10,2
4070,16,3
4071,76,1
4071,49,1
4071,56,2
4072,92,1
4073,23,1
4073,86,3
4073,17,1
4073,84,1
4073,9,1
4074,53,3
4074,67,1
4074,88,2
4074,58,2
4074,38,1
4075,87,1
4076,2,3
4076,77,2
4077,62,2
4077,52,2
4078,84,3
4078,13,2
4078,43,3
4078,14,2
4078,45,3
4079,62,1
4080,70,2
4081,60,3
4081,1,3
4081,6,3
4082,73,2
4082,69,1
4082,46,1
4082,75,3
4082,3,1
4083,13,2
4083,80,2
4084,95,1
4085,45,1
4085,77,2
4085,3,2
4085,89,1
4085,53,3
4086,83,1
4086,80,2
4086,88,1
4087,20,2
4087,70,2
4087,76,2
4088,5,3
4088,80,1
4088,22,2
4088,76,2
4089,81,3
4090,69,3
4091,79,3
4091,29,1
4091,86,1
4091,52,3
4091,11,2
4092,82,1
4092,52,2
4092,1,3
4093,49,1
4093,61,2
4093,36,1
4094,99,2
4095,29,2
4096,46,1
4097,39,3
4097,79,2
4097,85,1
4097,14,2
4097,67,1
4098,76,2
4099,49,1
4099,1,1
4099,23,3
4099,8,2
4100,65,1
4100,3,1
4101,37,2
4101,65,2
4101,63,1
4101,75,1
4101,33,2
4102,60,2
4102,37,2
4103,55,3
4103,63,1
4103,90,3
4103,20,3
4104,85,1
4104,17,1
4104,25,3
4104,90,3
4104,42,1
4105,86,2
4105,11,1
4105,64,2
4105,9,2
4105,57,2
4106,58,2
4106,98,1
4106,30,2
4106,37,2
4106,49,3
4107,99,2
4107,45,1
4107,96,1
4107,12,2
4108,22,3
4108,4,1
4108,10,2
4108,97,2
4109,2,3
4109,27,1
4109,6,3
4109,99,1
4110,81,2
4110,8,2
4111,55,3
4112,29,1
4112,87,2
4112,32,2
4112,3,2
4112,28,2
4113,27,1
4113,44,1
4113,9,1
4113,95,2
4114,96,3
4115,47,3
4115,20,2
4115,27,2
4115,54,1
4116,22,2
4116,7,1
4116,17,3
4116,2,1
4116,41,3
4117,45,1
4117,89,1
4117,55,3
4117,95,3
4118,41,3
4118,82,3
4118,32,3
4118,11,1
4118,73,1
4119,46,3
4120,57,1
4120,79,1
4121,18,3
4121,63,3
4122,39,3
4122,34,2
4122,13,1
4122,94,2
4122,73,1
4123,63,2
4123,14,1
4123,43,1
4123,47,2
4123,79,2
4124,51,1
4125,83,2
4125,59,2
4125,38,1
4125,51,3
4126,22,1
4126,91,2
4126,82,2
4126,84,1
4127,80,2
4127,52,1
4128,21,2
4128,48,2
4128,63,2
4129,5,2
4129,90,2
4129,39,2
4130,95,3
4131,77,1
4131,56,3
4131,60,3
4132,1,1
4133,52,2
4133,79,1
4133,17,2
4134,7,2
4135,3,1
4135,87,3
4136,82,3
4137,37,2
4137,76,3
4137,14,3
4137,25,3
4138,50,1
4138,71,3
4139,82,3
4139,63,2
4139,44,1
4140,56,1
4141,55,3
4141,17,1
4142,28,1
4142,64,1
4142,8,1
4143,66,3
4143,81,2
4144,26,2
4144,94,2
4145,12,2
4145,84,2
4146,35,2
4147,76,1
4147,34,3
4148,49,2
4149,89,3
4149,41,3
4150,82,2
4150,63,3
4151,46,3
4151,7,3
4151,39,2
4151,76,2
4151,44,3
4152,3,1
4152,19,3
4153,27,1
4153,95,1
4154,87,1
4155,96,2
4155,88,3
4155,85,2
4155,82,1
4156,22,3
4156,14,2
4156,86,2
4156,20,1
4157,21,1
4157,3,1
4157,56,1
4157,79,3
4157,67,1
4158,92,3
4158,87,3
4159,38,3
4159,48,1
4160,37,3
4160,84,3
4160,27,1
4160,30,1
4160,14,2
4161,47,1
4161,88,2
4161,70,2
4161,23,2
4162,40,2
4162,15,3
4163,12,3
4163,77,1
4164,17,3
4164,96,1
4164,86,2
4165,43,1
4165,78,2
4165,36,2
4165,28,3
4166,91,3
4166,56,1
4166,59,1
4166,41,1
4167,14,3
4167,72,1
4168,50,1
4168,49,3
4168,56,2
4169,62,1
4169,76,3
4169,80,2
4169,45,1
4170,79,2
4170,68,3
4170,87,3
4171,62,3
4171,46,1
4171,6,3
4171,81,1
4171,40,1
4172,64,1
4172,15,2
4172,20,2
4172,41,3
4172,72,1
4173,80,2
4174,20,1
4174,19,2
4175,53,2
4175,14,2
4175,4,1
4175,75,1
4176,22,2
4176,59,3
4176,15,2
4176,62,1
4176,24,3
4177,86,1
4178,72,1
4178,3,3
4179,19,1
4179,65,3
4180,44,3
4180,80,2
4181,25,1
4181,29,2
4181,1,2
4181,92,3
4182,74,1
4182,93,2
4182,84,1
4183,91,3
4183,54,1
4183,52,3
4183,70,3
4183,45,3
4184,94,2
4185,31,2
4185,88,1
4185,80,3
4186,53,2
4186,23,2
4186,19,2
4186,64,1
4186,18,3
4187,6,1
4187,38,1
4187,3,3
4187,95,3
4187,59,3
4188,9,3
4188,6,2
4188,4,1
4188,91,3
4188,87,3
4189,20,2
4189,76,1
4189,92,3
4189,40,3
4190,57,2
4190,80,2
4190,10,2
4190,73,3
4190,6,2
4191,49,1
4191,88,1
4192,94,2
4192,71,2
4193,31,1
4194,70,1
4194,19,3
4194,27,2
4194,94,3
4194,54,1
4195,39,3
4195,4,2
4195,95,3
4195,81,1
4196,52,3
4196,34,2
4196,56,2
4196,28,3
4196,92,1
4197,5,1
4197,26,1
4198,53,2
4199,87,3
4199,100,2
4199,98,2
4200,94,3
4200,41,1
4200,22,2
4200,81,2
4200,96,2
4201,33,2
4202,30,3
4202,20,1
4202,3,2
4202,80,1
4203,27,1
4203,12,1
4203,39,1
4204,17,1
4204,87,2
4205,21,2
4205,95,3
4205,87,1
4205,59,1
4205,35,3
4206,6,2
4206,36,1
4207,22,1
4207,97,3
4207,42,3
4207,79,1
4207,35,3
4208,70,2
4208,92,3
4208,99,2
4208,43,2
4209,24,2
4209,73,1
4209,80,2
4210,22,3
4210,80,2
4210,5,1
4211,45,2
4211,8,3
4211,68,3
4211,36,1
4211,56,2
4212,44,2
4212,34,1
4212,45,3
4212,24,3
4212,12,3
4213,97,2
4214,87,2
4214,73,2
4214,54,1
4214,80,3
4214,44,3
4215,31,1
4215,59,3
4216,47,1
4216,43,3
4216,77,2
4217,5,3
4218,67,2
4219,25,1
4219,59,3
4219,80,2
4219,24,1
4219,10,1
4220,8,3
4220,12,1
4221,18,3
4221,32,3
4221,82,3
4222,14,3
4222,77,1
4223,4,3
4223,28,1
4223,51,1
4223,90,3
4224,66,2
4225,65,2
4226,24,3
4227,9,3
4228,44,2
4228,36,3
4229,56,3
4229,77,3
4229,96,2
4229,26,2
4229,72,1
4230,61,3
4231,79,3
4231,69,2
4231,2,2
4231,76,2
4232,27,2
4232,89,1
4232,3,2
4232,85,1
4232,86,1
4233,91,3
4233,7,1
4234,63,3
4234,20,1
4234,91,2
4235,55,1
4235,2,3
4235,25,1
4236,31,3
4237,21,1
4237,7,1
4238,56,3
4238,36,3
4238,7,2
4238,75,1
4239,89,3
4239,48,2
4239,95,1
4239,27,3
4239,96,3
4240,14,2
4240,33,2
4241,58,1
4242,48,3
4242,8,3
4242,19,2
4243,97,3
4243,47,3
4243,9,2
4244,88,3
4245,74,3
4245,24,3
4246,28,3
4246,24,2
4247,95,2
4248,20,2
4248,60,3
4248,50,2
4249,92,2
4249,81,3
4249,54,3
4249,76,1
4249,87,3
4250,56,2
4250,55,3
4251,41,2
4252,59,1
4252,83,3
4252,98,2
4253,81,2
4253,43,3
4254,68,3
4255,52,3
4255,72,3
4255,43,2
4255,56,2
4255,33,2
4256,81,2
4256,100,2
4257,42,1
4257,37,3
4258,19,3
4258,61,1
4259,77,3
4259,36,3
4259,40,2
4260,45,3
4261,81,2
4262,55,2
4262,97,3
4262,53,2
4262,46,1
4262,14,3
4263,64,1
4264,45,3
4265,89,2
4265,74,1
4266,30,3
4267,54,1
4267,25,2
4267,80,2
4268,35,1
4268,15,1
4268,37,3
4268,71,2
4269,64,2
4269,48,2
4269,43,3
4269,9,3
4269,53,1
4270,84,3
4270,38,1
4270,11,1
4270,7,2
4270,89,1
4271,97,1
4271,91,3
4272,3,1
4272,94,2
4272,77,3
4273,86,3
4273,7,3
4273,31,1
4274,43,3
4274,36,2
4274,24,2
4275,3,1
4275,74,1
4276,74,3
4276,23,3
4276,24,1
4276,51,3
4277,54,1
4277,28,2
4278,6,1
4278,52,2
4278,29,3
4278,26,1
4278,81,3
4279,15,2
4279,40,2
4280,57,3
4281,99,1
4281,81,2
4282,48,2
4282,35,1
4282,97,1
4282,69,2
4282,41,1
4283,46,2
4283,78,1
4284,18,1
4285,83,3
4286,48,2
4286,32,1
4287,69,3
4287,89,2
4287,78,1
4287,4,1
4288,16,1
4288,35,2
4288,3,3
4288,90,1
4289,56,1
4289,9,3
4289,7,3
4290,38,3
4290,50,1
4290,91,3
4290,8,1
4291,4,1
4291,23,2
4291,88,1
4291,1,1
4292,100,1
4293,80,2
4293,93,1
4293,14,3
4294,65,3
4294,16,2
4295,19,1
4295,48,1
4295,39,1
4295,84,2
4295,33,2
4296,98,3
4296,73,1
4297,74,1
4297,27,1
4297,38,2
4297,77,1
4297,82,1
4298,61,1
4298,9,2
4298,69,1
4299,26,1
4299,35,3
4300,14,1
4300,22,1
4301,31,3
4301,26,3
4301,41,3
4301,63,1
4301,35,1
4302,42,3
4302,73,2
4303,42,2
4304,78,2
4304,49,1
4304,12,2
4305,2,2
4306,63,1
4307,98,2
4307,93,1
4308,29,1
4308,69,3
4308,20,1
4308,48,3
4308,26,1
4309,50,3
4309,79,3
4310,29,2
4310,46,1
4310,87,3
4310,45,2
4311,45,3
4311,86,3
4311,22,2
4312,4,1
4312,84,3
4312,56,3
4312,66,3
4313,68,1
4314,92,1
4314,34,2
4314,11,2
4314,25,1
4315,80,2
4315,55,1
4315,25,3
4316,92,2
4316,53,3
4316,22,2
4316,6,2
4317,6,1
4318,72,2
4318,31,2
4319,57,3
4319,97,1
4320,55,3
4320,72,2
4320,15,1
4321,78,1
4321,92,2
4322,30,1
4322,57,3
4322,3,3
4323,71,1
4323,66,1
4323,93,1
4323,70,2
4323,95,3
4324,42,1
4324,12,3
4325,37,1
4325,84,2
4325,51,1
4326,47,2
4326,59,2
4326,52,1
4326,85,2
4326,31,2
4327,66,1
4327,44,3
4328,78,3
4329,51,2
4329,82,1
4329,27,2
4329,61,2
4330,72,2
4330,61,3
4330,45,1
4330,53,1
4330,95,1
4331,60,1
4331,54,1
4331,27,3
4331,28,1
4331,4,3
4332,48,1
4332,84,1
4332,55,1
4332,82,3
4333,40,2
4333,94,3
4333,84,1
4334,97,2
4334,88,3
4334,91,3
4335,78,1
4335,58,2
4335,45,3
4335,28,1
4335,3,2
4336,71,1
4336,62,3
4336,99,2
4337,62,1
4337,71,2
4337,18,1
4337,82,2
4337,1,2
4338,4,1
4338,88,1
4338,82,1
4338,77,3
4339,11,1
4339,40,3
4340,90,1
4340,20,2
4340,65,1
4340,94,3
4341,83,3
4342,58,2
4342,48,1
4342,2,1
4343,57,1
4343,67,2
4343,36,2
4343,19,1
4343,25,2
4344,76,3
4344,27,1
4344,14,3
4344,63,1
4344,48,2
4345,43,3
4345,1,1
4345,6,2
4345,83,1
4346,39,3
4346,71,1
4346,45,2
4346,17,1
4346,88,1
4347,8,2
4347,87,2
4348,74,3
4348,56,2
4348,28,3
4348,35,3
4349,49,2
4349,29,3
4349,9,2
4349,52,1
4350,20,3
4350,58,1
4350,50,3
4350,11,3
4351,77,1
4351,58,1
4351,17,1
4351,6,2
4351,25,3
4352,38,2
4352,94,2
4352,51,3
4353,1,1
4353,30,2
4353,40,1
4353,31,3
4354,92,1
4354,73,2
4355,51,3
4356,86,1
4356,19,2
4356,21,3
4357,85,1
4357,32,1
4357,58,3
4358,7,3
4359,61,3
4359,49,1
4359,23,3
4360,60,3
4360,77,3
4361,17,2
4361,11,1
4361,77,3
4361,30,3
4362,69,2
4362,7,2
4362,35,2
4362,59,1
4363,77,3
4363,21,2
4364,54,2
4365,78,2
4365,26,3
4365,28,3
4365,27,3
4366,78,2
4366,77,1
4367,31,3
4367,70,2
4367,52,1
4368,88,3
4368,26,2
4368,6,3
4368,90,3
4368,77,2
4369,14,2
4369,73,3
4369,47,1
4369,90,2
4369,18,1
4370,57,3
4370,95,2
4370,53,3
4370,41,2
4370,46,3
4371,2,3
4371,17,2
4371,75,1
4371,3,3
4372,65,3
4372,98,2
4373,16,1
4374,67,1
4374,3,2
4374,65,2
4374,58,3
4374,77,3
4375,26,3
4375,99,1
4375,60,2
4376,84,3
4376,13,3
4376,58,1
4376,62,1
4376,67,1
4377,8,2
4377,95,3
4377,70,3
4377,69,3
4378,20,1
4378,32,1
4378,96,2
4378,23,1
4379,8,3
4380,23,1
4380,52,1
4380,53,2
4380,94,1
4380,95,2
4381,28,2
4382,51,1
4382,59,3
4382,69,1
4382,3,2
4383,12,3
4383,8,3
4383,33,1
4383,13,2
4384,78,3
4384,95,2
4384,64,3
4385,3,2
4385,90,2
4385,61,1
4386,1,3
4387,29,1
4387,46,3
4387,53,3
4387,6,2
4388,28,2
4388,85,3
4389,51,3
4389,6,1
4390,99,1
4390,67,2
4390,73,2
4390,23,3
4391,44,1
4391,48,2
4391,57,1
4391,12,3
4391,30,1
4392,74,3
4392,19,1
4393,63,2
4393,79,1
4393,59,3
4393,12,3
4393,41,2
4394,57,3
4394,40,1
4395,79,3
4395,78,3
4395,76,1
4395,17,3
4396,90,1
4396,24,1
4396,26,2
4397,92,1
4397,85,3
4397,13,3
4397,47,3
4397,40,3
4398,14,3
4398,6,1
4398,33,3
4398,100,3
4399,78,2
4399,61,3
4400,19,1
4400,71,2
4400,11,1
4400,29,3
4401,85,2
4401,33,1
4401,78,2
4401,37,3
4401,38,3
4402,96,1
4402,57,1
4402,88,2
4402,56,3
4402,38,3
4403,2,3
4403,81,1
4403,34,3
4403,65,2
4403,49,3
4404,36,3
4405,4,3
4406,4,3
4406,17,1
4406,78,1
4406,96,2
4407,43,3
4408,75,1
4408,76,1
4409,66,2
4409,32,2
4409,28,1
4409,85,2
4410,82,2
4410,72,3
4410,57,2
4410,51,1
4411,87,3
4411,2,1
4412,81,3
4412,25,3
4412,11,3
4413,89,1
4414,84,2
4414,18,1
4415,10,3
4416,27,3
4416,36,1
4417,52,3
4417,87,3
4417,74,2
4418,24,3
4419,68,2
4420,71,3
4421,34,3
4421,85,2
4421,100,1
4422,99,2
4422,97,2
4422,53,1
4423,9,1
4424,71,3
4425,34,2
4426,64,2
4426,93,2
4426,79,2
4427,49,2
4427,99,3
4427,8,3
4428,90,2
4428,43,2
4428,81,1
4428,80,2
4429,3,1
4430,9,3
4430,15,2
4430,68,3
4430,88,3
4430,61,3
4431,98,2
4432,12,2
4433,62,1
4434,55,3
4434,80,1
4435,6,2
4435,94,1
4435,18,2
4435,54,2
4436,57,3
4437,54,3
4437,62,1
4437,3,1
4438,57,2
4438,55,2
4439,96,1
4439,65,2
4439,57,2
4439,1,1
4440,99,3
4440,86,3
4440,37,3
4441,49,3
4442,4,3
4442,79,2
4443,85,3
4443,60,2
4443,72,3
4443,92,3
4443,59,3
4444,6,2
4444,64,3
4444,60,2
4445,22,3
4445,8,1
4445,5,1
4446,99,3
4446,92,2
4446,40,2
4446,22,2
4447,29,2
4447,23,1
4447,60,1
4448,47,3
4448,9,3
4448,91,1
4448,30,2
4448,36,1
4449,66,3
4449,33,2
4449,26,1
4449,45,3
4450,53,3
4450,5,3
4450,2,2
4450,89,1
4450,45,1
4451,52,2
4451,98,2
4451,38,1
4451,56,3
4451,78,2
4452,7,2
4452,37,1
4452,54,1
4453,69,1
4453,29,2
4453,68,3
4453,73,2
4454,30,3
4454,8,2
4454,12,3
4454,19,2
4454,68,1
4455,50,1
4455,26,3
4455,28,1
4455,22,2
4455,87,3
4456,74,1
4456,48,3
4456,30,2
4456,10,3
4457,12,3
4457,55,3
4458,92,2
4458,11,3
4458,67,2
4458,86,3
4458,55,2
4459,24,2
4459,80,3
4459,88,3
4459,89,3
4459,73,2
4460,70,3
4460,92,2
4460,44,2
4460,19,1
4461,56,3
4461,95,3
4461,70,1
4462,1,1
4462,61,1
4462,2,1
4462,18,2
4462,68,1
4463,44,1
4463,59,3
4463,13,1
4464,39,3
4464,91,3
4464,44,3
4464,78,1
4464,23,3
4465,8,2
4465,31,3
4465,23,3
4465,81,1
4466,40,2
4466,15,2
4466,12,3
4467,15,1
4467,64,3
4468,82,3
4469,100,1
4470,13,1
4470,2,1
4470,62,1
4470,25,2
4471,60,3
4471,86,1
4471,82,2
4471,29,2
4472,70,3
4472,91,1
4473,81,3
4473,8,3
4473,93,2
4473,80,2
4474,1,3
4474,4,2
4474,31,2
4474,79,3
4475,25,2
4475,70,1
4475,5,1
4476,16,3
4476,58,1
4476,77,1
4476,89,1
4476,67,2
4477,89,3
4477,59,2
4477,10,2
4477,40,1
4478,8,3
4479,57,3
4479,45,1
4479,43,1
4479,20,3
4479,3,1
4480,98,2
4480,2,3
4480,66,3
4480,81,1
4481,93,2
4481,69,2
4481,21,2
4481,14,1
4481,87,3
4482,54,3
4482,73,2
4482,86,1
4482,98,3
4483,78,3
4484,24,1
4484,63,3
4484,80,1
4485,95,3
4486,82,1
4486,13,2
4486,4,1
4486,35,2
4486,69,1
4487,79,1
4487,11,2
4487,72,3
4487,18,2
4487,64,3
4488,44,1
4488,58,1
4488,68,3
4489,68,3
4489,98,2
4489,11,3
4489,21,2
4490,77,3
4490,91,2
4490,38,1
4490,59,3
4490,31,2
4491,90,2
4491,99,1
4491,86,3
4491,75,2
4491,50,1
4492,99,1
4493,49,1
4493,93,1
4493,16,3
4494,53,3
4494,90,1
4495,91,3
4495,36,1
4495,62,1
4496,35,2
4496,21,2
4496,60,2
4496,61,2
4496,31,2
4497,36,1
4497,80,1
4497,35,2
4498,67,2
4499,27,3
4499,80,3
4499,9,1
4499,93,3
4500,86,1
4500,43,1
4500,22,1
4501,62,1
4501,45,2
4501,4,3
4501,80,3
4502,52,1
4502,87,1
4502,58,2
4502,59,3
4503,13,1
4503,65,1
4503,24,2
4504,58,2
4504,90,3
4504,23,2
4505,14,1
4506,91,1
4507,84,2
4507,38,1
4508,42,1
4508,39,1
4508,7,1
4509,68,2
4509,13,3
4509,43,3
4509,80,3
4510,12,2
4511,41,3
4511,88,2
4511,86,2
4512,63,2
4512,44,3
4512,81,1
4512,54,3
4513,21,2
4513,24,2
4514,4,3
4514,68,3
4514,57,2
4514,73,1
4515,52,2
4515,100,1
4515,25,2
4515,31,2
4516,56,1
4517,34,3
4517,28,3
4518,36,1
4518,25,1
4519,92,2
4519,90,1
4520,88,3
4520,60,3
4520,19,2
4521,84,2
4521,70,3
4522,6,1
4522,72,1
4523,54,3
4523,99,1
4523,36,1
4523,78,2
4523,34,1
4524,52,2
4525,19,3
4526,70,1
4526,46,2
4526,39,3
4526,85,1
4527,10,3
4527,46,1
4528,71,2
4528,93,1
4528,54,3
4528,42,3
4528,51,3
4529,31,1
4529,18,2
4529,33,2
4530,34,1
4530,15,2
4531,4,3
4531,98,3
4531,85,2
4531,63,2
4532,37,2
4532,82,3
4532,46,1
4532,69,1
4533,67,2
4533,16,2
4533,71,3
4534,93,3
4535,91,3
4535,29,2
4535,85,1
4535,28,3
4535,56,2
4536,71,1
4537,27,3
4537,64,3
4537,30,2
4538,62,3
4538,16,1
4538,52,3
4538,80,2
4538,82,1
4539,21,1
4540,79,1
4540,36,1
4540,21,1
4540,33,1
4540,6,3
4541,2,2
4541,89,2
4541,49,1
4542,35,1
4542,71,1
4542,50,2
4542,94,2
4543,31,2
4543,32,1
4543,64,2
4543,88,1
4544,41,1
4545,75,1
4545,65,1
4545,31,3
4546,88,2
4547,23,3
4547,25,3
4548,32,1
4548,93,3
4549,22,1
4549,16,2
4549,77,2
4549,46,2
4550,88,1
4550,87,1
4550,7,3
4551,46,1
4551,91,2
4551,73,3
4551,37,2
4551,20,1
4552,7,1
4553,18,3
4553,54,3
4553,44,3
4553,90,2
4553,2,3
4554,48,2
4555,18,3
4555,19,2
4555,46,2
4555,99,2
4556,71,3
4556,39,3
4557,16,2
4557,83,2
4558,77,2
4559,47,2
4559,94,1
4559,87,2
4559,48,1
4560,40,1
4560,5,3
4560,60,2
4560,25,2
4561,25,1
4561,84,2
4561,27,1
4562,25,3
4562,26,2
4562,24,2
4562,15,1
4563,17,3
4563,12,1
4564,60,1
4564,8,3
4565,65,1
4565,31,3
4565,43,3
4566,60,3
4566,72,1
4566,40,3
4566,1,3
4566,54,3
4567,73,2
4567,58,2
4567,78,2
4567,44,3
4567,74,2
4568,32,2
4568,83,3
4568,34,1
4568,37,2
4569,19,2
4569,60,1
4570,90,3
4570,8,1
4571,83,2
4571,17,3
4571,90,3
4571,28,3
4571,20,2
4572,66,2
4572,10,2
4572,36,1
4572,71,1
4572,67,2
4573,51,3
4573,50,1
4573,8,1
4573,81,1
4573,70,3
4574,35,3
4575,62,1
4575,56,1
4575,72,3
4575,61,1
4575,91,3
4576,60,3
4576,71,1
4577,46,2
4577,45,1
4577,13,3
4577,84,1
4577,41,3
4578,28,1
4578,25,2
4579,14,3
4579,39,1
4579,9,1
4579,16,1
4580,79,3
4580,87,3
4580,69,3
4580,43,2
4580,81,3
4581,67,1
4581,64,2
4581,37,1
4581,85,1
4582,29,3
4582,97,1
4582,35,1
4582,33,1
4583,33,1
4583,95,3
4583,9,3
4583,66,3
4584,45,3
4584,74,2
4584,86,1
4584,84,1
4584,85,1
4585,22,1
4585,32,1
4585,62,3
4585,92,3
4586,77,2
4587,60,2
4587,13,1
4587,29,2
4587,70,3
4588,44,1
4588,54,1
4588,57,2
4588,48,3
4588,60,3
4589,75,2
4590,51,2
4590,2,1
4590,12,2
4590,79,1
4590,31,3
4591,68,3
4592,71,2
4592,79,2
4592,15,1
4592,90,1
4593,16,2
4593,2,2
4594,82,2
4594,88,2
4594,15,1
4594,21,3
4594,91,1
4595,4,2
4595,17,2
4595,61,3
4596,32,1
4597,31,3
4597,71,3
4597,8,3
4598,75,2
4599,82,2
4599,75,1
4599,96,3
4599,18,1
4599,93,3
4600,9,3
4600,44,1
4601,83,2
4601,68,1
4601,25,1
4602,11,1
4602,84,2
4602,62,2
4602,8,2
4603,35,3
4603,67,2
4603,83,1
4603,94,2
4603,73,2
4604,88,2
4604,62,3
4604,79,3
4604,76,2
4604,49,3
4605,14,3
4606,88,1
4606,9,1
4607,40,1
4608,62,1
4608,49,2
4609,81,2
4609,53,2
4609,6,2
4609,68,3
4610,7,2
4610,5,3
4610,98,1
4610,27,1
4611,53,3
4612,80,2
4612,96,2
4613,90,3
4613,55,1
4614,42,1
4615,26,3
4615,6,3
4615,62,1
4615,98,2
4616,8,3
4616,49,2
4616,58,2
4616,94,3
4616,72,1
4617,74,1
4617,55,2
4617,91,1
4618,45,3
4618,68,3
4619,95,3
4620,44,2
4620,66,3
4620,63,3
4621,86,2
4621,72,1
4621,48,2
4622,46,3
4622,92,2
4622,72,3
4622,40,3
4622,100,3
4623,80,2
4623,21,2
4623,39,2
4623,93,1
4623,48,1
4624,88,2
4624,86,1
4624,52,3
4624,13,1
4625,86,2
4625,45,2
4625,26,3
4625,37,3
4625,10,1
4626,27,2
4626,97,3
4627,2,1
4627,62,3
4627,32,1
4627,61,3
4628,11,3
4628,10,2
4629,95,2
4629,81,2
4629,85,1
4630,12,3
4630,76,2
4630,28,3
4630,73,3
4631,60,3
4631,13,2
4631,65,3
4632,69,3
4632,12,3
4632,29,3
4632,25,2
4632,34,3
4633,35,1
4633,87,2
4633,19,2
4633,91,1
4634,85,3
4634,37,3
4635,36,1
4635,19,1
4636,89,1
4636,12,1
4636,8,3
4636,23,2
4636,88,1
4637,15,1
4637,38,2
4637,41,3
4637,98,2
4638,19,1
4638,33,3
4638,41,2
4639,33,2
4639,75,3
4639,51,3
4639,29,3
4640,81,1
4640,62,2
4640,39,1
4640,19,3
4640,82,3
4641,38,3
4641,77,3
4641,86,3
4642,22,2
4642,18,2
4642,98,3
4642,84,3
4642,61,1
4643,37,3
4643,23,1
4643,65,1
4643,64,1
4644,32,2
4645,41,2
4645,66,1
4645,92,3
4645,68,1
4645,24,3
4646,25,2
4646,93,3
4646,60,1
4646,27,2
4647,93,3
4647,13,3
4647,15,1
4648,6,2
4649,83,1
4649,88,1
4649,93,3
4650,21,1
4650,1,2
4651,77,2
4652,3,1
4652,45,3
4652,22,2
4652,9,1
4653,45,3
4653,43,3
4653,67,2
4653,26,1
4654,70,2
4654,92,1
4654,48,1
4655,30,3
4655,17,1
4655,12,3
4655,71,3
4655,93,1
4656,26,2
4656,5,2
4656,66,3
4656,80,2
4656,39,1
4657,79,3
4657,81,2
4657,30,1
4657,7,2
4657,22,1
4658,40,3
4658,62,2
4658,43,1
4658,49,3
4659,79,2
4659,5,2
4659,42,1
4659,70,3
4659,73,3
4660,17,1
4660,63,1
4661,70,1
4661,8,3
4661,48,3
4661,78,1
4662,91,3
4662,77,1
4662,64,1
4662,36,1
4662,51,3
4663,39,2
4663,16,3
4664,10,1
4664,96,3
4664,77,1
4665,100,1
4665,55,3
4665,24,3
4666,11,3
4667,98,1
4667,3,3
4667,83,3
4667,63,2
4668,25,2
4668,66,1
4668,11,3
4668,80,1
4669,66,2
4670,18,1
4670,76,2
4670,43,2
4670,51,1
4670,35,1
4671,75,3
4671,49,2
4671,41,2
4671,27,1
4672,54,2
4672,78,1
4672,12,2
4672,59,3
4673,53,2
4674,45,3
4674,85,2
4674,66,1
4675,89,2
4675,6,3
4675,21,3
4676,74,3
4676,59,1
4676,71,1
4676,54,1
4676,12,3
4677,43,3
4677,13,2
4678,23,2
4679,92,3
4679,68,1
4679,40,1
4679,23,2
4680,100,3
4680,42,3
4680,81,2
4681,85,1
4682,19,1
4682,37,1
4683,13,2
4683,54,2
4684,47,1
4684,85,2
4684,24,1
4685,56,2
4686,40,2
4686,26,1
4686,10,3
4687,78,1
4687,11,3
4687,16,3
4687,87,3
4688,63,3
4688,68,3
4688,58,3
4689,91,1
4689,50,2
4690,27,3
4690,96,1
4691,7,2
4692,79,2
4692,41,2
4692,86,3
4692,3,2
4692,42,2
4693,31,1
4693,38,2
4693,5,2
4694,89,2
4694,32,2
4694,65,3
4694,81,3
4695,48,1
4695,100,1
4695,85,2
4695,17,2
4696,25,1
4696,18,2
4696,75,2
4697,70,2
4697,32,2
4697,51,2
4697,63,3
4698,11,3
4698,16,2
4698,89,1
4699,70,2
4699,88,2
4700,72,1
4700,81,3
4700,24,3
4700,48,2
4700,10,2
4701,15,1
4701,29,2
4702,82,3
4702,35,2
4703,1,1
4703,75,1
4703,8,2
4704,95,3
4704,99,1
4704,36,3
4704,60,3
4704,23,1
4705,24,2
4706,48,2
4706,10,3
4707,50,3
4707,73,2
4707,90,3
4707,38,2
4708,30,2
4708,60,3
4708,98,2
4708,22,1
4708,65,3
4709,49,2
4710,83,2
4710,21,3
4711,25,1
4712,57,2
4712,21,1
4712,39,1
4712,61,3
4712,96,1
4713,25,3
4713,53,3
4713,30,1
4713,45,2
4713,46,3
4714,63,2
4715,18,1
4715,19,2
4716,45,3
4716,52,1
4716,70,1
4717,42,2
4717,43,1
4717,55,1
4718,64,2
4718,96,1
4718,41,2
4718,32,3
4719,98,1
4719,35,1
4719,11,1
4720,20,1
4720,92,3
4720,83,2
4721,95,2
4722,33,2
4722,9,2
4722,45,1
4722,19,3
4723,87,1
4723,39,1
4723,11,2
4723,82,2
4723,47,2
4724,71,1
4724,76,2
4724,12,3
4724,27,2
4725,7,3
4725,38,1
4725,20,2
4725,4,3
4725,14,1
4726,17,3
4726,42,2
4727,82,1
4727,18,1
4727,47,3
4727,43,3
4727,50,2
4728,81,3
4728,46,3
4728,18,3
4728,78,1
4729,7,1
4729,26,2
4729,50,2
4729,22,1
4729,14,3
4730,2,2
4731,76,1
4731,39,1
4732,75,2
4733,92,3
4733,2,2
4733,95,3
4733,11,1
4734,29,3
4734,79,1
4734,28,2
4734,40,2
4734,19,1
4735,86,2
4735,92,3
4735,93,2
4736,27,1
4736,95,1
4736,47,3
4736,71,3
4737,27,2
4737,35,2
4737,92,1
4737,82,1
4738,88,3
4738,75,3
4738,22,3
4739,18,2
4739,53,3
4739,69,1
4739,66,2
4740,25,1
4740,64,1
4741,21,1
4742,64,1
4742,43,3
4742,58,1
4743,37,3
4743,38,1
4743,48,1
4743,50,2
4744,52,2
4744,28,1
4744,34,3
4744,90,3
4745,52,3
4746,2,2
4746,9,2
4747,25,1
4747,16,3
4747,1,3
4748,26,2
4748,69,3
4748,54,1
4749,67,3
4749,4,1
4750,12,1
4751,74,2
4751,52,1
4751,70,1
4752,79,3
4752,58,1
4752,32,1
4752,22,3
4753,63,3
4753,86,1
4753,87,2
4754,57,3
4754,38,2
4754,62,1
4754,17,1
4755,56,1
4755,83,3
4755,50,2
4755,65,1
4755,1,3
4756,83,2
4756,31,3
4756,66,3
4756,76,2
4756,56,1
4757,78,2
4757,10,2
4758,54,1
4759,65,1
4759,67,1
4759,77,1
4759,89,1
4760,95,2
4760,17,3
4760,70,3
4760,87,3
4761,6,3
4761,42,1
4762,4,1
4762,23,2
4763,88,1
4764,63,1
4764,39,3
4765,79,1
4765,54,3
4765,48,2
4766,57,1
4766,89,1
4766,5,2
4766,90,2
4767,20,3
4767,92,2
4767,9,1
4768,69,3
4768,11,1
4768,88,3
4768,22,3
4768,70,3
4769,80,3
4770,64,1
4770,5,1
4771,62,1
4771,74,2
4771,87,2
4771,47,2
4772,40,3
4773,21,3
4773,23,3
4773,86,3
4773,32,3
4774,80,1
4774,88,2
4775,32,3
4775,71,1
4775,50,2
4775,51,3
4776,85,1
4776,8,3
4776,19,3
4777,27,2
4777,44,1
4777,10,3
4778,32,3
4778,21,1
4779,50,2
4780,5,3
4780,43,2
4780,75,3
4780,9,1
4781,63,3
4781,46,3
4781,48,2
4781,40,1
4782,70,2
4782,11,3
4782,100,3
4782,18,3
4782,90,2
4783,54,2
4783,12,2
4784,98,2
4785,5,2
4785,16,2
4785,69,3
4785,59,3
4785,93,1
4786,73,2
4786,69,2
4786,83,2
4786,67,1
4786,1,2
4787,51,3
4787,28,1
4787,10,2
4787,79,3
4788,14,1
4789,28,3
4790,61,2
4791,81,2
4791,74,1
4792,46,2
4792,88,3
4793,39,2
4793,7,2
4793,95,1
4793,64,3
4793,100,3
4794,88,3
4795,49,3
4795,35,2
4795,65,3
4795,1,2
4795,22,2
4796,30,3
4796,66,2
4796,78,2
4796,11,1
4797,78,1
4797,64,3
4797,27,3
4798,90,3
4798,85,1
4798,74,1
4798,28,1
4798,11,1
4799,98,3
4799,22,3
4799,20,2
4799,21,2
4799,72,3
4800,31,3
4800,35,3
4800,18,2
4800,74,3
4801,61,1
4801,17,1
4801,75,1
4802,98,1
4802,14,2
4802,35,2
4802,30,1
4802,84,1
4803,47,3
4803,78,2
4803,66,1
4803,81,2
4804,85,3
4804,30,3
4804,16,3
4804,93,2
4805,10,1
4805,57,2
4805,75,3
4805,64,3
4805,19,1
4806,73,2
4807,80,1
4807,43,3
4807,34,1
4807,37,1
4807,30,3
4808,54,3
4809,52,3
4810,62,1
4811,2,1
4811,77,3
4811,88,1
4811,97,2
4811,50,2
4812,15,1
4812,95,1
4812,79,3
4812,52,2
4812,98,3
4813,19,2
4813,1,1
4813,29,3
4814,100,2
4815,93,1
4815,8,2
4816,42,2
4816,75,1
4817,98,2
4818,87,3
4819,47,1
4819,19,2
4820,74,1
4820,68,3
4821,2,2
4821,91,3
4821,71,3
4821,17,3
4821,66,3
4822,65,2
4822,51,1
4822,26,3
4823,22,3
4824,97,1
4824,96,1
4824,19,1
4824,92,2
4824,86,1
4825,81,1
4825,19,3
4825,73,1
4826,73,3
4827,27,3
4827,32,2
4827,7,2
4828,32,2
4828,19,1
4828,37,2
4828,3,2
4829,93,1
4829,65,3
4829,41,1
4829,46,3
4830,84,3
4830,56,1
4831,6,3
4832,50,1
4832,73,2
4832,85,1
4832,39,2
4832,51,2
4833,7,3
4833,12,1
4833,75,2
4833,3,1
4834,64,3
4835,47,2
4835,87,1
4836,55,1
4836,66,2
4837,38,2
4837,75,2
4838,59,3
4838,22,1
4838,1,2
4838,55,2
4839,39,2
4839,41,3
4839,58,3
4839,47,2
4840,36,3
4840,17,3
4841,94,2
4841,50,3
4841,61,3
4841,40,3
4842,30,3
4842,19,2
4843,84,2
4843,27,3
4843,55,2
4843,86,2
4843,70,2
4844,73,1
4844,39,3
4844,94,2
4844,59,1
4844,50,2
4845,34,3
4845,3,1
4845,41,1
4846,46,3
4846,38,1
4846,90,2
4846,34,1
4847,48,2
4847,69,3
4848,22,3
4849,81,3
4849,38,2
4849,28,2
4850,32,2
4850,36,2
4850,86,3
4850,79,2
4850,62,2
4851,28,1
4851,79,1
4851,36,2
4851,40,3
4852,14,3
4852,39,3
4853,40,3
4854,2,1
4854,84,3
4854,73,3
4855,54,1
4856,60,3
4856,5,2
4856,82,1
4856,37,3
4857,6,1
4857,1,3
4858,3,1
4858,57,1
4858,86,1
4859,72,2
4859,78,2
4859,17,2
4859,60,1
4860,99,1
4860,25,1
4860,35,3
4861,55,2
4861,98,1
4861,30,3
4861,77,3
4861,41,1
4862,53,3
4862,52,3
4862,28,3
4862,50,2
4863,100,1
4863,14,1
4863,84,3
4864,23,1
4864,71,2
4865,17,2
4865,82,2
4865,40,3
4865,69,3
4865,91,2
4866,81,1
4867,77,3
4868,9,2
4868,27,2
4868,99,1
4869,13,2
4869,70,1
4869,97,1
4870,97,3
4870,53,1
4870,2,2
4870,10,2
4870,98,1
4871,8,1
4871,66,1
4872,23,3
4872,54,1
4873,31,3
4873,17,1
4873,14,3
4873,19,2
4874,80,2
4875,28,2
4875,79,3
4875,55,2
4876,45,1
4876,30,1
4876,61,3
4877,80,2
4877,82,2
4877,22,2
4877,83,1
4878,87,2
4878,69,2
4878,61,3
4879,86,3
4879,9,2
4880,35,2
4880,91,1
4880,66,3
4880,10,1
4881,97,1
4881,14,3
4882,6,3
4882,46,1
4882,65,1
4882,34,2
4882,33,1
4883,50,1
4883,10,3
4883,80,1
4883,78,2
4883,19,1
4884,25,1
4884,26,3
4884,98,3
4884,95,3
4885,55,1
4885,83,1
4886,57,3
4886,33,2
4886,59,3
4887,40,2
4887,19,2
4887,86,3
4887,55,3
4887,98,3
4888,2,1
4889,18,3
4889,10,1
4889,60,1
4890,6,2
4890,17,2
4890,53,3
4891,22,2
4891,87,2
4891,32,2
4892,98,3
4892,13,3
4892,78,3
4893,24,3
4893,37,1
4893,76,1
4893,6,2
4893,69,3
4894,74,3
4894,77,1
4894,7,3
4894,57,1
4895,8,3
4895,95,2
4896,95,2
4897,55,3
4897,41,1
4897,8,1
4898,37,3
4898,64,3
4898,40,2
4898,22,1
4898,73,2
4899,6,3
4899,50,1
4899,86,2
4899,82,3
4899,40,2
4900,50,3
4900,24,3
4900,56,2
4900,25,3
4900,31,2
4901,66,1
4901,38,1
4901,85,3
4901,22,1
4902,85,2
4903,48,2
4903,73,1
4903,41,2
4903,66,1
4904,86,2
4905,50,2
4905,94,3
4905,79,3
4905,9,2
4906,88,1
4907,56,2
4908,83,3
4908,93,2
4908,4,1
4909,98,3
4910,48,3
4910,5,2
4910,69,3
4911,51,3
4911,25,1
4911,9,1
4912,24,3
4912,50,1
4912,62,1
4913,67,2
4913,87,3
4913,99,2
4914,39,1
4914,89,2
4914,99,2
4914,56,3
4915,9,1
4915,73,3
4916,86,1
4916,78,3
4916,32,3
4916,81,2
4916,95,2
4917,44,2
4917,83,2
4918,38,3
4918,12,2
4918,43,2
4918,60,3
4918,48,3
4919,17,1
4919,99,1
4919,73,1
4920,42,3
4920,100,3
4920,98,3
4921,41,3
4921,45,2
4921,73,2
4921,22,1
4921,59,3
4922,38,1
4922,30,2
4923,32,2
4923,68,1
4924,63,3
4924,66,2
4924,58,2
4924,96,3
4925,26,1
4925,75,1
4925,73,1
4926,79,3
4926,77,2
4926,7,3
4927,69,1
4928,27,3
4928,25,1
4928,24,2
4929,87,2
4929,39,1
4929,96,1
4930,78,3
4931,90,1
4931,80,1
4931,73,3
4932,2,2
4932,87,3
4932,82,2
4932,38,1
4933,35,2
4933,50,3
4934,57,3
4934,16,2
4934,93,2
4934,82,1
4934,15,3
4935,32,3
4935,84,1
4935,14,1
4935,55,2
4936,55,3
4936,11,1
4936,93,2
4936,44,3
4936,10,3
4937,34,3
4937,63,2
4938,86,2
4938,19,1
4938,66,1
4939,27,2
4939,19,2
4940,9,2
4940,60,3
4940,23,3
4941,9,2
4942,31,2
4942,22,2
4942,43,1
4943,49,1
4943,77,3
4943,84,2
4944,62,2
4944,19,1
4945,94,1
4945,21,1
4946,57,3
4946,52,3
4946,16,3
4946,36,2
4946,14,3
4947,91,2
4947,55,2
4947,13,3
4948,2,2
4948,63,3
4949,25,1
4950,99,3
4950,16,3
4950,95,3
4950,20,1
4950,75,1
4951,70,3
4951,65,3
4951,89,2
4952,27,2
4952,15,1
4953,73,3
4954,38,2
4955,81,2
4955,14,2
4956,77,3
4956,44,1
4957,47,1
4958,54,1
4959,37,2
4960,65,3
4960,76,1
4960,30,1
4960,39,3
4961,59,2
4961,66,3
4961,62,1
4961,13,2
4961,69,3
4962,76,3
4962,23,2
4962,68,2
4962,48,3
4963,2,2
4964,79,1
4964,91,3
4964,63,1
4964,15,2
4965,6,1
4965,77,2
4965,7,1
4966,93,2
4966,42,2
4966,18,1
4966,81,3
4966,25,1
4967,7,2
4967,38,2
4967,12,3
4967,13,2
4968,98,3
4968,97,3
4968,6,3
4969,69,3
4969,40,1
4969,27,3
4969,54,2
4970,87,1
4970,70,3
4971,3,3
4971,57,1
4972,91,2
4972,82,2
4972,22,3
4972,93,1
4972,79,1
4973,46,1
4973,95,3
4974,99,1
4975,87,1
4975,75,3
4975,66,1
4976,74,2
4976,55,2
4977,49,2
4977,17,2
4977,29,2
4977,40,1
4978,57,2
4978,52,3
4979,82,2
4979,32,3
4980,99,3
4980,31,3
4981,85,1
4981,93,2
4981,51,3
4981,64,2
4982,86,1
4982,33,3
4983,20,3
4983,63,3
4983,10,2
4983,25,1
4984,64,2
4985,99,3
4985,29,2
4986,61,3
4987,52,2
4987,90,1
4988,16,3
4988,30,3
4988,18,1
4988,33,3
4989,35,2
4989,12,2
4989,59,1
4990,30,3
4991,42,1
4991,99,2
4991,4,1
4991,67,3
4992,64,3
4992,4,3
4992,75,3
4992,32,2
4993,44,1
4993,22,1
4994,95,2
4994,63,1
4994,5,2
4995,18,2
4995,58,3
4995,56,1
4995,63,3
4996,37,3
4997,10,3
4997,87,2
4997,53,2
4998,30,3
4998,82,3
4998,21,3
4998,40,2
4998,33,3
4999,40,1
4999,42,1
5000,38,3
5001,87,2
5001,42,3
5001,23,1
5001,60,1
5001,21,2
5002,85,1
5002,88,2
5002,70,1
5003,33,3
5004,41,3
5004,58,2
5005,22,3
5005,51,3
5005,49,1
5006,22,1
5006,89,1
5006,50,2
5006,24,3
5006,8,3
5007,70,3
5007,88,1
5007,83,3
5008,56,1
5008,97,1
5009,7,3
5009,66,2
5010,46,2
5010,12,2
5011,25,2
5011,61,1
5012,82,1
5012,87,1
5013,92,1
5013,32,1
5013,93,3
5013,33,2
5014,63,3
5014,72,2
5014,50,3
5014,17,3
5014,93,1
5015,35,3
5015,28,2
5015,43,2
5015,62,1
5015,76,2
5016,100,3
5017,70,2
5017,34,3
5017,18,2
5017,26,2
5017,48,3
5018,62,2
5018,99,2
5018,34,2
5019,52,3
5019,82,1
5020,71,3
5021,21,1
5021,39,3
5021,88,3
5022,32,1
5022,28,3
5022,29,2
5022,57,3
5023,99,3
5023,23,3
5023,72,1
5023,19,1
5023,10,2
5024,36,3
5025,15,3
5026,6,3
5026,71,3
5026,79,2
5026,40,2
5027,96,2
5027,33,1
5027,7,3
5028,88,3
5028,46,3
5028,93,2
5029,45,2
5029,9,3
5029,41,3
5029,54,2
5029,75,3
5030,63,3
5030,98,3
5030,42,1
5030,76,1
5031,80,3
5032,37,3
5032,39,2
5033,97,3
5033,52,2
5033,62,3
5033,27,1
5034,33,3
5035,100,2
5035,20,1
5036,70,1
5036,84,1
5036,43,3
5037,39,3
5037,99,1
5037,16,3
5038,50,2
5038,100,1
5039,14,2
5039,61,1
5039,8,3
5039,70,2
5040,67,1
5040,66,1
5040,50,1
5041,66,2
5041,30,2
5042,9,1
5043,52,2
5043,86,1
5043,94,2
5043,99,2
5044,76,1
5045,47,2
5045,40,3
5046,86,1
5046,64,3
5046,94,1
5046,96,3
5046,45,3
5047,14,3
5047,84,3
5047,47,2
5047,21,1
5047,55,1
5048,52,2
5049,50,3
5050,28,1
5050,68,3
5050,58,2
5050,63,2
5050,14,1
5051,73,3
5051,65,2
5051,85,2
5052,73,3
5052,62,2
5052,82,3
5052,53,3
5052,63,2
5053,51,3
5054,62,1
5054,54,2
5055,84,3
5055,44,3
5056,55,1
5056,96,3
5056,60,3
5056,94,1
5056,61,2
5057,64,2
5057,16,1
5057,10,1
5058,16,3
5058,71,1
5058,26,2
5058,43,2
5058,23,1
5059,91,1
5059,3,2
5060,14,3
5060,92,2
5061,63,1
5061,56,2
5061,60,1
5061,36,2
5061,51,1
5062,66,1
5063,38,3
5064,31,1
5064,91,1
5064,41,3
5064,70,3
5065,70,1
5065,10,1
5065,13,2
5065,100,2
5066,17,2
5066,24,3
5066,46,1
5067,79,3
5067,54,3
5068,71,3
5068,19,1
5068,20,2
5068,37,3
5068,4,2
5069,86,1
5070,48,3
5071,36,1
5071,83,3
5071,48,1
5071,99,2
5072,88,2
5072,87,1
5072,95,2
5072,96,3
5073,34,1
5073,54,3
5073,51,1
5073,77,3
5074,40,3
5074,83,1
5074,3,1
5074,18,2
5075,35,2
5075,76,3
5075,59,1
5076,96,3
5077,28,2
5077,13,3
5078,57,2
5078,96,3
5078,75,1
5078,37,1
5079,23,3
5079,39,3
5080,44,2
5080,11,2
5080,80,1
5080,83,3
5081,91,2
5082,12,2
5082,91,3
5082,71,2
5082,65,2
5082,100,2
5083,71,1
5083,45,2
5084,19,1
5084,71,1
5085,86,1
5085,97,3
5085,13,3
5085,14,3
5086,92,2
5086,65,3
5086,19,3
5086,93,2
5087,37,2
5087,33,2
5087,30,2
5088,48,3
5088,67,1
5089,66,3
5089,50,2
5090,52,2
5090,86,1
5090,28,3
5090,76,2
5091,36,3
5091,65,3
5091,47,3
5091,14,2
5092,40,3
5092,49,2
5092,7,2
5092,8,2
5092,69,2
5093,93,1
5094,9,3
5094,40,1
5094,14,3
5095,31,2
5096,65,1
5096,99,3
5096,73,1
5096,24,2
5096,82,1
5097,30,3
5097,82,3
5097,87,2
5097,28,2
5098,26,3
5098,31,3
5098,36,2
5098,75,3
5098,70,2
5099,49,2
5099,38,1
5099,47,1
5099,24,2
5100,55,2
5100,80,2
5100,94,2
5100,99,3
5101,23,2
5101,38,3
5101,42,3
5101,44,1
5101,77,1
5102,27,3
5102,87,2
5103,24,2
5104,34,3
5104,71,1
5105,87,1
5105,77,3
5105,31,3
5105,70,1
5106,35,2
5106,5,2
5106,66,3
5106,58,1
5107,69,3
5108,68,2
5108,5,3
5108,60,3
5108,31,2
5109,65,1
5109,66,1
5109,70,1
5109,43,2
5110,41,3
5111,64,3
5111,40,3
5111,24,2
5111,39,3
5112,5,3
5112,91,2
5113,87,2
5113,92,1
5114,94,1
5114,65,2
5114,12,1
5114,7,3
5115,96,3
5115,73,1
5115,27,1
5115,64,2
5116,4,2
5117,10,1
5117,6,3
5117,40,2
5117,16,1
5118,63,3
5118,70,2
5118,100,2
5118,62,2
5118,12,3
5119,62,2
5119,95,3
5119,51,2
5120,31,3
5120,62,1
5121,27,3
5121,39,2
5121,13,1
5122,32,2
5122,3,1
5122,61,2
5122,95,3
5123,91,3
5124,35,3
5124,44,2
5124,58,1
5124,100,1
5125,69,2
5125,34,3
5125,24,2
5126,42,3
5126,53,1
5127,15,1
5127,42,3
5127,49,3
5128,76,1
5128,27,2
5128,65,1
5129,12,1
5130,5,1
5131,23,1
5131,51,3
5131,36,3
5132,78,3
5133,17,3
5133,78,1
5133,27,3
5133,11,1
5134,66,2
5134,7,2
5134,61,2
5134,14,3
5135,100,1
5135,98,1
5135,44,1
5135,72,1
5135,14,3
5136,26,3
5137,33,3
5137,55,2
5138,40,1
5138,87,1
5138,68,3
5138,78,2
5139,28,1
5139,16,1
5139,64,1
5140,5,1
5140,28,1
5140,1,2
5140,80,2
5141,10,1
5142,76,3
5143,93,1
5143,76,2
5143,49,3
5143,98,1
5144,76,1
5144,75,1
5144,50,2
5144,52,2
5144,48,2
5145,16,2
5145,80,3
5146,91,2
5146,5,2
5147,31,1
5147,36,1
5148,55,3
5148,66,1
5148,81,1
5149,39,2
5150,42,1
5150,40,3
5150,19,1
5150,92,1
5151,80,3
5151,51,3
5151,20,2
5152,10,1
5152,85,1
5152,63,2
5153,11,1
5153,68,2
5154,25,1
5154,40,3
5154,47,2
5154,61,3
5155,96,1
5155,76,3
5155,80,1
5156,84,3
5156,90,2
5156,12,3
5156,23,1
5156,67,1
5157,23,2
5157,5,1
5157,88,2
5157,70,1
5157,87,3
5158,24,3
5158,26,3
5159,76,2
5159,67,2
5159,29,2
5159,87,3
5160,42,3
5160,61,2
5160,77,3
5160,40,1
5160,32,1
5161,66,2
5161,22,1
5161,36,3
5161,27,2
5162,73,3
5162,40,2
5162,37,2
5162,96,2
5162,48,2
5163,85,2
5163,48,1
5163,33,3
5163,4,3
5164,63,2
5164,62,2
5164,82,2
5164,39,3
5164,16,3
5165,24,2
5165,80,3
5166,14,2
5166,41,3
5166,23,1
5167,56,1
5167,70,1
5168,8,2
5168,4,2
5168,98,2
5169,83,1
5169,100,2
5169,76,1
5169,95,2
5170,45,3
5170,61,3
5170,81,2
5170,66,3
5170,51,3
5171,60,1
5171,27,3
5172,77,2
5172,90,3
5173,32,3
5173,21,3
5174,89,2
5174,23,2
5175,6,3
5175,82,2
5175,66,3
5175,75,2
5175,48,1
5176,74,1
5177,29,1
5177,26,3
5177,5,2
5177,87,2
5178,45,1
5178,27,1
5178,69,3
5178,37,2
5179,37,2
5179,78,2
5180,91,1
5180,77,1
5180,11,3
5180,70,1
5181,64,2
5181,50,2
5181,92,3
5181,62,3
5182,35,2
5183,21,3
5183,40,3
5184,33,3
5184,8,3
5184,17,2
5185,1,2
5185,42,2
5185,65,2
5186,96,3
5186,82,2
5186,80,1
5187,88,3
5187,19,2
5188,31,3
5189,53,3
5189,70,1
5189,40,2
5189,38,2
5189,15,1
5190,34,3
5190,30,2
5190,61,2
5190,67,2
5191,37,1
5191,75,1
5191,46,2
5191,74,2
5192,9,2
5192,52,3
5192,87,2
5192,16,2
5193,49,2
5193,73,2
5193,70,3
5193,74,3
5193,38,1
5194,22,1
5194,9,1
5194,4,3
5194,52,3
5195,83,3
5195,64,1
5195,63,1
5195,65,2
5196,49,2
5197,37,2
5197,20,1
5198,23,3
5199,75,2
5199,1,2
5199,81,2
5199,91,3
5200,4,1
5200,76,2
5200,66,1
5200,14,3
5200,91,2
5201,16,1
5201,69,1
5201,3,3
5201,19,3
5201,80,2
5202,14,1
5202,78,2
5202,21,2
5203,42,1
5203,43,1
5203,54,1
5203,13,1
5204,34,2
5205,42,1
5205,20,2
5206,4,2
5206,39,3
5207,70,3
5207,59,1
5207,86,2
5207,28,3
5207,81,2
5208,73,1
5208,57,3
5208,25,2
5208,43,1
5208,54,2
5209,46,3
5209,13,3
5210,18,3
5210,73,2
5211,22,2
5211,27,3
5211,82,1
5211,72,2
5211,62,3
5212,30,1
5212,91,2
5212,82,3
5212,50,1
5213,26,1
5213,83,2
5213,99,2
5213,88,1
5214,61,3
5214,47,1
5215,44,2
5216,26,1
5216,79,3
5216,99,3
5217,21,1
5217,61,2
5217,27,1
5217,98,2
5217,68,3
5218,56,3
5218,6,1
5218,81,2
5219,86,2
5220,78,3
5220,25,3
5221,93,2
5221,28,2
5222,15,1
5222,20,3
5223,82,1
5223,15,2
5224,80,2
5224,79,1
5224,95,3
5225,57,3
5225,10,3
5225,18,2
5225,75,1
5226,84,1
5226,62,3
5226,7,2
5226,92,3
5226,26,2
5227,99,2
5228,76,1
5228,94,2
5228,28,3
5228,42,2
5229,72,2
5229,97,2
5229,20,1
5230,63,1
5230,85,1
5231,6,2
5231,82,3
5231,73,3
5231,23,3
5231,9,3
5232,45,3
5233,81,2
5233,52,1
5233,53,2
5233,69,2
5234,95,2
5234,48,2
5235,24,1
5235,4,3
5235,48,2
5235,76,2
5236,54,1
5236,33,2
5236,51,2
5236,96,1
5237,39,1
5237,76,2
5237,31,2
5238,17,3
5238,68,1
5239,11,1
5239,39,2
5239,40,3
5240,66,3
5240,31,3
5240,76,2
5240,91,3
5241,80,1
5241,86,1
5241,13,1
5241,62,1
5242,41,1
5242,18,1
5242,27,1
5242,3,2
5242,32,2
5243,93,1
5243,61,3
5244,70,2
5244,9,2
5244,75,1
5244,49,1
5245,65,3
5245,5,2
5246,4,1
5246,30,3
5247,62,3
5247,100,1
5247,95,2
5248,80,3
5248,8,2
5248,96,2
5249,7,3
5249,52,1
5250,89,3
5250,92,3
5250,8,3
5250,88,1
5251,67,1
5251,70,3
5251,71,2
5252,80,1
5252,18,3
5253,8,1
5253,87,3
5254,42,1
5255,76,3
5255,15,2
5255,49,3
5256,54,2
5256,3,3
5256,89,1
5256,6,1
5257,29,2
5258,56,3
5258,49,3
5258,13,2
5259,32,3
5260,39,2
5260,42,3
5260,2,2
5261,54,1
5261,29,3
5261,42,3
5261,70,3
5262,91,3
5263,88,1
5264,34,2
5264,5,1
5265,34,1
5265,6,3
5265,90,2
5265,23,3
5265,79,1
5266,51,2
5266,56,2
5266,35,3
5266,78,3
5267,31,3
5267,92,2
5267,81,1
5267,51,3
5267,24,1
5268,40,3
5268,32,3
5268,42,3
5268,38,2
5268,54,3
5269,29,1
5269,35,2
5269,32,1
5270,20,1
5270,55,2
5270,15,1
5271,50,2
5271,6,1
5272,38,3
5272,79,3
5273,25,3
5273,74,1
5273,100,1
5273,3,1
5273,70,3
5274,65,2
5274,32,1
5274,47,3
5275,89,1
5275,26,1
5276,48,1
5277,95,2
5278,47,1
5278,11,1
5279,94,3
5280,65,1
5280,29,1
5281,30,3
5281,13,1
5281,83,2
5282,64,3
5282,71,2
5282,23,1
5282,51,3
5283,86,1
5284,86,3
5284,28,3
5285,28,1
5285,54,1
5285,66,1
5285,3,1
5286,12,2
5286,87,3
5286,33,1
5286,82,3
5286,54,2
5287,84,2
5287,67,2
5287,59,1
5287,64,3
5288,99,3
5288,57,3
5289,52,3
5289,57,2
5290,99,2
5290,89,1
5290,29,1
5291,7,1
5291,49,1
5292,11,3
5293,79,3
5293,53,1
5293,83,3
5294,31,1
5294,85,3
5294,87,3
5294,76,3
5294,90,3
5295,46,2
5295,14,2
5295,91,2
5296,20,2
5297,35,2
5297,18,2
5297,38,1
5297,87,3
5297,92,1
5298,98,3
5298,75,3
5298,76,2
5298,30,1
5298,73,1
5299,59,2
5300,4,3
5300,88,3
5300,15,1
5300,91,1
5301,42,1
5301,73,3
5302,68,2
5302,54,3
5302,9,2
5303,8,2
5303,14,2
5303,97,1
5304,65,3
5304,57,2
5304,28,3
5304,17,3
5305,45,3
5305,23,1
5305,37,1
5306,13,1
5306,24,2
5307,87,2
5307,83,2
5307,92,2
5307,48,1
5307,80,1
5308,55,3
5308,27,2
5308,2,1
5309,20,1
5309,78,1
5309,61,1
5309,27,2
5310,89,1
5310,40,2
5311,77,3
5311,57,1
5311,47,3
5311,11,2
5311,85,1
5312,99,3
5312,77,3
5312,89,3
5312,81,2
5313,35,1
5313,70,1
5314,12,2
5315,99,3
5315,29,1
5315,13,1
5315,14,1
5316,78,3
5316,10,3
5316,59,2
5317,56,2
5318,85,1
5318,64,1
5319,18,3
5319,16,2
5320,11,3
5321,11,1
5321,88,1
5321,47,3
5321,58,1
5321,55,3
5322,80,1
5322,36,3
5322,63,2
5322,72,2
5323,45,2
5323,62,1
5324,58,1
5325,83,2
5326,88,1
5327,67,3
5327,66,1
5327,100,1
5328,11,1
5329,21,2
5329,66,2
5329,57,3
5329,5,1
5329,3,1
5330,99,2
5330,49,2
5330,73,3
5331,74,2
5331,7,3
5332,8,3
5332,67,3
5332,63,3
5332,89,3
5332,81,3
5333,9,3
5333,67,1
5333,99,2
5333,6,1
5334,95,1
5334,66,2
5335,80,2
5335,31,3
5335,18,2
5335,17,1
5336,62,1
5336,41,3
5336,4,3
5336,34,3
5336,92,1
5337,42,1
5337,58,2
5337,76,3
5338,16,1
5338,11,3
5338,65,1
5338,31,2
5339,36,1
5339,1,1
5340,68,2
5341,36,3
5341,85,2
5341,32,3
5341,8,1
5342,70,3
5342,5,1
5342,46,2
5342,59,1
5342,61,3
5343,3,3
5343,47,2
5343,67,2
5344,40,1
5344,67,3
5345,5,1
5345,39,3
5345,52,3
5346,37,2
5347,18,3
5347,89,1
5348,85,2
5348,56,2
5348,3,1
5348,18,1
5349,24,2
5349,92,3
5349,12,3
5350,39,3
5350,57,1
5350,42,2
5350,13,2
5351,38,3
5352,97,1
5352,8,2
5352,27,1
5352,36,1
5353,52,1
5353,58,3
5353,63,3
5353,99,2
5354,6,3
5354,51,2
5355,75,2
5355,48,2
5355,30,1
5355,14,1
5355,61,1
5356,87,2
5356,65,2
5356,58,3
5357,47,2
5357,93,1
5357,84,3
5357,16,2
5357,67,2
5358,17,2
5358,10,1
5358,33,3
5358,4,3
5359,91,1
5359,9,3
5359,79,1
5359,36,3
5360,33,3
5361,46,2
5361,23,2
5361,39,2
5361,62,1
5362,62,3
5362,92,2
5362,98,1
5363,50,2
5363,9,2
5363,90,2
5363,46,2
5363,18,1
5364,63,2
5364,97,1
5364,43,1
5365,88,1
5365,4,2
5365,33,2
5365,45,3
5365,7,2
5366,32,2
5366,39,1
5366,99,1
5366,17,1
5367,92,3
5367,48,1
5368,80,1
5368,5,3
5368,88,2
5368,42,1
5368,22,1
5369,37,1
5369,18,1
5369,6,2
5369,65,1
5370,96,1
5370,12,3
5371,86,1
5371,83,2
5371,29,3
5371,43,1
5371,59,2
5372,37,2
5373,33,2
5373,47,2
5374,1,2
5374,82,2
5375,70,2
5375,18,2
5375,77,3
5375,64,3
5375,35,3
5376,77,1
5376,61,1
5377,15,3
5377,5,1
5377,96,1
5378,8,2
5378,80,1
5378,34,1
5378,55,3
5379,4,3
5379,77,1
5379,100,2
5380,33,1
5381,84,3
5381,22,1
5382,6,3
5382,60,3
5383,93,2
5383,17,2
5383,78,2
5383,96,3
5384,89,1
5384,9,1
5384,90,2
5384,21,2
5385,16,2
5386,69,1
5386,24,3
5386,22,1
5386,47,2
5387,55,3
5387,49,3
5387,40,3
5387,8,1
5388,66,1
5389,77,3
5389,33,1
5390,53,3
5390,37,2
5390,16,2
5390,5,3
5390,20,3
5391,15,1
5391,47,2
5391,81,2
5391,21,2
5391,80,1
5392,93,3
5393,8,1
5393,48,1
5394,4,2
5394,19,3
5394,55,2
5394,76,2
5395,78,1
5395,95,1
5395,9,1
5396,5,1
5396,52,2
5397,12,1
5397,8,3
5397,38,1
5398,58,3
5399,28,3
5400,62,2
5400,1,2
5400,96,2
5400,18,3
5400,52,3
5401,49,3
5401,83,3
5401,69,2
5402,3,1
5402,6,2
5402,13,3
5402,87,3
5402,92,1
5403,40,2
5403,56,1
5403,16,1
5403,100,1
5403,53,2
5404,82,2
5405,78,2
5406,97,2
5406,7,1
5406,57,1
5407,80,1
5408,30,3
5408,72,2
5408,58,3
5409,40,2
5409,37,1
5409,75,3
5410,37,2
5410,67,1
5410,15,1
5410,98,3
5411,98,3
5411,44,2
5412,31,2
5412,86,3
5413,5,3
5413,12,3
5413,15,1
5413,22,1
5413,91,1
5414,46,3
5414,15,2
5414,63,2
5414,50,2
5414,97,2
5415,11,2
5416,19,2
5416,63,1
5416,72,1
5416,14,1
5416,57,3
5417,66,1
5418,5,2
5418,75,1
5419,36,2
5420,31,2
5420,96,1
5420,79,1
5420,17,3
5420,71,2
5421,50,1
5421,45,1
5421,49,3
5422,69,1
5422,56,3
5422,29,1
5422,64,2
5422,7,2
5423,45,3
5423,72,2
5423,90,1
5423,81,1
5423,29,1
5424,30,1
5424,96,1
5425,57,2
5425,63,1
5425,11,1
5426,39,1
5426,22,1
5426,85,2
5426,12,3
5427,17,1
5427,48,3
5427,5,3
5427,90,1
5427,92,1
5428,83,3
5428,8,2
5428,26,3
5428,24,2
5429,58,1
5429,80,1
5429,89,2
5430,62,1
5430,98,3
5430,78,2
5431,83,1
5431,37,3
5432,52,1
5432,90,1
5433,86,3
5433,32,1
5433,46,2
5434,27,3
5434,95,3
5434,37,3
5434,68,2
5434,77,1
5435,63,1
5435,44,2
5436,94,1
5436,57,1
5436,20,1
5436,42,2
5437,63,1
5437,43,1
5438,31,3
5438,15,1
5438,79,2
5438,45,2
5438,3,2
5439,53,2
5439,22,3
5440,3,2
5440,31,3
5440,54,3
5440,48,2
5440,97,1
5441,83,1
5441,75,3
5442,60,2
5442,39,1
5443,52,3
5444,75,1
5445,90,1
5445,54,1
5445,26,2
5445,17,2
5445,69,2
5446,94,1
5446,66,1
5446,14,1
5446,12,2
5446,65,3
5447,7,3
5447,41,2
5447,34,2
5448,85,1
5448,23,2
5448,100,3
5448,66,1
5448,9,1
5449,95,1
5450,44,2
5450,34,2
5450,91,2
5450,6,3
5450,37,2
5451,80,2
5451,38,3
5451,37,1
5452,72,2
5453,29,3
5454,54,1
5454,39,2
5454,64,1
5455,81,2
5456,61,2
5457,86,1
5457,100,1
5458,1,1
5458,21,1
5459,5,1
5459,2,2
5460,88,3
5461,54,2
5461,35,2
5461,36,2
5462,44,1
5462,97,2
5462,22,2
5463,21,2
5463,3,3
5463,71,2
5463,90,3
5463,16,1
5464,92,2
5465,20,3
5465,60,1
5465,92,1
5465,57,1
5465,26,2
5466,77,1
5466,61,3
5466,17,3
5466,13,1
5466,59,3
5467,86,2
5467,78,1
5467,96,3
5467,97,3
5468,58,2
5469,9,3
5469,73,1
5469,39,1
5469,38,2
5470,42,3
5470,36,3
5470,46,1
5470,58,1
5470,8,2
5471,78,3
5471,88,3
5471,30,1
5471,19,2
5471,100,2
5472,93,2
5472,19,2
5472,17,3
5472,85,2
5472,49,3
5473,30,3
5473,12,1
5473,77,3
5473,19,2
5474,48,2
5475,68,1
5475,58,2
5475,27,3
5475,78,2
5476,35,1
5476,6,2
5476,28,1
5476,100,1
5477,69,2
5477,86,1
5477,42,2
5477,20,1
5477,51,2
5478,29,3
5478,96,2
5478,95,3
5478,28,3
5479,1,1
5479,49,2
5479,27,2
5479,81,1
5479,32,1
5480,51,3
5480,86,2
5480,50,1
5480,33,1
5480,4,3
5481,58,2
5481,91,3
5481,54,2
5482,6,1
5483,64,2
5484,50,2
5484,85,3
5485,81,3
5485,68,2
5485,66,1
5485,17,1
5486,48,3
5487,36,1
5487,39,2
5488,91,3
5489,100,1
5490,73,3
5490,51,1
5490,50,1
5490,24,2
5491,61,2
5491,80,3
5491,72,1
5492,37,2
5492,46,1
5492,54,1
5493,34,3
5494,42,3
5494,43,3
5495,93,2
5495,10,2
5495,73,3
5496,45,1
5496,17,3
5496,15,1
5497,86,1
5497,21,3
5498,18,2
5498,77,2
5498,76,2
5498,100,3
5498,63,3
5499,67,1
5499,100,3
5500,49,1
5500,13,2
5500,20,3
5500,38,3
5501,91,3
5502,88,2
5502,35,3
5502,21,2
5503,85,1
5503,27,1
5504,66,2
5504,34,3
5504,48,3
5504,93,2
5505,83,3
5505,10,2
5505,66,3
5505,24,1
5505,63,1
5506,89,2
5507,4,3
5507,44,1
5507,67,1
5507,77,3
5508,54,1
5508,49,2
5509,53,2
5509,100,2
5509,15,3
5510,50,2
5510,75,2
5511,73,3
5511,78,2
5511,66,3
5511,46,3
5511,19,1
5512,46,1
5512,79,1
5512,76,3
5513,40,2
5513,39,2
5514,90,1
5515,60,2
5515,6,3
5515,65,3
5515,56,3
5515,73,3
5516,66,3
5517,62,1
5517,45,2
5518,57,3
5518,8,2
5518,88,1
5518,99,3
5519,3,2
5519,53,1
5519,45,2
5519,50,2
5520,58,3
5520,3,3
5520,31,2
5520,34,3
5521,32,1
5521,61,3
5521,77,2
5521,99,1
5521,88,2
5522,54,2
5523,58,1
5524,68,1
5525,17,2
5525,65,2
5525,6,1
5526,48,3
5526,5,3
5527,63,1
5527,61,3
5527,55,3
5527,35,3
5528,49,2
5529,17,2
5529,91,2
5529,75,1
5530,24,3
5530,66,3
5530,67,1
5530,97,1
5530,52,2
5531,61,1
5531,1,2
5532,22,2
5532,76,2
5532,5,1
5533,20,1
5534,56,2
5534,91,3
5535,54,2
5535,53,3
5535,18,3
5536,4,1
5537,19,2
5537,85,3
5537,51,3
5537,20,1
5537,63,2
5538,77,1
5539,88,2
5540,61,3
5540,56,2
5541,89,2
5541,56,1
5541,40,1
5541,90,1
5542,90,1
5542,11,2
5542,41,1
5542,69,3
5543,74,1
5544,14,3
5544,70,1
5544,9,2
5544,82,3
5544,60,3
5545,93,3
5545,19,1
5546,24,3
5546,89,1
5547,98,1
5547,66,3
5547,5,1
5548,49,1
5549,27,2
5550,27,1
5551,60,3
5551,61,1
5551,18,2
5551,1,2
5551,96,1
5552,63,2
5552,77,1
5552,5,3
5552,87,3
5552,88,2
5553,88,3
5553,41,3
5554,33,2
5554,10,2
5554,49,1
5555,13,2
5555,12,3
5556,15,3
5556,77,2
5556,24,3
5556,78,3
5557,79,3
5558,49,1
5558,6,3
5558,76,2
5559,20,3
5559,75,3
5559,4,3
5559,27,2
5560,96,2
5560,53,3
5560,16,3
5561,12,2
5561,81,2
5562,70,2
5562,34,1
5562,39,3
5563,78,1
5563,80,3
5564,69,3
5564,90,2
5564,34,2
5565,96,3
5565,5,2
5565,79,2
5565,26,2
5565,24,2
5566,25,3
5566,46,2
5566,26,2
5566,66,2
5567,21,1
5567,33,2
5567,3,3
5567,39,1
5567,100,2
5568,88,2
5568,20,1
5568,3,2
5568,9,2
5568,48,3
5569,15,1
5569,64,3
5569,51,2
5569,82,3
5570,2,1
5570,61,3
5571,8,2
5571,97,1
5571,38,3
5571,91,3
5572,100,1
5572,24,2
5572,84,3
5572,88,2
5573,55,3
5573,29,3
5573,74,1
5573,28,2
5573,89,2
5574,30,3
5574,34,2
5574,23,1
5575,83,1
5575,21,2
5575,85,1
5576,93,2
5576,38,2
5577,59,1
5577,17,1
5577,66,3
5577,56,3
5578,47,3
5579,25,1
5579,53,2
5579,81,2
5579,28,1
5579,71,3
5580,2,1
5580,72,3
5580,71,3
5580,11,1
5580,63,1
5581,24,2
5581,41,2
5581,88,2
5581,64,1
5581,36,3
5582,28,2
5582,79,2
5582,61,1
5583,37,2
5584,25,1
5584,62,3
5585,38,3
5585,22,2
5586,12,2
5586,37,3
5587,24,3
5588,50,1
5588,75,3
5589,97,2
5589,78,1
5590,27,1
5591,9,1
5592,45,3
5592,48,3
5592,12,1
5592,44,2
5592,96,2
5593,24,2
5593,46,2
5593,68,2
5593,25,2
5594,55,1
5594,81,3
5594,2,3
5594,26,2
5595,74,1
5595,70,3
5596,98,1
5596,78,3
5596,72,3
5597,74,3
5597,64,2
5597,39,1
5597,8,1
5598,17,3
5598,25,3
5599,24,2
5599,78,3
5599,10,3
5600,22,1
5601,7,3
5601,57,3
5601,21,1
5601,26,2
5602,74,2
5602,97,1
5602,24,2
5602,52,2
5602,32,1
5603,37,3
5603,67,3
5603,72,2
5604,67,2
5604,61,1
5604,97,2
5604,92,3
5605,67,2
5605,64,3
5605,46,3
5605,77,3
5606,15,3
5606,25,2
5606,61,1
5606,99,2
5607,34,2
5607,93,3
5607,32,2
5608,66,1
5608,15,3
5609,6,1
5609,30,2
5609,55,3
5609,69,3
5609,49,1
5610,42,3
5611,30,2
5611,32,1
5611,93,1
5611,15,3
5612,83,3
5612,98,1
5612,78,3
5612,92,2
5612,22,3
5613,35,2
5613,76,2
5613,95,2
5614,18,3
5615,53,2
5615,80,2
5615,68,3
5616,89,3
5617,79,2
5617,16,1
5617,34,1
5618,37,1
5618,3,1
5618,85,2
5619,38,2
5619,27,2
5619,22,3
5620,75,3
5620,25,1
5620,52,2
5620,79,3
5620,46,1
5621,17,3
5621,24,2
5621,51,2
5621,55,3
5621,36,2
5622,56,3
5623,27,2
5623,85,3
5623,20,3
5624,84,1
5625,50,1
5626,57,1
5626,5,1
5626,91,2
5627,94,3
5627,93,3
5627,46,3
5627,4,1
5627,40,2
5628,29,2
5629,94,3
5629,9,2
5629,32,2
5629,54,1
5630,48,3
5630,37,3
5630,95,1
5630,36,2
5630,49,1
5631,22,2
5631,34,3
5631,91,2
5631,87,1
5632,15,1
5632,2,1
5633,9,1
5633,87,2
5633,57,2
5634,18,1
5634,3,2
5634,80,1
5634,32,1
5634,96,3
5635,46,3
5635,26,3
5636,43,2
5637,42,2
5638,75,1
5638,67,1
5638,62,3
5639,73,1
5639,68,1
5639,75,1
5639,4,1
5639,33,3
5640,57,2
5640,64,1
5640,91,1
5641,13,2
5641,66,1
5641,73,1
5641,71,1
5642,89,1
5642,78,2
5642,43,1
5643,34,3
5643,96,1
5643,88,2
5643,29,2
5643,44,1
5644,85,3
5644,59,1
5644,33,2
5644,1,2
5644,51,1
5645,13,2
5645,74,2
5645,4,2
5646,75,3
5647,94,3
5647,27,3
5648,72,1
5648,84,1
5648,19,3
5648,5,1
5648,29,1
5649,73,2
5650,44,3
5650,64,1
5650,90,1
5650,83,3
5650,87,1
5651,29,1
5652,9,3
5652,41,2
5652,28,1
5652,50,3
5652,13,3
5653,13,2
5653,69,1
5653,44,2
5653,21,2
5653,54,2
5654,85,1
5655,21,2
5656,32,1
5656,68,2
5657,43,2
5657,22,3
5657,63,1
5657,86,2
5658,80,3
5658,76,1
5658,59,3
5658,91,1
5658,25,2
5659,53,2
5659,38,3
5659,8,1
5660,95,3
5660,3,1
5661,98,1
5662,76,2
5662,63,2
5663,20,1
5664,50,3
5664,1,3
5665,42,3
5665,81,2
5665,90,2
5666,4,3
5666,3,1
5667,30,1
5667,27,1
5667,88,3
5667,55,2
5667,98,1
5668,89,1
5668,95,3
5668,74,3
5669,82,1
5669,14,3
5669,55,3
5669,93,3
5669,49,3
5670,30,2
5670,6,1
5670,40,3
5670,83,1
5670,81,1
5671,17,1
5671,29,2
5671,43,1
5671,38,3
5671,7,1
5672,75,1
5672,67,1
5672,55,2
5672,76,1
5672,63,3
5673,12,2
5673,86,1
5673,99,1
5673,8,1
5674,100,1
5674,43,3
5674,50,1
5674,13,1
5674,15,3
5675,56,2
5675,43,1
5675,13,2
5676,70,2
5676,48,3
5676,20,3
5676,73,3
5676,94,3
5677,19,2
5677,35,3
5677,96,3
5678,40,3
5678,79,3
5678,35,3
5678,21,2
5678,56,2
5679,63,2
5679,10,2
5679,98,1
5679,43,3
5680,42,3
5681,50,2
5682,10,3
5682,80,1
5683,99,1
5683,10,3
5683,43,2
5684,87,3
5684,98,1
5685,92,3
5685,66,3
5685,86,1
5685,46,2
5685,74,3
5686,15,3
5686,94,3
5687,45,2
5687,57,3
5687,73,2
5687,87,3
5688,35,2
5688,71,1
5688,1,1
5689,93,3
5689,87,3
5689,79,2
5689,66,3
5690,73,1
5690,97,3
5690,13,2
5690,91,2
5691,39,2
5691,55,2
5691,98,2
5692,73,1
5692,27,3
5692,31,1
5692,19,2
5692,69,1
5693,81,3
5693,53,1
5693,82,3
5693,36,3
5693,54,2
5694,81,1
5694,46,1
5694,45,3
5694,91,3
5695,55,1
5695,45,2
5695,87,2
5695,24,3
5696,38,3
5696,98,1
5696,53,2
5696,37,3
5697,26,2
5697,66,2
5697,45,1
5697,92,1
5698,73,2
5698,53,3
5698,89,1
5698,46,1
5699,89,3
5700,1,2
5700,39,2
5700,35,2
5700,95,2
5701,80,2
5701,59,1
5701,64,2
5702,57,1
5702,19,2
5703,62,1
5703,60,2
5704,95,3
5704,66,2
5704,13,1
5704,93,3
5704,52,2
5705,53,3
5705,50,2
5706,90,1
5706,38,3
5706,9,1
5706,48,2
5707,76,1
5708,8,2
5708,89,2
5708,50,2
5708,69,1
5709,34,2
5709,90,1
5709,1,1
5710,21,3
5710,63,1
5710,41,1
5711,91,1
5711,57,2
5711,89,1
5711,38,2
5711,100,2
5712,31,3
5713,90,1
5714,92,2
5715,87,3
5715,99,3
5715,22,3
5715,21,3
5715,58,3
5716,75,2
5716,47,2
5716,8,1
5716,37,3
5717,59,3
5717,48,3
5717,81,1
5718,94,1
5718,44,1
5718,37,1
5719,81,3
5719,65,2
5719,66,1
5720,12,3
5720,51,2
5720,73,3
5720,50,2
5721,91,1
5721,5,3
5721,68,3
5721,64,3
5722,69,2
5723,85,3
5724,28,2
5724,27,2
5724,77,3
5724,89,2
5725,63,1
5725,65,2
5725,25,3
5725,19,2
5726,42,1
5726,9,3
5726,8,3
5727,84,2
5727,71,2
5727,85,3
5728,60,2
5729,71,2
5730,56,3
5730,66,1
5730,71,1
5730,68,2
5731,52,1
5731,98,1
5731,71,3
5731,28,2
5732,43,1
5732,18,1
5732,29,3
5732,68,2
5732,21,3
5733,81,2
5733,44,1
5733,42,3
5733,93,2
5734,19,1
5734,7,3
5735,9,1
5735,54,2
5736,100,1
5736,81,3
5736,87,1
5736,92,3
5737,60,1
5737,75,3
5737,89,2
5737,93,3
5738,97,1
5738,40,1
5738,42,3
5738,14,1
5739,89,1
5739,82,3
5740,69,3
5740,65,2
5741,10,3
5741,93,1
5741,76,2
5742,10,1
5742,31,1
5742,42,3
5742,49,3
5743,72,2
5743,73,1
5744,84,3
5744,17,2
5745,18,2
5745,33,3
5745,24,1
5745,68,3
5746,25,1
5746,37,2
5746,91,2
5746,50,2
5747,83,1
5748,24,1
5748,94,3
5749,39,1
5750,77,3
5750,24,1
5751,18,1
5751,44,3
5752,22,3
5752,85,2
5752,79,3
5753,75,1
5753,84,3
5753,100,2
5754,43,2
5754,25,1
5754,82,2
5754,22,1
5754,74,3
5755,98,2
5756,78,3
5756,74,3
5756,93,1
5756,9,3
5757,94,2
5757,58,2
5757,51,1
5758,62,1
5758,13,1
5758,45,3
5758,19,3
5759,86,1
5759,49,1
5759,83,1
5760,24,2
5760,62,1
5760,27,3
5761,94,2
5761,20,1
5761,25,2
5761,64,3
5761,37,3
5762,61,3
5762,13,2
5763,34,2
5763,62,2
5764,6,2
5764,5,2
5764,30,1
5765,3,2
5765,37,1
5765,85,3
5766,23,1
5766,38,1
5766,48,2
5766,94,3
5767,19,3
5767,47,3
5767,27,3
5767,7,2
5767,84,2
5768,73,1
5768,9,3
5768,60,2
5768,58,1
5768,53,1
5769,87,1
5769,64,3
5769,51,2
5769,13,3
5770,63,3
5770,99,1
5771,81,2
5772,96,3
5772,5,1
5772,4,1
5772,17,2
5773,77,1
5773,95,3
5773,18,2
5773,49,2
5774,87,3
5774,91,3
5775,76,2
5775,52,3
5775,57,2
5776,88,3
5776,81,1
5776,84,1
5776,67,1
5777,76,1
5777,41,3
5778,53,1
5778,68,3
5778,50,2
5778,60,3
5778,48,1
5779,92,1
5779,65,2
5779,89,1
5779,60,1
5779,86,3
5780,31,3
5780,89,3
5780,50,2
5780,47,3
5780,18,3
5781,57,3
5781,96,2
5782,91,2
5782,60,1
5782,49,1
5782,2,1
5782,11,1
5783,24,1
5784,39,2
5785,94,1
5785,30,3
5786,72,2
5786,55,3
5786,59,1
5786,2,1
5787,6,1
5787,74,1
5788,22,1
5789,79,1
5789,45,1
5790,44,2
5790,61,1
5790,86,1
5790,77,3
5791,83,1
5791,18,3
5792,21,1
5792,78,3
5793,78,1
5793,90,3
5793,95,3
5793,81,2
5794,12,2
5794,49,3
5794,65,2
5795,44,3
5795,12,1
5795,97,3
5795,11,2
5796,83,2
5796,10,1
5797,95,1
5797,32,1
5797,46,1
5798,14,3
5798,72,2
5799,32,1
5800,69,1
5800,78,2
5800,25,2
5800,76,1
5801,83,3
5801,74,1
5801,11,3
5801,53,1
5802,88,1
5802,98,1
5803,37,2
5803,32,1
5803,51,3
5803,74,1
5804,88,2
5804,72,3
5805,49,2
5805,71,2
5805,52,1
5806,46,3
5806,24,2
5806,27,2
5806,92,3
5807,8,1
5807,6,2
5807,36,3
5807,78,3
5807,84,1
5808,13,3
5809,76,3
5809,3,3
5809,2,3
5809,56,3
5809,85,3
5810,24,3
5811,89,2
5812,97,3
5812,45,1
5812,99,1
5812,56,2
5813,10,1
5813,35,3
5813,20,2
5813,46,1
5813,57,3
5814,61,1
5814,49,2
5814,84,2
5814,35,1
5814,67,3
5815,99,1
5815,81,1
5815,45,1
5816,81,2
5816,65,3
5816,18,2
5816,78,1
5816,36,2
5817,37,3
5817,65,2
5817,55,2
5817,98,3
5817,90,2
5818,27,2
5819,84,1
5819,12,2
5820,38,2
5820,3,2
5820,52,2
5821,62,3
5821,8,1
5821,20,3
5821,21,3
5822,51,2
5823,70,1
5824,48,1
5825,60,2
5825,61,1
5826,64,1
5826,1,1
5827,34,2
5827,48,2
5827,21,1
5827,82,2
5828,87,3
5828,21,3
5828,93,2
5828,12,2
5828,4,2
5829,7,1
5829,74,3
5829,90,2
5829,71,3
5829,57,3
5830,52,2
5830,79,2
5830,32,1
5830,46,1
5831,3,3
5831,17,2
5831,2,3
5831,46,3
5831,85,3
5832,79,1
5832,21,3
5832,5,1
5832,14,2
5833,8,1
5833,47,1
5833,17,1
5833,23,2
5834,48,1
5834,64,3
5835,100,3
5835,7,1
5835,75,3
5835,77,3
5836,32,1
5836,82,3
5836,17,3
5836,47,1
5837,90,1
5837,80,1
5838,100,3
5839,90,3
5839,78,2
5840,23,1
5840,53,1
5840,36,3
5840,35,2
5841,43,1
5841,45,1
5841,66,1
5842,20,2
5842,62,2
5842,98,1
5842,67,1
5843,15,1
5843,39,2
5843,53,3
5843,55,3
5844,89,3
5844,41,2
5845,57,3
5845,9,1
5846,53,3
5846,21,3
5846,70,3
5846,36,3
5846,44,1
5847,62,3
5847,68,3
5848,78,3
5849,39,1
5849,50,1
5849,88,2
5849,83,1
5849,29,1
5850,59,3
5851,24,2
5851,7,1
5851,34,1
5852,50,2
5852,52,2
5853,40,1
5854,85,2
5854,63,2
5854,15,1
5855,99,1
5855,82,1
5855,62,3
5855,9,3
5856,91,3
5857,58,3
5858,76,2
5859,99,3
5860,22,3
5860,50,3
5860,23,2
5860,69,1
5860,56,3
5861,38,2
5862,72,1
5862,88,1
5862,91,2
5862,43,1
5863,47,1
5863,64,1
5863,85,1
5863,74,3
5863,59,3
5864,18,1
5864,47,1
5864,50,2
5865,8,2
5865,99,1
5865,56,2
5865,26,1
5866,51,1
5866,36,2
5867,9,1
5867,31,2
5867,62,3
5867,81,2
5867,61,1
5868,55,2
5868,90,2
5868,94,1
5868,6,3
5869,53,3
5869,30,1
5869,70,1
5869,80,2
5870,98,1
5870,89,2
5870,35,2
5870,77,2
5871,15,3
5871,18,3
5871,58,1
5872,37,3
5872,16,2
5873,71,3
5873,7,3
5873,21,3
5873,90,2
5874,97,2
5874,53,3
5875,76,2
5875,92,2
5875,37,3
5876,75,1
5876,9,1
5877,31,2
5877,34,2
5878,23,1
5878,74,3
5878,26,2
5878,30,1
5879,29,2
5880,69,3
5881,80,2
5882,85,2
5882,47,2
5882,53,2
5882,12,1
5883,62,2
5883,69,1
5883,57,2
5883,60,1
5884,33,1
5884,79,1
5884,19,3
5885,86,3
5885,13,3
5885,33,1
5885,10,1
5885,40,1
5886,10,2
5886,95,1
5886,64,2
5886,8,1
5886,99,2
5887,31,2
5887,68,2
5887,15,2
5887,16,1
5888,85,3
5888,29,3
5888,20,3
5888,45,3
5888,69,2
5889,86,3
5889,14,1
5889,23,1
5889,34,1
5889,22,2
5890,24,3
5891,68,3
5891,78,1
5891,43,1
5892,91,3
5893,92,2
5893,37,1
5893,10,2
5893,74,3
5894,28,2
5894,66,2
5894,54,3
5895,70,1
5895,46,2
5895,10,1
5895,40,1
5895,79,1
5896,63,3
5896,47,3
5896,94,2
5896,25,1
5897,97,1
5897,21,1
5897,67,1
5897,18,1
5897,7,1
5898,29,2
5898,37,1
5898,9,1
5898,99,3
5898,44,1
5899,93,2
5899,35,3
5899,4,2
5899,59,1
5900,57,1
5900,18,3
5900,2,2
5900,6,2
5900,54,2
5901,24,1
5901,21,1
5901,47,1
5901,61,3
5901,37,3
5902,29,2
5902,3,2
5902,79,1
5903,60,1
5903,98,2
5904,4,1
5904,82,1
5905,22,2
5905,87,3
5905,37,1
5906,78,1
5906,90,2
5906,17,1
5906,26,1
5907,84,1
5907,54,3
5907,31,2
5907,26,2
5907,15,1
5908,41,3
5909,31,3
5910,54,1
5910,12,1
5910,83,3
5910,99,2
5910,16,2
5911,75,1
5911,85,1
5912,45,3
5912,68,2
5912,1,3
5912,49,3
5913,72,1
5913,95,1
5913,91,3
5913,50,1
5913,62,1
5914,39,3
5914,38,1
5914,36,2
5914,58,3
5915,63,1
5916,5,2
5916,91,3
5916,25,1
5917,85,2
5917,29,2
5917,52,3
5918,77,1
5918,17,2
5918,33,2
5919,82,2
5919,25,1
5920,53,2
5921,1,1
5922,85,1
5922,91,3
5923,64,1
5923,1,1
5923,42,2
5923,97,2
5923,76,3
5924,20,3
5924,84,3
5924,88,3
5925,48,1
5926,25,3
5926,69,2
5926,45,3
5926,16,2
5927,27,2
5928,60,2
5929,78,3
5929,36,3
5929,79,1
5930,36,2
5930,9,3
5931,5,1
5932,17,1
5933,63,2
5933,85,1
5934,85,1
5934,52,2
5934,71,2
5934,74,1
5934,99,2
5935,84,2
5935,91,1
5935,73,3
5935,80,1
5936,95,3
5936,52,2
5936,12,3
5937,56,3
5938,20,3
5938,28,3
5939,37,2
5939,39,2
5940,32,3
5940,11,1
5940,75,1
5940,88,1
5940,72,1
5941,66,3
5941,29,2
5941,8,1
5942,18,2
5942,4,1
5942,74,3
5943,62,3
5943,36,1
5943,81,3
5944,76,3
5944,14,2
5944,62,1
5944,59,2
5944,87,2
5945,99,1
5945,7,3
5946,47,2
5946,59,1
5947,99,2
5947,49,1
5947,65,2
5948,42,3
5949,43,1
5949,40,3
5949,54,1
5949,60,1
5950,17,2
5950,59,3
5950,91,1
5950,16,3
5950,9,1
5951,48,1
5951,60,1
5951,92,1
5952,67,1
5952,90,3
5953,95,3
5953,100,3
5953,11,3
5953,20,3
5953,43,3
5954,24,3
5955,62,2
5955,42,1
5955,65,3
5955,100,2
5956,57,3
5956,5,3
5956,76,3
5956,37,2
5956,11,1
5957,71,1
5957,16,2
5957,51,3
5957,96,2
5957,70,1
5958,43,2
5959,13,1
5959,95,1
5959,84,1
5959,56,1
5959,24,2
5960,18,3
5960,82,3
5961,80,3
5961,20,1
5962,24,3
5962,57,1
5962,53,2
5962,26,2
5963,25,1
5963,48,2
5964,39,1
5964,77,3
5965,6,1
5965,28,3
5965,81,3
5966,8,2
5966,74,1
5966,24,3
5966,70,2
5966,7,2
5967,6,2
5967,81,2
5967,59,3
5968,17,1
5968,82,2
5968,72,2
5969,85,2
5969,92,2
5969,34,1
5969,57,3
5969,81,3
5970,11,1
5971,57,3
5971,75,2
5971,100,2
5971,10,1
5972,58,1
5972,39,3
5972,75,1
5972,42,1
5972,38,1
5973,77,1
5974,55,2
5975,46,3
5976,36,1
5976,95,2
5976,26,2
5976,11,3
5976,66,3
5977,30,1
5978,100,2
5978,52,2
5978,66,2
5978,48,3
5979,86,3
5979,95,1
5979,20,3
5980,80,1
5980,15,3
5980,64,3
5980,52,3
5981,32,1
5981,62,1
5982,73,3
5983,3,3
5984,30,3
5984,59,1
5984,38,3
5984,71,2
5985,31,1
5985,54,3
5985,85,3
5986,77,2
5986,93,3
5986,40,1
5986,63,1
5987,75,2
5987,33,2
5987,3,3
5988,100,3
5988,1,3
5988,5,2
5989,9,2
5990,9,1
5990,88,1
5990,3,1
5991,73,3
5991,33,3
5991,88,3
5991,51,1
5992,42,3
5993,58,3
5993,20,3
5993,1,3
5993,29,2
5994,7,3
5994,77,1
5995,33,2
5995,90,1
5996,8,3
5996,97,1
5996,72,2
5996,71,3
5997,29,2
5997,37,2
5997,62,1
5997,59,1
5998,61,1
5998,98,3
5999,35,2
5999,33,2
5999,97,1
6000,68,3
6000,5,3
6000,1,2
6000,21,2
6001,93,1
6001,54,2
6001,73,3
6001,91,1
6001,43,1
6002,77,1
6002,93,2
6002,14,2
6002,19,2
6003,84,1
6003,47,1
6003,8,1
6004,21,3
6004,60,1
6004,15,2
6004,85,1
6005,41,1
6005,46,2
6005,17,1
6005,77,3
6006,37,3
6006,43,3
6006,18,1
6007,66,1
6007,5,3
6007,41,3
6007,94,2
6007,30,1
6008,90,3
6008,1,1
6008,48,3
6009,65,3
6010,55,1
6010,58,1
6010,86,2
6011,95,1
6011,100,1
6012,62,3
6012,27,3
6012,57,2
6012,33,1
6012,80,1
6013,51,2
6013,26,1
6013,88,1
6014,51,3
6014,74,2
6014,49,2
6015,8,3
6015,22,1
6015,35,1
6015,100,3
6015,83,3
6016,41,2
6016,89,2
6016,20,3
6017,55,3
6017,10,2
6018,30,1
6018,72,2
6018,41,3
6018,97,2
6018,95,3
6019,32,3
6020,13,3
6020,92,1
6021,39,3
6021,25,2
6021,92,2
6022,29,1
6022,37,3
6022,89,2
6022,91,3
6022,22,1
6023,8,3
6023,26,2
6023,39,3
6023,53,3
6023,98,1
6024,44,1
6024,13,2
6024,91,2
6025,76,2
6025,89,3
6025,48,1
6025,1,1
6026,12,3
6026,19,3
6026,85,2
6027,75,3
6027,23,3
6027,32,2
6027,53,1
6028,21,2
6028,48,1
6029,5,1
6029,36,2
6029,82,2
6029,81,2
6029,64,2
6030,55,1
6030,43,2
6030,9,1
6030,30,3
6030,16,1
6031,28,1
6031,23,3
6031,63,1
6032,55,2
6033,51,2
6034,7,3
6035,18,1
6035,39,3
6035,60,3
6035,83,2
6035,8,1
6036,94,3
6037,78,2
6037,93,3
6037,21,1
6037,38,2
6037,8,1
6038,26,3
6038,8,2
6038,63,2
6039,10,1
6039,6,3
6039,87,3
6039,76,2
6040,80,2
6040,75,1
6040,86,1
6041,64,2
6041,49,3
6041,65,2
6041,83,3
6042,63,3
6042,7,2
6043,63,2
6043,95,1
6043,15,1
6043,32,3
6043,35,1
6044,82,2
6045,50,2
6045,55,3
6046,68,1
6047,27,2
6048,36,3
6048,43,2
6048,33,1
6048,35,3
6048,40,2
6049,16,3
6049,95,2
6049,9,1
6049,73,3
6050,94,2
6050,62,2
6050,45,3
6050,52,2
6051,90,2
6051,9,3
6051,13,2
6051,31,2
6051,39,1
6052,24,3
6052,29,2
6053,93,1
6053,80,2
6053,13,1
6053,34,2
6053,25,2
6054,71,1
6054,40,2
6054,94,3
6054,96,2
6055,32,2
6055,2,1
6056,69,1
6057,16,2
6057,100,3
6057,52,3
6057,30,3
6057,6,2
6058,95,3
6058,15,2
6058,53,3
6058,39,2
6058,37,2
6059,98,2
6059,30,3
6060,20,2
6061,9,3
6062,37,2
6062,27,3
6063,29,2
6063,7,2
6063,50,3
6064,63,3
6064,8,1
6064,69,2
6064,36,1
6065,70,1
6065,77,1
6065,47,1
6065,30,1
6066,15,3
6066,58,2
6067,91,1
6068,29,1
6068,98,2
6069,32,2
6070,11,1
6070,4,2
6070,15,2
6070,98,3
6070,37,1
6071,91,2
6071,3,3
6071,71,3
6071,33,3
6072,42,2
6072,48,3
6073,33,2
6073,90,2
6073,11,1
6073,4,3
6074,85,2
6075,96,2
6075,92,1
6075,50,3
6076,93,1
6076,9,3
6077,19,1
6077,44,3
6077,86,3
6077,42,1
6077,69,2
6078,26,3
6078,84,2
6078,72,2
6078,80,3
6078,27,2
6079,41,2
6079,85,1
6079,92,2
6079,67,1
6079,27,1
6080,69,2
6080,26,3
6080,88,2
6080,56,2
6081,80,1
6082,30,2
6083,47,2
6084,2,3
6084,54,3
6084,98,3
6085,9,1
6085,4,2
6085,80,2
6085,71,2
6085,11,2
6086,95,3
6086,14,1
6086,87,3
6086,15,1
6087,2,1
6087,6,2
6087,25,3
6087,7,3
6088,45,1
6088,48,2
6088,58,2
6088,28,3
6089,52,1
6089,24,1
6089,29,2
6089,82,3
6089,59,1
6090,82,1
6090,17,2
6090,25,3
6090,19,2
6091,96,2
6091,21,2
6092,36,1
6092,88,1
6092,49,3
6092,11,3
6092,97,3
6093,26,1
6093,62,3
6093,12,1
6094,82,1
6094,17,1
6095,51,3
6095,83,3
6095,74,2
6096,10,2
6096,32,2
6096,65,3
6097,93,2
6097,96,3
6097,72,2
6098,89,1
6098,28,2
6099,25,2
6099,10,1
6100,14,2
6100,66,1
6100,75,3
6101,20,3
6101,93,2
6102,67,3
6102,45,2
6102,71,1
6102,85,1
6102,35,3
6103,25,1
6103,99,3
6103,27,3
6104,36,3
6104,23,1
6104,8,3
6104,7,3
6104,31,3
6105,20,3
6105,7,2
6105,97,1
6105,80,3
6105,60,3
6106,47,2
6106,87,1
6106,61,3
6107,77,1
6107,9,1
6107,88,2
6107,79,2
6107,95,1
6108,99,3
6108,29,1
6108,97,1
6109,51,3
6109,99,1
6110,60,3
6110,9,1
6110,86,2
6111,14,2
6111,28,2
6111,71,3
6112,93,1
6112,84,1
6112,89,1
6113,14,2
6114,90,1
6114,81,3
6114,62,1
6115,29,2
6115,90,1
6115,32,3
6115,74,1
6115,70,3
6116,68,3
6116,1,2
6116,28,1
6116,86,2
6117,100,3
6117,24,1
6117,63,2
6118,91,2
6118,39,3
6118,53,1
6119,34,1
6119,38,1
6119,55,1
6119,1,3
6119,48,2
6120,68,3
6121,82,3
6121,79,1
6122,33,1
6122,26,1
6123,44,3
6124,41,1
6124,39,1
6125,10,1
6126,28,2
6126,84,2
6126,45,2
6126,52,1
6126,100,2
6127,51,2
6127,26,3
6127,10,3
6128,71,1
6129,60,3
6129,79,2
6129,75,2
6129,45,3
6130,51,1
6130,26,3
6131,64,1
6131,1,2
6131,9,1
6131,25,3
6132,48,2
6132,27,3
6132,39,2
6132,87,1
6132,40,3
6133,8,3
6134,86,3
6134,15,3
6134,5,1
6134,18,2
6134,21,3
6135,33,2
6135,88,2
6135,45,1
6135,26,3
6136,23,2
6136,47,1
6136,31,1
6136,26,2
6136,63,1
6137,38,3
6137,55,3
6137,83,2
6138,72,2
6138,80,3
6138,33,1
6139,75,2
6139,41,1
6140,85,1
6140,68,2
6140,55,2
6140,37,1
6140,93,2
6141,91,2
6141,50,3
6141,96,2
6141,70,2
6141,81,3
6142,79,1
6142,22,1
6142,37,2
6143,15,2
6143,80,1
6143,88,2
6143,21,3
6143,52,3
6144,57,1
6145,61,3
6145,66,1
6146,40,1
6146,37,3
6146,53,3
6146,63,3
6147,27,3
6147,24,2
6147,47,1
6147,69,2
6147,56,1
6148,92,2
6148,62,1
6148,11,1
6149,66,2
6149,78,2
6149,8,2
6149,3,3
6149,2,1
6150,62,2
6151,72,1
6151,78,1
6152,62,1
6152,56,1
6152,15,2
6153,92,3
6153,32,2
6154,74,2
6154,45,1
6154,39,1
6154,12,2
6155,93,3
6155,36,3
6155,50,1
6155,34,3
6155,9,3
6156,33,2
6156,97,2
6156,57,1
6156,48,1
6157,41,2
6157,55,2
6157,62,1
6157,36,1
6158,85,2
6159,71,3
6159,53,2
6160,66,2
6161,30,1
6161,18,1
6161,68,3
6161,34,1
6161,36,2
6162,44,1
6162,46,3
6163,45,2
6163,69,1
6163,56,1
6164,30,3
6164,15,2
6164,58,2
6164,13,1
6164,48,3
6165,30,2
6165,14,3
6165,27,2
6166,19,1
6166,56,3
6166,65,3
6166,34,2
6167,16,3
6168,26,3
6168,34,3
6168,84,2
6168,41,1
6168,12,1
6169,57,2
6169,27,1
6170,54,1
6171,27,1
6171,72,2
6171,58,1
6171,16,2
6172,88,3
6172,36,2
6172,58,3
6173,89,1
6174,47,2
6174,31,2
6174,78,3
6174,14,2
6175,31,3
6175,53,2
6175,21,2
6175,22,2
6176,7,3
6177,16,3
6177,77,1
6177,30,1
6178,30,1
6178,82,1
6178,44,3
6178,83,2
6179,82,2
6179,1,2
6179,96,3
6179,78,1
6179,46,3
6180,10,1
6180,71,2
6180,30,1
6180,28,2
6181,97,2
6182,12,1
6182,28,3
6182,74,3
6182,33,3
6182,2,1
6183,17,1
6184,73,2
6184,59,3
6184,16,3
6184,7,2
6184,76,2
6185,35,1
6185,39,1
6185,17,1
6186,21,3
6186,43,2
6186,99,2
6186,30,1
6187,16,3
6187,79,2
6187,41,2
6187,91,2
6187,36,1
6188,25,2
6189,1,2
6189,65,1
6190,37,2
6190,53,1
6190,47,3
6190,54,3
6191,67,3
6191,2,2
6191,50,3
6191,19,1
6192,98,1
6193,100,1
6193,51,2
6194,16,2
6194,45,3
6194,50,3
6195,87,3
6195,14,3
6196,100,2
6196,16,2
6197,77,2
6198,15,1
6198,100,1
6198,66,2
6198,75,2
6199,49,1
6199,32,3
6199,17,3
6199,11,2
6200,82,1
6200,37,1
6200,84,3
6201,66,1
6201,92,1
6201,56,2
6202,87,1
6202,12,1
6202,67,1
6202,7,1
6202,1,2
6203,77,1
6203,79,2
6203,84,1
6204,32,2
6204,99,1
6204,31,3
6204,85,2
6205,20,3
6205,96,1
6205,65,2
6205,17,2
6205,19,1
6206,39,3
6206,68,3
6206,47,3
6207,25,3
6207,17,2
6207,76,1
6208,74,1
6208,6,1
6208,91,2
6209,83,1
6209,47,3
6209,42,2
6209,2,3
6209,12,2
6210,57,2
6210,47,2
6210,49,1
6210,34,2
6210,38,3
6211,6,3
6212,6,3
6213,21,3
6214,15,1
6214,47,1
6215,61,1
6216,49,2
6216,99,1
6216,7,1
6217,71,2
6217,5,2
6217,79,3
6217,43,2
6217,32,1
6218,87,1
6218,45,3
6218,97,1
6219,7,2
6219,14,2
6219,41,2
6220,41,2
6220,35,1
6221,86,1
6222,79,2
6223,100,1
6223,52,2
6224,92,1
6225,39,3
6226,56,2
6226,70,1
6226,68,3
6226,95,2
6227,50,1
6228,16,2
6228,70,1
6228,42,1
6229,88,3
6229,24,2
6229,94,1
6229,64,3
6229,11,1
6230,20,2
6230,13,2
6230,44,3
6230,70,3
6231,25,1
6231,83,1
6231,80,3
6232,4,3
6232,92,2
6232,9,1
6232,13,2
6233,35,3
6233,13,3
6233,73,1
6233,80,3
6234,66,3
6234,69,1
6234,86,2
6235,45,2
6236,99,3
6236,51,3
6237,66,2
6237,26,1
6237,76,2
6238,5,2
6238,8,3
6238,36,2
6239,1,2
6239,76,1
6239,92,2
6239,83,3
6240,6,3
6240,35,2
6240,73,3
6240,16,3
6241,97,2
6242,21,1
6242,99,3
6242,54,1
6242,80,1
6242,9,1
6243,100,3
6243,9,3
6243,51,1
6244,9,3
6244,96,3
6245,61,2
6246,61,2
6246,51,3
6246,29,1
6247,61,2
6247,57,1
6248,68,1
6248,36,3
6248,39,2
6248,89,3
6248,78,2
6249,4,2
6249,70,2
6249,92,3
6249,90,1
6250,55,2
6250,20,2
6251,31,2
6251,49,1
6252,30,1
6253,28,3
6254,5,1
6254,89,2
6254,85,3
6254,71,2
6255,2,3
6256,18,3
6256,80,1
6256,89,1
6256,55,1
6256,27,1
6257,91,1
6257,64,3
6257,2,3
6257,51,3
6258,52,3
6258,83,3
6258,47,2
6259,60,2
6259,16,2
6259,48,2
6259,98,3
6259,78,1
6260,54,2
6260,70,1
6260,59,2
6261,24,3
6261,84,3
6261,9,2
6261,23,1
6261,68,3
6262,40,3
6263,87,3
6263,17,1
6264,75,2
6264,38,2
6265,52,1
6265,47,3
6265,56,3
6265,84,3
6265,54,3
6266,2,1
6267,26,3
6267,85,1
6267,29,2
6267,49,3
6267,3,3
6268,83,1
6269,39,1
6269,59,2
6269,1,2
6269,31,1
6269,17,1
6270,86,2
6271,81,1
6271,84,2
6271,74,3
6271,94,2
6272,33,2
6272,18,3
6272,85,2
6272,22,3
6272,8,2
6273,17,1
6273,23,2
6274,74,2
6274,85,1
6274,26,2
6274,80,1
6275,12,1
6276,86,3
6276,37,1
6276,89,2
6276,27,3
6277,98,1
6277,42,1
6277,50,2
6277,40,3
6277,24,1
6278,4,2
6279,27,1
6280,77,2
6280,54,3
6280,28,3
6281,43,1
6281,44,2
6281,19,1
6282,6,3
6282,39,3
6282,37,2
6283,63,2
6283,70,1
6284,17,2
6284,73,2
6285,53,2
6285,60,3
6285,42,1
6286,62,1
6286,97,2
6286,86,3
6287,57,1
6287,51,3
6287,45,1
6288,37,2
6288,12,3
6288,17,2
6288,72,2
6289,56,3
6289,48,1
6289,29,3
6289,45,2
6289,34,2
6290,87,1
6290,57,3
6290,65,3
6290,1,2
6291,23,3
6291,83,2
6292,12,3
6293,23,3
6294,37,1
6294,65,1
6294,94,1
6294,71,3
6294,59,3
6295,85,1
6296,57,1
6296,17,2
6296,2,3
6297,81,2
6297,99,1
6298,18,2
6298,9,1
6299,94,2
6299,50,2
6299,53,1
6299,41,2
6300,38,3
6300,80,3
6300,12,3
6300,1,1
6300,5,3
6301,5,1
6301,98,3
6301,94,1
6301,50,2
6302,1,1
6302,49,2
6302,53,2
6302,45,3
6303,35,2
6303,86,1
6303,3,3
6303,19,1
6304,8,1
6304,1,1
6304,35,2
6304,6,1
6305,44,3
6305,62,3
6306,69,1
6306,96,3
6306,43,2
6307,32,1
6307,1,3
6308,81,2
6308,94,3
6308,15,1
6308,54,1
6308,85,2
6309,4,1
6310,25,1
6310,12,1
6310,79,1
6310,70,3
6310,63,2
6311,38,3
6311,70,2
6311,24,3
6312,77,1
6312,79,2
6312,73,3
6312,18,2
6312,3,1
6313,1,1
6314,67,1
6314,10,1
6314,45,2
6314,90,2
6315,19,1
6315,57,3
6315,53,2
6315,4,3
6315,65,1
6316,33,3
6316,23,2
6316,57,1
6316,30,3
6316,28,2
6317,74,1
6318,18,2
6318,83,1
6318,45,3
6318,25,1
6318,21,1
6319,78,1
6319,88,3
6319,30,3
6319,29,3
6319,82,1
6320,8,2
6320,63,1
6321,10,2
6321,39,2
6321,92,2
6322,55,1
6323,88,2
6323,50,1
6323,38,2
6323,34,1
6324,30,1
6325,30,2
6326,19,3
6326,26,2
6326,18,2
6326,29,2
6327,31,2
6327,42,3
6328,31,2
6328,34,1
6328,30,1
6328,57,1
6328,96,2
6329,27,2
6329,60,2
6329,33,3
6329,22,1
6330,21,2
6331,55,2
6331,50,1
6331,80,1
6331,37,2
6332,66,1
6332,15,1
6333,87,2
6333,3,3
6334,39,3
6334,45,3
6334,100,3
6335,52,3
6335,64,3
6335,9,2
6335,21,2
6336,64,2
6336,37,1
6336,53,2
6337,88,3
6337,20,2
6338,55,1
6339,46,1
6339,21,1
6340,97,3
6340,32,2
6340,24,3
6341,48,1
6341,10,1
6341,54,1
6341,7,1
6341,13,3
6342,84,3
6342,82,2
6342,78,1
6342,8,1
6343,44,2
6343,76,2
6344,66,2
6345,29,3
6346,37,1
6346,7,2
6346,19,3
6347,44,1
6348,66,2
6349,65,2
6350,53,2
6350,13,1
6351,46,2
6351,85,1
6351,49,3
6351,70,1
6352,21,1
6352,46,2
6353,47,2
6353,36,1
6353,85,1
6354,69,2
6354,17,2
6354,92,3
6354,89,2
6354,14,3
6355,71,2
6355,44,2
6355,56,2
6355,76,2
6355,4,1
6356,31,1
6356,47,2
6356,84,2
6357,100,3
6357,85,2
6358,57,2
6358,43,1
6358,10,3
6359,3,1
6360,29,1
6360,4,2
6360,18,2
6361,96,3
6361,11,1
6361,90,2
6361,78,1
6361,70,1
6362,81,3
6362,43,3
6362,2,3
6363,31,1
6363,8,3
6363,46,3
6363,80,1
6364,65,3
6364,70,1
6364,93,2
6364,60,2
6364,31,3
6365,82,1
6365,80,1
6365,62,2
6365,70,2
6366,72,1
6366,5,1
6367,98,2
6367,90,2
6367,57,3
6368,30,3
6368,25,2
6368,38,3
6369,10,3
6369,90,1
6369,17,3
6369,32,3
6370,21,2
6370,44,2
6370,34,1
6370,9,1
6370,98,3
6371,69,3
6371,81,3
6371,47,3
6371,45,3
6372,27,3
6373,89,1
6373,55,3
6373,43,1
6373,79,3
6374,70,3
6374,6,2
6374,28,2
6375,5,1
6376,69,3
6376,78,1
6376,47,2
6377,76,1
6378,23,2
6378,87,2
6378,5,2
6379,53,3
6380,11,2
6380,65,2
6381,84,1
6382,83,2
6382,50,3
6382,77,1
6382,59,1
6383,34,3
6383,29,1
6384,99,3
6384,37,1
6384,68,2
6384,16,2
6385,24,2
6385,55,1
6385,14,1
6385,65,2
6385,59,1
6386,66,2
6386,43,2
6386,52,1
6386,34,1
6387,67,2
6387,60,3
6388,12,2
6388,20,1
6388,89,3
6388,31,2
6389,34,3
6389,80,1
6389,44,1
6390,88,3
6390,36,1
6390,20,1
6390,5,3
6391,67,3
6392,23,2
6392,70,2
6392,2,3
6392,30,1
6392,20,1
6393,61,2
6394,91,2
6395,61,3
6395,78,3
6395,66,3
6396,5,1
6396,14,1
6397,9,2
6397,66,2
6397,25,2
6397,41,3
6397,77,1
6398,13,1
6399,27,3
6399,33,1
6399,8,2
6400,36,3
6400,6,1
6401,12,2
6401,62,3
6401,73,1
6402,38,3
6402,49,2
6403,32,1
6403,17,1
6403,18,2
6404,76,1
6405,77,1
6405,90,1
6405,35,2
6405,48,2
6405,70,2
6406,5,3
6406,9,3
6407,97,2
6407,18,1
6408,58,3
6408,64,2
6408,75,1
6408,92,3
6408,42,3
6409,30,2
6409,10,2
6410,75,1
6410,37,2
6411,25,2
6411,70,2
6412,29,2
6413,39,3
6413,93,3
6413,40,3
6413,5,2
6413,90,1
6414,55,1
6414,4,3
6415,17,1
6415,40,1
6416,18,1
6416,39,3
6417,13,1
6417,23,3
6417,89,1
6417,26,1
6418,97,3
6418,90,2
6418,99,3
6418,68,1
6419,65,1
6419,9,1
6419,30,2
6419,17,3
6419,5,2
6420,72,1
6420,4,2
6420,49,1
6420,6,3
6420,23,3
6421,48,3
6421,5,3
6422,36,2
6423,14,2
6424,79,1
6424,77,3
6424,94,2
6425,33,1
6425,47,3
6425,76,3
6425,9,3
6425,45,1
6426,36,3
6427,50,3
6427,86,3
6427,79,3
6427,19,3
6428,76,1
6428,84,3
6429,96,2
6430,88,2
6431,43,1
6431,35,3
6432,25,3
6433,52,3
6433,3,1
6433,19,2
6434,44,1
6434,76,2
6435,66,3
6435,16,2
6435,19,1
6435,41,3
6435,15,2
6436,63,1
6436,31,3
6436,12,2
6436,8,3
6436,100,2
6437,24,2
6438,41,3
6438,18,1
6438,67,1
6438,15,2
6438,36,2
6439,12,3
6440,15,1
6440,64,2
6440,37,2
6440,63,1
6441,95,3
6441,97,3
6441,83,2
6441,77,1
6442,50,2
6442,69,1
6443,24,3
6444,26,2
6444,23,1
6444,30,2
6444,92,2
6445,68,2
6446,38,3
6446,13,3
6446,89,2
6447,62,1
6447,20,1
6447,33,3
6448,8,1
6448,85,1
6448,13,3
6448,64,2
6449,98,2
6449,83,2
6449,18,1
6450,100,3
6450,50,3
6450,51,1
6450,25,2
6451,47,1
6451,80,3
6451,34,1
6451,89,1
6451,18,1
6452,65,1
6452,26,1
6453,32,1
6453,57,3
6453,47,3
6453,86,2
6453,13,1
6454,85,2
6454,97,2
6454,18,2
6454,67,3
6455,57,2
6455,47,2
6455,87,1
6455,1,1
6456,54,3
6456,46,1
6456,30,3
6456,68,3
6456,51,1
6457,10,2
6457,1,3
6458,90,1
6458,60,3
6458,98,2
6458,75,2
6459,67,3
6460,11,2
6461,63,3
6461,32,1
6461,61,1
6462,50,2
6462,42,3
6462,57,1
6462,82,1
6462,61,3
6463,38,3
6463,11,3
6463,54,2
6463,51,2
6463,52,2
6464,60,3
6464,85,3
6464,47,3
6464,33,2
6465,10,2
6465,83,1
6466,22,1
6466,6,1
6466,7,2
6466,32,2
6466,11,1
6467,33,2
6467,22,1
6467,56,2
6467,97,3
6468,55,3
6468,50,2
6469,47,2
6469,39,2
6469,27,1
6469,70,2
6470,15,1
6471,90,1
6471,91,2
6471,81,1
6472,2,1
6472,73,3
6473,46,3
6473,97,2
6474,81,3
6474,31,1
6474,90,3
6475,36,3
6475,44,3
6476,88,1
6476,15,1
6476,27,2
6476,79,1
6477,31,3
6477,28,2
6477,6,1
6477,65,1
6478,50,1
6478,49,2
6478,62,3
6478,80,1
6479,71,2
6479,69,1
6479,37,1
6479,17,3
6479,30,3
6480,19,3
6480,73,1
6480,48,2
6480,35,1
6480,30,1
6481,93,2
6481,39,2
6481,8,2
6482,5,3
6482,1,2
6483,100,1
6483,74,3
6483,80,1
6484,63,1
6484,50,1
6485,60,1
6485,48,2
6485,46,2
6485,2,1
6486,70,2
6486,60,3
6487,63,2
6488,75,3
6488,61,3
6488,95,3
6489,82,2
6489,91,3
6489,54,3
6490,82,3
6491,57,1
6491,16,2
6491,46,2
6491,96,2
6492,10,2
6492,96,2
6493,42,2
6494,68,2
6494,31,2
6494,100,1
6494,6,3
6495,12,2
6496,51,3
6496,90,3
6496,43,3
6497,21,2
6497,46,3
6497,100,2
6497,71,1
6498,66,1
6498,50,2
6498,55,3
6498,33,1
6498,30,3
6499,47,2
6500,50,3
6500,89,1
6501,27,2
6501,68,2
6501,36,2
6501,11,3
6502,85,1
6502,16,3
6502,42,2
6503,11,2
6503,73,1
6503,55,3
6503,13,1
6503,21,2
6504,34,1
6505,35,1
6505,63,2
6505,30,2
6505,70,3
6506,43,3
6507,85,2
6508,83,2
6508,15,3
6508,5,1
6508,71,1
6508,56,1
6509,26,2
6509,8,3
6509,7,3
6509,73,2
6509,17,2
6510,68,1
6511,85,2
6511,97,2
6511,4,3
6511,27,3
6511,42,3
6512,46,1
6512,22,3
6512,56,3
6512,25,3
6512,95,3
6513,85,2
6513,24,1
6513,95,2
6514,47,1
6514,4,1
6514,24,1
6514,11,2
6514,77,1
6515,66,1
6515,74,1
6515,67,3
6515,49,3
6516,22,2
6516,2,1
6516,56,2
6516,69,1
6516,75,3
6517,17,3
6517,58,2
6517,87,3
6518,83,1
6518,40,2
6519,13,3
6519,29,1
6519,89,3
6519,64,3
6520,53,3
6520,86,2
6520,9,2
6520,57,2
6521,84,3
6521,15,1
6522,4,1
6523,30,1
6523,77,3
6523,21,3
6523,86,3
6524,4,1
6524,76,1
6524,67,1
6524,62,3
6524,85,3
6525,97,3
6526,58,3
6526,85,1
6527,59,3
6528,75,1
6528,4,1
6529,33,2
6529,94,1
6529,48,2
6529,68,1
6530,87,1
6530,74,3
6530,3,1
6531,14,1
6531,6,1
6531,23,3
6531,49,1
6531,37,1
6532,93,2
6533,52,1
6533,63,2
6533,88,3
6534,87,3
6534,90,1
6534,62,1
6534,67,3
6534,74,2
6535,20,2
6535,40,3
6535,46,1
6535,19,1
6536,81,3
6536,68,2
6536,5,3
6536,18,2
6537,97,3
6537,85,3
6538,75,3
6538,18,2
6539,69,2
6540,93,2
6540,95,1
6540,6,3
6540,40,1
6540,39,1
6541,6,1
6541,83,1
6542,76,2
6542,31,1
6542,5,2
6542,70,2
6543,43,2
6543,74,2
6544,9,1
6544,95,2
6544,92,2
6544,99,1
6545,68,2
6545,60,2
6545,98,1
6545,12,1
6545,34,3
6546,37,1
6546,67,3
6546,8,2
6547,84,2
6547,92,2
6547,35,1
6547,5,2
6548,33,2
6549,36,3
6549,6,3
6549,18,3
6550,6,2
6550,35,2
6550,56,3
6550,32,1
6551,50,2
6551,35,1
6551,73,3
6551,82,2
6552,11,3
6552,42,2
6553,96,1
6554,68,2
6554,88,2
6554,52,3
6555,50,1
6555,41,1
6555,92,2
6556,37,2
6557,27,3
6557,67,1
6557,94,2
6557,4,3
6557,100,2
6558,20,1
6559,23,1
6559,15,3
6560,79,2
6561,32,1
6561,36,1
6561,76,2
6561,26,1
6562,99,2
6562,39,2
6563,67,2
6563,93,2
6563,35,2
6563,14,3
6564,6,3
6564,84,1
6564,74,2
6565,62,3
6565,88,2
6565,83,2
6566,26,3
6567,14,3
6567,8,3
6567,41,1
6567,55,1
6568,11,1
6568,32,1
6569,96,3
6569,28,1
6569,71,1
6569,24,3
6569,54,1
6570,29,3
6570,12,2
6570,64,1
6570,85,3
6570,86,3
6571,100,3
6571,4,1
6571,18,2
6571,52,1
6572,97,1
6572,71,3
6573,60,2
6573,78,3
6573,77,3
6574,42,3
6575,13,1
6576,46,2
6576,60,1
6577,38,1
6578,15,1
6579,22,2
6579,75,3
6579,37,2
6579,86,3
6580,29,1
6580,81,2
6580,83,3
6580,39,1
6581,5,2
6581,96,1
6581,68,2
6582,68,3
6582,69,2
6582,13,2
6582,4,3
6583,73,2
6583,86,3
6583,74,2
6583,28,2
6584,91,3
6584,56,3
6585,90,2
6586,98,2
6587,51,2
6587,63,3
6587,1,1
6587,23,1
6587,65,1
6588,87,2
6588,62,1
6588,25,2
6588,16,3
6589,59,3
6589,70,2
6589,10,3
6589,57,2
6589,40,2
6590,10,2
6591,49,2
6591,13,1
6591,78,3
6591,25,2
6592,38,1
6592,67,2
6592,83,1
6592,11,2
6593,96,1
6593,56,3
6593,40,3
6594,22,1
6595,34,3
6596,51,2
6597,96,2
6598,14,2
6598,13,2
6598,89,3
6598,47,3
6598,72,3
6599,67,2
6599,70,2
6599,20,3
6600,95,3
6600,73,1
6600,65,1
6600,93,3
6600,64,3
6601,51,3
6601,16,2
6601,86,3
6602,22,3
6603,45,1
6603,76,3
6604,36,1
6604,19,2
6604,26,1
6604,50,1
6605,55,2
6605,81,1
6605,17,3
6606,78,3
6606,56,1
6606,10,3
6607,99,1
6607,53,3
6608,28,2
6608,74,3
6608,58,2
6609,1,1
6610,26,3
6611,89,1
6611,51,2
6611,23,2
6611,94,2
6611,80,1
6612,67,2
6612,48,2
6613,63,3
6614,91,1
6614,12,1
6614,10,1
6614,1,1
6614,4,3
6615,79,1
6615,98,2
6615,78,1
6615,51,2
6615,43,2
6616,73,1
6616,10,1
6616,35,1
6617,68,1
6617,4,1
6618,95,1
6618,87,2
6618,88,3
6618,89,1
6619,18,1
6619,76,1
6619,93,1
6619,3,1
6619,65,3
6620,47,3
6621,91,3
6622,91,1
6623,1,2
6623,33,1
6623,78,1
6624,11,1
6625,17,3
6625,12,1
6625,78,3
6625,39,2
6625,81,2
6626,81,1
6626,75,2
6626,69,1
6627,77,3
6628,9,2
6628,89,2
6628,100,1
6628,17,2
6628,32,1
6629,76,3
6629,49,2
6630,14,1
6630,57,2
6630,71,1
6630,62,2
6631,80,3
6631,37,1
6631,65,2
6631,84,1
6632,47,2
6632,10,3
6633,13,2
6633,51,2
6634,90,1
6634,39,3
6634,48,1
6634,83,3
6635,68,2
6636,95,3
6636,63,3
6636,29,2
6636,20,3
6636,89,2
6637,64,2
6637,66,2
6637,84,3
6637,42,1
6637,71,3
6638,92,1
6638,85,1
6638,62,3
6639,23,3
6639,5,3
6639,70,1
6640,80,1
6640,11,1
6641,25,1
6641,21,3
6642,71,3
6643,88,2
6643,30,3
6643,4,1
6643,13,2
6643,93,2
6644,78,2
6645,78,3
6646,68,1
6646,72,1
6646,41,2
6646,78,1
6647,49,3
6647,95,1
6648,55,2
6648,51,1
6648,13,1
6648,80,1
6648,28,2
6649,45,1
6649,12,1
6650,79,2
6650,72,2
6650,90,3
6650,3,2
6651,10,3
6652,12,2
6652,58,3
6652,46,1
6653,21,3
6654,89,2
6654,4,1
6654,82,2
6654,55,2
6654,26,2
6655,9,3
6656,77,1
6656,24,3
6656,98,2
6657,86,1
6657,14,1
6658,62,3
6659,67,3
6659,5,3
6660,25,1
6660,100,1
6660,63,2
6660,43,3
6660,72,2
6661,66,2
6661,97,1
6661,54,1
6661,30,2
6661,68,1
6662,29,1
6663,68,3
6663,81,2
6663,69,1
6663,85,1
6663,49,1
6664,92,1
6664,62,1
6664,94,3
6665,71,2
6665,12,3
6665,95,1
6666,7,1
6666,91,2
6666,25,3
6666,59,3
6667,11,3
6668,48,3
6668,82,3
6669,85,3
6669,43,1
6669,51,1
6669,72,2
6669,45,3
6670,56,1
6670,52,3
6670,3,2
6670,26,1
6670,62,2
6671,83,1
6671,52,2
6671,34,1
6672,44,1
6672,92,3
6672,55,1
6673,13,3
6673,67,1
6673,9,3
6674,47,3
6674,31,3
6674,14,1
6674,25,3
6674,20,3
6675,78,3
6675,30,1
6675,59,1
6675,100,3
6675,80,2
6676,69,1
6677,95,2
6677,47,3
6677,72,2
6677,29,1
6678,98,2
6679,74,2
6679,22,2
6680,97,1
6680,28,2
6680,62,2
6680,60,2
6681,51,2
6681,7,3
6681,34,3
6681,78,3
6682,50,3
6682,21,3
6682,75,2
6682,31,2
6683,19,2
6683,99,3
6683,94,1
6684,70,2
6684,38,3
6684,83,2
6684,67,2
6684,44,1
6685,64,1
6685,28,2
6685,51,2
6685,56,3
6685,91,2
6686,14,1
6686,7,2
6686,41,2
6687,66,3
6687,60,3
6687,64,1
6687,53,3
6688,2,1
6688,10,3
6689,68,3
6689,23,1
6689,20,2
6689,29,3
6690,70,3
6690,47,2
6690,31,2
6691,65,3
6692,72,2
6692,5,1
6693,57,3
6693,40,1
6693,19,1
6693,83,1
6693,71,3
6694,74,2
6695,20,3
6695,9,3
6695,81,2
6695,63,3
6695,53,2
6696,29,3
6696,23,1
6696,77,1
6696,96,3
6696,18,3
6697,79,2
6697,44,1
6697,5,1
6698,65,2
6698,84,3
6698,57,3
6698,15,3
6698,99,1
6699,42,2
6699,6,1
6700,24,2
6700,85,3
6700,6,3
6701,94,3
6701,98,3
6701,67,3
6701,20,1
6702,97,3
6703,42,2
6703,92,1
6704,4,2
6704,6,1
6704,43,3
6704,41,3
6705,74,2
6705,91,2
6705,94,3
6706,19,1
6706,89,1
6706,31,3
6707,45,2
6707,70,3
6707,92,3
6707,8,2
6708,43,1
6708,61,2
6708,46,1
6708,32,2
6708,65,1
6709,77,1
6709,84,1
6709,90,3
6710,66,3
6710,86,2
6710,99,1
6711,69,3
6712,77,3
6712,98,3
6713,12,3
6713,95,3
6714,17,2
6714,86,3
6715,21,2
6715,18,3
6715,87,2
6716,85,2
6717,34,1
6718,13,2
6718,26,3
6718,90,2
6718,99,2
6719,47,2
6719,22,2
6719,30,1
6719,49,2
6719,70,3
6720,37,1
6720,80,3
6720,100,1
6720,56,3
6721,80,3
6721,61,2
6721,26,2
6722,14,3
6722,75,2
6722,66,2
6722,71,3
6723,51,1
6723,48,2
6723,60,1
6724,15,1
6725,58,1
6725,13,3
6725,81,2
6725,37,1
6725,86,3
6726,50,2
6726,63,1
6726,75,3
6726,17,1
6727,1,2
6728,94,1
6728,15,1
6728,54,2
6729,69,1
6730,79,3
6731,86,2
6731,7,2
6731,17,3
6731,78,3
6732,89,2
6733,58,2
6733,62,3
6733,61,3
6733,24,3
6733,84,2
6734,39,1
6734,89,2
6735,65,3
6735,60,1
6735,45,1
6735,52,1
6735,12,2
6736,47,1
6736,50,2
6736,65,1
6736,43,2
6737,42,1
6738,75,2
6738,4,1
6738,39,3
6738,47,2
6738,89,3
6739,44,2
6739,37,3
6740,60,3
6740,77,1
6740,3,1
6740,10,3
6740,43,3
6741,47,2
6742,29,3
6742,51,1
6742,20,3
6743,5,2
6744,63,3
6744,69,2
6744,49,3
6744,65,2
6745,67,1
6745,49,2
6745,12,2
6746,84,3
6746,13,2
6746,36,1
6747,40,1
6747,43,2
6747,90,2
6747,13,3
6748,13,3
6748,71,3
6748,36,3
6749,53,2
6749,85,2
6749,74,2
6750,38,1
6750,64,3
6750,48,3
6750,18,3
6750,72,1
6751,55,2
6751,57,3
6751,59,2
6751,18,1
6751,53,3
6752,29,1
6753,53,3
6753,37,1
6753,50,1
6754,66,1
6754,37,1
6754,79,3
6754,25,2
6755,38,2
6756,31,2
6757,27,1
6757,83,3
6757,4,1
6757,1,2
6757,29,3
6758,40,1
6758,47,2
6758,53,1
6758,18,1
6759,86,1
6759,35,3
6759,92,2
6759,60,3
6760,14,3
6760,83,2
6760,28,1
6761,81,2
6761,5,3
6762,48,1
6763,15,1
6764,80,2
6764,23,3
6764,5,3
6764,54,2
6764,78,3
6765,67,1
6765,50,1
6765,7,1
6766,88,1
6767,97,3
6768,69,3
6769,65,2
6769,19,1
6769,75,2
6769,84,2
6770,92,2
6770,58,2
6770,73,3
6771,30,2
6771,95,2
6771,71,1
6771,37,3
6771,80,1
6772,63,3
6772,87,3
6772,39,1
6773,52,1
6773,43,3
6774,97,1
6774,8,2
6774,13,3
6775,38,1
6775,16,2
6775,20,1
6776,67,2
6776,83,1
6776,93,1
6776,12,2
6777,31,1
6777,11,1
6777,50,2
6777,75,1
6778,89,2
6778,24,1
6778,47,3
6779,80,3
6779,7,2
6779,88,3
6780,20,1
6781,98,2
6781,85,1
6781,20,3
6781,84,2
6782,13,1
6783,6,3
6783,80,3
6783,10,1
6783,8,2
6783,38,2
6784,29,3
6784,6,1
6784,21,2
6785,97,1
6785,58,3
6785,64,1
6786,15,2
6786,67,3
6786,38,1
6786,92,1
6786,89,2
6787,64,2
6787,95,2
6787,77,3
6787,87,3
6787,24,1
6788,41,2
6788,18,3
6788,13,1
6789,58,3
6789,68,2
6789,51,3
6789,14,2
6790,94,3
6790,35,3
6790,14,1
6790,40,3
6791,31,2
6791,19,1
6791,36,1
6791,30,3
6791,58,1
6792,2,3
6793,42,1
6793,35,1
6793,15,1
6794,57,3
6794,6,2
6794,56,3
6794,54,1
6795,80,3
6795,48,2
6795,82,3
6796,29,3
6796,43,2
6796,10,3
6796,20,2
6796,36,3
6797,25,1
6797,17,1
6797,96,3
6797,1,1
6798,49,1
6798,100,2
6798,59,2
6799,32,1
6799,64,1
6799,56,1
6800,54,1
6800,49,3
6800,42,2
6800,72,3
6801,12,1
6801,27,1
6801,25,3
6802,70,1
6802,82,2
6802,88,2
6802,27,1
6802,56,3
6803,83,3
6803,14,1
6803,90,1
6803,9,1
6804,30,2
6804,33,3
6804,16,1
6804,50,2
6805,37,1
6805,51,1
6805,74,2
6805,57,2
6806,91,1
6806,85,2
6806,73,2
6806,70,3
6807,13,3
6808,38,2
6808,91,1
6808,96,2
6809,49,3
6809,19,3
6809,26,1
6810,58,1
6810,16,2
6810,92,2
6811,100,1
6811,50,2
6811,39,3
6811,63,2
6811,29,2
6812,87,3
6812,31,2
6812,48,3
6812,41,3
6813,6,3
6814,92,3
6815,21,3
6815,87,2
6815,18,2
6815,84,2
6816,6,1
6817,51,1
6817,79,3
6817,27,2
6818,52,3
6818,46,1
6818,4,1
6818,38,1
6819,39,1
6820,51,3
6820,34,1
6820,92,2
6820,45,2
6820,85,1
6821,20,2
6821,40,1
6821,15,2
6821,74,1
6821,35,3
6822,50,3
6822,5,2
6823,99,1
6823,56,2
6823,16,2
6823,20,1
6823,93,3
6824,58,1
6825,58,3
6825,40,3
6826,79,1
6827,24,2
6827,18,3
6827,26,3
6827,25,1
6827,39,2
6828,31,3
6828,17,2
6828,35,3
6828,73,1
6828,100,3
6829,43,2
6830,29,2
6830,44,1
6830,64,3
6831,93,3
6831,63,2
6831,52,2
6832,19,2
6832,95,3
6832,41,2
6833,10,1
6833,90,1
6834,21,3
6834,85,1
6834,25,1
6835,8,3
6835,42,1
6836,97,3
6837,66,3
6838,23,2
6838,18,1
6838,87,1
6838,88,1
6839,19,3
6839,88,1
6839,86,1
6839,48,2
6839,81,1
6840,88,1
6840,38,1
6840,48,3
6841,99,1
6841,8,3
6842,96,2
6842,42,3
6842,58,3
6843,18,1
6844,43,2
6844,61,2
6844,59,3
6844,35,1
6845,82,2
6845,17,1
6845,84,3
6845,99,2
6846,18,2
6846,66,2
6847,46,3
6847,66,1
6848,1,3
6848,55,1
6849,86,2
6849,75,3
6849,51,1
6849,32,2
6850,92,1
6850,91,1
6851,88,2
6851,10,1
6851,100,1
6851,93,3
6851,45,1
6852,69,1
6852,35,3
6852,68,1
6852,15,3
6852,1,2
6853,30,3
6854,96,3
6854,1,3
6855,6,1
6856,11,2
6856,55,1
6857,60,2
6858,95,1
6858,83,2
6858,100,2
6859,38,2
6859,63,1
6859,16,1
6859,42,3
6860,67,1
6860,49,1
6860,75,3
6860,87,3
6860,56,2
6861,43,3
6861,21,1
6861,19,2
6861,12,2
6861,34,3
6862,47,3
6862,34,2
6862,51,1
6863,89,1
6863,63,1
6863,72,2
6863,25,3
6863,97,1
6864,15,1
6864,47,1
6864,71,3
6864,4,3
6865,58,3
6865,70,2
6865,24,1
6866,30,1
6866,99,1
6867,71,2
6867,82,3
6867,16,2
6868,55,3
6868,77,2
6868,46,3
6868,52,2
6869,6,3
6869,44,2
6869,94,3
6870,4,2
6870,64,3
6870,38,3
6870,50,2
6871,25,3
6871,64,1
6871,18,1
6871,41,2
6872,10,1
6872,9,3
6872,16,3
6872,1,3
6872,26,1
6873,74,3
6873,8,2
6873,10,1
6873,32,2
6874,42,2
6874,10,1
6874,7,2
6875,2,3
6875,50,3
6875,29,3
6875,41,3
6875,34,1
6876,98,2
6876,9,1
6876,80,1
6877,41,3
6877,43,1
6877,91,1
6878,28,1
6878,4,3
6878,24,1
6878,25,1
6878,83,3
6879,64,3
6879,12,1
6879,48,3
6879,38,1
6879,47,2
6880,99,1
6880,95,1
6881,18,2
6881,67,3
6881,33,2
6882,94,3
6882,22,1
6883,12,3
6884,4,3
6884,32,3
6884,22,2
6885,85,2
6885,57,3
6885,84,1
6885,87,2
6886,94,3
6886,45,2
6886,7,2
6886,95,2
6887,13,3
6887,53,3
6887,56,2
6888,98,3
6889,4,3
6889,5,3
6890,52,2
6891,77,1
6891,52,1
6891,57,1
6891,100,3
6892,82,2
6893,87,3
6893,89,1
6893,21,2
6893,30,3
6893,46,2
6894,96,1
6894,3,1
6894,58,3
6894,38,1
6895,74,3
6895,41,2
6895,4,3
6895,18,2
6896,91,3
6896,31,2
6896,79,1
6896,22,2
6897,3,2
6898,72,2
6899,60,1
6899,95,1
6899,70,2
6899,30,3
6899,56,2
6900,23,2
6900,66,1
6901,88,3
6901,44,3
6901,49,2
6902,66,1
6902,30,1
6903,10,2
6903,29,2
6904,66,3
6904,85,2
6904,67,2
6904,86,2
6905,51,2
6905,37,1
6906,59,3
6906,89,1
6907,55,1
6907,17,3
6907,16,3
6908,16,2
6908,76,1
6908,68,1
6908,75,2
6909,12,3
6909,23,2
6909,85,2
6909,71,3
6909,13,2
6910,41,2
6910,62,2
6910,46,3
6911,81,3
6911,8,1
6912,49,2
6912,74,1
6913,78,1
6913,48,1
6913,51,3
6913,68,2
6913,67,3
6914,23,1
6914,36,2
6914,22,2
6915,14,2
6915,87,3
6916,65,2
6916,97,3
6916,7,3
6917,40,1
6917,69,1
6917,8,3
6917,53,1
6918,37,2
6918,19,2
6919,71,3
6919,95,2
6919,87,3
6919,30,2
6920,34,2
6920,91,2
6920,78,2
6921,22,1
6921,18,1
6921,41,3
6921,6,3
6922,82,2
6922,36,3
6923,13,3
6923,18,3
6923,77,1
6923,62,3
6924,61,2
6924,60,2
6924,78,1
6924,47,3
6925,94,1
6925,91,2
6926,89,2
6927,99,2
6927,90,1
6927,55,2
6928,41,3
6928,53,3
6929,57,2
6929,44,3
6929,36,3
6929,58,3
6930,35,3
6930,47,3
6930,9,3
6931,58,3
6931,23,1
6931,28,2
6932,52,1
6932,50,2
6933,20,2
6933,13,1
6933,89,2
6934,90,2
6934,1,1
6934,75,3
6934,15,2
6934,38,2
6935,30,2
6935,49,3
6935,86,1
6936,33,3
6937,50,1
6938,51,2
6938,42,3
6938,40,2
6938,62,3
6939,81,3
6940,56,1
6941,35,1
6941,3,2
6942,15,3
6942,21,1
6942,26,3
6943,54,1
6943,81,2
6944,83,1
6945,34,3
6945,37,2
6945,13,3
6946,52,1
6947,47,1
6947,79,2
6948,81,3
6948,13,1
6949,35,2
6949,70,3
6950,14,1
6951,11,3
6951,63,2
6951,25,3
6952,71,1
6952,74,2
6952,85,1
6953,36,1
6954,46,2
6954,85,1
6954,41,2
6954,43,2
6955,18,1
6955,44,3
6955,87,3
6955,99,1
6955,57,3
6956,1,2
6957,82,1
6957,6,1
6957,94,1
6958,45,1
6958,15,1
6958,67,1
6958,81,2
6958,19,1
6959,1,3
6959,7,3
6959,62,2
6960,50,1
6960,15,2
6960,81,3
6960,60,2
6961,20,3
6961,75,1
6961,73,1
6962,13,2
6962,32,2
6962,75,1
6963,90,2
6963,8,1
6963,13,2
6964,89,1
6964,62,1
6964,37,1
6965,85,1
6966,46,3
6966,91,1
6966,28,3
6966,29,1
6967,97,3
6967,89,2
6967,92,3
6968,32,2
6968,37,1
6969,14,2
6970,57,3
6970,41,2
6970,16,3
6970,15,2
6970,27,3
6971,93,2
6971,79,1
6971,13,1
6971,9,1
6971,68,2
6972,93,2
6972,96,2
6972,6,1
6972,43,2
6972,49,1
6973,73,3
6973,1,2
6973,70,2
6973,89,1
6973,29,3
6974,55,1
6974,68,2
6974,46,2
6974,25,3
6974,64,2
6975,87,3
6975,78,2
6975,44,2
6975,7,1
6976,45,2
6977,57,1
6977,10,3
6977,28,1
6977,26,2
6978,100,2
6978,88,3
6978,47,3
6978,34,2
6978,76,2
6979,33,2
6979,85,2
6979,84,3
6980,99,3
6980,76,2
6980,28,2
6981,3,1
6981,7,1
6981,50,2
6981,97,2
6981,61,1
6982,16,2
6982,64,1
6983,65,1
6983,83,2
6984,10,2
6984,11,3
6984,68,1
6985,29,1
6985,80,3
6986,3,2
6986,89,2
6987,33,1
6987,13,3
6987,18,2
6988,60,1
6988,36,1
6988,29,1
6988,92,2
6988,97,1
6989,22,1
6989,47,1
6989,48,2
6989,88,3
6989,67,1
6990,70,2
6990,24,3
6991,61,3
6992,3,2
6992,39,3
6992,27,2
6992,55,2
6993,68,3
6993,33,2
6993,96,2
6994,62,2
6994,4,1
6995,30,2
6995,47,2
6995,54,1
6996,92,2
6997,14,3
6998,34,2
6998,26,3
6998,71,1
6999,44,3
7000,50,1
7000,11,1
7000,75,3
7001,84,1
7002,79,2
7002,53,3
7002,7,3
7003,33,2
7003,51,2
7003,10,3
7003,84,2
7003,76,2
7004,13,3
7004,2,3
7004,53,2
7005,66,1
7006,49,3
7007,19,2
7007,97,1
7007,69,2
7007,57,1
7008,95,3
7008,32,1
7008,56,1
7008,54,1
7008,2,2
7009,61,1
7009,72,3
7010,11,2
7010,70,3
7010,98,3
7010,28,2
7010,75,2
7011,78,1
7011,16,3
7011,64,3
7012,52,3
7012,39,2
7012,38,1
7013,95,3
7013,19,3
7013,96,2
7013,16,3
7013,97,2
7014,59,3
7015,82,1
7016,3,2
7016,87,1
7016,66,2
7016,1,3
7016,34,2
7017,49,1
7017,83,2
7018,97,3
7018,86,1
7018,69,2
7018,38,1
7018,29,2
7019,87,1
7019,6,1
7020,91,1
7020,49,3
7020,23,2
7020,99,2
7021,76,2
7021,87,3
7021,1,1
7021,7,1
7022,28,3
7022,64,3
7022,29,1
7022,69,2
7023,96,3
7023,63,2
7024,61,3
7024,26,3
7025,62,3
7025,46,3
7025,45,2
7026,69,2
7026,12,3
7026,13,3
7027,26,3
7027,32,2
7028,79,3
7028,31,2
7028,27,3
7029,47,1
7030,60,3
7031,51,3
7031,64,1
7032,83,1
7032,93,1
7032,70,3
7032,20,2
7033,75,3
7033,54,3
7033,80,1
7033,73,1
7033,15,2
7034,23,3
7035,51,3
7036,18,2
7037,6,3
7037,26,1
7038,62,2
7038,31,2
7038,41,3
7038,37,1
7038,15,3
7039,64,2
7039,58,1
7039,54,3
7039,81,3
7040,66,3
7040,71,3
7040,16,1
7040,81,3
7040,83,3
7041,38,1
7041,95,3
7042,30,2
7042,72,3
7043,16,3
7044,40,2
7044,33,3
7044,81,3
7045,38,1
7045,69,3
7046,47,1
7047,75,2
7047,33,1
7047,52,3
7048,56,2
7048,82,1
7048,57,1
7048,58,1
7048,23,3
7049,3,2
7049,92,2
7049,6,1
7049,21,3
7049,1,2
7050,94,2
7050,4,1
7051,6,3
7051,50,2
7051,32,2
7051,25,2
7052,15,3
7052,29,2
7052,52,2
7052,55,3
7052,23,3
7053,16,3
7053,47,1
7054,10,2
7054,40,3
7055,78,3
7056,83,2
7056,9,3
7056,94,2
7057,86,3
7058,56,3
7058,75,3
7058,27,3
7058,44,1
7059,75,3
7060,29,3
7060,42,1
7061,10,2
7061,77,2
7061,72,1
7062,82,1
7062,68,3
7062,58,3
7063,94,3
7063,35,2
7063,93,1
7064,19,3
7064,82,1
7065,2,3
7065,42,2
7065,52,2
7066,41,1
7066,10,2
7066,91,2
7066,47,1
7067,15,1
7067,8,3
7067,91,2
7067,10,1
7068,56,1
7068,36,1
7068,40,3
7069,71,2
7069,46,3
7069,24,3
7069,38,2
7070,63,2
7070,33,3
7070,79,1
7070,44,1
7070,91,1
7071,62,1
7071,77,1
7071,24,1
7071,14,2
7072,15,1
7072,68,3
7072,37,3
7072,100,2
7072,14,1
7073,51,2
7074,56,1
7075,38,3
7075,65,2
7075,62,1
7076,29,1
7076,87,2
7077,67,2
7077,24,2
7077,57,2
7078,88,1
7078,9,1
7078,71,3
7078,60,2
7078,13,1
7079,35,3
7079,24,1
7080,48,3
7081,56,3
7081,55,2
7081,60,2
7081,98,3
7082,32,2
7083,74,2
7083,81,2
7083,10,1
7083,72,2
7083,59,2
7084,99,3
7085,46,1
7085,93,2
7085,60,3
7085,12,1
7086,17,1
7086,8,2
7086,66,3
7087,20,2
7087,66,2
7087,6,2
7087,15,2
7088,44,2
7088,27,3
7088,26,3
7089,14,1
7089,79,1
7089,67,3
7090,24,3
7091,68,3
7091,1,3
7091,57,2
7091,15,1
7091,71,1
7092,49,2
7092,30,3
7092,58,2
7092,29,1
7092,25,3
7093,50,3
7093,94,2
7093,32,1
7093,86,3
7094,97,3
7094,44,2
7094,30,1
7094,59,3
7094,11,3
7095,14,3
7095,90,2
7095,84,3
7095,79,1
7095,66,3
7096,37,3
7097,27,3
7098,28,1
7098,63,2
7098,85,2
7098,57,1
7099,66,3
7099,88,1
7099,44,1
7099,83,2
7100,23,1
7100,71,1
7101,75,1
7101,65,1
7101,11,1
7101,40,2
7102,9,1
7102,19,2
7102,20,1
7103,51,3
7103,65,1
7103,28,3
7103,9,1
7104,44,2
7104,35,2
7104,67,3
7105,49,2
7106,76,1
7106,87,2
7106,72,1
7107,44,3
7107,99,2
7108,31,3
7108,94,1
7108,68,3
7108,60,2
7108,82,1
7109,64,1
7109,73,3
7109,35,3
7110,25,3
7110,17,3
7110,67,2
7110,91,3
7111,7,3
7111,11,2
7111,83,2
7111,34,1
7111,60,2
7112,81,2
7112,62,3
7113,47,3
7113,93,1
7113,59,1
7113,88,1
7114,100,1
7115,64,2
7115,47,2
7116,53,1
7116,99,1
7116,1,1
7117,98,1
7117,45,2
7117,95,2
7117,76,3
7118,17,3
7118,26,2
7118,65,2
7119,100,3
7119,82,2
7119,6,1
7120,15,1
7120,21,3
7120,88,1
7121,27,3
7121,88,2
7122,59,2
7123,70,1
7123,39,2
7123,63,1
7123,86,3
7123,87,2
7124,57,1
7124,74,3
7124,60,2
7125,57,3
7126,38,1
7126,85,3
7126,96,1
7126,76,1
7127,29,3
7128,61,3
7128,50,3
7128,8,1
7129,49,3
7130,61,1
7130,85,1
7130,53,1
7130,26,2
7131,19,1
7131,96,2
7131,25,2
7131,91,1
7132,7,1
7132,82,2
7132,74,1
7132,65,1
7132,32,2
7133,63,3
7134,70,3
7134,57,2
7134,41,3
7134,100,1
7134,22,2
7135,79,3
7135,35,1
7135,33,2
7135,91,2
7136,88,3
7136,21,3
7136,16,1
7136,55,3
7137,86,3
7137,38,3
7137,64,1
7137,51,2
7137,44,1
7138,17,1
7138,47,2
7138,70,3
7138,18,1
7138,73,3
7139,48,1
7139,99,3
7139,98,2
7140,3,1
7140,58,2
7140,48,3
7140,97,1
7141,55,2
7141,67,2
7141,73,3
7141,35,1
7142,43,3
7143,54,2
7143,69,3
7143,17,3
7143,60,1
7144,19,1
7144,83,1
7144,73,1
7144,38,3
7144,69,3
7145,81,2
7146,43,2
7146,48,3
7146,69,3
7146,91,3
7146,93,2
7147,15,2
7147,80,3
7147,38,1
7147,57,1
7147,59,1
7148,61,2
7148,63,2
7148,59,3
7148,78,1
7149,57,2
7149,15,2
7149,78,2
7149,72,3
7149,48,3
7150,51,1
7150,61,3
7150,8,2
7151,81,2
7151,32,3
7152,26,2
7152,58,1
7153,42,2
7153,89,3
7153,3,1
7154,19,3
7154,25,1
7154,24,1
7154,83,3
7154,82,3
7155,96,2
7155,10,3
7155,85,3
7155,99,2
7156,49,1
7156,94,1
7157,78,2
7157,2,2
7157,3,3
7157,1,1
7158,54,2
7159,10,2
7159,59,1
7159,77,3
7160,40,1
7160,37,3
7160,18,3
7160,96,1
7161,57,1
7161,9,3
7161,81,2
7162,32,2
7162,64,3
7162,85,2
7162,39,3
7163,33,2
7163,65,1
7163,44,2
7163,26,2
7163,43,3
7164,51,1
7164,24,1
7164,75,3
7164,52,1
7165,97,1
7165,61,1
7165,57,1
7165,17,2
7166,45,1
7166,10,1
7167,11,3
7167,41,3
7167,66,3
7167,24,1
7167,84,2
7168,4,2
7168,39,2
7168,32,1
7169,14,3
7170,4,1
7170,57,2
7170,47,1
7170,9,2
7170,23,2
7171,10,1
7171,20,3
7171,8,1
7172,52,3
7172,97,3
7172,53,2
7172,26,1
7173,13,1
7174,37,3
7174,32,2
7175,12,1
7175,95,3
7175,43,1
7175,59,3
7176,34,2
7176,59,3
7177,58,1
7177,92,2
7177,4,3
7178,52,3
7178,1,1
7178,51,3
7178,67,1
7178,63,3
7179,17,2
7179,29,1
7180,65,1
7180,54,2
7181,59,1
7181,34,3
7181,90,2
7182,29,3
7183,81,3
7184,85,2
7184,49,2
7184,45,1
7185,85,2
7185,50,3
7186,58,1
7186,87,1
7186,96,1
7186,4,3
7186,32,3
7187,11,3
7187,64,1
7187,19,3
7187,17,3
7187,59,1
7188,67,2
7188,71,3
7188,13,2
7188,21,3
7188,87,3
7189,24,1
7189,59,1
7189,91,2
7189,27,3
7189,45,2
7190,22,3
7190,4,2
7190,61,3
7190,36,2
7191,37,3
7191,25,2
7191,53,1
7192,58,3
7192,26,3
7193,7,2
7193,68,3
7193,44,3
7194,70,1
7194,1,3
7195,60,1
7195,62,3
7196,78,1
7196,91,2
7196,100,1
7196,99,1
7196,42,3
7197,40,3
7197,4,2
7197,91,2
7198,34,3
7198,96,1
7199,98,2
7199,44,3
7200,97,3
7200,87,3
7201,71,2
7201,4,3
7201,51,2
7201,87,1
7201,97,3
7202,25,3
7202,65,1
7203,21,2
7204,31,2
7204,64,3
7205,32,3
7205,72,2
7205,84,2
7205,24,3
7205,55,3
7206,79,3
7207,68,3
7207,22,1
7207,70,3
7208,91,3
7208,11,3
7208,60,2
7209,56,1
7209,60,1
7209,74,1
7209,36,2
7210,87,2
7210,42,2
7210,68,1
7210,4,3
7211,61,1
7211,82,3
7212,74,1
7212,100,2
7212,52,2
7213,81,1
7214,10,3
7215,13,2
7215,98,1
7215,68,2
7215,70,2
7215,45,2
7216,89,2
7217,22,2
7217,70,2
7217,78,3
7217,33,3
7217,52,2
7218,7,2
7218,22,3
7218,91,1
7219,65,3
7219,35,2
7219,70,2
7219,53,3
7220,56,3
7220,2,3
7220,10,2
7220,37,3
7221,99,3
7222,79,3
7222,73,1
7222,76,1
7223,22,2
7223,85,1
7223,6,1
7224,73,2
7224,66,3
7224,69,2
7224,96,2
7224,18,2
7225,23,2
7225,61,2
7225,21,1
7225,62,2
7225,98,2
7226,92,3
7227,15,1
7227,29,1
7227,74,2
7227,96,3
7228,76,2
7228,26,3
7228,34,2
7229,45,3
7229,94,2
7230,24,1
7230,83,3
7231,11,3
7232,16,3
7232,42,3
7232,20,1
7232,57,2
7232,23,1
7233,5,2
7233,85,1
7234,86,2
7235,23,2
7235,53,1
7235,24,3
7236,23,3
7237,98,3
7237,25,1
7237,99,3
7237,7,1
7238,94,2
7239,82,3
7239,62,3
7239,27,3
7240,42,1
7240,54,1
7241,10,1
7241,47,1
7241,1,2
7242,50,2
7242,84,2
7242,82,1
7243,5,1
7243,48,1
7243,100,3
7244,6,2
7244,87,1
7244,15,3
7244,34,3
7244,35,2
7245,54,3
7245,37,3
7246,43,2
7246,70,1
7246,96,2
7246,95,3
7246,79,3
7247,98,3
7248,55,1
7248,11,3
7248,72,1
7248,36,3
7248,70,2
7249,87,2
7249,35,2
7249,95,3
7249,44,2
7249,100,3
7250,36,3
7250,62,1
7250,75,3
7251,31,2
7251,12,2
7251,29,3
7252,72,3
7252,24,2
7252,56,3
7252,77,2
7252,99,2
7253,87,1
7254,81,2
7254,29,2
7254,14,3
7254,61,1
7254,36,3
7255,88,1
7255,65,2
7255,50,3
7255,2,3
7256,41,3
7256,71,3
7257,73,1
7257,8,2
7257,74,1
7257,90,1
7258,2,1
7258,90,2
7258,38,1
7258,41,3
7258,12,1
7259,92,2
7259,21,2
7260,86,2
7260,47,2
7260,38,2
7260,72,3
7260,51,2
7261,25,1
7261,69,1
7261,54,2
7261,41,3
7261,11,1
7262,52,1
7263,90,1
7264,86,3
7264,22,2
7264,66,1
7264,46,2
7265,64,3
7265,61,2
7266,16,2
7266,68,1
7266,64,3
7266,56,2
7267,24,3
7268,32,2
7269,38,1
7269,72,3
7269,46,2
7270,62,2
7270,32,2
7271,73,1
7271,55,2
7271,3,3
7271,51,2
7272,62,1
7273,9,3
7273,39,1
7273,15,1
7273,44,3
7274,37,1
7274,95,3
7274,18,2
7274,83,1
7274,17,1
7275,33,1
7275,73,3
7275,23,1
7275,66,3
7275,34,1
7276,43,2
7277,74,3
7277,70,3
7277,13,1
7277,8,2
7278,100,1
7278,86,2
7278,90,2
7279,48,2
7279,87,2
7279,89,2
7280,46,2
7280,79,3
7280,55,2
7280,22,3
7280,82,1
7281,5,3
7282,54,3
7282,12,2
7282,26,2
7282,15,1
7282,27,3
7283,32,1
7284,75,2
7284,6,3
7284,42,1
7285,98,1
7285,16,2
7285,2,1
7285,95,2
7285,53,2
7286,50,3
7287,39,2
7287,8,1
7287,53,1
7287,71,2
7287,77,3
7288,88,3
7288,40,1
7288,84,3
7288,8,2
7289,46,1
7290,68,2
7290,2,1
7290,61,1
7291,6,2
7291,66,2
7292,3,3
7292,93,3
7292,94,2
7293,9,2
7293,21,2
7294,38,2
7295,6,1
7295,27,2
7295,58,1
7295,52,3
7295,83,1
7296,91,1
7296,94,2
7296,60,1
7296,48,3
7297,61,2
7297,52,1
7297,62,1
7298,83,2
7298,68,2
7298,95,3
7298,90,3
7299,90,2
7299,76,1
7300,4,2
7300,89,2
7300,54,2
7300,74,1
7301,30,3
7301,36,2
7302,56,3
7302,89,3
7302,14,2
7303,72,1
7303,42,3
7304,73,3
7304,6,1
7304,96,3
7304,30,3
7305,67,2
7306,96,3
7306,99,2
7306,79,3
7306,74,2
7307,6,3
7307,23,3
7308,35,1
7308,66,2
7309,24,3
7309,37,3
7309,1,1
7310,31,1
7311,28,2
7311,42,2
7311,51,1
7311,98,3
7312,2,2
7312,65,1
7312,81,2
7312,68,2
7313,68,1
7313,18,2
7313,9,1
7313,2,1
7313,25,2
7314,38,3
7314,4,2
7314,93,2
7314,82,2
7314,79,1
7315,66,3
7315,19,2
7316,62,3
7317,57,3
7317,46,2
7317,3,2
7317,14,2
7318,86,3
7318,17,1
7319,32,2
7320,12,2
7320,84,2
7320,13,3
7321,40,2
7321,37,2
7322,40,3
7323,58,3
7323,92,3
7323,22,3
7324,41,2
7324,86,3
7324,95,3
7324,29,3
7325,68,3
7325,51,3
7325,87,3
7325,56,2
7326,80,3
7326,69,1
7326,48,3
7326,11,2
7326,23,2
7327,98,2
7327,43,3
7327,52,3
7327,45,2
7328,34,1
7328,60,1
7328,20,3
7329,60,3
7329,65,1
7330,79,2
7330,22,3
7331,21,3
7331,89,3
7332,53,1
7332,88,3
7332,87,2
7333,72,2
7334,39,3
7335,17,2
7335,50,2
7335,6,2
7335,19,1
7335,89,1
7336,5,3
7337,58,1
7337,1,2
7337,17,1
7337,13,1
7338,40,3
7339,84,2
7339,1,3
7339,72,2
7340,1,3
7341,35,3
7341,1,1
7342,27,2
7342,49,2
7342,58,3
7342,41,1
7342,56,1
7343,59,2
7343,87,1
7344,51,2
7344,32,3
7344,56,3
7345,60,2
7345,78,3
7345,79,2
7346,32,2
7347,72,3
7347,84,2
7347,26,2
7347,91,1
7348,66,1
7348,49,2
7348,44,2
7349,59,2
7349,75,1
7349,41,2
7350,57,3
7350,5,2
7351,72,3
7352,94,1
7352,38,2
7353,43,3
7354,82,1
7354,71,1
7354,57,1
7354,34,3
7354,31,1
7355,70,2
7356,31,3
7356,89,1
7356,9,2
7357,96,2
7358,27,1
7358,36,2
7358,71,1
7358,6,2
7358,22,1
7359,44,3
7359,14,3
7360,10,3
7360,33,3
7361,78,2
7361,85,3
7361,8,3
7361,50,3
7361,61,3
7362,53,3
7363,27,1
7364,17,3
7365,25,2
7365,40,2
7365,2,2
7365,24,1
7365,32,2
7366,33,2
7366,70,3
7366,83,2
7366,66,3
7367,38,3
7367,10,3
7367,93,3
7367,25,1
7367,89,1
7368,2,2
7368,14,3
7368,93,1
7368,4,2
7368,99,1
7369,97,1
7369,15,3
7369,68,3
7369,67,1
7370,79,1
7370,88,1
7370,21,3
7370,70,1
7370,73,1
7371,58,2
7371,9,1
7372,97,3
7372,14,3
7372,54,3
7372,94,3
7373,65,1
7373,27,1
7373,89,3
7373,25,3
7373,36,2
7374,51,2
7374,57,2
7374,15,1
7374,14,2
7375,32,3
7375,13,1
7375,87,3
7376,47,2
7376,91,2
7377,82,3
7378,77,3
7378,45,1
7378,38,2
7378,46,1
7378,95,2
7379,8,3
7379,41,1
7380,21,1
7380,43,1
7380,38,1
7380,42,2
7380,3,3
7381,12,3
7381,93,2
7382,76,3
7383,70,1
7383,61,2
7383,23,3
7383,36,3
7383,85,3
7384,75,3
7384,47,1
7384,27,1
7385,73,2
7385,48,1
7385,1,1
7385,67,2
7386,97,3
7387,93,1
7387,12,2
7387,41,2
7388,48,2
7389,95,2
7389,13,3
7390,63,1
7390,74,3
7390,22,2
7390,89,2
7390,59,3
7391,96,3
7391,66,2
7391,46,3
7391,85,1
7392,8,3
7392,66,2
7392,58,2
7393,17,1
7393,7,1
7393,63,2
7393,20,3
7394,100,2
7395,79,3
7396,63,2
7397,90,1
7397,4,3
7397,83,3
7398,74,3
7399,11,1
7399,59,3
7399,5,1
7400,29,1
7400,27,3
7400,4,2
7400,96,3
7400,9,2
7401,18,1
7402,2,2
7402,28,2
7402,16,3
7402,11,1
7403,57,3
7403,55,2
7403,37,3
7403,54,2
7404,4,2
7404,8,1
7404,67,2
7404,95,2
7404,34,2
7405,52,1
7406,80,1
7406,65,3
7406,95,3
7406,63,1
7407,69,3
7407,9,2
7407,58,1
7408,45,2
7408,8,2
7408,87,3
7408,7,2
7408,84,1
7409,48,1
7409,93,1
7410,1,1
7410,25,2
7410,52,2
7411,78,2
7411,84,1
7411,87,3
7411,3,3
7411,65,3
7412,44,3
7412,29,3
7412,66,3
7412,80,2
7412,21,1
7413,74,2
7413,79,1
7414,61,2
7414,68,3
7414,39,2
7414,23,3
7415,15,1
7415,84,1
7416,71,3
7416,45,3
7416,94,3
7416,61,2
7416,84,3
7417,54,1
7417,34,2
7418,78,3
7418,58,2
7418,46,3
7419,78,3
7420,38,2
7421,25,2
7421,22,2
7422,53,2
7423,22,3
7424,71,2
7424,88,1
7424,45,2
7425,35,3
7425,100,3
7425,72,3
7425,43,1
7426,96,3
7426,91,2
7427,54,3
7427,42,2
7428,2,2
7428,88,1
7428,33,1
7428,8,2
7428,39,1
7429,1,3
7429,85,1
7429,16,2
7429,25,2
7430,58,2
7431,61,1
7431,18,2
7431,33,1
7431,40,2
7431,57,3
7432,100,2
7432,90,2
7432,14,2
7433,92,2
7433,66,1
7433,67,3
7433,44,3
7434,82,2
7434,34,3
7434,93,2
7434,12,3
7434,77,2
7435,42,3
7435,66,1
7436,36,3
7437,81,2
7437,93,3
7437,42,3
7437,99,3
7437,50,3
7438,75,1
7438,69,1
7438,23,2
7438,73,1
7438,38,1
7439,7,3
7439,77,2
7439,2,3
7439,23,3
7440,76,3
7440,2,2
7440,30,2
7440,82,2
7441,76,2
7441,47,1
7441,79,2
7442,44,3
7443,33,3
7444,96,2
7444,92,3
7444,49,1
7444,18,1
7445,87,3
7445,60,1
7446,20,3
7446,85,1
7446,37,1
7446,26,3
7446,19,3
7447,68,1
7448,91,3
7448,50,1
7448,89,2
7449,77,1
7449,1,3
7449,31,1
7449,87,3
7449,33,3
7450,37,3
7450,38,3
7450,73,1
7450,84,1
7450,59,3
7451,64,1
7451,16,3
7451,82,3
7451,83,3
7451,10,1
7452,63,2
7452,27,1
7452,88,3
7453,97,1
7454,95,3
7454,41,2
7454,16,1
7455,34,1
7455,22,3
7456,12,3
7456,51,2
7456,53,1
7456,76,1
7456,4,1
7457,86,3
7458,92,3
7458,12,2
7458,2,1
7459,89,1
7459,61,2
7459,30,1
7459,44,1
7460,38,1
7461,64,3
7461,4,2
7461,17,1
7461,7,3
7462,14,2
7462,70,2
7463,99,1
7463,48,1
7464,70,3
7464,48,2
7464,44,1
7464,57,3
7464,66,3
7465,77,3
7465,3,1
7465,47,1
7466,92,3
7466,43,3
7466,86,3
7467,88,2
7468,17,1
7468,4,1
7468,11,2
7468,5,1
7468,88,3
7469,3,2
7469,91,1
7469,32,2
7470,67,2
7470,50,3
7470,70,1
7471,85,2
7472,45,3
7472,77,3
7472,2,1
7472,86,1
7473,73,2
7473,1,3
7473,5,1
7474,10,3
7475,14,2
7475,99,3
7475,5,2
7475,34,2
7476,81,2
7476,66,2
7477,18,2
7478,14,1
7479,68,1
7479,78,2
7480,89,1
7480,44,2
7481,46,2
7482,17,3
7483,68,2
7483,24,2
7483,95,2
7484,22,1
7484,16,3
7484,82,1
7485,54,1
7485,31,2
7485,33,2
7485,94,3
7485,38,3
7486,64,3
7487,63,1
7488,99,1
7488,95,1
7489,31,1
7489,48,1
7489,21,1
7489,81,3
7489,52,1
7490,23,3
7491,26,3
7491,5,3
7492,86,1
7492,24,2
7492,2,3
7492,52,1
7493,33,1
7493,19,1
7493,45,3
7494,18,3
7494,81,3
7494,3,2
7494,31,2
7494,51,2
7495,35,3
7495,88,1
7495,40,2
7495,3,2
7495,79,1
7496,75,2
7496,69,1
7496,10,2
7497,21,3
7497,46,3
7498,4,1
7498,10,1
7498,17,2
7498,28,3
7499,94,1
7499,9,3
7499,15,2
7500,14,1
7500,3,2
7500,22,2
7500,78,2
7501,27,3
7501,6,1
7502,25,2
7503,6,2
7503,43,2
7503,17,3
7504,56,1
7505,70,1
7506,85,3
7507,75,2
7508,9,2
7508,62,3
7508,35,2
7509,29,1
7509,65,2
7509,44,3
7509,72,1
7509,99,1
7510,3,3
7510,18,2
7510,15,1
7511,69,2
7512,5,2
7512,66,1
7512,34,1
7513,28,2
7514,34,1
7514,68,3
7514,92,2
7514,77,2
7514,88,1
7515,100,1
7515,85,3
7516,26,3
7516,67,2
7516,34,3
7516,87,2
7517,39,1
7517,5,2
7518,63,2
7518,36,1
7518,71,1
7518,94,1
7518,56,3
7519,49,2
7519,63,1
7519,52,3
7520,38,1
7521,56,3
7522,95,3
7522,24,2
7523,87,3
7524,2,1
7524,69,3
7524,44,1
7524,77,2
7524,41,2
7525,99,2
7526,50,2
7526,52,3
7526,42,3
7527,73,1
7527,26,1
7527,64,2
7528,81,2
7528,53,3
7528,67,1
7528,11,2
7529,72,3
7530,28,2
7531,92,3
7531,85,3
7531,50,3
7532,90,2
7532,66,3
7532,33,1
7533,34,3
7533,94,3
7533,33,3
7533,99,1
7533,51,2
7534,6,2
7534,32,2
7534,27,2
7535,84,3
7535,14,3
7535,99,3
7535,30,3
7535,10,1
7536,10,2
7536,89,1
7536,54,3
7536,28,2
7536,21,3
7537,78,3
7537,56,2
7537,77,3
7538,66,3
7538,24,1
7538,59,2
7538,44,1
7539,1,1
7539,62,3
7539,38,1
7540,22,2
7541,62,3
7541,37,2
7541,66,2
7541,51,2
7541,69,3
7542,81,1
7542,31,3
7542,20,2
7543,96,3
7543,4,1
7543,56,3
7544,96,3
7544,47,3
7544,83,3
7544,19,3
7545,54,2
7545,68,3
7545,48,3
7545,9,3
7546,54,3
7546,78,3
7546,20,1
7546,49,2
7546,64,2
7547,47,1
7547,97,3
7548,44,2
7548,46,3
7548,15,3
7548,20,1
7549,1,3
7549,97,2
7549,90,1
7549,68,3
7549,74,1
7550,44,1
7550,82,2
7550,97,2
7550,92,1
7551,11,1
7551,56,2
7552,36,1
7552,9,2
7552,40,3
7553,10,3
7553,5,1
7553,80,1
7553,12,2
7553,57,3
7554,24,1
7554,90,2
7554,67,1
7554,72,2
7555,23,3
7555,32,3
7556,33,2
7556,91,1
7556,95,1
7556,6,3
7556,99,3
7557,95,2
7557,24,1
7557,42,2
7557,8,3
7557,81,1
7558,49,3
7558,67,1
7558,47,1
7559,47,1
7559,80,2
7560,13,2
7561,5,3
7561,23,3
7562,71,2
7562,90,2
7562,83,3
7562,65,3
7563,58,1
7563,91,1
7563,30,3
7563,43,2
7563,72,1
7564,81,1
7564,89,3
7564,46,3
7565,29,1
7565,48,2
7566,70,1
7566,94,1
7566,60,2
7567,1,2
7568,68,2
7569,1,2
7569,51,3
7570,78,1
7570,97,2
7571,88,3
7572,65,1
7572,56,1
7573,31,2
7574,78,2
7574,83,2
7575,98,1
7576,76,2
7577,14,1
7577,68,3
7578,17,2
7578,82,2
7578,10,3
7578,56,2
7578,33,3
7579,61,2
7579,14,1
7579,7,1
7580,53,3
7580,47,1
7580,50,2
7580,9,2
7581,97,1
7581,23,3
7581,26,3
7582,47,1
7582,39,2
7582,38,1
7582,12,3
7582,89,3
7583,47,2
7583,67,1
7583,1,1
7584,91,3
7585,99,3
7585,67,3
7585,95,3
7585,15,3
7586,32,2
7587,52,3
7587,31,3
7587,34,2
7587,3,3
7587,58,2
7588,93,2
7588,84,2
7588,15,3
7588,81,2
7588,26,2
7589,59,3
7589,1,2
7590,10,1
7590,8,2
7590,23,3
7590,31,2
7590,73,2
7591,12,2
7591,99,3
7591,63,3
7592,15,1
7592,93,2
7593,77,1
7593,88,2
7593,56,1
7593,79,2
7594,99,2
7594,49,3
7594,97,1
7594,27,1
7594,24,3
7595,59,2
7596,1,3
7596,91,2
7597,34,2
7597,47,3
7597,24,1
7598,85,3
7598,73,1
7598,15,1
7598,35,2
7599,96,1
7600,87,1
7601,29,3
7601,39,1
7601,19,1
7601,17,3
7601,28,2
7602,38,3
7602,69,1
7603,89,1
7603,97,3
7603,96,2
7604,27,3
7604,35,3
7604,94,2
7604,18,3
7604,34,2
7605,59,3
7605,87,2
7605,35,3
7606,34,1
7606,6,3
7606,14,1
7606,18,2
7606,97,3
7607,53,3
7607,88,1
7607,18,1
7607,65,2
7608,96,3
7608,80,3
7608,37,1
7608,85,1
7608,17,1
7609,67,2
7610,96,2
7610,27,2
7610,42,1
7610,70,1
7611,55,1
7611,48,2
7611,15,1
7611,9,3
7612,38,2
7612,64,2
7612,45,2
7612,53,2
7612,47,1
7613,3,2
7613,77,2
7613,41,1
7613,5,2
7613,8,2
7614,12,3
7614,11,2
7614,26,3
7614,83,1
7615,62,2
7615,77,3
7615,78,3
7615,4,1
7616,38,2
7616,49,3
7616,31,1
7617,19,2
7618,50,2
7618,57,1
7618,96,2
7619,89,3
7619,97,2
7619,22,3
7620,88,1
7620,87,1
7621,96,3
7622,53,1
7622,96,3
7622,90,1
7622,60,2
7623,89,1
7624,96,1
7624,95,2
7624,51,2
7625,100,2
7625,34,1
7626,54,3
7626,12,3
7626,96,2
7626,43,2
7626,92,2
7627,5,1
7628,71,1
7628,41,1
7628,29,3
7629,36,2
7629,42,1
7629,82,1
7629,100,3
7630,74,2
7630,58,1
7630,66,2
7630,67,1
7630,45,2
7631,17,1
7632,12,2
7633,94,2
7633,1,2
7633,51,1
7634,61,1
7634,56,2
7634,18,2
7635,19,1
7636,1,1
7636,91,3
7637,29,3
7637,63,3
7637,31,1
7637,37,3
7637,81,1
7638,9,1
7638,66,3
7638,7,1
7639,31,1
7639,10,1
7640,83,3
7640,45,1
7640,97,2
7640,59,1
7640,4,1
7641,98,2
7641,57,2
7642,3,1
7643,9,2
7643,22,1
7644,65,2
7645,32,1
7645,79,2
7645,15,1
7645,56,1
7645,62,3
7646,70,3
7646,69,2
7647,24,3
7647,31,1
7647,6,3
7647,66,3
7648,56,1
7648,80,3
7649,37,2
7649,61,1
7649,23,2
7650,24,1
7650,88,2
7650,91,1
7650,38,3
7650,93,2
7651,46,3
7651,34,3
7651,21,3
7652,11,1
7653,24,1
7653,61,2
7653,59,3
7653,9,2
7653,90,1
7654,53,2
7654,43,2
7654,7,1
7655,54,2
7655,93,1
7655,4,1
7656,46,2
7656,73,2
7656,34,1
7657,54,3
7657,57,3
7657,80,2
7657,23,2
7658,31,2
7658,53,1
7658,94,2
7658,68,1
7658,82,2
7659,37,2
7659,79,1
7660,78,1
7661,12,2
7661,98,1
7661,74,3
7661,65,2
7662,18,1
7663,27,3
7663,54,3
7663,18,2
7664,67,1
7664,83,2
7664,54,1
7665,76,1
7665,4,2
7665,96,3
7665,78,1
7666,34,1
7666,1,1
7666,85,2
7667,61,1
7667,24,2
7667,90,2
7667,18,1
7667,35,2
7668,70,3
7668,58,3
7668,82,1
7668,75,2
7668,41,1
7669,10,1
7670,8,3
7670,44,2
7670,23,3
7671,13,3
7671,32,3
7671,99,1
7671,18,3
7671,38,2
7672,86,1
7672,64,3
7672,31,1
7672,26,3
7672,57,1
7673,43,2
7673,5,3
7674,29,2
7674,36,2
7674,75,3
7674,53,2
7674,73,1
7675,15,1
7675,8,2
7675,94,1
7675,41,1
7675,84,2
7676,63,2
7677,90,2
7677,1,3
7677,46,2
7678,39,3
7678,55,3
7678,17,2
7678,41,1
7678,13,2
7679,55,1
7680,6,2
7681,36,3
7681,52,1
7682,35,2
7682,43,3
7682,82,3
7683,3,1
7684,78,2
7684,47,2
7684,10,2
7684,34,3
7684,81,2
7685,44,2
7686,26,3
7686,46,1
7687,95,1
7688,50,1
7688,21,2
7688,17,2
7688,61,3
7688,59,3
7689,97,3
7689,46,2
7690,18,2
7690,15,3
7690,49,1
7691,55,3
7691,91,1
7692,91,2
7692,63,1
7692,79,3
7692,69,2
7692,9,1
7693,56,2
7694,71,3
7694,65,3
7695,10,2
7695,45,3
7696,61,1
7696,38,3
7696,13,1
7697,21,3
7697,43,1
7697,64,3
7697,37,1
7698,47,3
7698,98,2
7698,92,2
7698,17,2
7699,81,2
7700,5,1
7700,98,3
7700,100,1
7701,93,1
7701,18,2
7701,56,3
7702,58,2
7702,60,3
7702,69,3
7702,61,1
7702,68,3
7703,52,1
7703,76,1
7703,40,2
7703,93,3
7704,2,1
7704,21,1
7704,39,3
7705,3,2
7705,96,1
7705,18,2
7706,40,2
7707,65,3
7708,32,3
7708,81,2
7709,69,2
7709,52,2
7709,82,3
7709,37,1
7709,40,1
7710,40,3
7711,27,2
7712,66,1
7712,91,1
7712,50,1
7712,30,3
7712,87,1
7713,66,3
7713,5,3
7713,88,3
7714,25,3
7714,50,3
7715,64,3
7715,12,1
7715,55,1
7715,58,2
7715,50,2
7716,63,3
7716,32,3
7716,57,3
7716,34,1
7717,17,3
7717,59,1
7717,35,1
7717,11,1
7717,7,1
7718,12,3
7718,38,2
7718,88,2
7718,42,3
7719,31,3
7720,43,1
7720,9,2
7720,60,2
7721,88,3
7721,40,2
7721,21,3
7722,65,1
7722,90,2
7722,88,1
7723,9,3
7723,47,3
7724,38,2
7724,20,2
7724,11,1
7724,9,3
7724,34,1
7725,42,2
7726,88,1
7726,44,2
7726,79,2
7727,49,1
7728,3,2
7729,19,1
7729,8,2
7729,61,2
7729,25,1
7729,92,2
7730,77,3
7730,32,3
7731,65,1
7731,63,3
7731,6,2
7732,81,2
7732,71,2
7732,61,2
7732,88,3
7732,97,1
7733,32,3
7734,55,3
7734,53,1
7734,74,1
7734,47,3
7734,27,3
7735,3,3
7735,5,3
7736,45,3
7736,66,3
7736,88,1
7737,66,1
7738,93,1
7738,62,2
7738,86,1
7738,82,3
7739,99,3
7739,26,3
7739,68,2
7740,41,3
7740,34,2
7740,12,1
7741,62,2
7741,12,1
7741,84,3
7741,45,2
7742,43,1
7742,90,3
7742,68,3
7742,53,1
7743,62,2
7743,38,2
7743,48,1
7743,90,2
7743,40,2
7744,76,2
7745,61,3
7745,86,2
7745,16,3
7745,89,2
7745,23,1
7746,25,1
7746,66,3
7746,30,1
7747,98,1
7747,86,2
7747,80,2
7747,54,1
7747,72,1
7748,3,1
7748,81,1
7748,77,2
7749,9,1
7749,37,1
7749,88,2
7749,78,2
7749,28,1
7750,88,1
7750,45,3
7750,57,2
7750,87,3
7751,3,1
7751,93,3
7751,7,1
7751,26,1
7752,14,1
7752,52,2
7752,62,3
7752,68,3
7753,42,3
7754,88,3
7754,70,1
7754,35,3
7755,48,1
7755,75,3
7756,10,2
7756,45,2
7757,82,3
7758,89,1
7758,30,3
7758,93,2
7759,69,1
7759,2,2
7759,70,3
7760,95,3
7760,88,1
7760,29,2
7760,2,1
7760,75,2
7761,83,2
7761,55,1
7761,10,3
7761,41,3
7761,20,2
7762,53,3
7762,2,2
7762,67,2
7762,60,1
7762,35,2
7763,91,1
7764,39,3
7764,95,3
7764,67,1
7764,7,1
7764,37,3
7765,60,2
7765,84,3
7765,16,1
7765,61,3
7766,94,1
7767,44,2
7767,32,2
7768,96,3
7768,80,1
7768,40,1
7768,20,1
7769,52,2
7769,79,1
7769,71,3
7769,9,2
7770,21,3
7770,61,3
7770,98,1
7770,8,1
7770,29,1
7771,30,3
7771,43,2
7771,74,2
7771,60,3
7771,58,3
7772,93,2
7772,38,3
7773,45,2
7773,13,3
7773,49,1
7773,87,3
7773,64,1
7774,41,2
7774,40,3
7774,94,3
7775,94,3
7776,61,1
7776,30,1
7776,58,1
7777,2,1
7777,75,2
7777,70,2
7777,15,3
7777,3,2
7778,88,1
7778,93,3
7778,48,2
7778,53,1
7778,47,3
7779,27,1
7779,18,3
7779,66,3
7779,54,3
7779,35,1
7780,84,2
7780,85,3
7780,51,2
7781,15,2
7781,59,1
7781,75,2
7781,73,1
7781,10,3
7782,54,3
7783,52,3
7783,4,3
7783,33,1
7784,34,2
7784,8,2
7784,36,3
7784,9,2
7785,75,2
7785,33,3
7785,11,1
7785,49,1
7785,80,2
7786,80,1
7786,84,1
7786,56,1
7786,46,3
7787,10,1
7787,76,3
7788,95,1
7788,49,1
7788,97,3
7788,68,2
7788,83,3
7789,27,2
7789,63,1
7790,53,1
7790,74,3
7790,83,3
7791,97,3
7791,9,1
7791,4,3
7791,20,3
7791,25,2
7792,24,1
7792,100,1
7792,91,3
7792,77,2
7792,56,3
7793,63,3
7793,100,2
7793,81,3
7794,96,2
7794,91,3
7794,52,1
7794,60,3
7795,95,2
7795,24,1
7796,51,3
7797,35,1
7797,93,3
7798,72,2
7798,46,2
7798,33,3
7798,12,3
7798,2,3
7799,21,2
7800,87,2
7800,77,1
7800,20,3
7800,18,3
7801,9,1
7801,24,3
7801,62,3
7801,27,3
7802,37,1
7802,25,3
7802,33,2
7803,30,1
7803,100,2
7803,95,3
7804,29,1
7805,5,1
7805,16,2
7805,8,3
7805,89,2
7806,94,1
7806,98,3
7806,28,3
7807,90,3
7807,37,1
7808,44,3
7809,27,1
7809,2,2
7809,49,1
7809,7,1
7810,84,3
7810,68,3
7810,48,1
7810,90,1
7810,11,1
7811,37,2
7811,91,2
7811,29,2
7811,43,2
7811,98,1
7812,36,2
7812,91,3
7813,76,3
7813,60,1
7813,27,1
7813,85,1
7814,4,3
7815,1,1
7816,9,2
7816,61,2
7816,8,1
7816,66,1
7816,82,1
7817,99,1
7817,82,1
7817,89,1
7818,70,1
7818,10,1
7819,72,2
7820,75,3
7820,95,3
7820,99,2
7820,84,2
7821,15,1
7822,64,2
7822,55,1
7822,61,2
7822,56,2
7822,40,1
7823,62,3
7824,87,3
7824,36,1
7824,5,1
7825,22,2
7825,77,1
7825,40,1
7825,44,3
7825,36,1
7826,84,3
7826,51,2
7826,32,1
7827,59,2
7827,75,1
7828,44,1
7829,6,3
7829,7,1
7830,55,2
7830,40,3
7830,33,3
7830,29,2
7831,39,1
7831,69,3
7832,41,2
7833,45,1
7833,54,3
7833,44,2
7834,22,2
7835,80,2
7835,65,2
7835,88,2
7836,90,1
7836,9,2
7836,34,3
7837,27,1
7837,22,3
7837,31,1
7838,33,2
7838,85,3
7838,62,2
7839,28,2
7839,86,1
7839,77,3
7839,42,3
7840,67,1
7840,61,3
7840,90,1
7841,56,1
7841,40,3
7841,66,3
7841,33,2
7841,30,1
7842,35,2
7842,22,3
7842,33,2
7843,69,2
7843,20,2
7843,93,2
7843,8,2
7844,10,2
7845,76,2
7845,49,1
7845,42,2
7845,45,3
7846,88,1
7847,64,1
7847,89,3
7847,55,1
7848,24,1
7848,67,3
7848,78,1
7849,27,3
7849,4,1
7849,63,2
7849,94,1
7850,79,2
7850,78,1
7850,59,2
7850,23,1
7851,25,3
7851,100,2
7851,96,2
7851,5,1
7851,59,2
7852,17,1
7852,11,3
7853,51,2
7854,79,2
7854,83,1
7855,53,2
7856,83,1
7856,49,1
7856,47,1
7856,79,1
7856,4,1
7857,64,3
7857,100,2
7858,75,2
7858,92,1
7858,64,3
7858,68,2
7858,37,3
7859,76,2
7859,29,3
7859,62,2
7859,26,3
7859,9,1
7860,55,2
7860,74,2
7860,84,3
7860,100,2
7861,14,1
7861,67,3
7862,84,1
7862,69,3
7862,64,1
7863,90,2
7864,74,1
7864,49,3
7864,32,1
7865,34,3
7865,71,1
7865,5,1
7865,11,1
7866,14,2
7866,45,2
7866,57,2
7866,97,1
7866,1,1
7867,25,3
7867,36,2
7867,8,2
7868,91,2
7869,93,2
7869,84,1
7869,81,2
7869,31,3
7870,63,3
7870,87,2
7871,29,1
7871,57,1
7871,12,3
7872,56,3
7873,88,2
7873,65,2
7873,19,1
7873,41,3
7874,66,2
7874,8,2
7874,5,1
7874,11,2
7874,92,1
7875,97,3
7875,53,3
7875,76,3
7875,54,3
7876,68,3
7876,69,2
7876,40,2
7876,8,3
7877,94,2
7878,21,2
7878,37,3
7878,53,1
7879,1,3
7879,27,2
7879,8,3
7879,7,2
7880,36,2
7881,23,2
7882,39,1
7883,94,2
7883,85,2
7883,34,2
7884,36,1
7885,59,2
7885,95,3
7885,20,1
7886,15,2
7886,21,2
7886,44,3
7887,2,1
7887,38,2
7887,47,1
7887,85,1
7888,76,2
7888,91,2
7888,56,2
7888,90,1
7889,88,2
7890,87,1
7891,29,2
7891,71,1
7892,63,3
7892,25,1
7893,46,3
7894,100,3
7894,15,2
7894,4,1
7894,68,1
7894,87,3
7895,63,3
7895,100,2
7895,2,2
7896,19,2
7897,20,2
7897,38,1
7897,39,3
7897,50,2
7898,18,1
7898,43,2
7899,69,1
7900,2,1
7900,84,1
7900,52,2
7900,47,2
7901,100,3
7901,66,3
7902,86,1
7903,22,3
7903,89,1
7903,35,1
7903,67,2
7904,20,2
7904,74,1
7904,17,2
7904,38,2
7905,89,3
7905,58,1
7905,46,3
7906,50,1
7907,95,2
7908,9,1
7908,13,2
7908,64,3
7908,48,1
7908,81,1
7909,64,3
7909,81,3
7909,98,2
7909,36,3
7909,23,2
7910,71,3
7910,99,1
7911,5,2
7912,20,2
7912,41,1
7912,62,1
7912,1,1
7913,97,3
7913,68,1
7913,42,3
7913,23,3
7913,5,3
7914,45,3
7914,22,3
7914,8,1
7914,1,3
7915,54,2
7915,65,1
7915,52,3
7915,16,1
7915,34,2
7916,74,1
7916,92,2
7916,2,3
7916,36,2
7917,25,2
7918,3,1
7918,44,1
7918,89,1
7919,65,2
7919,11,3
7919,6,3
7919,39,1
7920,86,3
7920,4,1
7921,25,2
7921,74,1
7921,83,1
7921,94,1
7921,56,1
7922,84,2
7922,2,2
7923,100,2
7923,99,2
7924,32,3
7925,43,3
7925,90,3
7925,87,2
7926,14,1
7927,71,2
7927,40,2
7928,47,3
7929,94,1
7930,39,3
7931,72,1
7931,30,2
7931,26,2
7931,82,3
7931,74,1
7932,96,2
7932,70,1
7932,75,2
7933,23,2
7933,2,1
7934,13,2
7934,50,3
7935,31,3
7935,3,3
7936,67,3
7936,10,1
7936,74,2
7936,91,3
7936,9,2
7937,62,3
7937,88,2
7937,100,2
7938,93,1
7938,87,1
7939,47,1
7939,80,2
7940,8,1
7940,34,3
7940,22,1
7940,13,1
7941,14,1
7941,91,2
7942,9,3
7942,49,3
7942,8,1
7942,64,3
7943,10,2
7944,29,3
7944,46,2
7944,78,2
7945,85,3
7945,48,3
7946,100,3
7947,16,2
7947,67,3
7947,100,1
7948,51,1
7948,89,1
7948,22,1
7949,15,1
7949,25,3
7949,75,3
7949,26,2
7950,46,2
7950,19,2
7951,47,2
7951,94,2
7951,85,2
7951,53,1
7951,76,2
7952,38,1
7952,91,1
7953,79,3
7954,79,2
7955,48,3
7955,78,3
7955,76,2
7955,70,1
7956,11,2
7956,24,1
7957,51,3
7957,90,2
7957,71,1
7957,4,3
7957,62,1
7958,2,3
7958,34,3
7958,95,3
7959,49,2
7959,21,3
7960,5,2
7961,54,1
7961,82,1
7961,44,2
7961,78,1
7961,76,2
7962,6,3
7962,81,3
7962,78,1
7963,54,2
7963,35,3
7963,98,2
7963,96,3
7963,88,2
7964,23,1
7964,14,2
7965,95,3
7965,31,3
7965,28,2
7966,31,3
7966,4,2
7967,51,1
7967,86,2
7967,35,2
7967,37,3
7967,69,1
7968,80,1
7969,81,2
7970,2,1
7970,42,1
7970,39,1
7971,35,3
7972,50,2
7973,25,3
7973,21,2
7973,62,3
7973,11,1
7974,39,1
7974,20,2
7975,70,3
7975,17,2
7975,64,3
7975,48,3
7975,20,3
7976,19,2
7977,39,1
7977,37,1
7977,97,1
7978,79,3
7978,7,3
7978,54,1
7979,63,1
7979,59,3
7979,24,3
7979,73,1
7980,76,2
7981,52,1
7981,78,1
7981,74,1
7982,12,3
7982,32,3
7982,6,3
7982,71,2
7983,86,1
7983,59,1
7984,91,2
7984,45,1
7985,29,2
7985,22,1
7985,16,1
7985,55,2
7986,28,3
7986,13,2
7987,79,2
7987,42,2
7987,72,3
7987,36,3
7987,88,2
7988,25,2
7988,64,3
7988,26,2
7988,68,3
7988,83,3
7989,13,1
7989,99,1
7989,53,3
7989,90,1
7990,69,3
7990,10,1
7991,4,1
7991,13,3
7991,63,1
7992,60,1
7992,26,1
7993,52,2
7993,33,3
7993,26,3
7994,61,2
7995,29,3
7996,78,3
7996,4,2
7997,46,1
7997,65,2
7997,58,3
7997,91,2
7998,30,3
7998,39,1
7999,72,3
7999,41,3
7999,23,1
8000,49,3
8000,1,1
8000,32,2
8000,84,1
8000,20,1
8001,19,3
8001,87,1
8002,1,1
8003,51,3
8003,36,1
8003,91,3
8003,6,1
8004,69,2
8004,64,2
8004,80,2
8004,22,1
8005,63,1
8005,92,2
8006,6,1
8006,39,1
8006,54,1
8006,97,2
8006,30,2
8007,82,1
8007,91,3
8007,53,1
8007,71,3
8007,13,2
8008,21,3
8008,1,2
8008,99,1
8008,87,3
8009,91,3
8009,81,1
8009,43,1
8009,21,2
8009,63,2
8010,11,3
8010,90,2
8010,36,2
8010,48,2
8010,49,3
8011,65,2
8011,28,3
8011,60,1
8012,78,3
8012,23,1
8013,70,1
8013,65,3
8013,66,3
8014,9,1
8014,33,2
8015,95,3
8016,13,1
8016,33,2
8016,71,2
8017,37,2
8017,85,1
8017,21,2
8017,60,3
8017,90,3
8018,30,2
8018,94,3
8018,95,2
8019,53,1
8020,94,3
8021,10,3
8021,52,1
8021,47,3
8021,43,3
8022,82,2
8022,53,3
8022,54,3
8023,42,1
8023,40,1
8023,83,2
8024,54,3
8024,23,2
8024,10,3
8024,16,1
8024,45,2
8025,35,1
8025,85,1
8025,72,1
8026,84,3
8026,100,2
8026,10,1
8026,62,1
8027,55,3
8028,71,1
8028,43,2
8029,1,1
8029,29,1
8029,71,1
8030,95,2
8030,91,3
8030,56,1
8030,94,1
8031,57,3
8032,15,3
8032,77,3
8033,44,3
8033,30,3
8033,27,2
8034,40,2
8034,41,2
8034,57,1
8034,31,3
8035,91,3
8035,57,2
8035,77,2
8035,95,1
8035,64,1
8036,2,1
8036,87,3
8036,15,1
8037,49,2
8037,56,1
8037,96,2
8037,4,1
8037,95,1
8038,11,2
8038,22,1
8038,91,3
8038,46,2
8039,83,3
8039,15,1
8039,50,2
8040,30,3
8040,98,1
8040,35,2
8040,48,2
8040,31,2
8041,52,3
8041,39,1
8041,25,2
8041,30,3
8042,7,2
8042,16,3
8042,29,1
8043,26,2
8043,60,1
8044,51,3
8044,59,2
8045,29,1
8046,81,2
8046,92,2
8046,93,2
8047,32,1
8047,83,1
8047,44,1
8047,20,1
8048,25,3
8048,77,2
8049,9,3
8049,72,2
8049,8,1
8049,27,3
8050,71,2
8050,88,1
8050,28,2
8050,33,3
8051,40,3
8052,76,3
8052,77,1
8052,67,3
8053,2,2
8054,52,2
8055,79,3
8055,90,3
8055,57,1
8056,93,3
8056,37,1
8056,17,2
8057,3,2
8057,8,1
8057,55,1
8057,32,2
8057,5,3
8058,31,3
8058,23,1
8058,95,2
8058,84,2
8059,84,2
8059,77,3
8060,61,2
8060,51,2
8060,41,3
8060,96,2
8061,10,1
8062,85,3
8062,9,2
8062,82,2
8062,83,1
8062,96,2
8063,56,1
8063,17,3
8064,50,3
8064,76,1
8065,54,2
8065,53,2
8065,32,1
8065,71,3
8065,29,2
8066,70,3
8066,7,3
8066,84,1
8066,59,1
8067,63,2
8068,34,2
8068,52,1
8068,62,3
8069,7,3
8069,16,3
8070,20,2
8070,37,2
8070,12,2
8070,4,1
8071,97,3
8071,3,2
8071,36,1
8071,42,2
8072,5,2
8072,96,1
8072,6,3
8072,29,3
8073,12,2
8074,39,3
8074,51,2
8074,9,1
8074,100,3
8074,55,1
8075,8,2
8075,22,1
8075,51,1
8075,41,1
8076,99,2
8076,65,2
8077,42,2
8077,56,1
8078,35,2
8079,20,2
8079,62,2
8080,4,3
8081,56,3
8081,14,1
8082,27,1
8082,41,3
8082,37,2
8082,68,3
8082,40,1
8083,63,1
8083,37,1
8083,65,2
8083,8,1
8084,26,2
8084,81,2
8084,51,1
8084,85,1
8084,2,1
8085,53,2
8085,94,2
8085,73,2
8085,78,2
8086,96,2
8086,41,2
8086,70,1
8086,34,3
8086,39,3
8087,79,3
8087,55,3
8087,80,3
8088,33,2
8089,99,2
8089,87,1
8089,2,1
8089,94,1
8090,64,2
8090,29,3
8090,62,1
8090,92,3
8091,23,3
8091,32,3
8091,17,2
8091,87,1
8092,33,2
8093,29,1
8093,61,2
8093,59,2
8093,89,2
8093,13,1
8094,58,1
8094,33,2
8094,89,2
8094,16,2
8094,11,1
8095,63,1
8095,85,1
8095,12,3
8095,10,1
8095,57,3
8096,36,3
8096,51,1
8096,29,2
8096,70,1
8096,41,3
8097,14,1
8098,98,1
8098,17,2
8098,14,2
8098,100,3
8099,66,3
8099,16,2
8099,23,3
8099,29,3
8100,36,2
8100,96,2
8100,57,1
8100,19,2
8100,3,1
8101,84,1
8101,52,3
8101,8,1
8101,96,1
8102,93,3
8102,71,3
8102,43,2
8103,99,2
8103,21,3
8103,43,3
8103,14,3
8104,90,3
8105,79,2
8106,96,1
8107,19,3
8107,87,3
8107,85,3
8107,15,1
8108,91,1
8108,82,3
8108,77,3
8108,43,2
8109,84,2
8109,66,1
8109,74,3
8110,36,2
8110,55,3
8110,13,2
8111,75,1
8112,43,3
8112,59,1
8113,89,3
8113,18,3
8113,15,1
8113,49,3
8113,23,1
8114,33,1
8114,91,3
8114,69,2
8114,23,3
8115,38,2
8115,100,2
8115,68,1
8115,64,1
8115,14,3
8116,24,3
8117,88,2
8117,48,1
8117,29,3
8118,15,3
8118,33,2
8118,63,3
8118,31,2
8119,41,3
8120,41,1
8120,76,3
8120,92,1
8120,72,1
8121,53,3
8121,42,3
8121,11,1
8121,86,3
8122,48,1
8122,96,2
8122,67,2
8122,32,1
8122,73,3
8123,23,3
8123,10,3
8123,7,3
8123,63,3
8123,69,3
8124,6,1
8124,58,3
8124,40,3
8125,77,1
8125,92,3
8126,94,3
8126,90,2
8126,41,3
8127,76,1
8127,8,1
8128,42,1
8128,83,1
8128,87,1
8129,37,2
8129,44,2
8129,88,3
8130,67,2
8130,1,3
8131,9,3
8132,48,2
8132,26,1
8132,93,1
8133,1,3
8133,12,3
8134,72,3
8134,96,2
8134,84,1
8135,93,1
8135,57,1
8136,76,3
8136,86,2
8136,26,3
8136,75,3
8136,2,3
8137,9,2
8138,72,1
8138,89,2
8138,1,3
8138,52,3
8138,66,3
8139,23,2
8139,45,2
8140,47,1
8140,29,3
8140,42,2
8141,40,3
8141,39,1
8142,36,1
8142,23,2
8142,63,2
8143,15,2
8143,53,1
8143,25,3
8143,84,3
8143,40,1
8144,21,3
8145,1,1
8145,43,1
8145,56,2
8145,71,2
8145,66,1
8146,28,2
8146,40,1
8146,6,2
8146,92,1
8146,67,3
8147,90,2
8147,16,3
8147,44,2
8147,96,3
8148,52,2
8149,88,3
8149,59,2
8149,99,1
8149,74,3
8150,78,2
8150,22,3
8150,99,3
8150,51,2
8150,13,2
8151,51,1
8151,1,3
8151,30,2
8152,72,1
8152,98,3
8153,12,1
8153,49,2
8153,66,2
8153,68,1
8154,56,2
8154,28,3
8154,41,2
8155,46,2
8156,13,2
8156,76,3
8156,95,1
8157,42,1
8157,72,1
8157,37,1
8158,45,3
8158,22,3
8158,27,3
8158,29,1
8159,65,2
8159,97,1
8159,28,1
8159,27,1
8160,8,1
8160,82,3
8160,96,3
8160,91,1
8160,69,1
8161,87,2
8161,4,1
8161,69,2
8161,44,3
8162,55,3
8162,66,1
8162,37,2
8162,73,3
8163,27,1
8163,92,3
8163,66,1
8163,16,2
8163,31,2
8164,79,3
8164,41,2
8164,24,1
8164,62,2
8164,58,2
8165,92,2
8165,28,2
8165,82,1
8166,35,1
8166,90,3
8167,95,1
8167,53,2
8167,14,2
8167,58,3
8167,56,1
8168,98,3
8169,15,3
8170,94,1
8170,44,3
8170,70,1
8170,80,1
8171,34,3
8172,65,3
8172,57,2
8172,82,1
8172,58,3
8173,39,2
8173,100,3
8173,34,3
8173,36,2
8174,6,1
8174,82,2
8175,95,1
8175,26,3
8175,83,2
8176,64,3
8176,44,2
8176,10,3
8177,57,1
8177,52,3
8177,21,2
8178,7,3
8178,88,2
8178,77,1
8179,82,1
8179,2,1
8179,7,3
8179,39,1
8179,1,3
8180,71,1
8180,82,1
8180,62,3
8180,92,2
8180,73,3
8181,34,1
8181,15,1
8182,96,2
8182,94,1
8182,62,3
8183,89,3
8183,24,2
8183,51,3
8183,4,3
8183,76,3
8184,52,2
8184,89,1
8184,22,3
8184,18,3
8184,86,1
8185,12,2
8185,18,3
8185,55,2
8186,3,1
8187,72,2
8187,88,1
8188,50,3
8189,6,3
8189,33,1
8190,77,2
8190,33,3
8190,51,1
8190,98,3
8190,71,2
8191,55,2
8191,25,1
8191,93,1
8191,2,3
8191,53,2
8192,47,2
8193,93,1
8193,51,3
8193,94,1
8194,60,3
8195,45,3
8196,14,2
8197,41,2
8197,43,2
8197,19,3
8197,39,1
8197,62,3
8198,3,1
8198,84,2
8199,96,1
8199,15,1
8199,11,1
8200,21,2
8200,85,1
8201,98,1
8201,26,1
8201,37,3
8202,13,1
8203,31,2
8203,33,3
8203,62,3
8204,47,2
8204,42,1
8205,11,2
8206,8,3
8206,9,3
8206,91,3
8207,74,3
8207,13,1
8207,57,3
8207,87,2
8208,74,1
8208,51,3
8208,41,1
8209,71,1
8210,84,2
8210,81,2
8210,12,2
8210,68,3
8211,45,2
8212,28,1
8212,99,2
8212,49,3
8212,6,2
8212,22,2
8213,75,1
8213,51,1
8213,83,2
8213,46,2
8213,3,1
8214,76,3
8214,47,2
8214,57,1
8214,49,1
8215,97,1
8215,79,3
8216,72,1
8217,22,3
8217,60,2
8217,19,2
8218,69,2
8218,62,2
8218,32,2
8219,39,3
8220,22,3
8220,76,1
8220,18,3
8221,11,3
8221,46,1
8221,72,2
8221,31,2
8221,97,2
8222,30,3
8222,90,1
8222,32,3
8222,29,1
8222,64,1
8223,87,1
8223,67,3
8223,31,3
8223,86,3
8224,34,2
8224,76,2
8224,29,1
8225,11,1
8225,45,2
8225,76,1
8225,79,2
8225,83,2
8226,72,3
8226,42,3
8227,11,2
8227,38,1
8227,28,2
8228,91,2
8228,58,2
8228,90,3
8228,87,2
8229,39,3
8229,49,3
8229,96,2
8229,38,1
8230,10,2
8230,6,2
8230,8,3
8231,93,1
8232,18,2
8233,78,3
8233,51,3
8233,4,1
8234,6,3
8235,91,1
8235,15,3
8235,97,2
8235,80,1
8235,79,2
8236,61,1
8236,63,2
8236,44,1
8237,48,2
8237,88,1
8237,34,3
8238,52,3
8239,62,3
8239,90,3
8239,95,3
8239,20,3
8240,7,1
8240,44,3
8240,37,2
8240,93,2
8240,45,2
8241,83,2
8241,71,2
8241,21,1
8241,56,2
8241,36,1
8242,13,2
8242,59,1
8242,9,1
8243,88,3
8243,31,1
8243,18,2
8243,38,1
8244,69,1
8244,66,1
8244,46,1
8244,90,3
8245,33,1
8246,81,2
8246,75,3
8246,36,3
8247,26,2
8247,32,3
8247,48,3
8247,82,3
8248,9,2
8248,68,2
8248,59,3
8249,41,2
8249,39,1
8249,15,2
8250,95,1
8250,65,2
8250,7,3
8250,16,1
8251,90,2
8252,99,2
8252,5,3
8252,85,2
8252,29,2
8252,16,1
8253,63,1
8253,75,1
8254,96,2
8254,15,2
8254,72,1
8254,9,2
8254,81,3
8255,32,3
8255,46,2
8255,82,3
8255,34,3
8256,6,1
8257,75,2
8257,8,1
8257,43,3
8257,40,2
8258,24,3
8258,18,3
8258,48,1
8259,30,1
8259,99,2
8260,46,3
8260,100,2
8261,66,1
8261,62,2
8261,78,3
8262,16,3
8262,86,3
8262,14,3
8262,21,3
8263,42,2
8263,56,2
8263,13,1
8264,42,1
8265,96,3
8265,39,2
8265,58,3
8266,78,3
8266,9,3
8266,54,2
8267,69,2
8267,51,2
8267,17,3
8267,78,2
8268,31,1
8268,60,3
8268,42,2
8268,18,1
8268,41,1
8269,18,3
8269,77,3
8270,53,3
8270,83,1
8270,89,3
8271,3,3
8272,4,3
8272,79,2
8272,48,2
8272,45,2
8272,58,1
8273,81,3
8274,15,3
8274,97,2
8274,26,3
8274,53,1
8274,72,1
8275,65,1
8276,9,3
8277,12,2
8277,99,3
8277,8,3
8277,48,2
8278,32,3
8278,70,1
8278,31,2
8279,8,2
8279,79,3
8279,48,1
8280,37,1
8280,18,1
8280,67,2
8280,11,2
8280,60,1
8281,14,2
8282,62,3
8282,51,3
8282,94,2
8283,50,1
8284,22,1
8284,18,1
8284,50,3
8284,20,3
8285,87,1
8286,20,1
8287,89,2
8287,87,2
8287,35,3
8287,99,2
8288,34,1
8288,57,3
8288,20,2
8288,55,1
8289,34,2
8290,95,3
8290,57,3
8290,69,3
8290,89,2
8291,62,3
8291,14,3
8292,30,1
8293,93,2
8293,23,3
8293,81,1
8293,22,1
8293,62,1
8294,30,2
8294,79,3
8294,53,3
8295,78,1
8295,3,2
8295,81,3
8295,18,1
8295,32,2
8296,10,3
8296,19,2
8296,60,1
8296,50,2
8297,88,3
8298,68,3
8298,37,2
8298,60,3
8298,6,3
8299,61,2
8299,3,2
8299,15,1
8299,99,2
8300,86,1
8300,64,3
8300,58,2
8300,93,2
8300,11,1
8301,65,3
8301,67,1
8301,64,1
8301,21,2
8301,80,2
8302,77,3
8302,68,2
8302,35,3
8302,97,1
8302,89,2
8303,32,1
8303,37,1
8303,21,3
8303,79,1
8303,38,3
8304,19,3
8304,73,3
8305,43,3
8305,1,3
8305,27,3
8306,78,3
8306,47,1
8307,85,2
8308,2,2
8308,94,2
8308,76,3
8309,13,3
8309,47,3
8309,82,3
8310,62,1
8311,49,1
8311,18,1
8311,95,1
8311,73,3
8311,76,1
8312,24,3
8312,55,2
8313,68,3
8313,22,3
8313,92,1
8313,43,2
8313,94,2
8314,26,3
8314,31,2
8314,25,2
8314,91,2
8314,17,1
8315,63,2
8315,15,2
8315,12,1
8315,44,2
8315,46,2
8316,81,3
8316,71,2
8316,61,3
8317,57,1
8317,60,2
8318,77,3
8318,41,3
8318,62,1
8318,9,1
8319,18,1
8319,65,2
8319,94,3
8319,7,3
8319,12,2
8320,23,1
8320,22,1
8320,53,2
8320,56,3
8321,52,1
8321,47,1
8322,15,2
8322,54,3
8322,91,3
8322,39,3
8323,43,3
8323,82,2
8323,62,2
8323,51,1
8324,40,1
8324,93,2
8324,88,3
8325,70,2
8325,11,2
8325,32,3
8325,91,1
8326,39,2
8326,31,2
8326,78,1
8326,76,3
8326,48,2
8327,87,2
8328,16,2
8329,37,1
8329,41,3
8330,29,2
8330,86,2
8330,14,2
8331,34,3
8331,91,1
8332,21,2
8332,70,2
8332,61,3
8332,37,2
8332,20,2
8333,5,1
8333,63,2
8333,78,1
8334,31,1
8334,55,1
8334,62,2
8334,2,2
8335,51,3
8335,47,2
8335,54,3
8336,46,3
8336,83,3
8336,82,3
8336,14,2
8336,77,1
8337,54,3
8337,9,3
8337,36,3
8338,40,2
8338,46,2
8339,14,1
8339,48,2
8339,23,2
8339,16,2
8339,100,1
8340,26,2
8340,37,3
8341,22,3
8341,10,2
8341,99,1
8341,64,1
8341,90,3
8342,90,2
8342,24,2
8342,2,2
8342,11,3
8343,62,2
8343,63,1
8344,21,3
8344,32,2
8344,82,3
8344,53,1
8344,3,3
8345,83,2
8345,54,2
8345,98,2
8345,38,3
8346,99,3
8346,34,1
8346,19,1
8347,16,1
8347,32,3
8347,24,3
8348,14,1
8348,26,3
8348,31,1
8348,5,1
8348,18,2
8349,17,2
8349,9,2
8349,81,1
8349,99,3
8350,89,3
8351,10,2
8351,97,3
8351,82,3
8351,41,3
8352,53,1
8352,50,3
8352,99,1
8352,33,3
8353,42,2
8354,88,2
8354,46,3
8355,21,3
8355,55,1
8355,11,3
8355,71,1
8355,66,1
8356,90,1
8357,80,1
8358,38,1
8358,49,3
8358,57,3
8358,23,1
8359,32,3
8359,47,3
8359,12,1
8359,46,1
8359,19,3
8360,8,2
8360,36,1
8360,80,3
8360,94,2
8361,77,2
8361,79,1
8361,41,3
8362,4,1
8362,99,3
8362,1,1
8362,92,1
8363,25,3
8363,10,3
8364,95,1
8364,63,2
8364,34,3
8365,98,1
8366,57,2
8366,85,1
8366,24,3
8367,63,3
8367,74,3
8367,40,1
8368,98,3
8368,68,2
8369,19,2
8370,92,1
8370,97,3
8370,67,2
8370,73,1
8370,57,1
8371,18,2
8372,62,2
8373,71,1
8374,13,1
8374,93,2
8374,8,2
8374,28,3
8374,34,2
8375,24,2
8375,17,1
8376,37,2
8377,33,2
8377,50,1
8377,1,2
8377,98,1
8377,75,1
8378,70,1
8378,56,1
8379,7,1
8379,61,2
8379,15,2
8379,34,1
8380,83,2
8380,38,2
8380,20,3
8381,13,3
8381,48,3
8381,72,1
8382,56,3
8383,60,1
8383,81,3
8383,68,1
8383,87,3
8383,6,3
8384,8,2
8384,49,1
8384,40,1
8384,19,1
8385,72,1
8386,63,2
8386,98,1
8386,5,1
8386,51,1
8386,52,1
8387,38,1
8387,34,1
8388,77,3
8388,69,1
8388,56,2
8389,70,2
8390,91,3
8390,4,2
8390,39,3
8390,14,3
8390,37,2
8391,71,3
8391,60,3
8391,32,2
8392,13,2
8392,51,1
8392,57,3
8392,49,1
8393,74,2
8394,37,1
8394,43,1
8394,76,2
8394,47,3
8394,41,3
8395,60,2
8395,27,3
8395,16,1
8395,76,1
8396,28,3
8396,80,2
8396,33,2
8396,27,1
8396,15,1
8397,90,3
8397,85,3
8397,96,2
8398,58,1
8398,30,2
8398,29,2
8398,63,2
8398,89,1
8399,54,3
8400,51,2
8401,64,3
8401,26,1
8401,71,2
8401,77,3
8401,15,2
8402,70,1
8402,96,1
8402,2,3
8403,41,3
8403,53,3
8403,39,3
8403,74,2
8404,30,2
8404,72,2
8404,61,1
8405,52,3
8405,47,2
8406,39,3
8407,5,2
8407,90,2
8407,91,3
8407,30,2
8407,26,3
8408,57,3
8408,93,2
8409,58,1
8409,27,1
8409,10,2
8409,100,3
8409,94,3
8410,41,3
8410,44,3
8410,70,3
8410,34,2
8410,40,3
8411,62,1
8411,58,1
8412,90,2
8413,44,1
8413,82,1
8413,88,3
8413,90,1
8414,14,3
8414,57,2
8414,80,2
8414,71,1
8414,82,2
8415,98,1
8415,78,2
8415,6,1
8416,16,1
8416,96,3
8417,30,1
8417,46,1
8417,29,2
8417,100,3
8418,18,3
8419,6,2
8419,75,1
8419,81,2
8419,22,2
8420,65,2
8420,51,1
8420,79,3
8420,62,1
8421,34,2
8421,1,2
8421,31,1
8421,80,3
8421,42,2
8422,29,3
8422,92,1
8422,51,1
8422,22,3
8423,63,3
8423,12,2
8423,86,1
8423,81,3
8424,97,2
8425,57,3
8426,13,2
8426,61,1
8426,65,1
8426,3,1
8426,26,3
8427,98,3
8427,95,2
8427,61,3
8428,93,1
8428,90,2
8428,10,3
8429,48,3
8429,5,2
8430,84,1
8431,87,1
8431,67,2
8431,70,1
8431,22,3
8432,20,2
8432,32,1
8432,29,3
8433,58,3
8433,1,1
8433,38,1
8433,66,1
8434,6,3
8435,10,2
8436,89,2
8436,22,2
8436,61,3
8436,74,1
8436,99,2
8437,48,3
8438,37,1
8439,15,3
8439,40,3
8439,71,3
8439,49,3
8439,95,1
8440,34,3
8440,91,1
8440,26,1
8441,53,3
8441,49,2
8441,80,2
8441,71,1
8442,30,1
8442,71,1
8442,45,1
8442,78,1
8443,8,1
8443,80,1
8443,68,3
8443,85,2
8444,19,3
8445,88,3
8445,36,2
8445,58,3
8446,19,1
8446,18,2
8446,51,1
8446,87,2
8447,61,2
8447,29,2
8447,30,1
8448,26,1
8448,95,3
8448,75,2
8449,15,2
8450,20,1
8450,47,2
8450,82,1
8450,88,1
8450,19,3
8451,62,3
8451,15,3
8451,37,2
8451,2,3
8452,51,3
8452,40,3
8453,25,3
8453,1,2
8453,97,1
8453,3,3
8454,25,1
8454,12,1
8455,87,3
8455,64,2
8455,19,1
8455,39,1
8455,74,2
8456,78,3
8456,73,3
8457,80,2
8458,46,3
8458,82,3
8458,38,2
8458,90,3
8459,91,3
8459,3,2
8460,78,3
8460,43,3
8461,85,3
8461,24,1
8461,14,3
8461,79,3
8462,77,3
8462,82,2
8463,13,2
8464,36,1
8464,57,1
8464,75,3
8464,31,2
8464,90,2
8465,46,3
8465,82,1
8465,70,1
8466,100,2
8467,15,2
8467,50,1
8467,33,3
8468,87,2
8468,48,3
8469,88,2
8469,63,3
8469,52,2
8469,71,2
8469,26,1
8470,15,1
8471,62,1
8471,5,3
8471,76,2
8471,2,2
8471,55,2
8472,29,2
8472,57,2
8473,32,1
8474,3,3
8474,34,2
8474,52,3
8474,32,2
8474,37,3
8475,6,3
8475,91,2
8475,55,1
8475,92,1
8476,96,1
8476,58,2
8476,16,3
8476,83,3
8476,1,1
8477,23,1
8477,86,2
8477,73,1
8477,46,3
8477,90,3
8478,49,2
8478,54,1
8478,27,3
8478,11,1
8478,76,1
8479,19,1
8479,15,3
8479,66,3
8480,82,2
8480,47,3
8480,87,2
8481,33,3
8481,24,2
8481,68,1
8482,3,2
8483,58,2
8483,22,2
8483,26,2
8484,78,2
8485,80,1
8485,88,1
8485,10,3
8485,53,3
8486,8,1
8486,71,1
8486,59,3
8486,4,1
8487,69,1
8487,97,2
8487,92,1
8487,16,3
8488,58,1
8488,95,2
8488,77,2
8488,21,3
8489,27,2
8489,24,2
8489,15,2
8490,4,2
8490,42,3
8490,49,3
8491,34,3
8491,87,3
8492,15,3
8492,66,1
8492,30,3
8492,10,3
8493,66,3
8493,88,1
8493,5,2
8494,55,3
8495,11,1
8495,37,2
8495,15,2
8496,10,3
8496,96,1
8496,88,3
8496,36,3
8497,38,3
8498,40,3
8498,73,2
8498,54,3
8499,52,2
8499,34,3
8500,15,2
8500,62,3
8500,25,2
8500,45,1
8500,77,2
8501,82,1
8501,40,1
8501,89,1
8501,75,1
8501,36,1
8502,46,2
8502,12,3
8502,38,3
8503,86,3
8503,1,1
8504,49,1
8504,61,1
8504,60,1
8504,23,1
8504,6,3
8505,13,1
8505,71,2
8505,15,2
8506,71,1
8506,94,2
8506,98,2
8506,51,3
8507,66,1
8507,51,2
8507,86,1
8507,35,1
8508,31,1
8508,4,1
8508,52,2
8508,77,3
8509,51,3
8509,39,3
8510,80,3
8510,42,3
8510,38,3
8510,29,3
8511,57,2
8512,73,1
8512,25,1
8512,98,2
8512,86,3
8513,44,2
8514,82,3
8515,14,3
8515,65,1
8515,38,3
8515,27,2
8515,74,3
8516,84,2
8517,82,2
8517,66,3
8517,33,2
8517,34,3
8518,58,3
8518,21,2
8519,98,3
8520,82,3
8520,51,3
8520,6,1
8521,98,2
8521,55,2
8521,2,2
8521,21,3
8521,27,3
8522,47,1
8522,74,1
8522,71,2
8523,20,1
8523,56,3
8523,98,2
8523,82,2
8524,80,3
8524,45,3
8524,43,2
8525,83,2
8525,20,2
8525,24,3
8525,89,3
8525,19,3
8526,53,3
8526,61,1
8526,38,1
8527,12,2
8527,94,2
8527,85,3
8528,41,2
8528,15,3
8528,52,1
8528,89,2
8529,65,2
8529,86,2
8529,57,2
8529,74,2
8529,25,3
8530,36,1
8531,88,1
8532,17,1
8532,20,1
8532,26,2
8532,8,1
8533,21,1
8533,35,2
8533,25,2
8533,8,3
8533,54,3
8534,63,2
8534,14,3
8534,16,2
8535,77,3
8535,13,1
8535,97,3
8536,20,1
8536,89,3
8536,5,2
8537,65,3
8537,15,3
8537,6,1
8538,32,3
8538,10,1
8538,89,3
8539,11,1
8539,17,2
8539,99,3
8539,48,3
8539,53,3
8540,56,3
8540,9,1
8541,92,2
8542,82,2
8542,19,3
8542,47,3
8542,66,3
8542,20,1
8543,59,3
8544,39,2
8544,45,3
8544,86,2
8544,76,1
8544,14,3
8545,24,3
8545,66,2
8546,10,2
8546,34,1
8546,12,2
8547,3,2
8548,5,2
8548,76,3
8548,40,2
8548,67,1
8548,42,3
8549,62,1
8549,97,3
8549,87,2
8549,67,1
8549,33,1
8550,34,3
8550,25,1
8550,75,1
8551,64,3
8551,6,2
8551,37,1
8552,82,3
8552,71,1
8552,89,1
8552,98,1
8553,99,2
8553,84,2
8554,16,1
8554,43,2
8554,33,1
8555,73,1
8555,95,1
8556,33,1
8556,24,2
8556,49,1
8557,26,3
8557,10,2
8558,66,2
8558,8,3
8558,33,3
8559,32,2
8559,55,1
8559,48,2
8560,9,1
8560,98,3
8560,35,2
8561,4,1
8561,72,3
8561,12,3
8561,79,3
8562,36,1
8562,84,3
8562,74,1
8563,65,3
8563,47,1
8564,23,2
8564,48,3
8565,36,1
8566,7,2
8566,66,3
8566,90,1
8566,10,1
8566,87,1
8567,50,3
8567,25,1
8567,22,1
8567,77,3
8568,72,2
8568,28,2
8568,45,2
8568,38,1
8568,73,3
8569,44,1
8570,71,1
8570,89,1
8571,22,3
8571,2,2
8571,94,3
8572,11,1
8573,67,1
8573,45,1
8573,69,1
8573,86,1
8574,25,1
8574,34,2
8574,39,2
8574,22,1
8574,15,1
8575,85,2
8575,94,1
8575,69,3
8575,97,3
8575,4,2
8576,98,1
8577,56,1
8577,51,2
8577,88,3
8578,68,1
8578,100,1
8578,53,1
8578,39,3
8579,3,2
8579,16,3
8579,74,2
8579,70,3
8580,6,1
8580,8,1
8581,54,2
8581,25,1
8581,7,1
8582,41,3
8582,43,3
8582,56,1
8583,98,1
8583,10,2
8583,70,2
8583,28,2
8584,42,1
8585,53,2
8585,77,1
8586,78,3
8586,82,1
8587,21,2
8588,76,3
8589,24,2
8589,26,1
8590,95,2
8590,87,3
8590,64,3
8591,88,2
8591,15,3
8591,74,3
8591,84,2
8592,27,1
8592,9,2
8592,100,3
8592,55,2
8592,49,2
8593,49,2
8593,43,3
8593,19,1
8593,67,2
8594,73,2
8594,32,1
8594,50,2
8594,60,2
8594,93,2
8595,80,1
8595,7,1
8595,99,3
8596,7,1
8596,97,1
8596,98,2
8597,27,2
8597,65,2
8598,82,3
8598,78,2
8598,84,2
8599,56,2
8599,16,2
8599,99,2
8599,37,1
8600,29,1
8600,30,1
8600,13,1
8600,69,2
8601,58,1
8602,72,3
8602,3,1
8602,25,1
8603,10,1
8603,35,3
8603,38,1
8604,53,2
8604,24,1
8604,99,2
8604,36,3
8604,23,3
8605,11,2
8605,30,3
8605,34,2
8605,12,1
8606,3,1
8607,82,2
8607,35,3
8607,69,1
8607,93,2
8607,57,1
8608,83,3
8608,43,3
8608,48,1
8608,23,2
8608,72,1
8609,50,1
8610,8,2
8610,12,2
8610,33,3
8611,70,1
8611,25,2
8611,76,3
8611,97,2
8612,87,2
8612,70,1
8613,48,1
8613,38,1
8613,47,1
8613,88,3
8614,56,2
8615,68,2
8615,28,2
8615,82,1
8615,6,2
8615,38,3
8616,93,1
8616,37,3
8616,2,3
8617,78,1
8617,2,1
8617,72,2
8618,52,1
8618,39,3
8618,12,3
8618,19,3
8618,58,3
8619,13,3
8619,39,1
8619,36,3
8619,44,2
8619,6,3
8620,32,3
8620,75,2
8620,56,3
8621,33,3
8621,37,2
8621,11,1
8621,83,1
8622,74,3
8622,85,1
8622,2,2
8623,80,1
8623,88,1
8623,34,1
8623,51,2
8624,6,3
8624,19,3
8624,43,3
8624,85,3
8625,28,3
8625,93,2
8626,53,2
8626,47,3
8626,76,1
8626,81,3
8627,50,2
8627,34,1
8627,22,1
8627,66,2
8627,80,2
8628,41,1
8628,17,1
8628,60,2
8628,37,3
8629,52,3
8629,41,1
8629,42,3
8630,18,3
8630,38,3
8631,50,1
8632,47,2
8632,39,1
8632,28,3
8632,98,3
8632,33,2
8633,4,3
8633,83,2
8633,10,3
8634,43,2
8634,88,1
8634,4,3
8634,70,2
8634,64,1
8635,72,2
8635,79,2
8635,45,1
8635,58,1
8636,11,3
8636,39,3
8636,13,2
8636,57,2
8636,7,1
8637,17,1
8638,12,1
8638,10,2
8638,97,2
8638,20,1
8639,9,3
8639,84,1
8639,42,3
8639,99,3
8639,95,3
8640,34,2
8640,23,3
8641,86,1
8641,11,3
8642,52,3
8642,71,1
8643,24,2
8643,55,2
8643,49,3
8643,78,3
8643,41,3
8644,7,1
8644,90,2
8644,84,3
8644,87,2
8645,95,2
8645,40,3
8645,47,3
8645,12,3
8645,25,2
8646,19,1
8647,31,1
8647,75,1
8647,82,1
8647,85,3
8647,86,1
8648,10,2
8648,20,3
8649,23,3
8649,37,2
8650,96,1
8650,40,3
8650,91,3
8651,28,3
8651,60,3
8652,82,3
8652,47,3
8652,46,3
8652,64,1
8652,50,3
8653,51,1
8653,42,3
8653,3,2
8654,10,2
8654,88,1
8654,41,3
8655,23,1
8655,24,1
8655,31,1
8656,95,1
8656,68,2
8657,25,3
8657,59,1
8657,27,3
8657,15,1
8658,85,2
8658,66,3
8658,82,2
8658,70,3
8659,65,2
8659,75,3
8659,38,1
8660,60,3
8660,61,2
8660,10,2
8661,55,1
8661,52,2
8661,85,1
8661,24,2
8661,10,2
8662,3,1
8663,83,1
8664,14,3
8664,51,1
8665,40,2
8665,82,2
8665,19,1
8665,51,3
8665,11,3
8666,1,1
8667,97,3
8668,38,2
8668,17,2
8669,10,3
8669,79,2
8670,39,3
8670,52,3
8670,29,2
8670,6,2
8670,76,2
8671,81,1
8672,9,3
8672,93,3
8672,54,2
8672,84,2
8673,13,3
8674,76,1
8674,29,1
8675,68,3
8675,93,3
8676,96,2
8677,66,1
8677,41,3
8677,92,2
8677,12,3
8678,82,3
8679,2,3
8680,87,3
8680,21,3
8681,40,1
8681,37,2
8682,97,3
8683,35,1
8683,10,1
8683,96,1
8684,47,2
8685,48,3
8685,17,3
8685,87,2
8685,32,2
8686,83,2
8686,51,3
8686,62,2
8687,38,2
8687,97,3
8687,54,2
8688,30,2
8689,93,3
8689,66,1
8689,12,1
8689,82,2
8690,40,3
8690,28,1
8690,32,1
8690,34,1
8691,15,3
8691,70,3
8691,80,1
8691,81,2
8692,46,3
8692,49,1
8692,32,2
8693,41,1
8693,58,3
8693,61,3
8693,85,3
8694,66,3
8695,39,1
8695,66,3
8695,92,1
8695,100,1
8696,79,1
8697,43,1
8697,1,1
8697,83,3
8697,8,3
8697,98,3
8698,16,1
8698,94,3
8699,37,3
8699,92,3
8699,100,3
8700,49,3
8700,39,3
8700,93,3
8700,9,1
8701,93,2
8701,91,3
8701,90,1
8701,30,2
8701,5,3
8702,60,2
8702,69,2
8702,93,3
8703,70,3
8703,19,1
8703,99,3
8704,63,2
8704,97,2
8704,53,1
8704,79,3
8705,90,2
8706,70,2
8706,21,2
8706,50,3
8706,66,2
8707,41,3
8707,1,3
8708,90,3
8709,70,2
8709,65,3
8709,55,3
8709,16,2
8709,74,2
8710,31,3
8710,66,2
8710,63,1
8710,50,1
8711,7,2
8711,74,1
8712,66,3
8712,75,2
8713,43,2
8713,69,2
8713,28,2
8713,12,2
8714,23,1
8715,92,3
8715,58,2
8715,12,1
8715,9,2
8715,97,1
8716,95,3
8716,94,1
8716,27,3
8716,62,1
8716,32,3
8717,95,2
8717,14,3
8717,65,1
8717,54,1
8718,85,1
8718,64,1
8718,24,2
8719,4,2
8719,1,1
8719,20,2
8719,97,2
8719,71,2
8720,88,3
8720,85,2
8720,45,1
8721,87,3
8721,50,2
8722,77,2
8723,82,2
8723,33,2
8724,77,2
8724,30,1
8724,52,1
8725,68,3
8726,38,2
8726,66,3
8726,78,3
8727,47,3
8727,66,3
8727,28,3
8727,43,2
8728,20,1
8728,45,3
8729,28,1
8730,10,3
8730,92,1
8731,52,2
8731,10,2
8731,36,1
8732,67,2
8732,36,3
8732,35,2
8732,22,1
8733,3,2
8734,34,3
8734,65,1
8734,95,1
8734,20,2
8735,91,2
8735,67,1
8735,8,1
8736,9,3
8736,12,3
8736,97,1
8736,6,1
8737,85,2
8737,59,1
8737,71,1
8737,64,1
8737,22,1
8738,24,2
8738,68,1
8738,44,1
8738,11,2
8739,70,2
8739,7,3
8739,58,1
8739,82,2
8740,30,2
8741,37,2
8741,5,3
8741,63,2
8742,17,1
8742,54,2
8742,12,3
8742,42,3
8742,24,3
8743,71,2
8743,21,1
8744,19,2
8744,79,1
8744,23,1
8744,84,1
8745,95,2
8745,73,2
8745,60,1
8746,11,3
8746,78,3
8746,81,1
8747,57,2
8747,67,2
8748,45,3
8748,81,2
8748,90,2
8749,75,3
8749,100,1
8749,62,3
8749,48,3
8750,78,2
8751,46,2
8751,84,3
8751,40,2
8751,74,1
8752,22,1
8753,28,1
8754,82,3
8754,56,3
8754,93,1
8754,10,2
8754,89,1
8755,77,1
8755,44,2
8755,14,3
8756,45,3
8756,15,1
8756,10,2
8756,71,1
8757,31,1
8757,81,3
8757,78,2
8757,84,1
8757,76,3
8758,46,3
8758,60,1
8759,48,1
8760,56,2
8761,26,2
8761,100,1
8761,20,1
8761,85,2
8762,25,2
8763,50,1
8763,100,2
8764,38,3
8764,78,2
8764,43,2
8764,82,1
8765,98,1
8765,100,1
8765,90,2
8765,94,1
8766,32,2
8767,80,3
8767,7,1
8767,19,2
8768,12,3
8769,19,2
8769,39,2
8769,51,2
8769,11,3
8770,31,1
8770,4,2
8770,13,1
8770,22,2
8770,93,3
8771,2,2
8771,69,2
8771,86,3
8771,38,3
8772,62,3
8772,7,3
8772,48,3
8773,84,1
8773,31,3
8774,66,1
8774,32,3
8774,84,2
8775,99,3
8775,82,3
8775,41,3
8775,60,3
8776,68,1
8776,30,3
8777,68,3
8777,15,3
8777,100,3
8777,56,1
8777,8,3
8778,62,3
8778,83,2
8779,9,2
8779,34,1
8779,96,2
8780,45,2
8781,74,3
8781,25,2
8781,16,2
8781,39,3
8781,71,1
8782,38,3
8782,39,3
8782,89,3
8783,59,3
8783,39,2
8783,94,1
8783,56,3
8784,13,1
8784,62,2
8784,35,3
8785,82,2
8785,95,1
8785,74,2
8786,15,3
8786,14,1
8786,52,1
8786,94,2
8786,75,1
8787,42,3
8787,100,3
8787,29,1
8787,22,3
8788,100,3
8789,97,2
8789,24,2
8789,12,2
8790,69,2
8790,86,1
8790,37,1
8791,56,2
8791,18,1
8791,26,3
8792,47,1
8792,79,3
8792,99,2
8792,33,1
8792,32,3
8793,33,1
8793,25,2
8793,8,2
8793,12,2
8793,47,1
8794,27,3
8794,50,1
8794,24,1
8794,71,2
8795,24,1
8795,87,2
8796,27,1
8796,85,2
8796,7,1
8796,14,2
8796,93,1
8797,71,2
8797,2,1
8797,17,3
8797,99,1
8798,91,3
8799,13,2
8800,48,3
8801,83,3
8801,64,1
8801,31,2
8802,42,1
8802,25,2
8802,44,3
8803,27,3
8803,60,3
8804,97,3
8804,93,1
8804,56,1
8804,70,1
8804,81,3
8805,41,1
8806,31,2
8806,46,2
8807,10,2
8807,54,3
8808,27,2
8809,98,1
8809,71,3
8809,4,2
8809,17,3
8809,26,1
8810,67,1
8810,58,1
8811,82,3
8811,41,2
8811,43,3
8812,2,1
8812,50,2
8813,33,3
8813,25,2
8813,2,2
8813,79,2
8813,50,2
8814,93,3
8814,18,1
8814,90,3
8814,77,1
8815,79,3
8815,29,2
8815,67,2
8816,78,2
8816,15,3
8816,73,2
8816,50,3
8817,24,1
8817,67,2
8817,92,2
8818,38,1
8819,82,3
8819,54,2
8819,6,2
8819,11,1
8820,14,1
8820,1,3
8821,76,3
8821,93,3
8821,4,2
8821,47,2
8822,34,1
8822,2,1
8823,48,3
8823,42,3
8823,52,2
8823,6,2
8823,92,1
8824,91,3
8825,89,3
8825,79,3
8825,16,1
8826,42,1
8826,54,3
8826,23,2
8826,68,2
8827,86,2
8828,59,3
8828,19,1
8829,44,2
8829,51,1
8829,76,2
8829,88,3
8829,31,2
8830,41,1
8831,33,3
8831,36,1
8831,41,2
8832,41,2
8832,39,3
8832,56,2
8833,78,1
8833,4,3
8833,32,1
8833,94,2
8833,50,2
8834,60,2
8834,77,1
8834,43,1
8835,20,3
8835,43,3
8835,15,2
8835,30,1
8835,47,3
8836,14,2
8836,51,3
8836,100,3
8836,25,1
8837,56,2
8837,15,3
8838,89,1
8838,35,2
8839,76,3
8839,17,2
8839,61,1
8839,19,3
8840,21,2
8840,72,3
8840,64,3
8841,56,1
8841,49,2
8841,44,2
8842,39,1
8842,49,1
8842,30,3
8843,32,3
8843,72,1
8843,54,3
8843,81,3
8843,6,1
8844,40,1
8844,49,3
8844,48,1
8844,76,3
8844,44,1
8845,51,2
8845,88,2
8845,66,3
8846,81,2
8846,14,2
8846,80,1
8846,82,1
8847,38,2
8847,66,3
8847,65,2
8848,54,3
8849,42,1
8849,43,3
8850,47,3
8851,79,3
8852,94,2
8852,33,2
8852,19,3
8852,22,3
8853,60,2
8853,87,1
8853,67,2
8854,48,3
8854,16,1
8854,1,2
8854,67,1
8854,35,2
8855,76,3
8855,91,1
8855,72,2
8855,30,3
8856,100,3
8857,59,3
8858,43,1
8858,84,1
8858,76,3
8858,70,2
8858,19,2
8859,13,1
8859,61,3
8859,67,3
8859,12,3
8859,53,3
8860,44,3
8860,45,2
8860,70,1
8860,26,1
8860,48,3
8861,14,2
8861,99,3
8862,97,2
8862,76,3
8863,19,2
8863,55,3
8863,98,2
8863,40,1
8864,30,1
8864,24,2
8864,13,2
8864,76,3
8865,22,3
8865,95,1
8865,92,1
8866,73,3
8866,41,1
8866,34,3
8866,98,1
8866,86,3
8867,63,3
8867,62,3
8867,30,3
8868,79,2
8868,62,3
8868,82,3
8869,65,2
8869,17,1
8870,22,3
8870,42,2
8870,86,1
8871,69,3
8871,79,2
8872,87,3
8873,35,2
8873,61,1
8874,51,1
8874,47,3
8874,82,2
8874,1,3
8875,26,1
8875,64,3
8876,44,2
8877,14,1
8877,94,2
8877,93,3
8877,42,1
8878,24,1
8878,54,3
8878,56,3
8879,8,1
8879,33,2
8880,29,1
8880,61,1
8881,70,1
8881,28,1
8882,8,2
8882,70,3
8882,61,2
8883,37,3
8883,90,2
8883,1,1
8883,95,3
8884,41,2
8885,62,3
8885,7,1
8885,37,1
8885,51,1
8885,50,2
8886,39,3
8887,4,3
8887,17,3
8887,68,1
8888,6,3
8889,30,2
8890,35,1
8890,34,3
8891,30,1
8892,9,2
8892,6,1
8892,50,3
8893,36,2
8893,73,2
8893,20,2
8894,97,3
8894,11,1
8894,64,2
8894,22,2
8894,4,2
8895,10,3
8895,50,1
8895,41,2
8896,15,1
8896,44,1
8896,55,1
8896,58,3
8896,30,2
8897,14,2
8897,24,1
8897,11,1
8897,13,2
8897,1,1
8898,41,3
8898,68,1
8899,82,2
8900,98,3
8900,87,2
8900,99,1
8901,7,3
8901,23,1
8901,11,3
8902,64,1
8902,48,3
8902,96,1
8903,8,1
8903,68,3
8903,96,2
8903,88,2
8903,11,2
8904,78,2
8904,6,2
8904,40,3
8904,25,1
8904,9,3
8905,70,2
8905,75,2
8905,71,3
8905,36,3
8905,30,2
8906,43,2
8907,64,3
8907,58,1
8908,39,1
8908,28,2
8909,95,2
8910,17,1
8910,92,2
8910,11,1
8910,61,2
8911,38,2
8912,57,1
8912,12,2
8912,7,2
8912,40,2
8912,5,1
8913,63,2
8913,76,2
8913,22,1
8913,15,3
8913,84,2
8914,43,2
8914,52,3
8914,4,1
8914,31,3
8915,88,2
8915,5,1
8915,48,1
8915,56,2
8915,49,3
8916,19,2
8916,18,3
8916,38,3
8916,67,3
8917,63,1
8917,52,3
8917,96,1
8917,73,3
8917,56,3
8918,52,3
8919,95,3
8920,92,2
8920,81,1
8920,89,1
8920,1,3
8920,86,2
8921,45,1
8921,72,2
8921,75,1
8921,100,2
8921,18,3
8922,59,2
8922,40,2
8922,51,1
8923,21,3
8923,62,1
8923,66,3
8924,40,3
8925,47,1
8925,77,1
8925,43,2
8926,76,2
8926,11,3
8926,88,2
8926,61,1
8927,77,3
8928,15,3
8929,92,1
8930,9,2
8930,87,1
8930,36,3
8930,91,3
8930,56,1
8931,28,2
8931,41,3
8931,54,1
8932,66,3
8933,99,3
8933,36,3
8933,17,1
8933,82,3
8934,46,2
8934,15,3
8934,39,1
8934,22,1
8934,83,1
8935,38,2
8935,24,1
8935,51,2
8936,52,3
8936,72,1
8936,57,2
8936,78,1
8936,23,2
8937,71,2
8937,26,1
8938,72,3
8939,25,3
8939,31,1
8939,97,1
8940,14,2
8941,69,3
8942,2,2
8942,85,1
8943,33,1
8943,35,1
8943,39,2
8943,79,3
8943,42,2
8944,25,3
8944,68,2
8944,60,3
8944,36,2
8944,40,3
8945,82,1
8945,13,3
8945,10,3
8946,90,1
8946,80,1
8946,96,1
8947,95,1
8947,69,2
8948,5,3
8948,50,3
8948,81,2
8948,73,2
8948,77,1
8949,22,2
8949,98,2
8950,58,1
8950,30,2
8950,97,3
8950,6,1
8951,99,1
8951,47,1
8951,76,1
8951,92,3
8952,55,2
8952,19,1
8952,67,3
8953,16,3
8954,53,2
8954,36,2
8954,57,3
8954,66,1
8954,6,1
8955,83,1
8955,8,3
8955,71,2
8956,84,1
8956,41,3
8956,19,2
8957,14,2
8957,79,3
8957,53,1
8958,60,3
8958,7,3
8958,41,2
8958,1,1
8958,89,3
8959,5,3
8960,84,1
8960,76,2
8960,2,3
8960,21,3
8961,22,3
8961,21,1
8962,97,2
8963,58,3
8963,78,1
8963,2,2
8963,41,1
8963,3,3
8964,27,2
8965,5,1
8965,73,1
8965,60,2
8965,32,3
8966,4,1
8966,93,2
8966,23,2
8966,8,3
8967,100,2
8967,59,2
8968,58,1
8969,9,1
8969,49,3
8969,25,2
8970,43,1
8971,13,1
8972,17,1
8972,8,2
8972,56,1
8972,47,1
8972,61,2
8973,75,1
8973,26,3
8974,39,2
8975,29,1
8975,41,1
8975,93,2
8975,91,2
8975,53,2
8976,91,1
8976,27,2
8977,38,2
8977,91,3
8977,62,2
8977,84,3
8977,60,1
8978,16,3
8978,24,2
8978,52,3
8979,11,3
8979,57,2
8979,26,3
8980,83,3
8980,51,2
8980,59,3
8981,42,3
8981,33,2
8982,20,1
8982,76,3
8982,21,1
8983,21,2
8984,45,3
8984,7,3
8984,19,3
8985,14,1
8985,44,2
8985,28,1
8986,30,1
8986,60,1
8987,65,1
8987,18,2
8987,62,1
8988,76,1
8989,29,1
8990,14,1
8990,86,2
8991,1,2
8991,31,1
8991,40,1
8992,20,3
8992,11,3
8993,1,2
8993,32,3
8993,88,1
8993,38,2
8994,94,2
8994,4,2
8994,93,3
8995,39,2
8995,90,2
8995,91,1
8995,55,1
8995,75,2
8996,68,3
8996,93,3
8996,49,1
8997,19,2
8997,15,2
8997,53,1
8997,43,1
8998,91,1
8999,53,2
9000,71,2
9000,69,1
9000,21,3
9001,28,2
9001,52,1
9001,19,2
9001,77,3
9001,80,2
9002,11,1
9002,17,1
9002,69,3
9002,42,1
9002,35,3
9003,19,1
9003,11,3
9004,61,3
9004,72,2
9005,40,1
9005,70,3
9005,41,3
9005,76,3
9005,92,1
9006,18,1
9006,46,2
9006,1,2
9006,23,1
9006,70,2
9007,35,3
9008,12,2
9008,48,2
9008,16,3
9009,25,2
9010,96,1
9010,5,3
9011,96,2
9011,43,1
9011,39,1
9011,60,2
9012,70,2
9012,46,3
9012,4,1
9012,80,2
9013,63,1
9013,91,2
9014,97,1
9015,11,2
9015,50,2
9015,21,1
9015,94,1
9015,10,2
9016,1,1
9016,23,1
9017,98,1
9018,33,3
9018,40,2
9019,91,2
9019,90,2
9019,33,3
9019,5,1
9019,48,3
9020,93,1
9020,68,1
9020,19,3
9020,96,1
9020,29,3
9021,87,1
9021,89,2
9021,37,3
9021,58,1
9021,47,2
9022,49,3
9022,65,2
9022,19,2
9022,36,1
9022,28,2
9023,55,2
9023,61,3
9023,90,1
9023,7,2
9024,27,1
9024,1,3
9024,24,1
9024,31,3
9025,57,1
9026,44,2
9026,10,1
9027,94,1
9027,13,1
9027,15,1
9028,45,2
9029,60,3
9029,66,3
9030,75,3
9030,41,2
9030,97,1
9030,56,3
9030,64,3
9031,1,3
9032,97,2
9032,31,1
9032,16,1
9033,1,2
9034,28,3
9034,3,1
9034,39,2
9034,11,2
9034,100,2
9035,93,3
9035,68,1
9035,24,1
9036,54,2
9037,95,2
9037,34,3
9037,50,2
9037,14,1
9038,43,2
9038,34,1
9038,9,1
9038,61,3
9038,71,2
9039,44,1
9039,22,1
9039,17,2
9039,76,1
9039,55,2
9040,62,2
9040,42,1
9040,71,1
9040,39,3
9040,4,3
9041,47,2
9041,98,3
9041,12,1
9041,1,2
9042,80,2
9042,45,1
9042,65,3
9042,31,3
9042,79,1
9043,65,2
9043,70,2
9043,71,2
9044,85,2
9044,22,2
9044,48,2
9044,75,2
9044,62,2
9045,29,1
9045,24,3
9045,54,1
9046,87,3
9046,54,3
9047,1,3
9047,19,3
9047,42,3
9047,26,2
9048,64,2
9048,32,1
9048,84,1
9048,72,2
9049,29,2
9049,47,3
9050,28,1
9050,7,2
9051,69,2
9051,91,3
9051,20,3
9051,76,2
9051,21,3
9052,7,3
9052,62,3
9052,52,1
9052,30,1
9052,45,1
9053,61,3
9054,65,1
9054,47,2
9054,93,1
9054,39,3
9054,18,2
9055,83,2
9055,34,3
9056,84,2
9057,67,2
9057,85,3
9057,96,3
9057,61,3
9058,56,2
9058,85,3
9059,86,2
9059,46,3
9059,75,2
9059,29,2
9060,24,3
9061,12,1
9061,87,3
9061,58,2
9062,89,3
9062,18,3
9063,74,2
9063,91,3
9063,56,3
9063,9,1
9064,89,2
9064,63,2
9064,100,2
9064,93,2
9064,11,2
9065,4,1
9065,52,1
9065,16,1
9065,49,2
9066,39,2
9066,24,3
9066,91,1
9066,51,2
9066,58,3
9067,13,1
9067,52,1
9067,63,3
9067,81,2
9067,76,3
9068,31,3
9069,96,2
9069,65,3
9069,38,3
9069,83,1
9070,82,3
9070,92,3
9070,80,3
9071,82,1
9071,34,2
9072,2,2
9073,69,2
9073,70,3
9073,40,2
9073,89,2
9073,11,2
9074,65,3
9074,72,1
9074,10,1
9075,83,1
9076,94,1
9076,92,1
9077,49,2
9077,65,1
9077,33,3
9077,96,3
9077,94,1
9078,19,2
9078,78,3
9078,39,3
9078,12,1
9078,52,3
9079,57,2
9080,84,2
9081,10,2
9081,94,2
9081,89,1
9081,8,3
9081,34,3
9082,28,2
9083,38,2
9083,84,1
9084,83,1
9084,90,2
9084,41,2
9084,68,2
9085,1,1
9085,60,3
9085,30,3
9085,78,3
9085,63,1
9086,92,2
9086,61,1
9086,49,2
9087,1,2
9088,52,2
9089,43,1
9089,4,1
9089,71,1
9089,72,2
9090,97,2
9090,15,1
9090,24,2
9090,22,1
9090,9,3
9091,70,3
9091,42,3
9091,55,3
9091,22,2
9092,22,3
9093,26,3
9093,24,3
9093,48,2
9093,32,3
9093,64,2
9094,9,2
9094,60,2
9094,17,1
9094,56,3
9095,49,1
9096,44,3
9096,24,1
9096,52,3
9096,53,3
9097,13,3
9097,4,1
9097,95,2
9097,46,3
9097,47,2
9098,88,1
9098,21,3
9098,91,2
9099,91,2
9099,8,2
9100,97,2
9100,27,3
9100,55,2
9101,77,3
9101,60,2
9102,82,1
9102,7,2
9102,64,2
9103,90,3
9103,61,3
9103,29,2
9104,50,2
9104,43,1
9104,47,2
9104,71,2
9105,30,2
9106,31,3
9106,41,3
9107,37,2
9107,55,2
9107,68,3
9107,97,1
9108,22,1
9108,76,2
9109,56,3
9109,44,2
9110,83,3
9110,85,2
9110,6,1
9110,84,1
9110,41,2
9111,60,2
9111,94,3
9111,26,2
9112,17,3
9112,15,2
9112,40,3
9113,82,2
9113,18,1
9114,43,1
9114,54,3
9114,79,1
9114,100,1
9114,42,1
9115,21,2
9116,56,3
9116,52,1
9117,10,2
9117,79,1
9118,54,1
9118,31,1
9118,92,1
9118,86,3
9119,56,3
9119,47,3
9120,67,2
9120,84,2
9121,51,3
9121,77,2
9122,98,1
9122,78,2
9123,66,1
9123,97,2
9124,65,3
9124,40,3
9125,10,3
9126,34,2
9126,67,2
9126,38,1
9126,96,3
9126,59,3
9127,92,2
9127,55,3
9127,65,2
9127,32,3
9128,56,2
9129,100,2
9129,17,2
9129,99,3
9129,97,2
9129,29,3
9130,35,1
9130,17,1
9130,1,1
9130,98,2
9131,76,3
9131,42,1
9131,37,3
9131,24,2
9131,63,1
9132,19,3
9132,84,3
9132,27,3
9132,18,1
9133,51,2
9133,87,2
9133,41,1
9134,40,3
9134,91,1
9135,73,2
9135,37,3
9136,32,1
9136,16,1
9137,67,2
9137,69,3
9137,68,2
9137,35,2
9138,72,1
9138,14,1
9138,77,3
9138,24,3
9139,63,2
9139,44,2
9139,67,3
9139,62,3
9139,78,3
9140,80,1
9140,50,3
9140,63,1
9140,29,3
9141,7,1
9141,44,2
9141,13,2
9142,34,2
9143,12,1
9143,99,3
9143,53,1
9143,29,1
9143,47,3
9144,35,3
9144,100,1
9144,60,1
9144,90,1
9144,81,1
9145,36,2
9145,56,3
9145,11,2
9145,88,1
9145,25,1
9146,81,2
9146,64,2
9146,91,3
9146,40,1
9147,79,1
9147,76,2
9148,36,2
9148,4,2
9148,22,2
9149,77,2
9149,86,2
9149,45,2
9149,78,1
9150,55,1
9150,5,3
9150,6,1
9150,23,2
9151,25,2
9151,73,1
9151,15,2
9152,23,3
9153,74,2
9153,44,3
9153,93,1
9153,55,3
9154,57,3
9154,77,3
9154,60,3
9154,99,3
9154,32,2
9155,21,1
9155,16,1
9155,100,3
9155,98,1
9155,9,2
9156,95,1
9157,65,1
9157,26,1
9157,100,2
9158,82,2
9158,45,3
9158,17,2
9158,93,2
9158,54,2
9159,73,3
9159,81,1
9160,78,2
9160,98,3
9160,60,3
9160,87,3
9161,63,1
9161,26,1
9161,24,3
9161,40,1
9162,43,3
9162,92,1
9163,5,1
9163,13,1
9163,69,2
9164,24,3
9164,66,1
9164,5,3
9164,69,2
9164,15,2
9165,38,2
9166,17,2
9166,96,1
9166,61,3
9167,29,2
9167,97,3
9167,64,1
9167,31,2
9168,64,3
9168,11,2
9168,36,1
9168,63,2
9169,28,3
9170,17,2
9170,50,3
9170,41,1
9170,24,1
9170,19,3
9171,50,2
9171,94,1
9171,93,2
9172,4,1
9172,76,3
9172,37,3
9172,43,1
9173,73,1
9173,68,3
9173,89,1
9173,66,3
9174,79,2
9175,58,3
9175,85,2
9175,62,3
9176,20,2
9176,7,1
9176,60,2
9176,92,1
9176,78,2
9177,64,3
9177,2,3
9177,31,3
9178,36,1
9178,77,3
9178,60,1
9179,10,3
9179,63,2
9179,95,1
9180,85,2
9181,77,2
9181,32,2
9181,54,2
9182,90,2
9182,82,1
9182,26,2
9182,71,2
9182,98,3
9183,33,1
9183,1,1
9184,49,3
9184,25,3
9184,38,1
9184,81,2
9185,34,2
9185,45,3
9185,97,3
9185,44,2
9185,49,2
9186,24,1
9186,78,3
9186,73,3
9186,41,3
9186,62,2
9187,34,2
9187,64,3
9187,67,2
9187,25,3
9187,61,1
9188,55,2
9188,56,3
9188,33,3
9189,60,1
9190,65,1
9190,26,3
9190,20,1
9190,17,2
9191,37,2
9192,68,2
9193,24,3
9193,65,1
9193,61,1
9193,50,3
9193,20,3
9194,24,3
9194,10,3
9194,75,2
9194,12,2
9194,32,2
9195,58,3
9195,55,2
9195,36,3
9195,79,1
9195,87,2
9196,71,2
9196,48,3
9197,63,1
9197,96,1
9197,25,3
9197,40,2
9197,42,3
9198,81,2
9198,77,3
9199,53,1
9199,31,1
9199,7,1
9200,100,2
9200,11,1
9200,7,1
9200,30,1
9201,17,1
9201,15,2
9202,27,2
9202,75,1
9202,26,3
9203,30,2
9204,32,1
9204,26,3
9205,57,1
9205,98,1
9206,60,2
9206,63,3
9206,47,2
9206,52,3
9207,45,1
9207,48,2
9208,11,2
9209,66,1
9209,63,2
9209,26,3
9209,15,2
9210,81,2
9210,65,2
9211,81,1
9211,38,1
9211,74,2
9211,61,1
9212,90,1
9212,52,1
9212,49,2
9212,31,1
9212,74,3
9213,35,3
9213,27,2
9213,29,3
9213,87,3
9214,53,1
9215,76,2
9215,51,3
9215,66,1
9216,83,2
9216,64,1
9216,4,3
9216,65,1
9217,67,2
9217,91,3
9218,75,1
9219,38,3
9219,18,3
9219,73,3
9219,71,3
9220,29,1
9220,40,3
9220,84,1
9220,48,3
9220,45,2
9221,22,3
9222,77,2
9222,89,1
9222,56,3
9222,81,1
9222,7,2
9223,33,2
9223,34,3
9223,23,1
9223,16,3
9223,41,1
9224,58,1
9224,55,2
9225,78,2
9226,10,1
9227,47,3
9228,70,2
9228,86,2
9228,52,1
9229,77,3
9229,55,1
9230,44,1
9230,25,3
9230,22,3
9230,28,1
9231,16,2
9232,74,2
9232,99,1
9232,19,3
9233,90,1
9233,99,3
9234,32,3
9234,24,2
9235,18,2
9235,70,3
9235,6,2
9235,62,2
9235,87,2
9236,63,2
9236,72,2
9236,68,1
9236,36,1
9236,76,3
9237,79,3
9238,98,2
9238,41,2
9238,58,3
9239,45,3
9239,2,1
9239,80,2
9239,73,2
9240,90,2
9240,81,3
9240,52,1
9241,14,2
9242,89,2
9242,51,3
9242,49,3
9243,100,2
9243,16,2
9244,39,2
9245,5,3
9245,25,1
9245,55,2
9246,52,3
9246,12,3
9247,64,2
9247,50,3
9247,1,3
9248,19,3
9248,4,1
9248,69,3
9248,78,3
9248,37,3
9249,21,3
9249,61,3
9249,79,3
9249,22,2
9250,6,2
9251,17,3
9251,11,3
9252,90,3
9252,99,1
9253,95,1
9253,56,2
9253,78,2
9253,70,1
9254,35,2
9255,82,3
9256,19,3
9256,7,3
9257,50,1
9257,32,1
9258,51,3
9258,5,1
9258,21,3
9258,52,3
9259,14,2
9259,64,3
9259,16,2
9259,91,1
9260,96,3
9260,23,3
9260,88,3
9261,44,2
9261,81,3
9261,47,1
9261,76,3
9261,7,3
9262,65,1
9262,27,3
9262,72,1
9262,36,2
9262,38,1
9263,13,1
9263,26,2
9263,10,2
9263,43,3
9263,46,2
9264,87,3
9264,32,3
9265,15,1
9265,2,3
9265,62,2
9265,99,1
9265,19,2
9266,83,2
9266,77,1
9267,30,2
9268,80,1
9269,97,3
9269,48,2
9269,100,1
9270,28,2
9270,9,2
9270,42,1
9270,69,1
9271,23,2
9272,71,3
9272,93,1
9272,1,2
9272,69,1
9272,21,2
9273,27,1
9273,39,2
9273,96,3
9274,50,3
9274,40,1
9274,82,2
9274,20,3
9274,68,2
9275,39,3
9275,94,3
9275,76,3
9276,3,1
9276,60,3
9276,8,3
9277,14,1
9277,40,2
9277,90,2
9278,27,2
9278,42,2
9279,18,1
9279,85,1
9279,93,2
9279,15,1
9279,44,1
9280,4,2
9280,23,1
9281,98,3
9281,59,3
9281,68,2
9282,25,2
9282,99,2
9282,57,3
9282,37,2
9282,100,1
9283,26,3
9283,30,2
9283,79,1
9283,86,1
9283,13,1
9284,15,3
9285,38,3
9285,17,1
9285,47,3
9285,2,3
9286,38,2
9286,49,2
9286,57,1
9286,85,3
9286,19,3
9287,49,2
9287,12,2
9287,69,1
9288,58,1
9288,5,1
9288,43,2
9288,1,2
9288,99,3
9289,31,1
9289,32,3
9289,38,2
9289,4,2
9289,88,1
9290,6,2
9290,44,1
9291,4,2
9291,63,3
9291,7,3
9292,52,3
9293,75,2
9294,16,2
9294,23,1
9294,53,2
9294,58,2
9294,62,2
9295,56,2
9296,70,1
9296,78,3
9297,78,3
9298,21,2
9299,32,2
9299,2,1
9299,62,3
9300,53,3
9300,39,1
9300,88,1
9301,40,1
9301,34,2
9301,10,1
9301,67,1
9302,82,3
9302,28,3
9302,22,1
9303,78,2
9303,74,2
9303,32,1
9303,37,2
9304,91,1
9305,98,3
9305,56,3
9306,2,2
9307,7,2
9307,84,1
9308,44,3
9308,71,3
9308,95,2
9308,23,2
9309,94,1
9310,80,2
9310,63,1
9310,70,1
9310,18,2
9311,74,1
9311,7,1
9311,92,2
9312,35,3
9312,50,1
9313,19,1
9313,79,2
9313,84,2
9314,83,2
9314,10,3
9315,95,1
9315,29,2
9315,66,2
9315,22,3
9315,13,1
9316,36,2
9316,30,2
9317,84,3
9317,90,1
9318,94,2
9318,3,1
9318,41,1
9318,39,3
9318,74,1
9319,27,1
9319,81,3
9319,35,1
9320,11,2
9320,35,3
9320,80,3
9320,18,3
9321,75,2
9321,61,3
9321,64,3
9321,53,2
9322,16,1
9323,81,1
9323,16,3
9324,68,2
9324,98,1
9325,89,1
9325,23,1
9325,30,3
9325,91,3
9326,68,3
9327,6,3
9327,83,1
9327,81,1
9327,98,3
9327,35,1
9328,4,3
9328,75,1
9328,24,3
9328,83,3
9328,40,2
9329,60,2
9329,47,1
9330,70,1
9330,26,1
9330,86,1
9331,51,2
9331,82,3
9332,74,1
9332,76,2
9332,32,1
9332,35,3
9333,6,1
9333,50,3
9333,14,1
9333,26,2
9333,11,3
9334,19,1
9334,43,1
9334,84,2
9334,21,1
9334,64,1
9335,49,1
9336,47,3
9336,7,2
9336,49,3
9336,57,1
9337,73,2
9337,6,1
9338,46,1
9338,18,2
9339,63,2
9340,32,2
9340,6,1
9340,89,2
9340,15,1
9341,78,1
9341,44,1
9341,84,1
9341,50,2
9342,32,3
9342,27,3
9342,58,1
9343,54,1
9343,18,1
9344,5,2
9344,82,3
9344,64,3
9345,20,2
9345,44,3
9345,42,3
9345,11,3
9346,26,2
9346,94,1
9347,76,2
9347,93,2
9348,89,3
9348,3,3
9348,29,2
9348,28,2
9348,91,2
9349,91,2
9349,49,1
9349,30,2
9349,79,1
9349,27,1
9350,82,1
9351,59,2
9351,31,1
9351,67,3
9351,52,3
9352,93,1
9352,91,3
9352,98,2
9352,81,1
9352,51,2
9353,68,3
9354,77,3
9354,58,2
9354,48,3
9354,22,1
9354,84,1
9355,45,2
9355,63,1
9355,5,2
9355,50,2
9356,86,2
9357,45,3
9357,63,1
9358,31,1
9358,73,1
9358,18,2
9358,57,2
9359,50,2
9359,71,1
9359,80,2
9360,92,2
9360,37,3
9361,87,2
9361,67,3
9362,20,2
9363,20,3
9363,93,2
9363,84,1
9363,15,1
9364,72,1
9364,91,1
9364,97,1
9365,22,3
9365,25,1
9365,11,3
9365,83,1
9365,88,1
9366,40,1
9366,90,1
9366,74,2
9366,1,2
9367,10,1
9367,70,1
9367,94,1
9367,72,1
9368,98,1
9368,90,2
9368,79,2
9369,12,1
9369,83,1
9369,3,1
9369,76,3
9369,65,1
9370,75,1
9370,100,3
9371,78,2
9372,75,2
9372,100,2
9372,37,1
9372,26,2
9373,68,2
9373,70,2
9374,73,1
9374,28,1
9374,54,1
9375,33,2
9375,89,1
9375,66,1
9375,4,2
9375,63,3
9376,36,1
9376,99,1
9376,23,3
9377,9,3
9377,75,2
9377,94,1
9378,25,3
9378,93,1
9379,50,3
9379,48,1
9379,74,2
9380,1,3
9380,4,3
9381,95,2
9381,35,2
9382,91,1
9382,27,2
9382,84,2
9382,57,3
9382,38,1
9383,13,2
9383,24,1
9383,64,3
9384,48,2
9384,76,1
9385,67,2
9385,96,1
9386,85,3
9386,37,2
9386,13,2
9387,60,2
9387,32,2
9387,85,3
9387,74,2
9387,87,3
9388,85,1
9389,92,1
9389,89,2
9389,86,2
9389,6,1
9390,47,2
9391,96,3
9391,38,1
9392,41,2
9392,18,1
9392,25,2
9393,51,3
9393,36,2
9393,9,3
9394,87,2
9394,61,2
9394,57,1
9395,100,1
9395,15,1
9395,84,3
9396,88,1
9396,61,3
9396,47,1
9397,95,1
9397,16,3
9397,25,2
9398,51,1
9398,55,2
9399,73,1
9399,71,1
9399,98,1
9399,39,1
9400,79,1
9401,89,1
9402,35,2
9403,96,2
9404,7,1
9404,29,3
9404,40,3
9405,79,2
9405,84,2
9405,72,3
9405,59,1
9406,6,2
9407,78,1
9408,7,1
9408,25,3
9409,42,2
9409,14,3
9410,18,2
9411,83,1
9412,16,3
9413,5,2
9413,21,1
9413,67,2
9413,19,3
9414,48,3
9414,40,1
9415,27,3
9416,83,2
9416,80,1
9416,90,2
9417,34,3
9418,74,3
9418,5,3
9418,67,1
9419,73,3
9419,30,2
9419,28,3
9420,34,2
9420,24,2
9420,92,3
9420,1,3
9420,49,3
9421,49,2
9421,86,1
9422,20,3
9422,10,3
9422,76,2
9422,2,3
9423,53,2
9423,75,1
9423,5,3
9423,86,3
9423,2,1
9424,75,1
9425,26,3
9426,32,1
9426,77,2
9426,51,3
9427,55,2
9427,90,1
9427,8,1
9427,37,1
9427,82,1
9428,69,1
9428,81,2
9429,61,3
9429,24,3
9429,40,1
9429,100,1
9430,76,2
9430,16,1
9431,37,2
9431,36,2
9431,59,3
9432,100,3
9432,87,1
9432,96,3
9432,42,1
9432,44,1
9433,48,3
9434,64,1
9435,77,1
9435,72,1
9435,58,1
9436,100,1
9436,69,3
9436,54,2
9436,56,2
9436,58,3
9437,15,3
9437,11,3
9437,79,1
9437,48,3
9437,30,2
9438,20,2
9438,69,2
9438,74,2
9439,84,2
9439,4,2
9439,80,2
9439,6,3
9439,32,1
9440,31,3
9440,72,2
9440,14,2
9440,89,3
9440,9,2
9441,20,2
9441,19,2
9441,9,2
9441,41,2
9441,97,3
9442,98,1
9442,58,2
9442,42,2
9443,31,2
9444,74,2
9444,30,3
9444,45,1
9444,5,1
9445,24,3
9446,45,3
9446,82,2
9446,75,3
9447,17,3
9447,86,2
9447,22,2
9447,61,3
9448,56,2
9448,14,3
9448,41,2
9448,95,2
9449,27,1
9449,2,2
9449,46,2
9449,99,1
9449,1,1
9450,7,3
9450,3,2
9450,63,3
9450,72,1
9450,33,1
9451,10,3
9451,100,2
9451,42,3
9452,92,1
9452,18,1
9452,66,3
9452,63,3
9452,25,1
9453,8,3
9453,61,1
9454,41,1
9454,4,1
9454,45,3
9454,31,3
9455,73,1
9455,88,3
9455,97,1
9455,69,2
9455,17,1
9456,24,2
9456,31,3
9456,56,3
9457,7,2
9457,39,2
9457,57,2
9457,78,3
9457,82,2
9458,20,2
9458,8,3
9458,6,2
9458,37,1
9458,72,2
9459,57,3
9459,36,2
9459,64,1
9459,85,3
9460,95,3
9460,33,1
9460,22,3
9460,91,3
9461,3,1
9461,85,1
9461,60,2
9462,55,3
9462,38,2
9462,77,1
9462,18,3
9463,44,1
9463,6,2
9464,80,2
9465,72,2
9466,63,1
9466,58,1
9466,19,1
9466,34,2
9466,68,1
9467,38,1
9468,71,2
9468,68,3
9469,86,2
9470,38,3
9471,33,2
9471,19,3
9471,77,1
9471,80,1
9472,3,3
9472,77,2
9472,41,2
9472,67,1
9472,40,2
9473,68,3
9473,85,3
9473,60,1
9473,42,3
9474,69,3
9474,67,3
9474,24,3
9475,38,3
9476,49,2
9476,50,1
9476,22,2
9476,94,3
9476,93,2
9477,66,3
9477,84,1
9477,12,1
9477,70,3
9478,71,3
9478,4,2
9479,88,2
9480,95,2
9480,48,2
9480,62,1
9480,82,1
9481,16,2
9481,42,1
9481,67,3
9481,89,1
9481,36,1
9482,48,3
9483,77,3
9484,62,3
9484,79,1
9484,20,3
9484,8,3
9484,49,2
9485,26,2
9485,31,2
9486,14,3
9486,3,3
9486,21,2
9486,62,3
9487,25,3
9487,12,2
9487,42,2
9487,44,2
9487,31,2
9488,70,1
9488,24,1
9488,66,2
9488,25,3
9488,5,3
9489,26,2
9490,18,3
9490,52,2
9490,3,2
9490,48,1
9490,80,2
9491,9,1
9492,9,2
9492,50,3
9493,66,3
9493,64,2
9494,38,1
9494,86,3
9494,11,1
9495,17,3
9495,55,2
9495,37,1
9495,20,2
9496,11,3
9496,23,1
9496,13,1
9497,94,3
9497,15,1
9497,14,3
9497,57,1
9497,93,1
9498,99,1
9498,84,1
9499,40,2
9499,50,3
9499,80,1
9499,19,3
9500,72,2
9501,21,1
9501,99,2
9501,83,3
9501,100,3
9502,79,1
9503,4,1
9503,43,1
9503,81,3
9503,63,2
9504,63,1
9504,16,2
9504,54,3
9505,33,2
9505,58,1
9505,44,3
9505,36,2
9505,69,2
9506,93,3
9506,61,1
9507,9,2
9507,70,2
9507,32,2
9507,86,1
9507,30,2
9508,23,2
9509,34,1
9509,2,1
9509,73,1
9509,49,2
9510,23,2
9510,71,1
9510,25,1
9510,97,2
9510,7,3
9511,21,3
9511,38,2
9512,61,2
9512,75,2
9512,68,1
9512,2,2
9513,56,2
9513,7,1
9513,50,1
9513,45,3
9513,93,3
9514,25,1
9515,8,2
9515,59,3
9515,88,2
9515,85,1
9515,71,1
9516,98,1
9516,6,3
9517,62,1
9517,27,3
9517,21,1
9517,76,1
9517,59,3
9518,45,2
9518,7,1
9518,21,1
9519,56,3
9519,53,2
9520,8,3
9520,92,2
9520,40,3
9520,25,1
9520,81,3
9521,19,1
9522,70,3
9522,43,3
9522,7,1
9522,94,2
9523,36,1
9523,75,3
9523,56,2
9523,68,1
9523,21,3
9524,19,3
9525,38,1
9525,12,2
9525,61,2
9525,11,2
9525,86,1
9526,84,3
9527,24,2
9527,92,3
9527,100,2
9528,47,2
9528,84,3
9528,82,1
9528,55,2
9528,64,2
9529,3,3
9529,92,1
9529,55,3
9530,16,3
9530,79,3
9530,24,3
9530,20,2
9530,41,2
9531,76,3
9532,74,2
9532,65,2
9533,34,3
9534,80,2
9534,41,3
9534,50,1
9534,90,2
9535,21,3
9535,32,1
9535,42,3
9535,26,3
9535,81,3
9536,54,1
9537,36,1
9537,48,3
9537,51,3
9537,29,1
9537,47,2
9538,34,3
9538,47,3
9539,72,1
9539,100,1
9539,95,2
9539,69,2
9540,47,2
9541,29,3
9541,13,3
9541,71,2
9541,49,3
9542,64,2
9542,11,3
9542,25,2
9542,60,3
9542,50,2
9543,83,1
9543,98,3
9543,99,1
9543,25,1
9543,84,1
9544,43,1
9544,5,2
9544,34,1
9544,17,2
9545,42,3
9546,66,1
9546,93,1
9547,28,2
9547,11,3
9547,38,3
9547,79,2
9548,68,3
9548,14,2
9548,92,2
9549,49,1
9549,73,3
9549,74,2
9549,47,1
9550,85,1
9550,97,1
9551,45,2
9551,40,2
9552,4,2
9552,92,2
9552,70,3
9552,46,3
9553,99,3
9554,89,1
9554,53,1
9554,93,2
9554,23,2
9555,80,3
9555,6,3
9556,92,1
9556,77,3
9556,2,1
9556,100,3
9557,74,2
9557,95,2
9557,56,3
9557,41,3
9557,49,3
9558,96,3
9558,70,3
9558,83,1
9558,66,2
9559,18,2
9560,92,3
9560,54,3
9560,64,3
9560,95,3
9561,60,2
9561,24,1
9561,31,3
9561,76,2
9562,11,1
9562,74,1
9562,89,3
9563,87,1
9563,32,1
9563,92,1
9564,47,3
9564,77,2
9564,75,3
9564,14,2
9565,34,3
9566,78,2
9566,30,1
9566,11,2
9566,64,3
9567,22,3
9567,8,2
9567,36,3
9568,13,2
9568,82,3
9568,46,3
9568,33,1
9568,99,3
9569,28,1
9570,43,2
9571,30,1
9572,80,2
9572,61,2
9572,49,2
9572,20,3
9572,41,3
9573,15,3
9573,30,3
9573,58,2
9573,43,2
9573,36,2
9574,26,3
9574,67,1
9574,61,1
9575,69,2
9576,12,2
9576,100,1
9576,24,2
9576,29,1
9577,12,1
9577,63,3
9577,42,3
9578,18,1
9578,86,2
9578,32,2
9579,41,2
9579,52,1
9580,70,2
9581,28,2
9581,21,1
9582,83,3
9582,34,1
9583,63,1
9583,21,3
9583,6,1
9583,97,2
9584,63,1
9585,80,3
9585,57,1
9586,86,2
9586,8,1
9586,80,2
9586,33,2
9586,59,3
9587,76,1
9587,74,3
9588,35,2
9588,68,2
9588,13,1
9588,72,3
9589,19,2
9589,65,2
9590,54,3
9590,50,1
9590,40,2
9590,86,2
9590,75,3
9591,77,2
9591,29,1
9592,46,3
9592,70,3
9592,56,2
9592,80,2
9592,8,1
9593,29,1
9594,62,1
9594,42,3
9595,83,1
9596,44,3
9596,39,1
9596,9,3
9596,48,2
9596,66,2
9597,55,1
9597,64,1
9598,7,3
9598,64,2
9599,66,2
9599,42,1
9600,25,2
9600,32,3
9600,2,2
9600,39,2
9600,67,1
9601,9,2
9601,24,1
9601,74,2
9602,23,1
9602,10,2
9602,65,2
9602,84,3
9602,67,1
9603,50,2
9603,54,2
9603,42,2
9603,60,1
9604,42,1
9604,86,1
9604,20,1
9604,77,1
9605,72,1
9606,78,1
9606,76,1
9606,81,2
9606,56,2
9606,20,3
9607,4,3
9607,18,2
9608,33,2
9608,32,3
9608,53,2
9608,85,3
9608,96,2
9609,94,3
9609,46,3
9609,29,1
9609,79,1
9610,74,3
9610,17,2
9610,59,2
9611,36,2
9611,12,1
9611,75,3
9611,74,1
9611,34,1
9612,91,1
9612,64,2
9612,73,1
9612,24,3
9612,67,2
9613,4,2
9613,82,3
9613,34,3
9613,80,2
9614,27,1
9614,10,1
9615,18,1
9616,26,2
9616,24,1
9617,69,2
9618,78,1
9618,26,2
9618,1,2
9619,14,2
9619,60,2
9620,81,2
9620,8,3
9620,56,3
9620,47,2
9621,53,3
9621,37,2
9622,18,3
9622,38,3
9622,93,3
9623,92,3
9624,46,2
9624,70,3
9624,66,1
9625,60,3
9626,77,3
9627,78,1
9627,62,3
9627,100,3
9627,81,3
9627,60,2
9628,44,1
9628,14,3
9629,48,1
9629,6,3
9629,10,2
9629,11,2
9629,98,1
9630,80,3
9630,59,1
9631,73,2
9631,77,3
9631,1,1
9631,14,1
9631,33,1
9632,16,3
9632,49,3
9632,36,3
9633,39,2
9633,1,1
9633,32,3
9633,28,3
9634,11,1
9634,55,2
9634,1,3
9634,18,1
9635,33,3
9636,24,3
9636,31,1
9636,22,3
9637,91,2
9637,72,2
9637,77,3
9638,92,2
9638,94,3
9638,30,2
9639,4,3
9640,19,2
9640,41,1
9641,15,1
9641,8,1
9641,17,1
9642,2,3
9642,36,1
9642,91,3
9643,81,2
9643,80,1
9643,20,3
9644,79,3
9644,24,1
9644,10,2
9644,35,3
9645,79,2
9645,55,1
9645,60,3
9645,63,1
9645,52,1
9646,84,3
9646,30,3
9646,5,2
9647,84,1
9648,94,2
9648,29,2
9649,14,3
9649,54,2
9649,59,2
9649,11,2
9650,36,1
9650,71,1
9651,55,2
9651,44,3
9651,74,3
9652,55,1
9652,52,1
9652,21,2
9652,28,2
9653,1,1
9653,52,2
9654,37,2
9655,70,2
9655,84,2
9655,87,1
9655,52,2
9655,48,3
9656,72,2
9656,30,1
9656,32,2
9656,56,1
9657,14,2
9657,92,2
9657,24,1
9658,15,3
9658,8,3
9658,70,3
9658,22,3
9658,72,3
9659,11,2
9659,73,2
9659,78,3
9659,98,2
9660,53,1
9660,70,2
9660,81,3
9660,4,2
9661,47,1
9661,51,2
9661,37,1
9662,28,3
9662,92,3
9663,79,1
9663,2,2
9663,95,2
9664,63,3
9664,59,2
9664,31,2
9665,47,3
9665,51,2
9665,75,2
9665,37,1
9665,2,2
9666,48,2
9666,98,1
9666,12,1
9666,64,1
9666,70,3
9667,91,3
9667,80,2
9668,29,1
9669,28,3
9670,99,3
9670,94,3
9670,74,1
9671,4,1
9672,84,1
9672,56,2
9673,86,3
9673,85,3
9673,70,1
9673,24,3
9673,95,3
9674,53,3
9674,6,1
9674,92,3
9674,20,1
9675,6,2
9675,50,3
9675,60,2
9676,87,3
9676,19,2
9676,20,2
9676,76,2
9677,36,3
9677,8,2
9678,77,1
9678,26,2
9678,82,2
9678,39,3
9679,82,1
9679,24,3
9680,17,2
9680,18,3
9680,32,3
9680,97,3
9680,6,3
9681,10,1
9681,2,3
9682,99,1
9682,14,3
9682,24,1
9683,53,1
9683,66,3
9683,15,3
9684,31,3
9685,29,2
9685,57,3
9686,21,2
9686,16,3
9686,45,3
9686,98,3
9687,64,1
9687,70,3
9687,83,2
9688,94,3
9688,75,1
9688,29,1
9688,66,3
9689,73,2
9690,90,1
9690,2,1
9691,12,2
9692,81,2
9692,31,1
9692,50,1
9692,83,1
9692,52,1
9693,77,2
9693,36,2
9693,41,2
9693,54,2
9694,32,2
9695,22,2
9695,8,3
9695,43,2
9696,23,2
9696,17,3
9696,6,1
9697,29,3
9697,35,2
9697,15,3
9697,17,2
9697,44,1
9698,70,1
9699,9,3
9699,86,1
9699,59,1
9700,18,3
9700,47,2
9700,58,1
9700,73,3
9701,15,2
9702,43,1
9702,62,2
9702,51,3
9702,65,3
9702,18,1
9703,97,2
9703,63,3
9703,73,2
9703,74,2
9703,35,3
9704,24,3
9704,83,1
9705,67,2
9705,12,1
9706,8,2
9706,47,1
9706,97,2
9706,84,1
9706,79,3
9707,57,1
9707,88,3
9708,64,1
9709,49,2
9709,55,1
9710,34,3
9710,82,1
9711,11,3
9711,5,2
9711,74,1
9711,3,1
9712,79,2
9712,69,1
9712,96,1
9712,19,1
9712,14,3
9713,71,3
9713,90,3
9714,88,2
9714,55,2
9714,26,3
9714,46,1
9714,11,2
9715,14,2
9716,85,1
9717,87,3
9718,92,2
9718,7,3
9719,90,3
9720,7,3
9720,18,1
9721,24,3
9721,96,2
9721,56,2
9722,59,3
9723,23,1
9723,60,1
9723,26,2
9723,80,2
9723,35,3
9724,92,3
9724,3,1
9724,63,1
9724,48,1
9724,28,1
9725,95,2
9725,41,1
9726,66,3
9726,24,2
9726,14,1
9727,15,2
9727,79,2
9728,24,3
9729,34,2
9729,98,2
9729,10,3
9730,37,1
9730,80,2
9730,17,2
9730,39,3
9731,69,3
9731,53,3
9731,73,1
9731,91,2
9732,24,1
9732,60,3
9732,17,1
9732,96,2
9732,58,1
9733,35,3
9734,43,2
9734,1,2
9734,73,3
9734,37,3
9735,28,2
9735,15,3
9735,44,1
9736,60,1
9736,49,1
9736,61,3
9736,43,1
9736,15,3
9737,31,1
9737,28,3
9737,15,3
9737,18,2
9738,60,3
9738,2,3
9738,58,3
9738,81,3
9739,77,1
9739,53,1
9740,97,2
9740,53,1
9740,100,3
9740,31,1
9740,68,2
9741,38,3
9742,61,3
9742,9,1
9742,23,2
9742,45,3
9743,11,2
9744,90,3
9744,44,3
9744,76,1
9744,68,2
9745,97,1
9745,68,2
9745,40,1
9745,22,3
9745,1,3
9746,58,3
9747,7,2
9747,26,2
9747,22,3
9747,69,2
9747,38,1
9748,57,3
9748,53,2
9749,16,3
9749,75,3
9750,50,2
9750,49,1
9750,77,1
9751,27,1
9752,56,1
9752,19,3
9752,93,3
9752,31,3
9752,83,2
9753,55,2
9754,74,1
9754,98,2
9755,12,2
9755,59,1
9755,79,3
9756,99,2
9756,3,3
9757,12,3
9757,44,3
9757,92,3
9757,76,1
9758,45,2
9758,50,2
9758,84,3
9758,91,3
9758,34,3
9759,53,1
9760,90,2
9760,1,2
9760,9,3
9760,68,2
9761,51,1
9761,16,2
9761,72,2
9761,30,1
9761,85,3
9762,27,3
9763,15,2
9763,36,3
9763,54,1
9763,9,2
9763,24,1
9764,99,1
9764,38,2
9764,28,2
9765,11,3
9766,58,1
9766,81,3
9767,16,1
9768,52,2
9768,8,1
9769,50,1
9769,58,2
9769,65,2
9770,59,2
9770,7,2
9771,13,1
9771,87,3
9772,90,2
9772,44,3
9773,14,1
9773,33,3
9773,93,3
9773,67,3
9774,29,3
9774,26,1
9774,49,2
9774,91,2
9774,39,2
9775,57,1
9775,70,3
9776,91,3
9777,93,3
9777,23,1
9778,89,3
9778,92,3
9778,29,3
9778,83,3
9779,73,2
9779,80,2
9779,74,2
9780,27,1
9780,71,1
9780,48,1
9781,81,3
9781,89,2
9782,6,3
9782,10,3
9782,65,2
9782,91,3
9782,48,1
9783,69,2
9783,78,3
9783,31,2
9783,43,1
9784,52,1
9784,23,1
9785,47,1
9785,61,3
9785,1,3
9785,73,1
9786,40,3
9786,22,3
9786,64,3
9786,3,3
9787,59,1
9787,44,2
9788,11,3
9788,15,2
9789,20,2
9789,86,2
9789,26,1
9790,25,2
9790,93,3
9790,1,2
9791,28,3
9791,56,2
9792,53,2
9792,6,3
9792,63,2
9792,24,1
9793,80,1
9794,42,1
9794,7,1
9794,59,2
9794,61,1
9794,89,3
9795,18,2
9795,82,2
9795,65,3
9796,13,3
9797,95,2
9797,51,1
9798,7,3
9798,40,2
9798,87,3
9799,39,2
9799,51,3
9800,26,1
9801,16,1
9801,76,1
9801,96,3
9801,19,1
9802,95,3
9802,31,1
9803,27,1
9803,11,3
9803,75,2
9803,67,1
9804,3,2
9804,90,3
9804,29,1
9804,74,3
9805,61,1
9805,47,3
9805,36,3
9805,87,2
9805,14,1
9806,12,1
9807,51,3
9807,38,1
9807,6,2
9807,63,1
9807,15,3
9808,17,3
9808,85,3
9808,9,2
9809,87,3
9809,47,2
9809,59,1
9810,92,3
9811,51,2
9812,97,2
9813,95,1
9813,37,2
9813,73,3
9813,31,3
9814,77,1
9814,4,2
9814,80,2
9814,76,1
9815,29,1
9815,91,2
9816,8,3
9816,1,1
9817,9,1
9817,53,1
9818,26,3
9819,62,1
9819,53,1
9819,13,2
9819,73,1
9819,24,2
9820,91,1
9820,72,3
9820,41,3
9820,1,2
9820,70,2
9821,46,3
9821,32,1
9821,97,1
9821,92,1
9821,74,2
9822,54,1
9822,30,3
9822,12,3
9823,88,3
9823,65,3
9824,80,2
9825,15,1
9825,46,2
9825,79,3
9825,27,1
9825,81,3
9826,48,1
9826,6,3
9826,35,1
9826,39,1
9827,88,3
9827,63,1
9827,24,2
9828,88,3
9828,8,2
9828,74,1
9829,10,2
9829,50,1
9829,90,1
9830,25,2
9830,80,2
9830,18,1
9830,82,2
9830,78,1
9831,22,3
9831,84,1
9832,91,2
9832,100,2
9832,41,1
9833,23,2
9833,32,1
9833,3,3
9834,100,2
9834,98,2
9834,5,2
9834,34,1
9835,51,1
9835,4,2
9836,15,3
9837,29,2
9837,45,1
9837,49,3
9837,13,2
9838,85,3
9838,53,2
9838,2,3
9838,45,2
9839,56,2
9839,54,3
9839,63,2
9839,95,2
9839,71,1
9840,46,1
9840,37,3
9841,62,1
9841,57,2
9841,9,1
9841,59,2
9842,20,2
9842,16,3
9842,76,1
9842,38,3
9842,8,3
9843,28,1
9843,84,1
9843,25,2
9843,45,2
9843,83,2
9844,51,2
9844,95,1
9845,85,1
9845,27,1
9846,39,3
9846,60,1
9846,62,3
9846,94,2
9847,12,1
9847,99,1
9847,55,3
9847,35,1
9847,61,2
9848,38,3
9848,90,3
9848,16,3
9848,31,1
9849,35,2
9849,32,2
9850,33,1
9850,28,3
9850,95,2
9850,16,3
9850,63,3
9851,91,2
9851,44,1
9851,3,1
9852,98,3
9852,45,1
9852,51,3
9853,8,2
9854,34,3
9854,16,1
9854,28,2
9854,65,2
9855,6,1
9855,86,2
9855,68,3
9856,69,3
9856,49,2
9857,6,3
9858,14,2
9859,58,3
9859,81,1
9859,65,3
9859,64,3
9859,36,3
9860,50,3
9860,71,1
9860,22,2
9860,39,3
9861,60,1
9862,52,3
9863,20,1
9864,58,1
9864,54,2
9865,90,1
9866,48,1
9866,35,2
9866,67,2
9867,2,1
9867,34,2
9867,33,2
9867,44,1
9867,9,3
9868,28,2
9868,7,3
9868,96,3
9868,76,2
9868,19,1
9869,26,1
9869,96,1
9869,94,3
9869,1,2
9869,39,1
9870,84,3
9870,89,2
9870,82,2
9870,27,3
9870,83,1
9871,1,3
9871,35,3
9871,70,1
9871,15,1
9872,22,3
9872,33,2
9872,84,2
9872,66,3
9873,69,1
9873,87,2
9874,62,1
9874,86,1
9875,54,2
9875,1,3
9875,33,3
9875,50,3
9875,18,2
9876,18,2
9876,71,2
9876,23,3
9876,98,2
9876,100,3
9877,60,2
9877,73,1
9877,95,2
9878,62,3
9878,63,1
9878,26,1
9878,75,1
9878,46,1
9879,24,3
9879,12,1
9879,68,3
9879,55,1
9880,42,2
9880,39,3
9880,27,2
9880,77,2
9881,66,2
9881,100,2
9881,16,2
9882,36,2
9882,87,1
9883,29,1
9883,88,1
9883,71,1
9883,13,3
9884,78,1
9884,41,2
9885,34,2
9885,2,1
9885,36,2
9886,90,3
9886,61,2
9887,22,2
9887,43,1
9887,67,3
9887,36,1
9888,35,2
9888,43,1
9889,25,3
9889,37,2
9889,85,1
9889,92,3
9890,83,3
9890,54,3
9891,65,2
9891,4,3
9892,55,2
9893,89,2
9893,47,3
9893,57,2
9894,82,2
9894,74,3
9894,19,2
9894,13,3
9894,43,3
9895,36,1
9895,96,1
9895,63,2
9895,52,2
9895,13,2
9896,11,2
9896,82,1
9896,33,3
9897,94,3
9897,63,3
9898,18,3
9899,13,3
9900,93,2
9900,71,1
9900,49,1
9900,15,1
9900,1,1
9901,2,3
9901,48,1
9901,54,2
9902,29,2
9902,84,1
9902,63,3
9903,75,3
9904,84,1
9904,19,2
9904,41,1
9904,62,1
9904,22,3
9905,19,2
9905,22,2
9905,63,3
9906,74,3
9907,12,3
9907,14,1
9908,66,3
9908,98,3
9908,11,3
9908,20,3
9908,63,2
9909,68,3
9909,18,1
9909,47,3
9910,99,1
9910,91,1
9911,62,1
9911,34,2
9912,35,2
9912,89,1
9912,80,1
9913,35,2
9913,6,1
9913,67,1
9913,4,3
9913,63,2
9914,47,2
9915,66,1
9915,78,3
9915,72,1
9916,14,2
9916,55,2
9916,10,1
9916,11,1
9917,33,2
9917,51,1
9918,93,1
9918,83,1
9918,77,2
9918,9,3
9918,55,2
9919,50,2
9919,74,2
9920,23,3
9921,49,1
9921,70,3
9921,35,2
9921,66,1
9921,97,3
9922,79,2
9922,23,2
9922,98,3
9923,28,1
9923,88,2
9923,34,1
9923,81,3
9924,42,1
9924,84,1
9924,73,1
9925,23,2
9925,28,1
9925,93,2
9925,75,2
9926,99,1
9926,8,3
9926,97,3
9926,92,2
9927,100,1
9928,91,2
9928,29,3
9928,88,1
9928,33,2
9928,74,1
9929,68,3
9929,38,1
9929,9,3
9929,40,2
9929,28,1
9930,36,3
9930,88,3
9930,60,2
9931,60,1
9931,6,2
9931,13,1
9932,27,3
9932,7,3
9932,29,3
9933,81,3
9933,31,3
9933,5,1
9934,48,3
9934,45,3
9935,31,3
9935,87,3
9935,63,3
9935,86,3
9936,2,2
9936,13,3
9937,32,1
9937,11,1
9937,13,1
9938,90,2
9939,63,2
9939,99,2
9939,60,3
9939,96,2
9939,95,3
9940,53,3
9940,37,3
9940,35,3
9940,56,3
9940,17,3
9941,50,1
9941,60,2
9941,6,2
9941,61,2
9942,78,3
9942,50,2
9942,31,3
9942,87,1
9942,88,1
9943,85,1
9943,80,3
9943,94,1
9944,61,1
9945,88,2
9945,98,2
9946,87,3
9946,51,3
9946,27,3
9947,6,2
9947,38,2
9947,41,1
9947,63,1
9947,16,2
9948,12,2
9949,49,2
9949,92,3
9950,92,2
9950,8,2
9950,57,3
9951,41,2
9951,52,1
9951,83,1
9952,49,1
9952,4,1
9952,70,3
9952,12,2
9953,95,3
9953,57,2
9953,87,3
9953,53,3
9953,30,3
9954,79,3
9954,3,1
9954,35,3
9954,98,3
9954,82,3
9955,93,3
9955,17,2
9955,95,2
9956,29,3
9957,29,3
9957,87,1
9958,73,3
9958,53,2
9958,45,1
9959,6,2
9959,1,1
9960,85,3
9960,39,3
9960,19,3
9960,18,3
9961,50,1
9961,10,1
9961,28,2
9961,84,1
9961,27,3
9962,63,1
9962,86,1
9962,93,2
9963,32,2
9963,48,3
9963,77,3
9963,62,3
9963,7,1
9964,92,1
9964,24,1
9964,31,3
9964,84,2
9964,4,3
9965,60,1
9965,85,3
9965,97,3
9965,31,3
9966,79,1
9966,48,1
9966,55,3
9967,60,2
9967,24,3
9967,95,2
9968,98,2
9968,97,1
9968,89,3
9968,27,1
9968,49,3
9969,64,1
9970,48,2
9970,1,2
9971,64,1
9971,66,2
9972,44,1
9972,49,2
9972,8,3
9973,52,2
9973,28,1
9974,15,1
9974,35,1
9975,66,3
9975,98,1
9976,23,2
9976,68,2
9977,26,3
9977,96,3
9977,3,3
9977,30,1
9977,84,2
9978,28,3
9978,67,2
9978,25,2
9979,17,1
9979,6,2
9979,90,1
9979,85,2
9979,71,2
9980,9,3
9980,37,2
9980,4,2
9980,35,2
9981,48,2
9981,85,3
9982,9,3
9982,82,2
9982,43,3
9983,39,1
9984,13,2
9984,27,1
9984,68,1
9985,11,3
9985,81,3
9985,5,2
9985,87,1
9986,6,2
9986,25,2
9987,87,3
9988,43,1
9988,5,3
9988,37,2
9989,43,2
9989,93,1
9990,57,3
9990,97,3
9990,28,3
9991,38,3
9991,36,1
9991,89,3
9991,77,3
9992,48,3
9992,92,2
9992,51,2
9992,71,3
9993,8,2
9993,54,1
9993,21,3
9993,16,2
9994,87,2
9994,36,1
9994,30,3
9995,99,1
9995,48,3
9995,92,1
9995,72,2
9995,52,1
9996,22,3
9996,97,1
9996,82,1
9997,91,1
9997,58,2
9998,24,2
9999,31,2
9999,53,1
9999,74,3
10000,40,3
10000,62,1
10000,60,2
10001,36,2
10001,79,2
10001,62,1
10001,97,3
10002,10,1
10002,97,1
10002,66,1
10002,23,2
10003,44,1
10003,17,2
10004,46,3
10004,59,2
10005,30,1
10005,67,3
10005,62,2
10006,12,1
10006,54,2
10006,10,2
10006,59,3
10007,55,1
10008,95,1
10008,37,3
10008,45,1
10008,15,3
10008,29,3
10009,45,2
10010,78,3
10010,34,2
10010,39,2
10011,5,3
10011,92,1
10011,58,2
10011,78,3
10011,83,1
10012,91,2
10012,7,2
10012,68,2
10013,76,3
10013,44,3
10014,86,2
10014,92,3
10014,63,1
10014,25,2
10015,44,1
10015,42,2
10015,13,3
10015,22,1
10016,40,1
10017,89,2
10017,3,1
10018,8,2
10018,91,2
10018,19,3
10018,94,1
10019,18,2
10020,68,3
10020,82,2
10020,37,2
10020,20,2
10020,47,3
10021,72,3
10022,28,2
10022,91,2
10022,49,3
10022,73,1
10023,68,3
10023,20,2
10024,77,1
10024,9,1
10025,16,3
10026,22,2
10027,26,3
10027,82,1
10028,36,3
10028,85,3
10028,15,3
10028,61,1
10029,40,1
10029,49,3
10029,61,2
10029,34,2
10029,17,1
10030,69,2
10030,87,3
10030,51,3
10030,78,1
10030,80,2
10031,66,2
10031,12,2
10031,37,1
10032,14,1
10032,27,1
10032,68,3
10033,81,3
10033,15,3
10033,38,1
10033,78,2
10033,98,3
10034,40,1
10034,65,2
10035,84,2
10035,62,2
10035,33,1
10035,11,3
10035,45,3
10036,31,3
10036,46,1
10037,83,1
10037,31,3
10037,75,3
10038,68,1
10038,55,2
10039,16,1
10039,50,3
10039,46,2
10040,49,2
10041,16,2
10042,39,1
10042,94,1
10042,50,2
10042,89,3
10042,43,3
10043,46,2
10043,99,2
10044,7,1
10044,9,1
10045,2,2
10045,75,3
10045,29,2
10046,95,3
10046,92,1
10046,48,2
10046,67,3
10046,75,1
10047,82,3
10047,39,1
10048,95,2
10048,44,1
10048,9,2
10049,30,3
10049,47,2
10049,12,3
10049,73,2
10049,35,3
10050,17,2
10051,48,2
10052,10,3
10052,81,3
10052,56,1
10053,23,1
10054,13,3
10054,44,3
10054,56,1
10055,38,2
10055,87,1
10055,16,1
10055,89,1
10056,3,3
10057,1,3
10057,37,2
10057,25,1
10057,89,3
10058,84,2
10058,55,1
10058,8,3
10059,9,1
10060,79,3
10060,22,2
10061,6,1
10062,20,2
10062,31,2
10062,80,1
10062,94,1
10063,3,3
10063,44,1
10063,23,3
10064,24,3
10064,4,1
10064,79,2
10064,57,1
10064,47,2
10065,86,3
10065,100,2
10066,85,1
10067,19,2
10067,91,2
10067,95,1
10067,83,1
10068,39,2
10069,27,3
10069,55,2
10069,39,1
10069,38,3
10069,61,2
10070,8,2
10070,99,2
10071,92,1
10071,90,2
10071,57,1
10071,10,2
10072,63,3
10072,94,1
10073,25,2
10073,16,1
10074,64,3
10074,66,3
10074,59,1
10074,5,1
10075,90,2
10075,37,1
10075,98,2
10076,31,2
10076,37,1
10076,26,2
10076,16,2
10076,8,2
10077,72,1
10077,22,3
10077,39,2
10077,5,3
10077,86,3
10078,45,3
10078,50,1
10079,45,1
10079,93,1
10080,9,2
10081,59,3
10082,68,3
10082,42,3
10083,32,3
10083,52,2
10083,92,2
10083,79,1
10083,64,1
10084,4,1
10084,74,3
10084,59,1
10084,68,1
10085,57,2
10085,53,2
10086,45,1
10087,39,3
10087,87,1
10088,93,2
10089,56,1
10089,8,1
10089,3,3
10089,69,3
10090,88,3
10090,62,3
10090,37,2
10090,18,1
10090,76,2
10091,53,1
10091,74,3
10092,35,1
10092,1,1
10093,40,2
10094,28,3
10095,61,2
10095,69,1
10095,76,2
10096,95,1
10096,51,3
10096,11,1
10096,4,2
10097,64,3
10098,48,2
10098,83,1
10098,86,3
10099,27,2
10099,73,1
10099,75,1
10099,36,1
10099,49,1
10100,55,2
10100,93,2
10100,5,2
10100,77,2
10101,35,1
10101,43,1
10102,49,2
10102,98,1
10102,16,3
10102,26,2
10103,40,2
10104,46,3
10104,27,1
10104,49,1
10105,33,2
10105,14,2
10106,37,1
10106,28,1
10107,37,2
10107,77,3
10107,21,2
10107,93,3
10108,6,1
10108,72,2
10108,1,2
10108,80,2
10108,83,2
10109,58,1
10109,74,1
10109,88,3
10109,57,2
10110,35,3
10110,93,1
10110,2,1
10111,52,2
10111,95,3
10112,79,1
10113,89,3
10113,5,1
10113,92,2
10113,83,3
10114,59,1
10114,99,3
10115,89,3
10115,61,2
10115,24,1
10115,37,1
10115,94,1
10116,47,3
10116,40,2
10117,11,1
10117,9,3
10117,22,2
10117,3,3
10117,56,1
10118,16,3
10118,84,1
10119,22,3
10119,20,1
10119,23,1
10119,38,1
10119,48,2
10120,30,2
10120,67,1
10120,26,3
10120,70,3
10121,28,1
10121,44,3
10121,79,3
10121,88,2
10122,7,3
10123,46,1
10123,55,2
10123,87,1
10124,70,1
10124,14,3
10124,82,1
10124,93,2
10125,79,2
10126,78,3
10126,46,1
10126,33,3
10126,97,2
10126,92,2
10127,74,2
10127,15,3
10127,37,1
10127,96,2
10128,78,2
10128,49,3
10128,95,3
10128,15,3
10129,30,2
10129,40,3
10129,68,1
10129,4,3
10130,98,3
10130,72,2
10130,65,1
10130,58,2
10130,3,1
10131,62,1
10132,51,1
10132,68,3
10132,77,3
10132,41,3
10133,35,1
10133,82,1
10134,22,1
10134,21,3
10134,67,2
10134,53,1
10134,40,3
10135,82,2
10135,44,3
10135,99,1
10135,43,3
10136,43,2
10136,97,2
10136,53,1
10136,12,2
10136,100,2
10137,24,3
10137,81,3
10137,4,3
10137,33,3
10137,76,2
10138,56,1
10138,86,1
10138,51,2
10138,83,2
10138,61,1
10139,55,3
10139,51,2
10139,85,1
10139,2,3
10139,60,3
10140,26,1
10140,100,2
10140,45,2
10141,95,2
10142,2,3
10142,60,3
10142,42,1
10142,61,3
10143,3,2
10143,32,3
10143,44,3
10143,21,3
10144,26,1
10144,97,3
10144,37,3
10144,12,1
10144,15,1
10145,30,2
10145,53,1
10145,64,3
10146,11,1
10146,85,1
10146,13,3
10146,76,1
10146,4,1
10147,54,2
10148,41,3
10148,99,3
10149,63,2
10149,7,2
10150,94,1
10150,13,3
10151,17,3
10151,65,2
10151,27,2
10151,94,3
10151,59,3
10152,93,3
10153,93,1
10153,60,1
10154,14,2
10154,38,2
10154,82,1
10155,94,1
10155,84,2
10155,50,2
10155,36,2
10155,85,2
10156,87,2
10156,68,3
10156,41,3
10157,33,1
10157,34,1
10158,29,3
10159,61,1
10159,84,3
10159,4,3
10159,46,2
10160,54,3
10160,78,2
10160,84,2
10160,44,1
10160,34,3
10161,54,2
10161,97,2
10161,82,1
10161,18,2
10162,76,3
10163,42,2
10163,11,1
10163,57,2
10163,66,3
10164,31,1
10165,100,2
10165,16,3
10165,35,3
10165,10,2
10165,66,3
10166,25,3
10166,8,3
10166,16,1
10166,18,1
10166,52,1
10167,7,3
10168,82,1
10168,88,1
10168,35,1
10169,59,1
10169,77,3
10170,47,1
10170,18,2
10170,1,1
10170,79,3
10171,44,3
10171,92,1
10171,11,1
10171,93,2
10171,57,3
10172,78,1
10172,58,3
10172,32,3
10173,46,1
10174,65,1
10175,51,3
10175,31,2
10175,11,3
10175,68,3
10176,60,1
10177,43,3
10177,5,1
10178,75,3
10179,3,1
10179,51,1
10179,12,2
10179,44,1
10180,18,1
10181,92,3
10181,18,1
10181,6,2
10181,99,2
10181,42,2
10182,32,2
10182,96,1
10182,81,1
10183,71,1
10184,71,2
10184,1,2
10184,72,3
10184,45,2
10185,42,1
10185,94,1
10185,99,2
10185,93,2
10185,83,2
10186,58,3
10186,22,2
10186,52,2
10186,30,3
10186,16,3
10187,70,1
10187,56,2
10188,13,3
10188,18,1
10188,30,2
10189,100,3
10189,93,2
10189,23,1
10190,32,1
10190,77,3
10190,17,3
10190,23,1
10191,71,1
10191,39,3
10191,15,2
10192,81,2
10192,65,3
10192,37,3
10192,54,3
10193,24,1
10193,10,1
10193,36,2
10193,15,1
10193,23,3
10194,63,1
10194,72,1
10194,38,2
10195,93,3
10195,76,2
10195,74,1
10195,82,2
10195,15,1
10196,54,2
10196,9,1
10196,80,2
10196,78,3
10197,100,3
10197,19,1
10197,4,1
10198,64,2
10198,20,2
10198,45,1
10198,51,2
10198,47,2
10199,73,3
10199,56,3
10199,3,2
10200,83,1
10201,7,2
10201,33,3
10201,11,3
10201,94,1
10201,49,2
10202,5,1
10202,91,3
10202,7,3
10202,28,2
10203,6,1
10203,42,1
10203,4,2
10204,22,2
10204,69,1
10204,44,2
10204,31,1
10205,61,2
10205,82,2
10205,49,2
10206,6,1
10207,97,3
10207,21,3
10207,46,3
10207,98,1
10208,39,3
10208,53,3
10208,74,2
10209,50,3
10209,76,2
10209,6,3
10209,73,3
10209,71,3
10210,1,3
10210,50,2
10210,18,2
10210,71,2
10211,5,1
10211,48,3
10211,21,1
10212,34,1
10212,20,1
10212,48,2
10213,92,1
10213,1,2
10213,5,1
10213,56,2
10213,21,1
10214,70,2
10214,26,1
10214,20,2
10214,55,2
10214,56,3
10215,62,1
10215,46,2
10215,75,1
10215,10,1
10216,43,3
10216,21,2
10217,74,1
10217,58,2
10217,97,3
10218,11,1
10218,48,2
10218,4,3
10218,66,3
10219,8,1
10219,96,3
10220,81,2
10220,87,2
10220,28,3
10220,58,3
10220,60,3
10221,33,1
10221,91,2
10221,38,1
10222,77,2
10223,42,3
10223,91,1
10223,94,2
10223,1,1
10224,46,3
10224,23,3
10224,31,2
10224,49,3
10225,32,3
10225,46,3
10225,63,1
10225,78,1
10226,47,3
10226,24,2
10226,67,3
10226,90,1
10226,58,2
10227,63,3
10227,68,1
10227,79,1
10227,27,1
10227,95,3
10228,74,1
10228,35,2
10228,80,2
10229,57,1
10229,8,3
10229,68,3
10230,8,1
10230,15,2
10231,46,3
10231,62,1
10231,80,1
10232,55,2
10232,40,3
10232,57,3
10233,2,3
10233,33,3
10234,96,3
10234,40,3
10234,71,2
10234,72,3
10234,48,2
10235,56,2
10235,26,2
10236,15,1
10236,27,3
10236,46,2
10237,61,3
10237,88,3
10238,65,2
10238,7,1
10238,55,1
10238,86,2
10239,41,1
10239,52,2
10239,30,2
10240,7,1
10241,38,1
10241,75,1
10241,50,2
10241,78,2
10242,90,1
10243,79,3
10243,55,3
10243,43,3
10244,45,1
10244,58,1
10244,26,1
10244,14,2
10245,16,3
10245,21,3
10245,66,1
10245,77,1
10246,74,2
10247,30,1
10247,50,2
10247,60,2
10247,63,1
10248,10,1
10248,33,1
10248,55,3
10248,94,1
10249,16,2
10249,21,3
10249,78,1
10249,79,3
10250,48,2
10250,85,3
10251,33,1
10251,74,1
10251,57,3
10251,34,2
10252,90,1
10253,48,2
10253,8,3
10253,27,3
10253,47,3
10253,19,2
10254,73,3
10254,63,2
10255,59,2
10255,58,1
10256,71,3
10256,55,3
10256,82,1
10256,30,3
10256,51,1
10257,86,1
10257,44,2
10257,80,2
10257,58,2
10258,39,3
10258,17,3
10258,13,1
10259,70,2
10259,87,1
10260,65,3
10260,97,1
10260,96,3
10260,45,3
10260,40,2
10261,36,2
10262,72,3
10262,76,2
10262,65,3
10262,17,1
10263,97,3
10263,88,3
10263,53,2
10263,17,3
10263,7,3
10264,52,3
10264,90,2
10264,53,1
10265,34,3
10265,18,3
10265,96,3
10265,79,3
10265,69,1
10266,92,1
10267,17,2
10267,15,2
10267,42,1
10267,3,2
10267,21,3
10268,32,3
10268,21,1
10269,49,3
10269,69,3
10269,31,1
10269,24,2
10270,17,2
10271,87,3
10272,12,1
10272,52,2
10273,65,1
10273,66,2
10274,99,3
10274,63,2
10274,51,2
10274,28,2
10274,89,2
10275,86,3
10275,98,2
10276,6,1
10277,8,1
10277,39,2
10278,87,3
10278,83,1
10278,4,3
10278,52,1
10278,1,2
10279,84,2
10279,29,3
10280,66,3
10280,23,2
10280,26,1
10281,66,3
10281,15,3
10281,67,1
10281,96,2
10282,26,3
10282,97,2
10282,39,2
10283,81,3
10283,92,3
10284,4,2
10284,82,2
10285,99,1
10286,64,2
10287,100,3
10287,75,2
10287,91,1
10287,88,3
10287,20,1
10288,37,1
10288,41,1
10288,86,2
10288,95,3
10288,93,1
10289,35,2
10289,41,3
10289,55,3
10289,53,3
10290,73,3
10290,35,2
10290,42,3
10290,33,2
10291,51,1
10291,72,1
10292,39,2
10292,82,2
10292,23,1
10293,85,1
10293,33,3
10294,72,2
10294,93,2
10294,19,1
10294,97,1
10294,32,1
10295,39,1
10296,45,1
10297,39,1
10298,4,3
10299,60,1
10299,50,1
10299,40,2
10300,79,2
10300,49,2
10300,4,3
10300,81,3
10300,89,2
10301,75,1
10301,74,3
10301,58,3
10301,41,2
10302,35,2
10303,89,1
10303,46,2
10303,100,3
10303,35,3
10303,96,2
10304,71,2
10304,79,2
10304,86,3
10304,73,2
10304,60,1
10305,44,3
10305,43,2
10305,68,3
10306,46,2
10306,88,2
10306,67,2
10307,85,2
10307,44,2
10307,17,1
10308,74,2
10308,94,2
10308,97,3
10309,81,2
10309,39,2
10309,66,2
10309,7,3
10309,96,2
10310,100,1
10311,54,1
10311,61,2
10311,94,1
10311,62,2
10311,32,3
10312,66,3
10312,32,2
10312,59,2
10312,41,1
10312,62,3
10313,69,1
10313,13,2
10313,84,3
10313,9,2
10314,72,2
10314,40,2
10315,89,3
10315,24,1
10316,5,1
10316,48,1
10316,36,2
10316,91,1
10316,14,2
10317,23,2
10317,95,3
10317,79,1
10317,69,2
10318,50,3
10318,8,2
10318,24,2
10319,83,3
10319,49,3
10319,85,1
10320,41,2
10320,43,1
10321,43,1
10322,90,3
10323,63,2
10323,100,3
10323,84,1
10323,65,3
10324,98,2
10324,88,3
10324,15,2
10324,49,3
10325,40,3
10325,18,3
10326,70,1
10326,6,2
10326,93,2
10327,5,2
10327,11,2
10328,81,1
10328,29,3
10328,5,2
10329,54,1
10330,55,2
10330,46,2
10330,5,2
10330,56,1
10330,84,3
10331,78,1
10332,89,2
10332,52,1
10332,71,2
10332,94,2
10333,16,1
10333,95,2
10334,86,3
10335,50,2
10335,98,2
10335,41,1
10335,63,2
10335,8,1
10336,77,1
10336,53,2
10336,4,1
10336,54,1
10336,94,2
10337,36,1
10337,98,1
10338,80,3
10338,30,1
10338,5,1
10339,16,2
10339,100,3
10340,52,1
10341,19,3
10341,18,1
10341,76,1
10342,83,1
10342,12,2
10342,17,2
10342,28,3
10343,36,3
10343,50,2
10343,21,3
10343,26,3
10344,20,2
10345,32,2
10345,94,2
10345,57,1
10345,50,2
10346,80,1
10346,4,2
10346,24,3
10346,26,2
10347,68,1
10348,39,1
10349,90,2
10349,22,2
10349,95,3
10349,87,2
10350,56,1
10350,90,1
10350,86,3
10350,95,3
10350,13,2
10351,46,2
10351,82,2
10352,31,1
10352,66,1
10352,28,2
10353,48,2
10353,80,3
10353,69,1
10353,95,1
10353,7,2
10354,49,1
10354,11,2
10355,61,3
10355,92,1
10355,1,1
10356,37,3
10356,11,2
10356,90,3
10357,64,1
10358,13,3
10358,84,3
10359,65,1
10359,1,1
10359,82,1
10359,32,3
10359,42,3
10360,71,1
10360,55,1
10360,40,1
10361,72,2
10361,39,2
10361,79,3
10361,5,3
10362,13,3
10362,3,3
10362,41,1
10362,25,2
10363,59,2
10363,7,1
10363,40,3
10364,31,2
10365,83,3
10365,69,3
10365,10,1
10365,33,2
10365,8,3
10366,35,1
10366,50,3
10366,68,3
10367,79,1
10367,7,1
10367,85,1
10368,71,2
10368,2,1
10368,82,1
10368,12,2
10369,57,1
10369,93,2
10370,48,3
10370,84,3
10370,94,2
10371,100,2
10371,1,1
10371,68,1
10372,67,2
10372,19,3
10372,87,1
10373,86,1
10373,42,3
10374,84,1
10374,5,2
10375,93,1
10375,64,2
10376,62,3
10376,55,3
10376,30,1
10376,77,1
10376,8,3
10377,26,2
10377,53,3
10377,34,3
10378,74,3
10378,76,3
10378,94,2
10379,20,3
10380,5,1
10380,19,3
10380,6,2
10380,21,2
10381,16,2
10381,37,1
10381,18,1
10381,2,1
10382,54,2
10382,93,3
10382,77,3
10383,24,3
10383,17,2
10383,64,1
10383,35,3
10383,49,1
10384,6,1
10385,23,3
10385,50,3
10386,87,3
10387,26,1
10387,75,3
10387,82,1
10387,63,2
10388,87,1
10389,14,2
10389,9,2
10389,25,1
10389,33,3
10389,59,2
10390,70,1
10391,54,2
10391,79,1
10391,61,1
10391,14,3
10392,64,1
10392,93,3
10393,6,1
10393,47,2
10393,58,1
10393,73,3
10394,38,2
10394,50,1
10394,58,2
10395,27,1
10396,77,3
10396,78,3
10396,41,1
10396,75,2
10396,59,2
10397,11,2
10397,70,2
10398,33,1
10398,64,1
10398,84,1
10399,19,3
10399,79,1
10399,99,3
10400,82,2
10400,70,3
10400,2,3
10400,55,3
10400,100,2
10401,12,1
10401,95,3
10401,67,2
10402,76,1
10403,48,2
10404,58,3
10404,86,1
10404,65,3
10405,5,2
10406,36,3
10406,14,2
10407,45,1
10408,78,1
10409,99,3
10409,52,1
10410,10,3
10410,28,3
10410,49,3
10411,58,1
10411,24,1
10412,2,3
10412,53,3
10412,59,1
10412,28,3
10412,93,1
10413,49,3
10413,100,3
10414,76,2
10414,19,1
10414,46,1
10414,63,1
10414,12,3
10415,87,3
10415,2,1
10416,64,1
10416,30,3
10416,85,1
10416,62,2
10417,56,2
10417,45,2
10418,83,1
10418,1,3
10418,40,3
10418,88,3
10418,62,3
10419,41,3
10419,67,2
10419,69,3
10419,85,1
10419,95,1
10420,83,3
10420,50,2
10420,6,2
10421,22,1
10421,20,1
10421,9,2
10421,49,1
10421,25,1
10422,97,1
10423,100,1
10423,26,3
10423,35,1
10423,22,1
10423,33,2
10424,3,1
10424,100,2
10425,30,1
10425,15,1
10425,85,2
10425,2,2
10426,81,3
10426,52,1
10426,40,3
10426,79,3
10427,9,2
10427,23,2
10428,65,3
10428,30,1
10429,23,2
10429,20,2
10429,1,3
10430,60,1
10430,22,2
10431,12,2
10431,5,2
10431,55,3
10431,34,3
10432,63,1
10432,100,1
10432,92,1
10433,8,3
10433,24,3
10433,18,3
10433,72,1
10433,21,1
10434,93,1
10435,66,1
10435,3,3
10435,65,2
10435,62,3
10435,43,2
10436,33,3
10436,54,1
10436,56,3
10436,58,1
10436,17,2
10437,62,3
10438,82,1
10438,31,2
10438,52,2
10438,70,1
10439,42,3
10439,32,2
10439,83,3
10440,90,1
10441,69,3
10441,57,2
10441,1,1
10442,25,3
10442,24,3
10442,97,1
10443,87,3
10443,67,3
10443,27,2
10444,7,3
10444,48,2
10445,45,3
10445,31,1
10445,60,2
10445,93,3
10445,76,1
10446,44,3
10446,31,2
10447,16,3
10447,36,2
10447,99,2
10447,5,1
10448,10,1
10448,56,2
10448,58,3
10448,95,1
10448,77,3
10449,60,1
10449,21,1
10449,47,2
10450,12,2
10450,20,2
10451,13,1
10452,64,3
10452,94,3
10452,60,2
10452,90,3
10453,55,3
10453,97,3
10453,60,1
10454,80,1
10454,2,2
10454,51,3
10454,36,1
10454,40,2
10455,39,3
10455,88,3
10455,30,3
10455,7,3
10456,44,1
10457,86,2
10457,73,1
10457,26,1
10457,63,3
10458,13,1
10458,22,1
10459,46,1
10459,19,3
10459,1,1
10459,97,1
10459,7,1
10460,13,1
10460,39,2
10460,51,3
10460,71,3
10460,69,3
10461,62,1
10461,56,2
10462,77,1
10462,42,2
10463,12,3
10464,8,3
10464,45,2
10464,96,1
10464,22,2
10464,43,1
10465,31,2
10465,19,1
10466,94,2
10466,86,2
10466,74,2
10467,15,2
10467,58,3
10468,64,2
10468,1,1
10468,84,2
10468,9,2
10468,40,3
10469,75,2
10469,25,1
10469,23,1
10469,64,1
10470,54,3
10470,70,3
10470,88,3
10470,44,2
10470,97,2
10471,18,2
10471,56,1
10472,57,1
10472,33,1
10473,64,1
10473,76,3
10474,16,1
10474,13,1
10475,18,2
10475,52,3
10475,79,2
10475,14,2
10476,5,3
10477,5,1
10477,15,2
10478,64,1
10478,100,2
10478,17,2
10479,15,2
10479,68,3
10479,95,3
10479,27,1
10480,81,2
10480,15,1
10481,100,1
10481,92,2
10481,15,2
10481,17,2
10482,44,2
10482,73,1
10482,40,3
10482,11,2
10482,75,3
10483,78,1
10483,80,2
10483,18,2
10483,19,2
10484,12,2
10485,14,3
10485,67,2
10485,79,3
10485,21,1
10485,16,1
10486,16,1
10486,30,1
10486,27,3
10486,1,3
10486,71,2
10487,12,2
10487,69,1
10487,47,3
10488,14,3
10488,11,2
10489,76,1
10489,84,1
10489,56,3
10490,73,1
10491,39,3
10491,52,1
10492,21,3
10492,94,1
10492,49,2
10493,75,1
10493,67,3
10493,100,1
10493,15,3
10494,51,1
10494,61,2
10494,96,2
10495,79,2
10495,54,1
10495,60,3
10495,97,1
10495,94,2
10496,98,3
10496,51,2
10496,60,2
10496,20,3
10497,42,1
10497,56,2
10497,5,2
10497,93,2
10498,97,3
10498,94,2
10499,81,1
10499,53,3
10499,45,1
10500,51,1
10500,53,2
10500,5,1
10500,61,3
10500,12,2
10501,97,2
10501,60,2
10502,63,3
10502,19,2
10502,96,3
10502,82,2
10502,80,2
10503,28,3
10504,35,3
10505,51,3
10505,93,2
10505,18,1
10505,79,1
10505,43,2
10506,78,1
10506,54,2
10506,58,2
10506,99,1
10507,13,3
10507,1,3
10507,84,3
10507,33,1
10507,14,3
10508,98,1
10509,47,1
10509,14,1
10509,52,1
10509,16,2
10510,85,1
10511,25,1
10511,90,3
10511,22,3
10511,3,2
10512,81,2
10513,69,2
10513,85,3
10513,29,3
10514,45,3
10514,78,3
10514,97,2
10514,38,3
10515,83,1
10516,38,3
10516,96,3
10516,21,3
10516,65,1
10516,44,3
10517,54,1
10517,93,3
10517,48,1
10517,30,3
10518,27,3
10518,48,1
10518,79,3
10519,54,3
10520,40,2
10520,20,2
10520,41,2
10520,3,1
10521,69,1
10522,91,3
10522,69,1
10522,88,3
10523,45,3
10523,56,1
10524,84,1
10524,16,1
10525,77,3
10525,10,3
10526,29,2
10526,31,3
10526,81,3
10526,91,1
10526,88,3
10527,10,1
10527,12,3
10527,44,2
10527,19,1
10528,60,3
10528,89,3
10528,58,2
10528,2,1
10529,80,2
10530,66,1
10531,76,1
10531,64,2
10531,48,2
10531,92,2
10531,96,1
10532,65,2
10533,81,2
10534,24,2
10534,10,1
10534,85,3
10535,39,3
10535,51,3
10535,43,3
10535,80,1
10536,6,2
10536,41,2
10537,37,3
10538,47,2
10539,38,2
10540,82,1
10540,77,2
10540,8,1
10540,75,2
10541,49,3
10541,93,2
10542,17,3
10542,82,2
10543,25,1
10543,78,3
10543,49,2
10543,41,2
10544,7,2
10544,33,3
10544,85,2
10544,59,3
10545,43,1
10545,34,1
10545,50,2
10546,73,3
10546,24,2
10547,9,1
10547,77,1
10547,40,1
10547,86,3
10547,51,2
10548,53,1
10549,53,2
10550,39,3
10550,99,3
10550,64,3
10550,26,2
10551,50,2
10551,87,2
10551,39,2
10552,77,1
10552,65,3
10553,76,3
10554,83,2
10555,98,1
10555,38,3
10556,90,3
10556,3,3
10556,20,1
10556,39,2
10557,3,1
10557,79,2
10557,23,2
10557,91,2
10558,50,3
10558,13,1
10558,100,1
10558,40,3
10558,44,2
10559,5,2
10559,27,3
10559,37,1
10560,60,3
10560,83,1
10560,11,3
10560,56,1
10561,42,1
10561,77,1
10561,11,3
10561,54,3
10561,61,1
10562,2,2
10563,61,1
10563,8,1
10563,84,3
10563,51,2
10564,74,2
10564,13,3
10564,62,3
10564,77,3
10564,68,3
10565,82,2
10565,77,2
10565,59,1
10565,86,2
10566,57,2
10566,97,3
10567,2,2
10567,40,3
10567,11,3
10568,63,2
10569,28,1
10569,63,3
10569,76,1
10569,7,3
10570,47,1
10571,39,1
10571,21,2
10571,48,3
10571,4,1
10572,38,3
10572,44,1
10573,98,3
10573,45,3
10573,97,2
10574,51,2
10575,79,2
10575,84,3
10575,93,2
10575,40,2
10576,65,3
10577,33,1
10577,8,3
10578,34,3
10578,88,2
10578,96,2
10579,16,2
10579,17,1
10579,73,3
10580,71,3
10580,49,2
10581,93,3
10581,34,2
10581,77,2
10581,20,1
10581,40,1
10582,7,1
10583,81,3
10583,38,1
10583,82,1
10583,46,1
10583,42,3
10584,48,3
10584,100,2
10585,72,1
10585,94,2
10586,42,3
10586,62,3
10586,85,3
10586,73,1
10587,70,2
10587,85,2
10587,73,2
10587,50,1
10588,9,3
10588,21,1
10588,40,3
10588,48,1
10588,26,2
10589,2,1
10589,49,1
10589,24,3
10589,71,3
10589,100,3
10590,84,2
10590,91,3
10590,2,3
10590,19,1
10591,41,3
10591,74,2
10591,60,3
10591,73,2
10591,29,3
10592,96,1
10592,28,3
10592,38,3
10592,80,2
10593,41,1
10594,11,2
10594,14,1
10595,59,3
10595,35,1
10595,96,1
10596,34,1
10596,75,3
10596,39,3
10597,2,3
10597,96,2
10597,46,3
10597,36,3
10597,25,3
10598,21,1
10599,24,2
10599,38,1
10600,35,3
10600,100,1
10600,92,3
10601,31,1
10601,4,1
10601,91,1
10602,78,1
10603,11,3
10603,64,3
10603,18,2
10604,8,3
10604,88,3
10604,75,3
10604,16,2
10604,45,3
10605,52,3
10605,2,3
10605,10,2
10605,26,1
10605,76,1
10606,87,1
10606,13,1
10606,59,3
10606,74,1
10606,46,1
10607,13,3
10607,1,1
10608,74,1
10608,50,3
10609,95,3
10609,34,1
10609,28,3
10609,64,2
10610,7,3
10610,49,3
10611,35,3
10611,94,2
10611,57,1
10611,83,3
10612,66,3
10613,66,3
10613,36,1
10614,42,1
10614,12,1
10615,4,1
10615,2,1
10615,69,3
10616,57,3
10616,15,3
10616,36,1
10616,29,2
10617,75,3
10617,46,2
10617,70,1
10617,89,2
10618,7,2
10618,17,1
10619,9,1
10619,97,2
10619,56,1
10619,89,2
10620,83,1
10621,74,1
10622,84,1
10622,55,3
10622,76,3
10622,48,3
10622,72,1
10623,74,3
10623,65,3
10623,60,2
10623,85,2
10624,10,3
10624,74,1
10624,25,3
10624,13,2
10624,37,2
10625,73,1
10626,94,3
10627,72,1
10627,14,3
10627,6,1
10627,76,1
10628,86,3
10628,25,1
10628,44,3
10628,9,3
10629,30,2
10629,8,2
10629,28,3
10629,88,2
10629,53,1
10630,37,2
10630,21,1
10631,13,3
10631,91,3
10631,48,1
10631,54,1
10631,60,3
10632,31,2
10632,80,3
10632,50,2
10633,81,1
10633,23,1
10633,35,2
10633,25,1
10633,14,1
10634,10,1
10634,87,3
10634,63,2
10634,49,3
10634,64,1
10635,66,2
10635,22,1
10635,74,2
10635,31,2
10635,51,1
10636,81,3
10636,99,1
10636,47,2
10637,59,1
10638,98,1
10638,73,2
10638,42,3
10638,28,3
10638,23,2
10639,92,1
10639,90,3
10639,80,2
10640,22,3
10640,55,3
10640,51,1
10641,32,1
10641,62,2
10641,90,3
10641,88,3
10641,85,1
10642,96,3
10643,99,3
10644,33,2
10644,12,2
10644,55,1
10644,60,1
10645,52,2
10645,80,2
10646,75,2
10647,78,3
10647,16,2
10647,6,3
10647,60,2
10647,87,1
10648,41,1
10648,90,1
10648,64,2
10649,37,2
10649,63,1
10649,96,2
10649,53,3
10650,92,3
10650,100,1
10651,59,2
10651,3,1
10652,31,1
10653,62,2
10653,88,1
10653,54,2
10654,17,1
10654,1,2
10654,58,3
10654,36,1
10655,54,1
10655,14,3
10656,16,3
10656,71,1
10656,24,3
10656,97,3
10656,60,1
10657,57,3
10657,6,1
10657,54,2
10657,50,1
10657,14,3
10658,31,2
10658,42,2
10658,47,3
10658,17,2
10658,81,1
10659,93,2
10659,63,1
10660,24,2
10661,9,3
10661,74,3
10661,34,3
10661,17,3
10662,40,3
10662,83,1
10662,26,3
10662,31,2
10663,25,2
10663,36,2
10663,75,1
10664,93,2
10664,58,1
10664,17,1
10665,87,3
10665,44,2
10665,37,1
10665,23,3
10666,83,2
10666,45,2
10666,18,1
10667,19,3
10667,29,2
10667,26,3
10668,6,1
10668,92,2
10668,77,3
10668,74,1
10668,10,3
10669,69,1
10669,29,3
10669,17,2
10669,50,3
10669,11,2
10670,24,2
10670,76,1
10671,37,3
10671,39,3
10672,18,2
10673,79,2
10673,67,1
10674,38,2
10674,53,3
10675,7,1
10675,46,3
10675,28,3
10675,72,3
10676,32,2
10677,43,2
10677,82,1
10677,81,2
10678,77,3
10678,78,1
10678,83,3
10678,28,3
10678,50,1
10679,25,1
10680,20,1
10680,56,3
10680,84,3
10680,31,3
10681,48,2
10682,14,1
10682,58,3
10682,35,3
10682,40,3
10682,48,2
10683,49,2
10683,61,3
10683,14,1
10683,82,2
10683,76,3
10684,78,3
10684,70,3
10684,72,1
10685,84,3
10685,55,1
10685,56,3
10685,52,2
10685,12,1
10686,70,2
10687,49,2
10687,100,2
10687,37,2
10687,66,1
10688,69,3
10688,75,1
10688,94,2
10688,61,2
10688,76,2
10689,69,3
10689,81,3
10689,93,1
10690,27,1
10690,46,2
10690,60,3
10690,69,1
10691,55,3
10691,87,1
10691,47,3
10692,52,3
10692,95,2
10692,25,2
10693,12,3
10694,52,1
10694,4,3
10694,54,2
10694,35,1
10694,28,1
10695,77,3
10695,94,3
10695,73,2
10695,30,1
10696,79,1
10696,13,1
10696,65,3
10696,77,1
10696,34,3
10697,24,2
10697,64,3
10697,72,2
10697,26,2
10698,26,2
10699,30,2
10700,54,2
10700,86,1
10700,13,1
10701,73,3
10701,54,1
10701,1,3
10701,66,2
10701,13,2
10702,73,3
10702,75,1
10702,68,3
10703,53,1
10703,59,1
10704,64,1
10704,96,2
10704,18,3
10704,81,3
10704,8,1
10705,73,2
10705,23,1
10705,64,2
10706,16,3
10707,37,1
10707,62,1
10707,64,3
10708,56,2
10709,83,3
10709,86,1
10710,90,2
10711,25,1
10711,88,1
10711,99,1
10711,3,2
10711,44,2
10712,59,2
10712,77,2
10712,19,3
10713,9,3
10713,31,3
10713,20,1
10713,34,2
10714,77,1
10714,74,3
10714,44,1
10715,83,3
10715,57,1
10715,80,1
10715,62,2
10715,19,3
10716,67,2
10717,80,2
10717,61,3
10718,22,2
10718,36,2
10718,78,3
10719,60,3
10719,68,1
10719,75,3
10720,64,2
10720,28,3
10720,98,1
10720,12,2
10720,75,1
10721,57,2
10721,40,2
10721,90,3
10721,44,1
10722,52,1
10722,58,1
10722,71,2
10723,8,1
10723,80,1
10723,61,1
10724,34,3
10724,25,3
10724,6,3
10724,33,3
10725,72,3
10725,14,1
10725,100,2
10725,13,2
10725,2,3
10726,2,1
10726,78,2
10726,74,1
10727,40,2
10727,2,3
10727,9,2
10727,87,3
10727,86,2
10728,72,1
10728,62,1
10729,79,2
10729,92,3
10729,86,1
10729,3,3
10729,82,1
10730,40,2
10730,61,3
10730,11,1
10730,19,3
10731,82,3
10731,92,3
10732,21,3
10733,27,3
10733,80,1
10734,98,2
10734,24,2
10734,68,2
10734,87,3
10735,34,1
10735,47,3
10736,81,1
10737,96,2
10737,27,2
10737,87,2
10737,18,3
10738,84,3
10738,21,2
10738,43,3
10738,30,1
10738,78,2
10739,25,1
10739,28,1
10739,74,2
10739,1,2
10740,61,2
10740,59,2
10740,47,3
10741,95,1
10741,5,1
10741,36,1
10741,3,3
10742,92,1
10743,13,1
10743,34,2
10744,13,3
10744,39,2
10745,55,3
10745,62,1
10745,35,1
10745,98,3
10746,3,3
10746,97,2
10746,75,2
10746,41,3
10746,74,2
10747,2,2
10747,79,3
10747,86,2
10747,85,2
10748,69,2
10748,38,1
10749,88,2
10749,43,2
10749,18,1
10749,44,2
10750,89,1
10750,42,1
10750,50,2
10751,42,3
10751,80,2
10751,25,2
10751,73,3
10752,13,3
10752,46,3
10753,82,1
10754,89,2
10754,47,2
10754,79,2
10754,16,2
10755,4,3
10755,48,2
10755,93,2
10755,13,3
10755,53,3
10756,66,1
10756,4,1
10757,60,1
10757,93,3
10757,10,1
10758,66,2
10758,7,2
10758,80,2
10758,24,1
10759,21,1
10759,18,3
10759,5,3
10759,42,3
10760,97,1
10760,59,3
10760,98,1
10760,19,2
10760,89,2
10761,90,2
10761,33,1
10761,37,2
10761,8,1
10761,25,3
10762,58,1
10762,76,1
10762,7,1
10762,81,3
10762,48,1
10763,47,3
10763,49,1
10763,42,2
10763,31,1
10763,13,1
10764,66,3
10764,79,1
10764,3,1
10765,3,3
10766,32,1
10766,33,2
10766,53,3
10766,62,2
10767,26,1
10768,61,2
10768,97,2
10769,58,2
10770,73,1
10770,6,3
10770,69,2
10771,36,2
10772,3,2
10772,90,2
10773,7,1
10774,77,1
10775,11,3
10775,54,2
10775,37,2
10775,75,2
10775,41,2
10776,24,2
10776,49,2
10777,71,2
10777,15,3
10777,37,1
10777,48,2
10777,82,1
10778,75,2
10778,56,2
10778,38,2
10778,32,2
10779,9,3
10780,17,1
10780,63,3
10780,89,2
10780,9,1
10780,74,1
10781,45,3
10782,28,1
10782,15,1
10782,32,1
10782,83,3
10782,100,2
10783,12,2
10783,16,2
10783,49,2
10783,24,2
10784,76,2
10785,17,1
10785,2,1
10786,55,1
10786,32,2
10786,78,2
10787,14,3
10787,57,1
10788,87,1
10788,6,2
10789,82,3
10789,74,3
10790,4,2
10790,66,2
10790,68,1
10791,97,2
10791,49,2
10791,69,1
10792,96,1
10793,65,1
10793,33,3
10793,53,1
10793,16,1
10794,15,1
10794,48,2
10794,76,1
10794,11,2
10795,41,1
10796,77,3
10796,32,1
10796,45,3
10797,76,2
10797,38,3
10797,14,2
10797,73,1
10797,32,2
10798,45,1
10799,63,3
10799,40,3
10799,42,3
10799,59,2
10799,80,1
10800,85,3
10800,71,1
10800,64,3
10800,56,2
10801,29,3
10801,62,1
10801,35,3
10801,58,1
10801,89,3
10802,13,2
10802,74,1
10802,71,1
10802,33,3
10802,49,1
10803,48,2
10803,71,3
10804,38,2
10805,63,3
10805,8,1
10805,16,3
10806,30,2
10806,88,2
10806,86,2
10806,7,1
10806,66,3
10807,6,1
10807,72,1
10807,75,1
10808,59,1
10808,30,2
10809,15,3
10809,61,1
10809,99,1
10809,12,3
10810,9,1
10810,14,2
10811,15,1
10811,95,1
10811,23,1
10811,76,2
10811,72,2
10812,83,2
10812,31,3
10812,6,1
10813,64,1
10813,87,1
10813,53,1
10814,44,2
10814,65,2
10814,20,3
10814,74,2
10815,82,1
10815,42,1
10815,47,2
10815,39,1
10815,57,2
10816,49,2
10817,24,1
10817,59,2
10817,7,3
10818,54,3
10818,9,3
10818,85,1
10818,87,3
10818,95,3
10819,63,2
10819,95,2
10820,54,3
10820,42,2
10821,95,2
10821,68,2
10822,13,1
10822,96,1
10822,69,2
10822,14,3
10823,19,1
10823,58,3
10823,14,1
10824,64,3
10824,68,3
10824,71,3
10824,3,1
10825,97,3
10826,28,2
10826,6,1
10827,51,2
10827,64,3
10827,63,1
10828,23,2
10828,72,2
10828,6,1
10828,69,3
10828,80,2
10829,9,3
10830,73,1
10830,90,3
10830,79,2
10831,26,3
10831,77,3
10831,91,1
10831,41,2
10832,97,3
10832,45,3
10832,46,3
10833,81,1
10833,58,3
10834,11,1
10834,5,2
10834,40,2
10835,49,1
10835,8,3
10836,5,1
10837,54,2
10838,73,2
10838,43,3
10838,10,2
10838,74,1
10838,72,2
10839,31,1
10839,6,3
10839,29,1
10839,65,2
10839,98,1
10840,59,1
10841,42,2
10841,68,3
10841,64,2
10841,83,2
10841,95,2
10842,32,1
10843,100,3
10844,87,2
10844,41,1
10844,57,1
10845,43,2
10846,82,3
10847,48,1
10847,3,3
10847,86,1
10848,11,1
10848,66,3
10849,39,1
10850,22,3
10850,60,2
10850,56,2
10850,71,1
10851,22,1
10851,31,3
10851,13,2
10852,9,1
10852,91,1
10852,96,3
10853,31,2
10853,87,2
10853,9,2
10854,10,1
10854,6,3
10855,30,2
10855,8,2
10855,1,2
10855,68,3
10855,11,3
10856,56,2
10856,30,1
10856,96,2
10857,83,2
10857,15,2
10857,29,3
10857,59,1
10857,19,2
10858,98,1
10859,79,3
10859,9,2
10859,89,2
10860,42,2
10860,40,1
10861,87,2
10861,8,2
10861,67,3
10861,30,2
10861,20,3
10862,22,3
10863,9,2
10863,26,3
10863,29,1
10864,19,2
10864,85,3
10864,73,1
10864,6,1
10864,18,3
10865,23,1
10866,76,3
10866,41,2
10866,24,3
10866,38,2
10866,34,3
10867,77,1
10867,70,1
10867,63,3
10867,59,2
10867,47,3
10868,13,3
10868,1,3
10868,63,2
10869,57,3
10869,93,3
10869,7,1
10869,96,3
10870,9,1
10870,66,2
10870,3,1
10870,12,3
10871,24,2
10872,10,2
10872,22,3
10872,6,2
10872,43,2
10872,36,3
10873,63,1
10873,32,3
10873,45,2
10874,37,3
10875,7,2
10876,22,1
10877,36,3
10877,93,1
10878,34,3
10878,56,2
10879,50,1
10880,42,1
10881,77,2
10881,19,3
10881,8,1
10881,70,2
10882,86,3
10882,52,2
10883,88,1
10883,71,2
10883,3,2
10883,98,3
10884,88,1
10884,35,3
10884,100,2
10884,17,1
10885,74,1
10885,49,1
10885,53,2
10886,69,2
10886,7,2
10887,79,2
10887,11,2
10888,25,2
10888,19,1
10888,86,2
10888,67,2
10888,65,1
10889,32,3
10889,20,3
10889,61,2
10889,26,3
10890,32,1
10891,100,3
10891,46,3
10891,50,3
10891,78,3
10892,28,1
10893,46,3
10893,39,2
10893,88,3
10893,99,1
10894,4,2
10894,3,2
10894,22,3
10894,86,3
10894,58,2
10895,14,1
10896,85,1
10896,52,3
10896,43,1
10896,83,3
10897,16,1
10897,12,2
10897,87,2
10898,75,1
10898,82,3
10898,12,2
10899,47,1
10899,37,1
10899,53,2
10899,36,3
10900,22,3
10900,20,1
10901,52,2
10901,21,1
10901,28,2
10901,50,1
10901,82,2
10902,75,1
10902,62,3
10902,11,3
10902,21,1
10902,5,3
10903,38,3
10904,5,3
10904,24,1
10904,52,1
10904,8,3
10904,46,2
10905,13,3
10905,74,3
10906,74,2
10907,80,3
10907,77,3
10907,68,2
10907,44,2
10907,87,1
10908,2,2
10908,51,1
10908,57,1
10908,64,1
10908,12,3
10909,8,2
10909,73,1
10909,33,3
10909,57,3
10909,66,3
10910,92,1
10910,22,2
10911,42,2
10912,87,3
10912,42,3
10913,20,2
10913,11,1
10913,18,1
10914,50,2
10914,44,2
10914,56,1
10915,34,3
10915,15,1
10916,48,2
10916,43,3
10916,14,3
10917,61,3
10917,53,2
10917,38,1
10917,11,3
10917,19,2
10918,66,1
10918,79,3
10918,15,1
10918,64,3
10919,69,3
10919,90,1
10920,59,2
10920,41,2
10920,50,1
10920,13,2
10921,86,1
10921,34,1
10921,68,3
10921,95,2
10922,87,1
10922,9,2
10923,63,2
10924,37,1
10924,95,1
10924,83,3
10925,84,2
10925,32,3
10925,28,3
10925,51,1
10926,65,2
10926,22,2
10926,79,1
10927,2,2
10928,22,2
10928,5,2
10929,2,3
10929,87,3
10929,18,2
10930,92,1
10930,51,3
10930,78,1
10931,9,2
10931,51,1
10931,39,1
10932,64,1
10932,44,1
10932,53,3
10932,30,1
10932,98,1
10933,97,2
10933,41,2
10934,95,2
10934,46,3
10934,5,1
10934,82,2
10934,71,1
10935,11,3
10936,51,3
10936,96,1
10936,85,1
10936,78,3
10936,21,3
10937,3,1
10938,66,3
10939,46,3
10939,58,1
10940,27,1
10940,1,3
10940,65,2
10940,91,2
10941,44,1
10942,19,2
10942,24,3
10943,68,1
10944,44,2
10945,87,1
10945,73,1
10945,44,3
10945,20,3
10945,16,2
10946,9,3
10946,76,3
10947,86,1
10947,22,2
10947,84,1
10947,58,3
10947,18,2
10948,69,1
10949,43,3
10950,83,1
10950,5,2
10950,81,1
10950,36,1
10951,54,2
10951,40,2
10951,85,1
10952,81,3
10952,49,1
10953,88,2
10953,55,3
10953,51,1
10953,85,3
10953,78,2
10954,66,3
10955,88,1
10955,92,3
10956,98,1
10956,5,3
10956,95,3
10957,44,3
10957,31,1
10957,24,3
10957,38,3
10958,12,1
10959,59,3
10959,67,2
10959,22,3
10959,81,1
10959,43,1
10960,24,3
10961,65,3
10962,63,3
10963,60,2
10963,24,2
10963,81,2
10963,66,1
10963,51,1
10964,24,2
10964,77,3
10964,1,2
10965,29,3
10966,84,1
10966,57,3
10966,4,3
10967,58,1
10967,27,3
10968,39,3
10969,86,3
10969,62,3
10970,97,2
10971,68,2
10971,58,1
10971,47,2
10971,6,1
10971,74,3
10972,36,1
10972,64,2
10972,20,1
10972,83,3
10972,31,2
10973,83,2
10973,44,3
10973,71,2
10974,9,2
10974,65,2
10975,48,3
10975,96,3
10975,60,3
10976,37,2
10976,16,2
10976,44,3
10977,1,3
10977,20,2
10978,59,1
10978,5,1
10978,77,1
10978,31,1
10978,15,3
10979,37,2
10979,82,3
10979,14,1
10980,51,2
10980,83,3
10980,95,3
10981,62,3
10981,98,1
10981,83,2
10982,34,3
10982,69,2
10983,34,3
10983,80,3
10983,78,3
10983,31,2
10983,13,3
10984,37,1
10985,9,2
10986,6,2
10986,3,2
10986,2,3
10987,72,1
10987,98,3
10988,87,1
10988,98,1
10988,11,1
10988,97,3
10989,65,1
10989,55,1
10990,24,1
10990,44,1
10990,69,2
10990,86,3
10990,5,1
10991,8,1
10992,87,1
10993,43,2
10994,33,3
10994,95,3
10994,38,3
10994,4,3
10994,21,2
10995,48,1
10995,29,3
10995,47,3
10995,72,1
10995,11,2
10996,18,1
10997,69,1
10997,77,1
10997,42,2
10997,73,2
10998,96,2
10998,36,3
10998,21,1
10998,34,3
10999,6,2
11000,96,3
11000,9,3
11000,14,1
11001,36,3
11001,86,1
11002,14,1
11003,64,1
11004,77,3
11004,86,2
11004,80,1
11005,50,3
11005,80,2
11005,64,2
11006,12,2
11006,83,3
11006,69,1
11007,60,3
11008,26,1
11008,83,1
11009,48,3
11009,84,2
11010,20,3
11010,35,1
11010,38,3
11010,39,2
11011,86,2
11012,25,1
11012,59,2
11013,66,1
11013,54,3
11013,14,2
11014,62,2
11015,58,1
11015,28,2
11015,20,2
11015,9,2
11015,63,1
11016,88,1
11017,17,3
11018,73,3
11018,99,1
11018,32,3
11019,35,1
11019,50,3
11019,19,1
11019,55,2
11020,24,2
11020,10,3
11020,77,2
11020,56,1
11021,24,3
11021,40,3
11021,73,1
11021,48,2
11021,29,2
11022,15,2
11022,49,3
11022,92,1
11022,40,1
11022,39,3
11023,2,1
11024,75,1
11024,74,3
11025,67,1
11025,89,1
11025,32,3
11025,12,2
11025,72,3
11026,8,3
11026,18,1
11026,68,1
11027,66,1
11027,25,2
11027,63,3
11028,10,1
11028,14,2
11028,12,1
11028,35,1
11029,92,3
11029,2,1
11029,44,3
11030,90,2
11030,83,3
11030,82,3
11031,8,1
11032,60,3
11032,13,1
11032,41,2
11032,91,2
11032,57,1
11033,71,1
11034,2,3
11034,47,2
11034,82,2
11035,77,1
11035,21,3
11035,84,3
11035,51,2
11036,13,1
11036,44,3
11036,68,2
11036,69,1
11036,31,1
11037,61,1
11038,98,3
11038,95,2
11039,14,1
11039,39,1
11039,70,3
11039,61,1
11039,1,3
11040,5,2
11041,13,1
11041,81,2
11041,10,2
11041,94,2
11041,51,1
11042,87,3
11042,34,2
11043,6,2
11043,52,2
11043,8,2
11043,98,2
11044,26,1
11044,61,1
11044,48,2
11044,7,2
11044,42,3
11045,59,2
11045,69,3
11045,74,1
11045,99,3
11045,79,1
11046,12,2
11046,82,3
11046,67,2
11046,8,2
11047,16,1
11047,66,3
11048,15,2
11048,4,2
11048,91,3
11048,16,2
11049,37,1
11049,48,3
11049,69,2
11049,24,1
11049,75,1
11050,6,2
11050,60,1
11050,24,2
11050,77,2
11050,90,1
11051,89,1
11051,34,2
11051,58,2
11051,78,2
11052,56,1
11052,18,2
11053,83,2
11054,35,3
11054,48,2
11055,48,2
11055,96,1
11055,36,3
11055,63,3
11055,95,1
11056,35,1
11057,22,2
11058,8,3
11058,62,1
11058,93,3
11059,45,1
11060,23,1
11060,73,1
11060,31,2
11061,55,1
11061,66,1
11061,6,1
11061,68,3
11062,13,2
11062,68,3
11063,47,3
11063,79,1
11064,81,2
11064,97,1
11064,17,1
11064,64,1
11065,92,3
11065,36,2
11065,58,1
11066,48,1
11066,86,1
11067,76,2
11067,83,1
11067,53,1
11067,69,2
11067,39,3
11068,94,3
11068,1,2
11068,100,1
11068,58,2
11068,52,1
11069,34,2
11069,25,1
11069,60,3
11069,82,3
11069,12,1
11070,66,3
11070,10,3
11071,33,1
11071,85,1
11071,22,3
11072,68,1
11072,72,2
11073,96,2
11073,17,3
11073,5,2
11073,19,1
11073,83,2
11074,25,2
11074,26,2
11074,87,1
11074,80,2
11074,69,2
11075,26,2
11075,9,1
11075,73,2
11076,77,3
11076,3,1
11076,22,3
11077,46,3
11077,25,3
11077,94,3
11077,53,2
11078,5,2
11078,72,3
11078,66,2
11078,96,3
11079,39,2
11079,54,3
11079,19,3
11079,32,1
11079,41,3
11080,67,3
11080,68,3
11080,96,1
11081,24,3
11081,51,2
11081,87,2
11081,4,3
11081,81,3
11082,86,2
11082,88,2
11082,4,3
11082,11,1
11083,1,3
11083,87,1
11083,5,1
11083,82,1
11084,60,1
11084,5,1
11085,83,3
11086,56,3
11086,40,3
11086,11,3
11086,25,1
11086,36,3
11087,57,1
11087,14,3
11088,81,2
11088,19,1
11088,44,2
11089,36,2
11089,35,1
11089,34,1
11089,98,3
11089,61,2
11090,58,3
11090,17,2
11090,98,2
11090,16,1
11091,11,1
11091,51,2
11091,3,1
11091,67,2
11092,43,2
11092,27,3
11092,31,2
11092,56,2
11093,9,3
11093,92,2
11093,79,1
11094,77,2
11094,4,2
11095,9,3
11095,26,1
11095,50,3
11096,96,2
11097,68,3
11098,44,3
11098,85,1
11098,19,3
11098,33,2
11099,86,2
11099,84,3
11099,19,3
11100,62,1
11101,19,1
11101,13,1
11101,28,3
11101,83,2
11101,93,3
11102,33,3
11102,18,2
11102,65,3
11102,63,3
11102,98,3
11103,37,1
11103,38,1
11103,82,1
11103,76,2
11104,82,1
11104,30,2
11104,62,3
11104,51,1
11105,26,3
11106,97,1
11107,58,3
11107,62,2
11107,95,2
11108,75,2
11108,10,1
11109,81,1
11109,65,3
11109,31,1
11109,82,2
11109,80,2
11110,21,2
11110,72,3
11110,79,3
11111,19,3
11112,33,3
11112,97,1
11112,100,2
11112,34,2
11113,54,2
11113,26,1
11113,52,3
11114,11,1
11114,40,1
11114,2,3
11115,74,2
11115,18,1
11115,75,2
11115,24,3
11115,49,3
11116,15,3
11116,45,3
11116,81,3
11116,2,2
11116,30,3
11117,83,1
11117,32,1
11117,20,2
11117,49,1
11117,16,3
11118,38,1
11118,80,3
11119,64,3
11119,98,1
11119,35,2
11119,73,2
11119,7,1
11120,49,2
11120,60,3
11120,67,2
11120,7,1
11121,52,3
11121,31,3
11121,9,1
11122,37,1
11122,59,3
11122,10,3
11123,82,2
11123,69,2
11123,51,3
11124,14,2
11125,42,1
11125,36,3
11125,28,1
11125,24,3
11126,34,3
11127,14,1
11127,33,3
11127,39,3
11127,66,1
11127,46,1
11128,84,1
11128,88,3
11128,67,1
11129,16,1
11129,14,1
11130,80,3
11131,61,1
11131,75,2
11131,12,1
11131,5,2
11131,28,3
11132,5,1
11132,52,1
11133,43,2
11133,65,2
11133,61,2
11133,34,2
11133,53,1
11134,46,3
11134,17,2
11135,50,1
11135,33,1
11135,78,2
11135,39,3
11136,75,2
11136,99,3
11136,9,2
11136,66,2
11137,60,3
11137,99,1
11137,64,2
11137,36,3
11137,44,3
11138,75,3
11139,69,1
11139,15,3
11139,33,1
11140,10,2
11141,84,3
11141,57,3
11141,60,2
11142,5,2
11142,58,2
11142,57,3
11143,4,3
11143,53,2
11143,38,3
11144,21,3
11144,91,2
11144,2,2
11145,96,1
11145,29,1
11145,83,3
11146,89,2
11146,25,2
11146,57,1
11146,67,1
11146,77,3
11147,79,3
11148,15,3
11148,69,3
11149,29,3
11149,10,2
11149,79,2
11149,63,1
11150,36,3
11150,67,3
11151,79,3
11151,51,2
11152,20,3
11152,21,1
11152,45,3
11152,77,3
11153,37,2
11154,3,2
11154,44,2
11154,66,3
11155,59,1
11156,57,3
11156,74,2
11156,94,3
11157,100,2
11158,88,3
11158,71,1
11158,82,2
11158,53,1
11159,70,1
11159,11,1
11159,67,3
11159,8,3
11159,53,3
11160,33,3
11160,36,3
11160,20,1
11160,47,3
11160,70,3
11161,79,3
11161,85,1
11161,80,1
11161,18,1
11161,95,1
11162,84,2
11162,44,2
11162,41,1
11162,78,1
11163,91,3
11163,80,3
11163,1,1
11164,11,2
11164,33,1
11164,23,1
11165,6,1
11165,13,1
11165,22,1
11165,96,2
11165,81,1
11166,81,3
11166,100,2
11167,83,3
11167,50,2
11167,52,1
11167,49,1
11168,59,2
11168,38,3
11168,39,3
11168,6,2
11168,90,1
11169,80,2
11170,7,3
11171,87,3
11171,75,3
11171,11,3
11171,37,1
11171,43,1
11172,30,1
11172,22,2
11172,18,1
11172,42,2
11173,84,3
11174,100,1
11174,88,3
11175,22,1
11175,35,2
11175,98,3
11175,72,2
11175,81,2
11176,66,3
11177,47,3
11177,26,1
11177,11,3
11177,7,2
11178,64,1
11179,86,2
11179,91,2
11179,97,3
11179,8,3
11179,90,1
11180,81,3
11180,28,2
11181,82,1
11181,85,3
11181,88,1
11181,61,2
11181,13,2
11182,88,1
11182,85,2
11182,47,2
11182,16,1
11182,52,2
11183,84,3
11184,75,3
11184,21,1
11184,88,1
11184,8,2
11185,32,1
11185,64,2
11186,80,3
11186,82,2
11187,72,1
11187,89,1
11187,56,1
11188,1,3
11188,89,2
11188,63,3
11189,16,2
11190,53,2
11190,22,1
11191,70,2
11191,81,1
11191,20,3
11192,100,3
11192,56,2
11192,47,1
11193,56,3
11193,22,3
11193,89,3
11193,91,3
11194,16,2
11194,96,1
11195,6,1
11195,11,3
11196,25,1
11196,27,3
11196,3,1
11196,30,2
11196,48,3
11197,40,2
11198,93,2
11198,31,3
11198,6,2
11198,84,1
11198,47,2
11199,8,1
11199,48,2
11199,9,3
11200,90,1
11200,48,2
11200,24,1
11201,49,3
11201,90,3
11201,68,2
11201,33,2
11201,29,2
11202,29,2
11202,27,3
11202,10,1
11203,6,1
11203,32,1
11203,11,3
11203,19,2
11204,70,1
11204,67,1
11204,32,2
11205,73,3
11205,63,1
11205,6,2
11206,97,3
11206,94,3
11207,94,1
11207,61,3
11207,7,2
11208,62,1
11208,56,2
11208,44,1
11208,39,2
11208,67,3
11209,9,3
11209,25,2
11209,1,2
11209,57,2
11210,68,1
11210,6,2
11210,74,1
11210,65,2
11211,71,2
11211,67,1
11211,93,1
11211,98,2
11212,42,3
11212,57,2
11212,91,2
11212,47,3
11213,23,1
11213,47,1
11213,11,1
11213,84,3
11214,26,3
11215,12,1
11215,10,1
11216,4,1
11216,68,1
11216,65,2
11217,75,2
11218,94,1
11218,39,2
11218,8,2
11218,84,1
11218,78,2
11219,96,2
11219,32,1
11220,86,2
11220,68,1
11221,39,2
11221,2,2
11221,69,2
11222,21,2
11222,97,3
11223,19,2
11224,10,1
11224,82,1
11224,26,3
11224,85,1
11225,27,1
11225,51,3
11225,39,2
11225,31,1
11225,12,3
11226,74,3
11226,68,3
11226,66,2
11226,37,3
11226,28,3
11227,16,2
11227,13,1
11227,56,1
11228,22,1
11228,30,1
11228,47,1
11229,98,3
11229,23,3
11229,33,1
11229,46,1
11229,2,1
11230,24,2
11230,25,1
11230,55,2
11230,12,1
11230,54,1
11231,58,1
11231,57,1
11231,49,2
11232,35,1
11232,64,2
11233,63,2
11233,91,2
11233,65,3
11234,61,3
11235,81,1
11235,45,1
11236,16,3
11236,24,2
11237,93,2
11237,95,1
11237,38,1
11237,81,2
11238,13,1
11238,47,1
11238,64,1
11239,70,2
11239,75,2
11239,28,2
11239,69,3
11240,43,1
11240,5,3
11240,49,1
11241,32,2
11241,81,3
11241,97,3
11241,25,2
11241,60,2
11242,100,2
11242,97,2
11243,45,2
11243,53,1
11243,36,1
11244,31,3
11244,5,2
11245,21,3
11246,10,3
11246,21,3
11246,34,3
11246,45,2
11247,22,1
11247,86,2
11247,85,2
11248,46,1
11248,57,3
11248,53,3
11248,88,1
11249,57,2
11249,40,1
11250,95,2
11251,12,2
11251,48,1
11252,82,1
11252,94,1
11252,21,1
11253,1,2
11253,92,1
11253,88,1
11254,59,2
11254,31,3
11254,70,2
11254,75,3
11255,56,2
11255,52,3
11255,95,3
11256,32,3
11256,14,2
11256,68,1
11257,67,1
11257,82,1
11257,45,2
11257,13,1
11257,52,2
11258,30,2
11258,34,3
11259,24,2
11259,13,1
11260,85,2
11260,23,1
11261,26,3
11261,5,1
11261,17,2
11261,53,3
11262,82,1
11262,32,2
11262,15,1
11262,10,1
11262,31,1
11263,56,1
11263,1,1
11263,34,1
11263,35,2
11264,78,2
11264,16,2
11265,46,2
11265,66,1
11265,38,1
11265,98,3
11266,2,2
11266,24,1
11266,87,3
11267,77,2
11267,73,1
11267,30,2
11267,97,3
11268,89,2
11268,100,1
11269,27,2
11269,51,3
11269,41,2
11269,57,3
11269,91,3
11270,91,3
11270,98,3
11271,23,2
11271,25,3
11271,78,2
11271,71,3
11271,53,2
11272,79,3
11272,100,3
11273,47,2
11273,5,2
11273,63,2
11274,71,2
11274,59,2
11274,47,1
11275,35,3
11275,75,1
11275,2,1
11276,27,2
11276,74,1
11276,29,2
11276,18,1
11276,45,1
11277,77,3
11277,15,2
11277,31,3
11277,9,2
11277,18,3
11278,75,1
11278,54,1
11278,86,3
11278,24,2
11279,65,1
11279,84,1
11280,97,2
11280,43,1
11280,28,3
11280,37,3
11281,55,1
11281,11,1
11282,31,1
11282,24,3
11282,27,2
11282,17,2
11282,91,2
11283,48,1
11283,72,1
11283,3,2
11283,29,1
11284,100,2
11284,52,1
11284,18,2
11285,36,2
11286,64,3
11286,36,1
11286,78,1
11286,69,1
11286,23,1
11287,18,2
11287,87,3
11287,40,1
11288,51,2
11289,67,2
11289,31,2
11289,66,3
11290,75,1
11290,49,2
11290,52,3
11291,25,3
11291,15,3
11291,13,1
11291,85,2
11291,62,1
11292,41,3
11292,49,2
11292,74,1
11292,84,3
11292,29,3
11293,26,2
11293,91,3
11293,41,2
11293,8,2
11293,68,3
11294,26,2
11294,13,1
11294,10,1
11294,91,3
11295,77,3
11296,72,3
11296,78,1
11296,82,3
11297,88,2
11297,58,2
11297,42,1
11297,56,1
11298,30,1
11298,71,2
11298,2,3
11298,60,3
11299,84,2
11299,48,1
11299,12,1
11300,98,1
11300,83,2
11300,62,2
11300,5,1
11301,61,3
11302,74,2
11303,71,3
11303,15,1
11304,26,2
11304,57,2
11304,80,3
11304,94,2
11304,19,2
11305,65,1
11305,10,2
11305,36,2
11306,72,3
11306,25,3
11306,62,3
11307,94,2
11307,98,3
11307,65,1
11307,4,1
11307,100,2
11308,32,3
11309,26,1
11310,12,2
11310,85,1
11310,22,2
11310,84,2
11311,29,3
11311,12,3
11311,61,2
11312,6,1
11312,35,2
11312,47,3
11312,14,3
11313,18,3
11313,89,3
11314,30,2
11314,92,1
11314,69,1
11314,60,1
11315,27,2
11315,17,2
11315,26,1
11315,61,2
11316,99,3
11316,98,3
11317,47,1
11318,20,2
11318,52,2
11318,89,3
11318,79,1
11319,45,2
11319,38,1
11319,60,3
11319,25,2
11319,71,3
11320,28,2
11320,63,1
11320,91,2
11320,60,2
11320,47,1
11321,6,1
11321,36,3
11321,34,2
11321,58,1
11322,15,2
11322,12,1
11322,69,1
11322,97,1
11323,57,2
11324,35,1
11324,98,2
11324,66,1
11324,48,1
11324,14,2
11325,8,2
11325,100,2
11325,37,1
11326,71,1
11326,44,2
11327,87,3
11327,56,1
11327,8,3
11327,58,3
11328,64,1
11328,96,3
11329,12,1
11329,64,3
11329,92,1
11329,93,3
11329,95,2
11330,32,3
11330,100,1
11331,70,2
11332,37,3
11332,79,2
11332,45,1
11332,73,1
11333,100,2
11334,42,2
11334,78,3
11334,49,3
11334,43,1
11335,23,2
11335,61,1
11335,35,2
11335,85,1
11336,23,2
11336,75,1
11337,45,3
11338,100,1
11338,10,1
11339,24,2
11339,12,1
11339,52,2
11339,88,2
11339,7,2
11340,49,3
11340,55,2
11340,100,3
11340,8,1
11340,96,3
11341,42,2
11342,41,2
11343,79,1
11343,9,1
11343,90,3
11343,25,2
11343,55,3
11344,43,2
11344,99,3
11345,92,2
11345,76,1
11345,39,2
11346,83,1
11346,13,3
11346,48,3
11346,7,1
11346,76,2
11347,53,2
11347,40,1
11348,43,1
11348,71,1
11349,98,3
11349,79,1
11349,32,1
11350,51,2
11350,22,2
11351,100,2
11351,81,2
11352,71,3
11352,15,1
11353,74,3
11353,25,2
11353,7,2
11354,69,1
11354,70,1
11354,57,3
11354,75,1
11355,45,1
11356,36,3
11356,60,3
11356,86,2
11357,29,1
11357,90,2
11357,24,3
11357,63,1
11357,89,2
11358,24,3
11358,92,1
11358,60,2
11359,96,3
11359,22,2
11359,88,1
11360,35,1
11361,63,2
11361,49,3
11361,59,2
11362,74,3
11362,17,1
11362,79,2
11363,2,2
11363,35,3
11363,14,2
11364,95,1
11364,7,2
11364,2,1
11364,17,2
11365,100,3
11365,69,2
11365,32,1
11365,63,3
11366,34,1
11366,24,3
11366,90,2
11366,66,1
11367,16,2
11367,76,1
11368,54,3
11368,10,1
11369,69,3
11369,32,3
11369,98,3
11369,83,1
11369,45,3
11370,14,1
11370,9,3
11371,24,3
11371,78,1
11372,6,3
11372,12,3
11373,68,2
11373,5,3
11374,81,3
11374,51,1
11374,16,2
11375,31,3
11375,98,3
11376,15,2
11376,26,3
11377,70,2
11378,18,1
11378,72,1
11378,4,1
11379,12,2
11379,75,2
11379,39,1
11379,93,1
11380,32,1
11381,21,2
11382,25,3
11382,96,1
11382,33,2
11382,38,3
11383,9,3
11383,65,3
11384,1,1
11385,84,1
11385,6,3
11385,62,1
11386,23,1
11386,36,1
11386,16,1
11387,48,2
11387,39,2
11387,60,1
11388,52,3
11388,60,2
11388,29,3
11388,19,1
11389,7,2
11389,90,2
11390,9,2
11390,55,2
11391,30,2
11391,27,1
11391,12,3
11392,82,1
11393,81,3
11394,9,2
11394,44,2
11394,97,3
11395,83,3
11395,48,1
11396,37,3
11396,54,3
11397,45,3
11397,36,2
11397,3,2
11397,97,3
11397,89,2
11398,8,3
11398,20,2
11398,26,1
11398,78,2
11398,56,3
11399,12,1
11399,97,3
11400,32,3
11401,47,1
11401,59,3
11401,76,3
11401,26,2
11402,91,3
11402,96,3
11402,62,3
11403,60,3
11403,9,2
11403,69,2
11403,72,2
11404,59,1
11404,58,1
11404,11,1
11405,7,2
11406,44,2
11407,16,1
11407,88,2
11408,12,2
11408,15,2
11408,16,1
11408,6,3
11408,65,3
11409,73,1
11409,94,2
11409,68,2
11409,35,3
11409,40,2
11410,88,3
11411,3,2
11411,71,1
11411,63,1
11412,13,1
11412,100,3
11412,12,2
11412,1,1
11412,2,2
11413,5,1
11413,52,3
11414,77,2
11414,90,2
11414,91,2
11415,73,2
11415,36,1
11415,98,2
11416,93,3
11416,46,2
11416,85,2
11416,39,3
11417,45,1
11417,53,1
11418,25,3
11418,66,3
11418,58,2
11418,2,3
11418,5,2
11419,39,2
11420,28,1
11420,22,2
11420,47,1
11420,89,3
11420,5,2
11421,70,3
11421,45,3
11421,81,3
11421,86,2
11421,95,1
11422,73,2
11422,11,3
11422,58,2
11422,78,3
11422,40,2
11423,19,2
11424,32,2
11425,76,1
11425,83,1
11426,78,1
11426,4,2
11427,35,3
11427,16,2
11427,12,1
11428,69,1
11428,83,3
11428,67,3
11429,6,1
11430,65,3
11430,88,1
11431,60,3
11431,69,3
11431,98,3
11432,79,2
11432,99,1
11433,24,1
11433,96,1
11433,95,3
11434,7,3
11435,56,1
11435,99,2
11435,39,3
11435,59,3
11435,19,2
11436,54,1
11437,1,3
11437,4,1
11437,38,3
11438,71,1
11438,74,2
11439,86,3
11439,74,2
11440,83,3
11440,78,1
11440,64,1
11440,1,1
11440,80,3
11441,66,1
11441,90,1
11441,9,2
11442,76,2
11442,85,1
11443,50,1
11443,87,1
11443,78,1
11443,14,1
11444,63,1
11444,8,2
11444,17,2
11444,72,1
11444,16,3
11445,28,2
11446,44,3
11446,35,3
11446,22,2
11447,98,3
11448,74,1
11448,83,1
11448,44,3
11448,99,1
11448,79,2
11449,30,2
11449,23,3
11450,27,1
11450,81,3
11450,53,1
11450,39,1
11450,94,1
11451,35,1
11451,56,2
11451,89,3
11452,58,1
11452,19,2
11453,79,3
11453,24,2
11453,20,3
11453,81,3
11454,66,1
11454,99,2
11454,92,3
11455,4,2
11455,2,3
11455,84,2
11455,100,1
11456,47,3
11456,66,1
11457,44,1
11457,86,2
11458,58,3
11458,38,3
11458,81,3
11458,52,1
11459,73,3
11459,21,2
11459,19,2
11460,81,3
11461,28,3
11461,26,1
11461,46,1
11461,90,1
11461,94,3
11462,6,1
11462,96,3
11462,28,1
11463,87,1
11463,32,1
11463,43,3
11464,26,1
11464,10,3
11465,69,1
11465,86,1
11466,84,3
11466,52,1
11466,66,1
11467,56,3
11467,9,2
11468,86,1
11468,69,2
11468,59,1
11469,92,3
11469,35,2
11470,67,2
11470,92,1
11470,50,3
11470,43,3
11471,7,3
11472,42,1
11472,44,1
11473,43,3
11473,89,3
11473,87,1
11473,42,1
11474,83,2
11474,18,2
11474,48,3
11474,86,2
11475,20,3
11475,98,1
11476,31,1
11477,17,1
11477,47,2
11478,46,3
11478,67,1
11478,93,2
11478,36,2
11478,57,1
11479,42,1
11479,87,1
11479,75,1
11479,72,3
11479,67,2
11480,79,3
11480,80,2
11480,36,1
11480,74,3
11481,74,1
11482,52,2
11482,64,2
11482,53,1
11482,70,1
11482,2,1
11483,81,2
11483,10,3
11483,86,2
11484,41,3
11484,26,1
11484,36,1
11484,8,1
11485,99,3
11485,39,3
11485,83,3
11486,70,3
11486,100,2
11486,52,3
11486,50,1
11486,92,2
11487,48,1
11487,5,2
11488,70,2
11489,28,3
11489,77,1
11490,81,2
11491,51,3
11492,47,3
11492,22,3
11492,50,3
11492,90,2
11492,77,2
11493,37,1
11493,73,1
11494,75,1
11494,51,3
11495,35,3
11495,38,1
11495,92,2
11495,78,2
11496,46,2
11496,28,3
11497,48,1
11498,79,3
11498,87,1
11499,17,1
11499,3,2
11500,37,2
11501,43,3
11502,69,2
11502,86,2
11502,66,3
11502,44,2
11503,60,3
11503,71,3
11503,34,2
11503,50,3
11504,59,3
11504,99,3
11505,13,3
11505,68,3
11505,76,1
11506,38,3
11506,77,3
11506,7,1
11506,24,1
11506,79,3
11507,70,3
11507,3,3
11507,97,1
11507,56,3
11508,3,1
11508,4,1
11508,32,2
11508,98,1
11509,17,1
11510,54,1
11510,9,1
11510,55,3
11510,6,3
11510,86,2
11511,62,2
11511,80,1
11511,39,1
11512,9,3
11512,91,3
11512,21,2
11513,77,3
11513,4,3
11513,35,1
11513,10,2
11514,31,1
11514,65,2
11515,57,1
11515,93,2
11516,98,1
11516,15,3
11517,91,3
11517,16,1
11517,3,3
11517,75,3
11518,70,3
11518,14,1
11518,38,2
11518,79,1
11519,6,2
11520,18,3
11520,53,1
11520,64,3
11520,25,3
11521,11,3
11521,98,1
11521,49,2
11521,92,2
11522,18,1
11523,71,1
11523,89,3
11524,57,1
11524,38,2
11524,65,3
11525,97,1
11526,13,2
11526,96,2
11526,43,3
11527,55,3
11527,23,1
11527,64,1
11527,87,1
11528,87,1
11528,57,3
11528,22,2
11529,83,2
11529,76,2
11530,61,1
11531,93,3
11532,86,2
11533,90,1
11534,46,3
11535,15,2
11535,73,2
11536,47,3
11536,66,2
11537,34,3
11537,47,2
11538,50,2
11538,49,2
11538,62,3
11538,91,2
11539,45,2
11539,64,3
11539,3,1
11539,12,2
11539,32,1
11540,83,3
11540,54,3
11541,68,1
11541,91,3
11541,53,3
11541,20,2
11541,2,3
11542,36,2
11542,47,1
11542,49,2
11543,69,1
11544,93,1
11544,42,3
11544,90,3
11544,66,3
11545,33,1
11545,69,3
11545,49,2
11546,87,3
11546,75,3
11546,7,2
11546,92,1
11546,41,3
11547,64,2
11548,88,1
11548,58,2
11548,51,2
11548,74,3
11549,36,1
11549,25,3
11549,16,3
11549,88,3
11549,10,2
11550,10,2
11550,76,3
11551,95,3
11551,46,1
11552,84,1
11552,5,2
11552,95,2
11553,83,2
11553,48,1
11553,30,1
11553,40,1
11554,20,1
11555,50,3
11556,78,2
11556,3,3
11556,75,2
11556,66,3
11556,4,1
11557,31,2
11557,80,2
11557,75,1
11557,2,2
11558,95,2
11558,96,3
11558,56,2
11559,37,2
11559,64,3
11560,84,3
11561,68,1
11562,62,3
11562,51,3
11562,66,3
11563,95,1
11563,62,3
11563,47,1
11563,21,1
11563,45,1
11564,18,3
11564,39,2
11564,73,2
11564,75,3
11565,33,1
11565,26,1
11565,51,3
11565,64,3
11566,76,2
11566,89,2
11566,79,2
11566,51,2
11566,36,2
11567,23,3
11567,91,1
11568,70,3
11568,61,2
11568,53,2
11568,34,2
11569,72,1
11569,4,3
11569,93,3
11569,44,2
11570,41,1
11570,1,2
11570,79,3
11570,53,1
11571,99,2
11572,69,1
11573,79,2
11573,20,1
11574,47,2
11575,56,3
11575,78,2
11575,2,3
11575,39,1
11575,29,2
11576,55,1
11576,19,3
11576,91,3
11576,95,3
11577,58,2
11577,68,1
11577,9,1
11578,64,3
11578,76,3
11579,43,3
11579,39,3
11580,71,1
11580,83,2
11580,75,1
11580,56,1
11581,35,1
11581,59,1
11581,99,2
11582,13,1
11582,17,3
11582,87,3
11582,37,3
11582,38,2
11583,53,2
11583,21,3
11584,54,3
11585,16,3
11585,60,2
11585,78,3
11585,33,3
11586,67,1
11586,95,3
11586,47,1
11587,96,3
11588,28,2
11588,21,2
11588,76,1
11589,95,2
11589,89,1
11589,90,1
11589,81,2
11589,84,3
11590,10,3
11590,32,1
11590,43,3
11591,5,3
11591,57,3
11591,81,1
11592,6,2
11592,80,2
11592,18,3
11592,44,1
11592,100,1
11593,20,3
11593,46,2
11593,15,3
11593,14,2
11594,2,1
11594,60,1
11594,66,3
11594,91,3
11594,84,2
11595,93,2
11595,94,1
11596,3,3
11596,51,1
11596,53,2
11596,81,1
11596,31,2
11597,46,2
11597,61,1
11598,87,1
11598,61,3
11598,35,3
11598,52,1
11598,92,2
11599,98,1
11599,73,2
11599,39,3
11599,96,2
11599,13,1
11600,72,3
11600,38,1
11601,19,2
11601,27,2
11601,83,3
11601,62,3
11602,24,2
11603,19,2
11603,27,3
11603,5,1
11604,61,2
11604,90,1
11604,64,2
11604,38,2
11604,15,3
11605,36,3
11606,2,2
11607,8,2
11608,39,1
11608,58,2
11608,70,1
11608,11,3
11608,65,3
11609,77,3
11609,83,2
11609,18,3
11610,13,3
11611,94,2
11611,88,1
11611,2,2
11611,11,2
11611,39,1
11612,46,2
11612,72,1
11613,76,3
11613,39,2
11613,80,1
11613,44,1
11614,37,1
11614,46,1
11614,15,1
11615,6,2
11615,31,3
11615,73,1
11615,20,1
11616,28,2
11616,36,1
11617,53,1
11617,15,3
11617,61,2
11618,98,2
11618,64,1
11618,90,2
11619,66,1
11619,55,3
11620,11,1
11620,14,2
11620,73,1
11620,33,1
11620,61,3
11621,9,2
11621,4,1
11621,78,2
11622,73,1
11622,89,2
11623,67,1
11624,98,3
11624,40,1
11625,25,2
11626,27,1
11626,55,1
11627,98,3
11627,70,1
11627,27,2
11627,82,1
11627,41,3
11628,95,1
11629,89,2
11629,34,2
11629,37,3
11629,33,2
11630,80,2
11630,8,3
11630,54,1
11630,70,1
11631,87,3
11631,3,3
11631,46,3
11631,16,3
11631,80,1
11632,10,1
11632,40,3
11632,56,1
11632,7,2
11633,72,2
11633,62,1
11633,88,2
11634,37,2
11634,70,1
11634,24,1
11634,74,3
11634,61,1
11635,46,1
11636,95,2
11637,92,1
11637,87,3
11637,24,2
11637,99,3
11638,80,1
11638,56,1
11638,98,2
11638,12,3
11639,92,2
11639,69,2
11640,59,2
11640,94,1
11640,16,3
11640,87,1
11640,44,3
11641,47,1
11641,7,1
11641,69,1
11641,37,3
11641,24,2
11642,10,2
11642,80,1
11642,65,1
11642,15,1
11643,42,2
11644,76,2
11645,96,1
11646,74,1
11646,55,1
11646,1,1
11647,43,3
11647,98,2
11647,72,2
11647,19,3
11648,17,2
11648,6,1
11648,44,1
11648,24,1
11649,93,2
11649,6,2
11650,55,3
11650,79,2
11650,69,3
11650,16,1
11651,97,1
11651,85,3
11651,7,3
11652,50,1
11652,24,1
11653,89,3
11654,43,2
11654,77,2
11654,61,2
11655,49,3
11655,50,2
11656,82,2
11656,85,1
11656,81,3
11657,53,2
11657,8,1
11657,5,1
11658,15,2
11659,8,1
11660,59,2
11661,13,3
11661,73,2
11662,53,3
11663,19,1
11663,10,1
11663,97,3
11664,100,1
11665,33,1
11665,75,3
11665,65,3
11665,12,1
11665,88,3
11666,6,3
11666,8,3
11666,94,2
11666,22,1
11667,100,1
11668,75,2
11668,44,3
11668,19,3
11668,71,2
11668,13,1
11669,55,2
11669,50,1
11669,19,3
11669,94,1
11670,13,3
11670,34,1
11670,37,1
11670,70,1
11670,77,2
11671,28,3
11671,59,2
11672,8,3
11672,78,3
11673,84,1
11674,8,2
11674,80,1
11674,90,3
11674,10,2
11675,2,2
11675,71,2
11675,16,3
11675,64,3
11675,62,2
11676,99,2
11676,45,1
11676,74,1
11677,96,2
11677,38,3
11677,77,2
11677,76,1
11678,71,2
11678,14,2
11678,30,3
11679,52,2
11680,39,1
11680,33,1
11680,48,2
11680,93,3
11680,50,1
11681,56,3
11681,11,2
11681,49,1
11681,60,2
11681,39,2
11682,39,3
11682,53,3
11683,80,2
11683,11,3
11683,53,2
11683,9,1
11684,99,2
11684,15,3
11684,70,1
11684,22,3
11685,31,3
11685,7,1
11686,35,2
11687,79,1
11687,76,3
11688,44,2
11688,84,2
11688,39,2
11689,22,3
11690,73,1
11691,33,3
11691,100,1
11692,93,2
11692,64,2
11692,9,3
11692,98,2
11693,19,1
11694,76,2
11694,88,1
11694,53,1
11694,45,3
11695,43,1
11696,6,2
11696,39,1
11696,48,3
11696,86,3
11697,73,1
11697,2,1
11697,46,2
11697,37,1
11697,8,2
11698,81,2
11698,39,2
11698,57,3
11699,98,3
11699,36,3
11699,71,3
11700,70,1
11700,47,1
11701,98,3
11701,21,3
11701,78,1
11701,41,1
11702,60,3
11702,53,3
11702,61,2
11703,27,1
11703,46,2
11703,88,2
11703,49,1
11703,95,2
11704,76,3
11705,19,3
11705,97,2
11705,94,1
11705,27,2
11705,93,2
11706,15,3
11706,36,1
11706,64,3
11706,90,1
11707,54,1
11707,67,1
11708,43,1
11708,74,1
11708,37,2
11709,61,3
11709,6,2
11709,1,3
11709,82,1
11709,48,2
11710,72,1
11710,22,1
11710,87,3
11710,92,3
11711,68,2
11711,36,1
11712,92,1
11713,19,2
11713,54,1
11713,41,3
11714,98,3
11714,68,3
11715,76,3
11715,86,2
11715,70,1
11715,39,2
11715,95,2
11716,2,2
11716,41,2
11716,36,3
11717,45,1
11717,96,3
11718,31,3
11718,37,1
11718,50,3
11718,4,1
11719,68,3
11720,42,1
11720,66,1
11720,48,1
11721,92,2
11721,6,3
11721,12,2
11721,30,2
11722,76,1
11723,86,1
11723,4,3
11724,57,1
11724,11,2
11725,33,3
11726,21,1
11726,43,3
11726,55,3
11726,33,3
11727,25,1
11727,76,3
11727,35,2
11727,65,3
11728,83,3
11728,95,1
11728,75,1
11729,76,3
11729,77,3
11730,78,1
11731,56,3
11731,47,2
11731,46,2
11731,33,3
11732,80,3
11733,30,1
11733,49,2
11733,8,1
11734,10,1
11734,49,2
11735,56,2
11735,22,3
11736,78,3
11736,83,2
11736,16,3
11736,56,1
11736,99,1
11737,76,2
11738,9,1
11738,68,2
11739,3,1
11739,50,1
11739,83,3
11739,70,3
11739,73,1
11740,71,1
11740,29,2
11740,46,1
11740,40,3
11740,42,2
11741,5,2
11741,12,3
11741,34,2
11741,98,3
11741,100,3
11742,23,2
11742,32,1
11742,10,1
11743,92,2
11743,33,2
11743,38,1
11743,76,3
11744,55,3
11744,54,1
11744,99,2
11744,46,1
11745,28,3
11746,31,3
11746,46,1
11746,8,3
11746,71,1
11746,65,2
11747,19,1
11747,12,3
11747,33,1
11747,58,2
11748,15,2
11749,87,2
11750,85,1
11750,78,1
11750,75,2
11750,86,2
11750,84,3
11751,91,1
11752,66,2
11752,76,1
11753,99,2
11753,89,1
11754,93,2
11754,50,2
11754,94,1
11755,34,1
11755,32,1
11755,96,2
11756,66,2
11757,4,3
11757,92,3
11757,72,3
11758,74,1
11758,68,3
11758,41,2
11759,96,1
11759,39,2
11759,63,1
11759,83,2
11760,86,2
11761,25,1
11761,76,2
11761,12,3
11762,58,3
11762,20,1
11762,23,3
11763,36,3
11763,31,2
11763,21,3
11763,60,2
11763,72,1
11764,93,3
11764,68,1
11764,6,2
11764,74,3
11764,83,1
11765,76,2
11765,68,1
11765,100,3
11765,17,3
11766,85,3
11766,1,1
11766,31,3
11767,71,2
11767,4,2
11768,47,3
11768,23,1
11768,14,2
11768,44,2
11768,5,1
11769,78,3
11770,10,2
11770,94,2
11770,92,2
11771,40,3
11771,100,1
11771,32,2
11771,56,1
11771,36,1
11772,9,3
11772,4,1
11773,9,3
11773,53,1
11773,3,3
11773,34,1
11774,1,3
11774,9,2
11775,40,3
11775,34,3
11775,91,3
11776,93,1
11776,78,2
11776,86,2
11777,13,2
11777,65,3
11777,71,1
11778,14,1
11778,63,2
11779,66,2
11780,92,3
11780,17,2
11780,64,2
11780,7,2
11781,86,2
11782,78,2
11782,20,2
11782,68,1
11782,64,1
11782,93,1
11783,78,2
11783,40,1
11783,30,1
11783,79,3
11783,34,2
11784,53,1
11784,89,2
11785,96,3
11785,38,2
11785,70,3
11786,71,1
11786,78,3
11786,80,1
11787,49,1
11788,94,3
11788,48,3
11788,45,1
11788,83,1
11788,20,2
11789,92,3
11790,16,3
11791,86,2
11792,77,2
11792,7,3
11793,14,2
11793,53,1
11793,9,1
11793,99,2
11794,76,1
11794,23,3
11794,54,3
11795,59,2
11795,90,1
11795,94,2
11795,74,1
11795,84,1
11796,4,2
11797,12,2
11797,75,3
11797,36,1
11798,56,1
11798,93,2
11799,32,2
11799,44,3
11799,21,3
11799,30,2
11800,89,2
11801,45,3
11801,83,2
11801,74,1
11802,9,1
11802,20,2
11802,85,2
11802,16,2
11803,10,1
11804,62,3
11805,51,3
11806,89,1
11807,12,1
11807,47,2
11807,13,3
11807,22,3
11807,38,3
11808,13,2
11808,74,3
11808,27,3
11809,84,1
11809,48,1
11809,80,1
11809,70,3
11809,97,2
11810,63,1
11810,55,2
11810,65,2
11810,54,3
11810,30,2
11811,82,2
11811,19,3
11811,83,3
11811,92,2
11811,42,3
11812,94,1
11813,14,2
11814,35,3
11814,8,2
11814,24,2
11815,27,2
11815,44,3
11815,9,3
11816,13,1
11816,24,3
11816,77,1
11816,4,2
11817,70,2
11817,38,2
11818,81,3
11818,45,1
11818,46,3
11818,47,1
11818,8,1
11819,35,1
11819,52,2
11820,49,2
11821,72,3
11821,54,3
11821,70,1
11822,63,1
11822,100,3
11822,18,2
11822,14,3
11822,74,3
11823,99,2
11823,8,1
11823,1,2
11824,67,1
11824,83,1
11825,55,2
11825,74,1
11825,18,2
11826,93,2
11826,5,2
11826,32,2
11827,63,2
11828,28,3
11828,65,1
11828,26,3
11829,42,1
11829,75,3
11829,13,2
11829,45,3
11829,71,2
11830,19,3
11830,72,1
11831,85,3
11831,16,1
11831,2,2
11831,13,1
11832,92,1
11832,82,3
11833,20,1
11833,82,3
11833,56,1
11833,75,2
11833,50,2
11834,16,1
11834,86,3
11835,70,1
11836,86,3
11837,19,3
11838,40,2
11839,62,3
11839,36,2
11839,71,3
11839,18,3
11840,78,3
11841,77,3
11841,45,3
11841,15,2
11842,87,2
11842,22,2
11842,69,1
11843,19,2
11843,99,3
11843,22,3
11843,21,2
11844,20,1
11845,39,2
11846,69,1
11847,39,2
11847,94,3
11848,100,2
11849,26,2
11849,99,2
11849,69,2
11849,33,2
11849,51,3
11850,99,1
11851,5,3
11851,44,2
11852,10,2
11853,24,2
11853,57,3
11854,2,2
11854,95,2
11855,46,2
11856,16,3
11856,1,3
11857,33,1
11857,1,2
11857,65,1
11858,54,1
11859,39,2
11859,87,1
11860,65,2
11860,50,1
11860,94,2
11860,19,3
11860,100,2
11861,38,3
11861,98,3
11862,74,2
11863,28,2
11863,84,3
11863,25,2
11864,58,2
11865,47,1
11865,54,2
11865,68,1
11866,34,2
11866,33,3
11866,27,2
11866,83,2
11866,52,3
11867,81,2
11867,82,2
11867,42,3
11867,50,1
11867,26,2
11868,16,1
11868,59,3
11868,26,1
11869,9,2
11869,39,2
11870,57,2
11870,91,3
11870,67,3
11870,89,2
11870,82,3
11871,56,3
11871,25,3
11872,67,3
11872,36,3
11872,28,3
11873,15,3
11873,74,3
11873,70,2
11874,100,1
11874,56,2
11874,4,1
11874,32,2
11875,3,3
11875,13,1
11875,24,1
11875,2,3
11876,65,3
11877,13,3
11877,77,3
11877,9,3
11878,74,2
11878,41,2
11878,72,2
11878,94,3
11879,24,1
11879,55,2
11880,30,1
11880,69,2
11881,66,2
11881,65,2
11881,5,1
11881,33,1
11882,38,3
11882,74,1
11882,75,3
11882,56,2
11883,64,3
11883,74,1
11883,50,1
11883,9,3
11884,73,1
11884,76,1
11884,1,3
11885,92,3
11885,16,1
11885,27,2
11886,23,2
11887,37,3
11887,10,2
11887,8,1
11887,91,3
11888,96,2
11889,28,2
11889,20,3
11890,87,1
11890,41,3
11891,14,2
11891,19,3
11891,93,2
11892,66,2
11892,69,3
11892,20,2
11892,67,2
11893,11,1
11893,71,3
11893,90,1
11894,39,3
11895,2,1
11895,71,3
11895,93,1
11895,1,2
11895,78,1
11896,68,3
11896,23,2
11896,48,3
11896,43,3
11896,73,3
11897,41,3
11897,70,3
11897,18,3
11897,45,2
11898,76,3
11899,98,1
11899,90,1
11899,37,1
11899,61,2
11900,1,1
11900,98,3
11900,11,3
11901,77,1
11901,30,3
11901,87,2
11902,27,3
11902,57,2
11902,48,3
11903,70,2
11903,24,2
11903,45,2
11903,30,1
11904,61,2
11905,49,1
11905,57,2
11905,21,1
11905,5,3
11905,90,3
11906,14,3
11907,47,1
11907,29,3
11907,13,2
11907,37,2
11908,55,3
11908,17,2
11908,75,1
11908,53,1
11908,38,1
11909,14,1
11909,44,2
11909,35,1
11910,37,2
11910,67,2
11910,70,3
11911,80,1
11912,90,2
11912,11,3
11912,23,1
11913,21,1
11913,73,2
11913,19,1
11913,45,3
11913,40,3
11914,77,3
11914,21,2
11914,41,2
11915,22,1
11915,37,3
11916,27,2
11916,47,3
11916,70,3
11916,96,3
11917,3,1
11917,50,2
11917,48,1
11917,30,3
11918,51,1
11918,30,1
11918,34,3
11918,100,1
11918,17,1
11919,88,3
11919,80,1
11919,31,1
11919,72,3
11920,52,2
11920,14,3
11920,84,2
11920,65,1
11920,36,3
11921,14,1
11921,31,3
11922,77,3
11922,56,2
11922,67,1
11922,22,2
11923,99,3
11923,100,3
11923,53,1
11924,81,3
11924,67,1
11924,86,1
11925,35,3
11925,4,3
11925,63,1
11926,92,3
11926,96,3
11926,55,3
11926,85,2
11926,4,1
11927,52,1
11927,59,3
11927,27,1
11927,8,3
11927,69,3
11928,61,1
11928,24,3
11928,32,1
11928,51,3
11928,60,3
11929,27,1
11930,52,1
11930,94,3
11930,78,1
11930,39,2
11930,98,3
11931,73,3
11931,55,2
11931,100,1
11931,36,1
11931,61,1
11932,37,3
11932,58,3
11933,65,1
11934,32,2
11934,12,3
11934,60,3
11935,33,1
11935,54,3
11935,20,1
11936,70,1
11936,42,3
11937,40,3
11937,69,1
11937,52,3
11937,18,3
11938,10,3
11938,75,1
11938,15,3
11938,47,2
11939,6,2
11939,30,1
11939,62,3
11940,64,2
11940,72,2
11941,6,3
11941,25,1
11941,70,3
11941,73,2
11941,81,2
11942,67,2
11942,12,1
11942,48,1
11943,95,3
11943,97,3
11943,1,3
11944,64,2
11944,74,1
11944,32,2
11944,4,1
11945,64,1
11945,76,3
11945,17,2
11945,75,1
11946,7,3
11946,45,2
11947,51,3
11947,79,2
11948,57,3
11948,16,3
11948,71,3
11948,60,1
11949,83,2
11949,89,1
11949,55,2
11949,67,3
11949,68,2
11950,84,3
11950,35,1
11951,3,3
11951,83,3
11951,71,2
11952,82,1
11952,74,3
11952,28,3
11953,26,3
11954,42,1
11955,41,3
11955,45,3
11956,89,2
11956,76,2
11957,28,1
11957,79,1
11957,31,2
11958,78,1
11958,11,3
11958,21,1
11959,68,3
11959,99,1
11959,77,3
11960,97,2
11960,75,2
11961,82,3
11962,97,2
11962,13,1
11962,78,3
11963,63,3
11963,22,1
11964,69,3
11965,3,3
11965,93,1
11965,60,1
11966,55,1
11966,74,2
11966,43,1
11967,17,1
11967,68,1
11967,28,1
11967,38,3
11968,19,3
11968,60,2
11969,84,3
11970,28,3
11970,20,3
11971,100,3
11971,80,2
11971,65,1
11971,91,2
11971,36,3
11972,16,2
11972,7,1
11972,49,1
11973,13,2
11973,88,2
11973,98,3
11973,30,2
11973,17,1
11974,47,2
11974,9,1
11974,56,1
11974,3,1
11974,54,3
11975,54,2
11975,21,2
11975,46,3
11975,82,3
11975,7,3
11976,9,2
11976,75,3
11976,76,3
11976,26,1
11977,34,2
11977,98,1
11977,38,2
11978,14,3
11978,96,1
11979,89,1
11979,87,1
11980,6,2
11980,96,2
11980,19,1
11980,36,2
11980,64,2
11981,29,3
11982,14,2
11982,24,1
11982,22,1
11982,99,1
11983,9,2
11984,53,3
11985,59,1
11986,35,2
11986,53,2
11986,67,1
11986,69,3
11987,51,1
11988,21,1
11988,16,3
11988,77,1
11988,60,2
11989,14,2
11989,82,3
11989,87,3
11989,58,2
11990,80,1
11991,56,2
11991,52,1
11991,41,2
11991,19,2
11991,90,2
11992,62,3
11992,15,1
11992,76,2
11992,23,2
11992,17,1
11993,16,2
11993,37,1
11994,70,2
11994,54,3
11994,26,1
11995,64,1
11995,15,1
11996,10,1
11996,87,2
11996,14,3
11996,49,3
11996,70,1
11997,26,3
11997,57,1
11997,10,1
11997,24,3
11997,90,2
11998,13,1
11998,24,2
11998,34,2
11998,86,1
11999,84,3
11999,79,3
11999,53,2
12000,93,2
12001,3,1
12001,14,2
12002,64,1
12002,44,3
12002,21,3
12003,50,2
12003,73,2
12003,93,1
12003,48,1
12003,69,2
12004,27,1
12005,10,2
12005,16,2
12006,18,2
12006,75,3
12006,9,3
12006,42,2
12006,72,2
12007,95,3
12007,26,1
12007,84,1
12007,16,1
12008,65,2
12008,29,1
12008,31,1
12008,60,1
12009,2,2
12009,69,3
12009,61,1
12010,52,2
12010,46,3
12010,40,1
12010,60,1
12010,41,1
12011,90,2
12011,91,1
12011,32,2
12011,9,2
12012,9,1
12013,14,1
12014,56,1
12015,48,1
12015,23,1
12015,25,2
12016,19,1
12016,43,3
12016,82,3
12016,12,3
12016,46,2
12017,56,2
12017,29,3
12018,96,1
12018,56,3
12018,19,1
12018,36,3
12018,77,3
12019,73,2
12019,2,2
12020,33,1
12020,84,1
12020,14,3
12020,43,3
12020,78,3
12021,96,1
12021,46,2
12021,74,1
12022,24,3
12022,36,3
12022,91,1
12022,93,1
12023,20,3
12024,58,3
12024,10,2
12024,8,3
12025,3,2
12026,94,2
12026,34,2
12027,13,3
12027,96,1
12028,71,1
12029,1,1
12029,45,2
12029,83,1
12029,93,2
12030,33,1
12030,38,3
12031,77,1
12031,55,3
12031,58,2
12032,46,3
12032,65,2
12032,37,1
12032,73,2
12032,8,2
12033,54,2
12033,50,2
12033,38,2
12033,88,2
12034,83,1
12034,72,3
12035,20,2
12035,40,2
12035,28,2
12036,76,1
12037,87,2
12037,86,3
12037,60,1
12037,3,2
12038,34,2
12038,1,3
12039,19,1
12039,81,2
12039,84,1
12039,24,3
12039,4,2
12040,1,3
12041,65,2
12041,52,3
12041,40,1
12042,84,1
12042,16,1
12042,66,3
12042,24,3
12043,35,1
12043,99,3
12044,21,3
12044,27,1
12044,81,3
12044,12,2
12044,53,2
12045,64,2
12045,49,3
12046,52,3
12046,78,3
12047,22,3
12047,46,2
12047,2,1
12048,67,1
12049,10,1
12049,61,2
12050,81,3
12051,42,1
12051,12,1
12051,21,1
12051,1,3
12051,36,3
12052,15,3
12052,33,2
12052,70,3
12052,91,3
12052,95,2
12053,33,1
12053,94,1
12053,75,1
12053,58,2
12053,20,2
12054,93,1
12054,32,3
12055,26,2
12055,3,3
12055,36,3
12055,46,2
12055,97,2
12056,86,2
12057,54,2
12057,35,3
12057,23,3
12058,89,2
12058,39,3
12058,14,3
12058,92,2
12059,97,2
12059,31,3
12059,15,1
12059,34,3
12060,41,1
12060,4,1
12061,59,1
12061,61,1
12062,83,3
12062,96,3
12062,2,1
12062,61,3
12063,22,3
12063,13,2
12063,82,1
12064,32,2
12064,5,1
12065,31,3
12065,82,2
12065,3,2
12066,12,2
12066,94,3
12066,65,3
12066,96,2
12067,98,3
12067,65,2
12068,46,3
12068,36,3
12069,9,3
12069,37,2
12069,89,1
12070,8,1
12070,80,2
12071,14,3
12071,55,2
12071,51,3
12072,78,2
12073,56,1
12073,23,3
12074,60,3
12075,46,2
12075,62,3
12076,13,2
12076,49,2
12077,22,3
12077,88,2
12077,94,2
12078,16,3
12078,89,1
12079,78,3
12079,84,2
12080,78,3
12080,89,2
12080,100,1
12081,94,3
12081,33,1
12081,86,3
12081,58,1
12082,33,2
12082,56,1
12083,73,2
12083,50,3
12083,75,3
12083,89,3
12084,18,3
12084,72,3
12084,78,3
12084,29,1
12085,43,1
12085,40,1
12085,71,1
12085,12,1
12085,19,2
12086,53,2
12086,45,3
12086,3,1
12086,5,2
12087,51,1
12087,19,1
12088,89,2
12088,81,1
12088,43,3
12089,3,2
12089,60,3
12089,20,3
12089,34,2
12090,86,1
12090,66,2
12091,12,1
12091,87,3
12091,77,1
12091,98,2
12092,47,2
12092,90,1
12092,6,3
12093,45,1
12093,15,2
12094,40,3
12094,3,2
12094,13,3
12094,11,2
12095,85,3
12096,45,2
12096,78,1
12096,11,2
12097,78,2
12097,41,3
12097,61,1
12098,69,2
12099,12,3
12099,57,1
12099,43,1
12099,17,2
12100,60,1
12100,39,3
12100,29,3
12100,13,2
12101,24,3
12102,39,3
12102,26,3
12102,13,1
12103,80,3
12103,29,2
12104,16,1
12104,81,1
12104,25,3
12105,40,2
12105,96,3
12105,59,1
12106,28,3
12107,16,1
12107,96,2
12107,36,1
12107,8,2
12107,74,1
12108,48,1
12109,96,2
12109,56,3
12109,46,2
12109,97,1
12110,93,2
12110,21,3
12110,2,3
12110,96,2
12110,86,3
12111,75,1
12111,44,3
12111,79,3
12111,83,3
12111,89,2
12112,68,2
12112,20,3
12112,98,1
12113,53,1
12113,20,1
12113,75,3
12113,14,1
12114,26,2
12115,68,2
12115,80,3
12115,61,3
12115,99,2
12116,53,2
12116,21,1
12116,93,1
12116,20,3
12116,28,1
12117,90,3
12117,39,3
12117,66,2
12118,40,3
12118,18,2
12118,52,1
12118,90,3
12119,8,1
12119,42,2
12119,19,3
12120,1,3
12120,64,3
12121,90,1
12121,17,3
12121,71,1
12121,45,3
12122,64,1
12123,41,3
12123,48,3
12123,77,3
12123,98,3
12124,39,1
12125,98,3
12126,97,1
12126,17,1
12126,43,3
12127,65,2
12127,9,2
12127,50,1
12127,60,1
12127,1,3
12128,81,3
12128,39,3
12129,93,3
12129,62,3
12129,95,1
12129,24,2
12129,88,2
12130,40,1
12130,59,2
12130,74,1
12130,21,3
12131,57,3
12131,18,1
12131,50,3
12132,91,1
12132,49,2
12132,50,3
12133,91,2
12133,38,3
12133,12,2
12134,54,2
12134,31,1
12134,94,2
12135,57,2
12135,74,2
12136,7,3
12136,48,2
12137,77,1
12137,10,3
12137,26,1
12137,87,1
12138,82,3
12138,71,3
12138,51,3
12139,83,2
12140,34,3
12140,58,1
12140,57,3
12140,100,3
12141,90,3
12142,46,2
12142,93,1
12143,36,1
12143,50,2
12144,76,2
12144,57,2
12145,32,2
12145,79,2
12145,47,3
12146,42,1
12146,31,3
12146,47,2
12146,28,3
12146,70,2
12147,69,2
12147,45,3
12148,1,1
12148,61,1
12149,10,2
12149,82,2
12149,73,2
12150,83,2
12150,3,2
12150,70,3
12150,62,3
12151,65,2
12151,43,2
12151,5,3
12151,84,3
12151,74,3
12152,90,3
12152,16,1
12152,18,1
12152,52,2
12153,23,1
12153,10,3
12153,33,3
12153,40,2
12153,52,1
12154,72,3
12155,62,1
12155,61,2
12155,60,1
12155,19,3
12156,95,3
12156,70,1
12157,82,1
12158,92,2
12158,3,2
12158,91,2
12158,99,2
12158,84,3
12159,11,3
12159,9,2
12159,18,2
12159,89,2
12159,6,3
12160,74,3
12160,23,2
12161,3,3
12161,95,1
12161,18,1
12162,8,3
12163,72,1
12163,3,1
12164,59,1
12164,58,1
12164,37,2
12164,75,3
12164,41,1
12165,66,1
12165,73,3
12165,32,3
12165,47,2
12166,90,2
12166,39,1
12167,95,2
12167,52,3
12167,48,1
12167,37,2
12167,18,3
12168,29,1
12168,64,2
12169,31,1
12170,50,3
12170,32,1
12170,1,3
12170,65,3
12170,76,2
12171,33,2
12171,86,3
12171,38,2
12171,44,2
12172,13,1
12172,53,3
12173,90,1
12173,41,3
12174,47,2
12174,3,2
12174,17,3
12174,7,3
12174,86,1
12175,78,3
12176,87,1
12177,70,2
12177,11,2
12177,26,2
12178,29,1
12179,2,1
12180,62,1
12180,15,1
12180,97,3
12180,95,3
12180,61,1
12181,54,2
12181,10,2
12181,17,3
12181,97,2
12181,29,1
12182,25,3
12182,55,2
12183,47,3
12183,85,1
12183,63,1
12184,24,1
12184,84,1
12184,34,2
12184,79,2
12185,80,3
12185,34,1
12185,2,2
12185,38,2
12186,28,1
12186,2,2
12187,63,3
12188,45,1
12188,68,2
12188,59,3
12188,35,3
12188,20,2
12189,21,2
12189,84,3
12189,41,1
12190,86,3
12190,67,1
12190,46,1
12191,33,3
12191,83,1
12191,64,3
12192,76,3
12192,45,3
12192,70,3
12193,42,3
12193,9,1
12194,56,1
12194,35,2
12194,49,1
12195,69,2
12195,73,3
12195,90,1
12195,75,1
12196,5,1
12196,86,1
12196,99,3
12196,96,2
12196,10,1
12197,95,3
12198,34,1
12198,66,2
12199,39,3
12199,70,3
12199,12,2
12200,14,1
12201,100,3
12202,64,1
12202,69,3
12202,47,3
12203,3,1
12203,99,1
12203,98,3
12203,63,2
12203,38,3
12204,72,2
12205,57,3
12205,30,3
12205,58,3
12206,18,1
12206,12,3
12206,50,1
12206,39,1
12206,75,1
12207,76,3
12207,3,3
12208,4,1
12208,81,3
12208,39,2
12208,6,3
12208,34,2
12209,75,2
12210,40,2
12210,17,1
12210,27,2
12210,72,3
12210,54,1
12211,60,1
12211,5,2
12211,61,2
12211,47,3
12212,74,1
12212,94,1
12213,99,3
12213,81,1
12213,29,3
12214,89,1
12214,48,3
12214,71,3
12214,18,3
12214,100,1
12215,88,3
12216,1,2
12216,23,2
12216,85,1
12216,45,3
12216,78,3
12217,90,1
12217,16,1
12217,53,2
12218,41,3
12218,34,1
12218,56,1
12218,45,2
12218,38,1
12219,48,1
12219,88,2
12220,60,3
12220,92,2
12220,65,3
12220,67,2
12220,98,2
12221,6,1
12222,81,1
12222,12,1
12223,82,1
12223,4,1
12224,10,2
12224,39,1
12224,59,2
12224,97,3
12225,89,1
12225,86,2
12225,77,1
12225,93,1
12225,64,2
12226,45,3
12227,25,1
12227,67,3
12228,31,2
12228,48,2
12228,7,2
12228,95,3
12228,59,3
12229,61,2
12229,79,2
12229,77,1
12229,95,3
12230,68,3
12230,12,2
12230,64,1
12230,98,1
12230,11,1
12231,4,1
12231,31,3
12231,32,3
12231,70,2
12232,83,3
12232,17,2
12232,43,1
12232,78,3
12233,15,1
12233,23,2
12234,84,2
12234,3,2
12234,57,3
12235,50,3
12235,25,1
12236,58,1
12236,92,3
12236,82,1
12237,77,2
12238,99,1
12238,62,3
12238,36,2
12239,50,1
12239,53,1
12239,2,2
12239,52,2
12240,76,1
12240,77,2
12240,1,1
12240,93,1
12240,72,1
12241,89,1
12242,94,3
12243,26,2
12243,73,1
12243,10,1
12244,95,2
12244,2,1
12245,10,2
12246,35,3
12246,47,1
12246,12,3
12246,73,1
12246,68,3
12247,47,2
12247,91,1
12247,20,2
12248,16,2
12248,52,2
12248,11,2
12248,21,3
12248,4,3
12249,49,3
12249,58,1
12250,70,1
12250,93,1
12250,73,3
12250,16,1
12250,92,1
12251,29,1
12252,90,1
12252,88,1
12253,92,1
12253,67,2
12253,8,3
12253,38,1
12253,30,3
12254,87,2
12254,38,3
12254,80,1
12254,50,1
12255,84,1
12255,53,1
12255,94,2
12255,25,2
12255,11,1
12256,7,1
12256,3,2
12256,58,3
12256,55,1
12257,48,3
12257,52,1
12257,55,1
12257,57,2
12257,25,2
12258,6,3
12258,70,2
12258,74,3
12258,36,3
12258,55,2
12259,22,1
12259,12,1
12259,54,2
12259,76,2
12259,66,1
12260,87,2
12261,13,1
12261,8,1
12261,93,2
12262,40,1
12262,38,1
12262,55,3
12263,4,1
12263,19,3
12263,8,3
12263,75,2
12264,60,2
12264,94,2
12264,84,2
12264,67,3
12265,44,3
12265,3,2
12265,5,3
12265,24,3
12266,26,2
12267,62,2
12267,31,2
12267,68,3
12267,63,1
12267,16,1
12268,52,1
12268,33,1
12268,13,1
12269,18,2
12269,20,2
12269,22,1
12270,89,3
12270,14,1
12270,57,1
12271,7,3
12271,47,1
12271,12,1
12272,7,2
12272,45,2
12272,71,3
12272,52,3
12273,87,2
12273,75,1
12273,57,3
12273,48,1
12273,35,3
12274,97,1
12274,98,3
12274,36,1
12274,2,3
12275,44,1
12275,89,1
12275,93,3
12276,88,3
12276,46,2
12276,9,1
12276,38,2
12276,95,3
12277,7,1
12277,44,3
12277,41,1
12278,21,1
12278,57,2
12278,18,2
12279,58,1
12279,38,1
12279,16,3
12279,1,3
12280,2,2
12280,63,2
12281,93,1
12281,80,3
12281,19,3
12282,60,1
12282,61,3
12283,20,3
12283,24,3
12283,66,1
12284,17,1
12284,5,2
12284,41,1
12284,68,3
12284,11,2
12285,17,2
12286,70,1
12287,79,2
12287,28,1
12287,5,3
12287,71,1
12288,26,3
12289,80,3
12290,45,3
12290,91,1
12290,88,3
12290,77,1
12291,34,1
12292,25,2
12293,55,1
12294,24,3
12294,73,3
12294,60,2
12294,80,3
12294,16,1
12295,66,1
12295,37,1
12295,61,3
12295,34,3
12296,39,2
12296,2,2
12296,43,3
12296,44,1
12297,3,1
12298,67,2
12298,80,2
12298,1,2
12299,31,2
12299,41,1
12299,1,1
12299,97,1
12299,52,2
12300,66,1
12300,77,1
12300,46,1
12300,34,1
12301,9,3
12302,66,3
12302,92,2
12302,5,1
12303,59,1
12303,1,3
12304,69,3
12305,64,3
12305,58,1
12305,43,2
12305,42,3
12305,86,3
12306,52,3
12307,3,3
12307,4,2
12308,27,2
12308,34,3
12308,71,1
12308,50,1
12308,54,1
12309,10,2
12310,8,1
12310,38,2
12310,65,2
12311,14,1
12311,47,2
12311,25,1
12311,32,3
12312,5,3
12312,47,2
12312,10,2
12313,28,1
12313,61,2
12313,54,1
12313,19,2
12313,88,2
12314,42,1
12315,44,2
12315,67,2
12316,57,3
12316,40,2
12317,67,1
12317,17,2
12317,15,3
12317,66,2
12318,24,2
12318,39,1
12318,65,1
12319,92,2
12319,83,1
12320,91,1
12320,25,3
12320,95,2
12320,72,2
12320,9,1
12321,58,1
12322,48,2
12323,69,2
12323,95,2
12323,62,1
12323,91,2
12323,39,3
12324,41,3
12324,20,1
12324,21,3
12324,94,3
12324,11,3
12325,12,3
12325,80,3
12325,47,1
12325,13,3
12326,43,3
12326,1,3
12326,62,1
12326,4,3
12326,98,3
12327,29,1
12327,83,2
12328,71,1
12328,90,1
12329,28,2
12329,55,2
12330,27,1
12331,46,3
12332,1,1
12332,68,3
12332,64,1
12332,86,1
12333,99,2
12333,96,1
12333,92,3
12334,17,3
12334,35,2
12334,73,2
12334,79,3
12335,93,3
12335,81,3
12335,54,1
12336,58,3
12336,85,2
12336,14,2
12336,57,2
12337,69,3
12337,33,2
12337,6,1
12337,82,2
12337,95,1
12338,57,2
12338,100,1
12338,9,1
12339,93,3
12339,44,2
12339,75,1
12339,36,3
12340,92,3
12341,2,1
12341,21,3
12341,22,2
12342,3,3
12342,75,1
12342,44,1
12342,81,3
12342,43,1
12343,27,3
12344,80,3
12344,32,2
12344,35,2
12345,91,1
12345,95,1
12345,46,1
12346,45,2
12347,19,3
12347,93,1
12347,70,1
12347,23,2
12348,46,1
12348,91,2
12349,96,3
12350,86,3
12350,71,2
12351,71,3
12351,22,2
12351,97,1
12352,65,1
12352,12,1
12352,55,1
12352,42,3
12352,77,3
12353,89,1
12353,97,1
12353,9,1
12353,26,1
12354,33,2
12355,58,2
12355,78,2
12355,15,3
12356,61,2
12356,5,1
12356,73,2
12356,64,2
12357,52,3
12357,50,2
12357,73,2
12358,79,2
12359,38,1
12359,20,1
12359,34,1
12359,54,3
12360,90,1
12360,4,1
12360,75,2
12360,88,3
12360,78,2
12361,45,1
12362,91,2
12363,8,2
12363,13,1
12363,50,2
12364,35,3
12364,13,3
12364,62,3
12364,70,3
12364,17,3
12365,45,3
12365,17,1
12366,80,2
12366,77,2
12367,71,3
12367,86,3
12367,57,1
12367,45,3
12367,73,3
12368,49,3
12368,67,1
12369,20,2
12369,23,3
12370,92,2
12370,33,3
12370,43,3
12370,57,2
12370,12,2
12371,62,2
12371,38,1
12371,93,2
12371,74,1
12372,43,3
12372,82,2
12372,85,1
12372,89,3
12373,89,1
12373,66,2
12373,65,2
12373,100,3
12373,49,1
12374,56,1
12374,97,1
12374,59,1
12374,11,2
12374,29,2
12375,2,1
12375,80,3
12376,91,2
12376,89,2
12376,51,3
12376,67,2
12377,87,1
12377,51,2
12377,92,2
12377,98,1
12378,16,1
12378,57,3
12378,84,3
12378,5,3
12379,14,3
12379,95,1
12380,84,1
12380,69,1
12381,96,1
12381,18,3
12381,59,1
12382,32,3
12382,58,3
12383,35,3
12384,91,2
12384,12,1
12384,83,3
12385,22,3
12386,90,2
12387,2,3
12387,55,2
12387,93,2
12387,33,1
12388,13,1
12389,47,2
12390,31,2
12390,65,1
12390,90,3
12390,43,1
12390,71,2
12391,79,3
12391,77,3
12391,78,3
12392,14,3
12392,73,3
12392,89,2
12392,63,3
12392,16,2
12393,36,1
12393,67,2
12393,90,3
12393,75,3
12393,86,2
12394,78,1
12394,6,2
12394,63,1
12395,58,3
12395,24,2
12395,71,1
12396,44,2
12397,96,1
12397,14,3
12397,8,1
12398,60,1
12398,12,1
12398,25,3
12398,39,1
12398,4,1
12399,53,1
12399,86,3
12399,40,1
12399,65,1
12400,7,2
12400,13,2
12401,94,1
12401,21,2
12402,9,3
12402,1,2
12402,76,1
12403,45,1
12403,66,2
12403,24,1
12404,57,2
12404,39,2
12404,47,3
12404,1,3
12405,15,1
12406,55,1
12406,95,3
12407,7,1
12408,57,3
12409,13,1
12409,6,2
12409,5,1
12409,61,3
12409,46,2
12410,96,1
12410,99,3
12410,87,2
12411,94,1
12411,5,1
12411,98,2
12411,54,3
12411,4,1
12412,14,2
12412,23,3
12412,70,3
12412,81,3
12413,45,3
12413,100,1
12413,12,3
12414,68,3
12414,74,3
12415,29,3
12415,51,1
12416,91,2
12416,55,1
12416,41,3
12416,35,3
12416,73,1
12417,84,3
12417,10,2
12418,88,3
12418,66,2
12419,76,1
12419,13,2
12419,17,2
12419,52,1
12419,94,1
12420,82,2
12421,76,2
12422,84,2
12423,70,1
12423,88,3
12423,90,2
12424,67,2
12425,44,2
12425,36,1
12425,41,1
12425,63,3
12426,100,1
12426,77,3
12427,33,1
12427,48,1
12427,69,2
12427,76,3
12427,55,1
12428,85,2
12428,91,3
12428,3,1
12429,96,2
12429,83,3
12430,51,1
12431,34,1
12431,89,1
12431,63,3
12431,5,2
12432,92,1
12432,74,2
12433,73,3
12433,61,1
12434,37,1
12434,65,3
12434,85,1
12434,29,1
12434,90,2
12435,2,1
12435,80,3
12435,60,1
12435,67,3
12435,98,2
12436,44,2
12436,32,2
12436,18,3
12437,47,1
12438,92,1
12438,75,3
12438,1,3
12438,7,2
12438,28,3
12439,46,2
12439,79,2
12440,27,3
12440,32,1
12440,19,3
12440,59,3
12440,9,1
12441,78,3
12441,80,3
12441,49,3
12441,50,3
12441,40,3
12442,92,3
12442,43,2
12442,59,1
12442,84,3
12442,97,3
12443,13,3
12443,80,1
12443,43,1
12444,13,2
12444,77,3
12444,24,2
12445,56,1
12445,97,3
12446,53,1
12446,68,1
12446,82,2
12446,24,1
12446,1,2
12447,43,2
12447,68,1
12447,95,1
12448,11,1
12448,97,3
12448,100,2
12448,99,2
12448,3,3
12449,3,3
12449,56,3
12450,66,2
12450,15,2
12450,91,2
12450,25,3
12451,22,2
12451,15,1
12452,95,1
12452,20,2
12452,66,1
12453,5,2
12453,72,3
12453,10,2
12453,59,1
12454,74,1
12454,73,3
12454,31,3
12454,98,1
12454,15,2
12455,55,3
12455,75,1
12455,86,1
12456,53,2
12456,74,3
12457,8,2
12457,30,3
12458,43,1
12458,40,3
12458,36,3
12458,9,2
12459,22,1
12459,99,2
12460,61,3
12460,77,2
12460,92,2
12460,70,3
12461,31,3
12461,96,2
12461,25,1
12462,76,3
12462,92,3
12462,2,2
12462,68,1
12463,13,2
12463,91,3
12464,14,1
12464,49,3
12465,94,1
12465,83,1
12465,49,1
12465,100,2
12466,81,1
12466,96,3
12466,83,1
12466,86,2
12466,46,1
12467,41,3
12467,89,3
12468,40,3
12468,63,2
12468,98,3
12468,1,3
12468,58,1
12469,97,1
12469,49,1
12469,64,1
12469,80,2
12469,4,2
12470,24,3
12470,25,1
12470,10,2
12470,74,2
12470,97,3
12471,85,3
12471,96,2
12471,93,1
12471,38,3
12472,12,1
12472,29,3
12472,53,2
12472,5,3
12473,45,2
12474,62,1
12474,45,2
12475,38,2
12475,4,2
12475,27,3
12475,35,3
12475,25,3
12476,40,3
12476,49,1
12476,74,2
12476,7,2
12476,31,2
12477,29,1
12478,44,1
12478,96,2
12478,93,3
12479,23,3
12479,28,2
12479,99,1
12480,47,1
12480,2,3
12480,91,3
12480,97,2
12480,50,1
12481,90,2
12481,98,1
12481,59,3
12482,19,1
12482,16,2
12482,69,2
12482,79,3
12482,68,3
12483,82,2
12483,83,3
12483,69,2
12483,91,1
12483,64,3
12484,61,2
12484,33,3
12484,82,1
12485,19,1
12485,1,3
12485,63,2
12485,70,1
12485,72,3
12486,94,2
12486,17,1
12486,25,1
12486,18,1
12487,61,1
12487,73,3
12487,75,2
12487,16,3
12487,10,3
12488,55,2
12488,89,3
12489,62,3
12490,97,1
12490,3,3
12490,18,1
12490,100,3
12491,21,1
12492,13,1
12493,77,2
12493,97,3
12494,47,2
12494,4,2
12494,73,1
12494,54,3
12495,22,1
12496,100,1
12496,53,1
12496,40,1
12496,87,2
12496,10,3
12497,15,3
12497,28,2
12498,22,2
12499,36,2
12500,81,2
12500,42,3
12500,35,3
12501,19,3
12501,5,1
12502,36,1
12502,55,1
12503,63,1
12503,81,3
12503,14,2
12503,70,2
12504,43,1
12504,6,2
12504,3,1
12505,73,3
12505,45,3
12506,66,1
12507,96,1
12507,48,3
12508,17,1
12508,41,2
12508,72,1
12508,19,3
12508,38,1
12509,82,1
12509,54,3
12509,13,1
12510,80,2
12510,71,1
12510,31,1
12510,19,3
12511,92,2
12511,27,1
12512,70,2
12512,47,2
12512,68,2
12513,85,3
12513,29,1
12513,77,2
12514,65,2
12514,67,3
12515,42,2
12515,20,3
12515,82,2
12515,69,1
12516,94,2
12517,91,3
12517,82,3
12517,75,2
12517,13,2
12517,3,1
12518,39,3
12518,80,1
12518,45,2
12518,68,2
12518,83,2
12519,39,3
12519,85,1
12519,54,2
12520,79,3
12520,77,2
12520,19,3
12521,64,2
12521,37,3
12521,67,2
12521,96,2
12521,74,1
12522,84,2
12522,34,1
12523,29,2
12523,86,1
12523,71,3
12523,34,2
12523,73,1
12524,88,3
12525,54,2
12525,62,3
12525,42,1
12525,50,2
12525,87,1
12526,33,2
12526,74,3
12526,27,2
12526,12,3
12527,28,1
12527,14,2
12527,16,1
12528,38,2
12528,63,3
12528,34,2
12529,26,3
12529,76,1
12529,38,1
12529,51,3
12530,69,3
12530,64,3
12530,41,1
12530,12,3
12531,59,2
12531,42,1
12531,66,3
12531,27,3
12532,80,2
12533,91,1
12533,59,3
12533,65,2
12534,67,2
12534,54,3
12535,15,3
12535,60,2
12535,77,1
12536,43,3
12536,45,1
12536,18,1
12536,8,1
12537,56,2
12537,1,1
12537,38,3
12537,52,1
12537,46,3
12538,57,2
12538,10,3
12538,55,2
12538,30,3
12538,40,1
12539,99,3
12539,61,1
12539,42,3
12540,56,1
12540,44,3
12540,52,2
12541,98,3
12541,87,2
12541,26,1
12541,5,3
12542,39,1
12542,54,1
12543,20,1
12543,2,3
12543,60,1
12544,69,3
12544,1,2
12544,45,3
12544,44,2
12545,59,2
12545,87,3
12545,4,2
12546,88,2
12547,99,2
12547,1,2
12547,29,1
12547,58,1
12548,92,3
12548,54,2
12549,99,2
12550,2,1
12550,77,2
12550,30,1
12550,34,2
12550,98,1
12551,88,1
12551,43,1
12551,66,1
12551,12,1
12551,14,1
12552,25,3
12553,36,2
12553,85,3
12553,96,1
12554,19,3
12555,19,1
12555,98,3
12555,22,1
12555,37,1
12555,76,1
12556,43,3
12556,26,2
12556,98,2
12556,96,1
12556,30,1
12557,15,1
12557,65,1
12557,31,1
12558,81,3
12558,9,3
12559,35,1
12559,7,3
12559,89,1
12560,99,3
12560,72,1
12561,88,1
12561,45,2
12561,95,3
12561,43,1
12561,49,3
12562,41,3
12562,5,1
12562,87,2
12563,31,3
12563,78,3
12563,90,3
12564,78,2
12565,42,3
12566,8,2
12567,12,2
12567,32,3
12567,62,1
12568,92,2
12568,49,1
12569,49,2
12570,15,3
12570,43,1
12570,53,2
12570,39,3
12571,66,1
12572,76,2
12572,66,1
12572,5,1
12573,5,1
12573,46,1
12573,29,1
12573,79,2
12573,19,2
12574,57,3
12574,80,3
12575,26,2
12575,21,2
12575,25,2
12575,13,1
12575,29,3
12576,32,2
12576,46,1
12576,52,1
12576,54,1
12576,9,2
12577,5,3
12577,65,3
12577,67,3
12577,61,3
12578,47,2
12578,7,1
12578,44,1
12579,33,2
12580,58,1
12580,5,3
12581,35,2
12581,74,1
12581,4,1
12581,40,2
12582,47,3
12582,5,2
12582,27,3
12582,9,3
12583,79,3
12583,62,1
12583,81,1
12583,80,2
12583,65,3
12584,39,1
12585,63,2
12586,16,1
12586,9,2
12586,72,3
12586,90,2
12586,28,3
12587,23,2
12587,51,3
12587,39,3
12587,28,2
12588,68,2
12588,29,2
12588,50,1
12588,94,2
12588,95,2
12589,82,3
12589,94,3
12589,9,2
12589,96,1
12589,72,1
12590,65,3
12590,28,3
12590,66,2
12590,72,3
12591,47,1
12591,91,2
12591,88,2
12591,55,1
12591,78,3
12592,29,3
12592,84,1
12592,44,1
12592,69,1
12593,11,1
12593,59,2
12593,78,2
12593,36,2
12593,33,1
12594,87,1
12594,15,1
12595,70,2
12595,65,1
12595,100,3
12596,71,3
12597,46,1
12597,44,3
12597,43,1
12598,8,2
12598,15,3
12598,60,2
12598,12,2
12599,20,3
12599,14,3
12599,59,3
12600,11,3
12601,27,2
12601,5,3
12601,32,3
12601,2,3
12602,84,1
12602,48,2
12602,97,1
12603,77,3
12603,50,1
12604,14,3
12604,80,3
12604,6,1
12604,54,2
12604,29,1
12605,66,3
12605,32,2
12606,14,2
12606,36,1
12606,89,1
12607,69,2
12607,1,1
12607,44,1
12607,28,2
12608,49,1
12608,65,2
12608,41,3
12608,98,3
12609,5,2
12609,33,2
12609,29,1
12610,25,2
12610,20,2
12610,31,1
12611,51,3
12611,92,3
12611,40,2
12611,9,3
12612,1,2
12613,11,3
12613,50,1
12613,23,2
12613,14,1
12613,18,1
12614,69,3
12614,11,2
12614,61,1
12614,78,3
12614,49,2
12615,39,3
12615,74,2
12616,20,3
12616,29,1
12616,90,1
12617,73,3
12617,48,2
12617,20,3
12618,12,1
12618,82,2
12618,97,3
12618,57,2
12618,73,3
12619,80,3
12619,48,3
12619,64,2
12619,28,2
12620,56,3
12621,42,1
12621,97,3
12621,49,2
12621,63,3
12621,100,2
12622,71,2
12623,10,1
12623,23,3
12623,46,3
12623,45,3
12623,88,1
12624,83,3
12624,13,1
12624,5,2
12624,34,2
12625,39,1
12625,54,1
12625,61,2
12625,47,2
12625,81,2
12626,13,1
12626,96,1
12627,96,3
12627,99,3
12628,42,1
12628,1,3
12628,21,3
12628,14,3
12629,72,2
12629,8,3
12629,90,3
12629,89,2
12630,92,1
12630,44,2
12630,24,1
12630,52,1
12630,57,1
12631,73,2
12631,4,3
12631,25,2
12631,65,3
12631,91,2
12632,91,1
12632,89,1
12633,20,3
12633,66,3
12633,85,2
12633,32,1
12633,93,2
12634,96,3
12635,10,1
12635,32,2
12635,47,2
12635,36,1
12636,96,1
12637,75,3
12637,17,1
12638,10,3
12638,7,1
12638,53,1
12639,11,2
12639,49,1
12639,42,1
12639,100,1
12640,97,1
12640,88,1
12640,47,2
12641,56,1
12641,42,2
12641,34,2
12641,9,1
12642,15,2
12642,32,2
12642,89,1
12642,5,2
12643,36,3
12643,85,3
12643,76,3
12644,84,2
12645,3,2
12646,67,2
12646,46,3
12646,66,2
12646,88,2
12647,98,1
12647,61,3
12647,12,3
12647,18,3
12647,38,3
12648,82,2
12648,91,3
12648,56,3
12649,16,3
12649,10,2
12649,12,3
12649,62,3
12650,45,2
12650,92,1
12650,72,1
12650,19,2
12651,66,2
12652,14,3
12652,96,1
12652,79,1
12652,34,2
12653,20,2
12654,10,2
12655,60,1
12656,53,1
12656,73,3
12657,8,3
12657,44,3
12657,95,1
12657,12,2
12657,51,3
12658,25,3
12659,89,2
12659,21,2
12659,13,1
12659,12,3
12659,82,2
12660,8,3
12660,57,2
12660,43,1
12660,55,1
12660,7,1
12661,87,2
12661,12,3
12661,38,2
12662,95,1
12663,28,1
12664,20,1
12664,12,2
12664,54,1
12664,88,2
12665,79,2
12665,95,3
12666,96,1
12667,32,2
12667,98,2
12667,55,3
12667,86,2
12668,27,3
12668,59,3
12669,5,2
12669,79,1
12669,39,2
12670,43,1
12670,6,3
12670,78,3
12670,75,3
12671,3,2
12671,52,2
12671,20,2
12672,90,3
12672,27,1
12672,43,2
12673,60,1
12673,88,1
12673,74,1
12674,87,1
12674,31,2
12674,24,1
12675,22,2
12676,49,3
12676,86,3
12676,24,3
12676,47,2
12677,41,3
12678,39,1
12678,68,1
12679,50,1
12679,58,1
12679,51,3
12679,98,3
12680,38,1
12680,69,1
12680,93,3
12681,85,3
12682,76,1
12683,52,1
12683,89,3
12684,64,1
12684,23,2
12684,55,3
12684,50,1
12684,93,1
12685,76,2
12685,55,3
12685,46,3
12685,53,3
12685,38,2
12686,74,1
12687,11,3
12687,83,2
12687,41,3
12687,25,1
12687,5,2
12688,85,1
12688,74,2
12688,50,3
12688,99,1
12688,31,1
12689,8,3
12689,56,2
12689,100,3
12689,59,3
12690,13,3
12690,10,1
12691,83,1
12691,93,3
12691,78,1
12691,51,2
12692,86,2
12692,72,2
12692,46,1
12692,82,3
12693,9,1
12693,86,1
12693,56,1
12694,100,1
12694,71,2
12694,44,2
12695,82,1
12695,85,1
12696,58,3
12696,28,3
12697,74,3
12697,64,1
12697,5,2
12697,45,2
12698,31,2
12698,49,1
12698,77,1
12698,99,3
12699,17,1
12699,50,2
12699,27,2
12699,91,3
12700,70,1
12701,34,3
12701,35,3
12701,97,2
12702,66,3
12702,75,1
12702,47,2
12702,34,3
12703,29,1
12703,36,3
12703,45,1
12704,1,2
12704,53,2
12705,52,1
12706,20,2
12706,25,1
12706,93,3
12706,85,3
12706,86,3
12707,94,1
12707,63,3
12707,96,2
12708,76,3
12708,55,2
12709,2,3
12709,37,1
12709,78,1
12710,12,2
12711,5,1
12712,7,3
12712,23,2
12712,31,3
12713,67,2
12713,87,1
12713,83,3
12713,77,3
12713,70,2
12714,64,3
12715,34,2
12715,94,3
12715,45,2
12715,48,1
12716,5,3
12716,10,1
12717,15,2
12717,91,3
12717,28,2
12717,92,2
12718,61,2
12718,47,3
12718,46,1
12719,5,3
12719,21,1
12719,11,1
12719,66,2
12720,67,3
12720,25,3
12720,65,2
12721,7,3
12722,88,3
12722,67,1
12722,54,1
12723,64,3
12723,54,2
12723,67,2
12724,98,3
12724,97,3
12724,36,2
12724,40,3
12724,51,2
12725,2,3
12725,20,1
12725,74,3
12726,23,1
12726,65,3
12726,38,1
12726,77,1
12726,80,1
12727,3,2
12728,68,2
12728,41,1
12728,17,1
12728,97,2
12728,19,2
12729,11,1
12729,69,1
12729,51,1
12730,33,1
12730,59,2
12730,41,1
12731,70,2
12732,32,3
12733,6,2
12734,92,1
12734,26,2
12735,21,1
12735,3,1
12735,96,2
12735,35,2
12736,27,3
12736,45,1
12736,67,1
12737,29,1
12738,84,1
12738,4,3
12739,82,1
12739,56,2
12739,43,3
12739,19,2
12739,38,2
12740,26,2
12740,89,2
12740,21,2
12740,25,2
12741,62,1
12742,55,1
12742,61,1
12742,11,3
12743,1,2
12743,34,2
12743,20,1
12743,72,3
12744,35,3
12744,19,1
12744,53,2
12744,69,2
12745,100,2
12745,90,2
12745,6,2
12745,25,1
12745,16,1
12746,19,2
12746,48,3
12747,53,3
12747,78,2
12747,6,3
12748,33,2
12748,61,3
12749,61,1
12749,56,2
12749,55,2
12750,73,2
12751,97,3
12752,26,2
12753,40,1
12753,59,2
12753,25,1
12753,57,3
12753,47,1
12754,13,3
12754,21,2
12754,69,3
12754,86,2
12754,54,3
12755,50,2
12755,61,3
12755,83,1
12756,60,2
12757,17,1
12757,47,2
12757,29,1
12757,55,2
12758,50,1
12759,98,1
12759,82,1
12759,9,1
12759,13,1
12759,29,3
12760,61,1
12761,88,2
12761,65,2
12761,87,1
12762,63,3
12763,33,1
12763,42,1
12764,45,1
12764,4,3
12765,10,3
12765,38,2
12766,31,2
12766,55,1
12767,19,1
12767,8,1
12767,16,2
12768,66,1
12768,55,3
12768,73,1
12768,7,1
12769,31,3
12769,37,1
12769,47,2
12769,14,1
12769,73,3
12770,8,1
12770,56,1
12770,45,2
12771,2,2
12771,76,2
12771,48,1
12771,13,3
12771,91,1
12772,74,2
12772,32,1
12773,51,2
12773,9,3
12773,72,1
12773,39,1
12774,59,3
12774,68,1
12775,2,3
12775,18,3
12776,50,3
12776,98,2
12777,58,3
12777,63,3
12777,79,3
12777,80,3
12777,49,1
12778,3,1
12779,6,3
12780,37,3
12780,7,2
12780,39,3
12780,82,2
12780,93,2
12781,74,1
12781,53,3
12781,37,2
12782,80,1
12782,67,1
12783,71,3
12783,88,3
12783,80,2
12784,75,1
12784,46,3
12784,87,2
12784,86,1
12784,85,3
12785,39,2
12786,2,1
12786,9,3
12786,51,1
12786,11,2
12787,64,1
12787,46,3
12787,98,1
12788,1,1
12788,44,1
12788,86,1
12788,80,3
12789,63,2
12790,40,3
12791,62,2
12791,4,2
12791,5,1
12791,25,3
12792,99,3
12792,34,2
12792,93,2
12792,35,3
12793,2,1
12793,49,1
12793,73,3
12793,46,1
12793,18,2
12794,47,3
12794,54,1
12794,86,1
12795,85,3
12795,18,3
12795,6,1
12795,84,2
12796,77,1
12796,15,1
12796,48,2
12796,43,1
12796,22,3
12797,22,1
12798,48,3
12798,17,1
12798,19,2
12798,58,1
12799,6,3
12799,43,1
12799,95,3
12800,30,1
12801,15,2
12801,91,1
12802,36,1
12802,83,3
12803,7,1
12803,75,2
12803,62,1
12803,83,3
12804,68,3
12804,46,2
12805,90,3
12805,98,2
12805,62,1
12805,83,3
12806,16,2
12806,43,2
12807,98,2
12808,34,1
12809,77,1
12809,86,1
12809,12,3
12810,46,1
12810,44,1
12810,60,2
12810,100,1
12810,80,2
12811,74,1
12812,94,3
12812,23,1
12813,84,3
12813,78,2
12813,63,1
12814,73,3
12814,1,2
12814,25,3
12814,4,3
12815,57,1
12815,5,3
12815,22,1
12815,34,3
12816,64,2
12816,55,2
12816,96,1
12816,21,1
12817,77,3
12817,63,1
12818,80,2
12818,19,3
12819,40,2
12819,27,2
12820,54,3
12820,18,1
12820,32,3
12821,66,1
12821,5,1
12821,82,1
12821,60,3
12822,4,3
12823,46,2
12823,20,3
12823,29,3
12824,4,3
12824,25,1
12824,21,3
12824,49,1
12824,19,3
12825,3,2
12825,91,1
12825,76,1
12826,59,2
12826,7,1
12826,76,3
12826,12,3
12826,4,1
12827,27,1
12827,12,3
12827,70,3
12827,94,1
12827,24,1
12828,47,1
12828,5,2
12828,96,3
12828,65,2
12828,78,2
12829,59,3
12829,42,1
12830,54,1
12830,15,2
12830,57,2
12831,6,2
12831,7,2
12832,83,2
12832,18,1
12833,37,1
12833,22,1
12833,59,1
12833,2,1
12834,14,1
12835,72,2
12835,99,1
12835,46,3
12835,52,2
12836,67,3
12837,26,3
12838,78,3
12839,69,1
12840,47,2
12840,69,2
12841,20,3
12841,71,2
12841,49,3
12841,42,3
12842,64,2
12842,18,1
12842,59,1
12843,76,3
12843,34,1
12843,18,2
12844,95,2
12844,75,2
12845,57,2
12845,41,2
12845,64,2
12846,94,3
12846,18,3
12846,14,2
12847,98,1
12848,49,3
12848,52,2
12848,31,3
12848,17,1
12849,99,1
12849,96,1
12850,64,1
12850,91,2
12850,68,2
12850,93,3
12851,9,1
12851,66,1
12851,84,3
12852,40,1
12852,13,1
12852,44,1
12852,9,1
12853,55,3
12854,95,2
12854,48,3
12854,41,1
12854,69,3
12854,8,3
12855,59,2
12855,40,1
12855,1,1
12855,69,2
12855,34,2
12856,78,1
12857,80,1
12857,90,1
12858,49,1
12858,45,2
12859,25,3
12859,53,3
12860,67,1
12860,96,2
12860,56,3
12861,30,3
12861,92,1
12862,35,1
12862,57,2
12862,8,3
12862,66,2
12863,62,1
12863,42,2
12863,14,1
12863,48,3
12863,9,1
12864,62,2
12864,60,1
12864,11,1
12865,54,2
12865,3,2
12865,46,2
12865,86,1
12866,4,3
12866,64,2
12866,62,1
12867,17,1
12867,93,1
12868,17,1
12868,47,1
12869,5,2
12869,42,3
12869,32,2
12869,85,2
12870,21,3
12870,87,3
12870,19,2
12871,37,2
12871,100,1
12872,74,2
12872,79,2
12872,44,1
12873,3,1
12873,92,1
12873,64,2
12874,36,3
12874,19,1
12874,82,3
12874,68,1
12875,22,3
12875,16,3
12875,97,2
12876,18,1
12876,17,1
12876,48,3
12877,95,1
12877,33,1
12877,22,3
12877,85,1
12878,68,2
12878,33,2
12878,96,2
12878,97,3
12879,67,1
12879,24,1
12879,6,1
12879,86,2
12879,81,3
12880,63,3
12880,59,2
12880,96,3
12881,17,3
12881,20,1
12881,80,1
12881,42,2
12882,44,2
12883,75,3
12883,15,2
12884,89,2
12885,77,2
12885,55,3
12885,74,1
12885,75,2
12885,91,1
12886,9,1
12887,1,3
12887,11,3
12888,17,2
12888,61,3
12888,36,1
12888,52,1
12889,79,1
12889,13,3
12890,45,1
12890,35,1
12890,46,2
12890,93,1
12890,97,3
12891,91,1
12892,12,3
12892,29,3
12893,29,2
12893,65,1
12893,13,3
12893,61,2
12893,58,2
12894,61,2
12894,30,1
12895,65,1
12895,1,3
12895,98,3
12895,11,2
12896,2,3
12896,90,1
12896,85,1
12896,59,3
12896,1,3
12897,31,1
12898,90,1
12898,78,3
12898,68,3
12898,74,2
12899,19,1
12899,24,1
12900,90,2
12901,1,3
12901,100,1
12901,78,1
12902,88,2
12903,54,3
12903,22,2
12904,46,2
12904,60,3
12905,16,3
12905,8,3
12905,79,1
12906,78,3
12906,62,1
12906,42,1
12906,90,3
12906,48,2
12907,55,2
12907,40,3
12907,97,3
12908,52,3
12908,36,3
12908,74,3
12909,16,2
12909,83,3
12909,27,2
12910,57,3
12911,96,3
12911,58,2
12912,12,1
12912,57,3
12912,33,2
12912,34,2
12912,49,1
12913,4,1
12914,99,3
12914,32,3
12915,46,3
12915,17,1
12915,13,3
12915,71,2
12915,74,3
12916,78,1
12917,35,1
12917,78,1
12917,11,2
12918,70,1
12918,63,1
12918,81,1
12918,54,3
12919,28,1
12919,64,2
12919,29,2
12919,42,1
12920,5,2
12920,37,2
12920,81,1
12921,90,3
12921,28,2
12922,96,1
12922,13,3
12922,68,3
12922,97,3
12923,15,3
12924,54,1
12924,71,1
12925,95,3
12925,66,1
12925,53,2
12925,51,2
12926,75,3
12926,83,2
12926,7,2
12926,40,2
12927,82,1
12927,80,3
12927,24,2
12927,19,1
12928,34,3
12929,66,1
12929,56,2
12930,61,2
12931,31,2
12931,68,1
12932,54,1
12932,13,3
12932,99,1
12933,42,3
12933,36,2
12933,61,1
12933,100,1
12933,88,2
12934,69,1
12934,3,1
12935,78,3
12935,37,1
12935,89,3
12935,26,3
12936,90,1
12936,17,3
12936,75,3
12937,61,2
12938,94,3
12938,97,3
12938,93,1
12938,89,2
12938,54,3
12939,41,3
12939,67,2
12939,86,1
12939,66,2
12940,7,2
12940,69,3
12941,94,1
12941,33,1
12941,30,3
12941,98,2
12941,86,2
12942,49,1
12943,43,2
12943,6,3
12943,9,2
12943,78,1
12944,60,3
12944,77,1
12944,38,1
12944,97,2
12945,96,3
12945,38,2
12946,60,3
12947,79,2
12947,71,1
12948,66,1
12948,90,3
12948,46,2
12949,93,3
12950,77,3
12950,13,3
12951,96,2
12952,80,1
12952,45,3
12952,82,2
12952,6,3
12952,56,2
12953,31,2
12953,84,1
12953,4,1
12954,59,1
12955,82,1
12955,69,3
12955,47,2
12956,12,2
12956,50,3
12956,31,3
12956,84,2
12956,96,2
12957,39,2
12957,16,1
12957,14,2
12957,93,1
12958,43,1
12958,73,3
12959,56,1
12959,28,1
12960,6,2
12960,19,2
12961,74,3
12962,66,1
12963,22,1
12963,43,2
12963,41,1
12964,53,2
12964,97,2
12965,58,2
12966,3,2
12966,24,3
12966,69,1
12966,72,1
12966,1,1
12967,38,1
12967,72,2
12967,50,3
12967,86,1
12968,7,2
12968,81,1
12968,100,3
12968,55,3
12969,52,3
12969,62,3
12970,4,2
12970,84,2
12970,55,2
12970,45,2
12970,90,2
12971,78,2
12971,72,2
12971,90,1
12971,43,1
12972,40,1
12972,42,2
12973,86,3
12973,41,2
12973,24,2
12973,27,2
12974,61,1
12974,66,2
12974,26,3
12975,42,3
12975,81,2
12976,86,1
12976,64,3
12976,5,3
12976,28,1
12977,64,2
12978,41,2
12978,34,1
12978,62,2
12979,67,1
12980,39,3
12980,8,2
12980,30,2
12980,33,3
12981,80,3
12981,65,2
12981,45,3
12982,80,1
12982,42,1
12982,67,3
12983,46,3
12983,53,2
12983,71,1
12983,99,3
12984,88,2
12984,42,1
12984,49,2
12984,72,1
12984,91,2
12985,19,2
12985,62,1
12985,97,2
12986,8,1
12986,92,1
12986,97,3
12986,51,1
12986,30,3
12987,6,2
12987,29,3
12988,12,1
12988,63,3
12988,44,2
12988,1,2
12988,24,1
12989,9,2
12989,85,3
12989,68,1
12989,43,2
12989,28,3
12990,83,3
12991,68,1
12991,43,3
12991,79,3
12992,26,2
12992,86,3
12992,44,2
12992,37,1
12993,72,1
12993,71,1
12993,76,3
12994,34,3
12994,39,3
12994,73,2
12994,14,3
12995,16,2
12995,99,3
12996,2,2
12996,17,3
12997,94,1
12998,59,1
12998,61,1
12998,90,3
12998,83,3
12998,98,1
12999,8,2
12999,66,2
12999,51,1
13000,7,1
13000,61,1
13000,32,3
13000,4,2
13000,66,2
13001,33,1
13002,45,3
13003,9,1
13003,86,2
13004,93,1
13005,63,2
13005,57,2
13005,61,2
13006,9,3
13007,17,2
13007,40,3
13007,65,2
13007,6,2
13008,21,1
13008,70,2
13009,91,1
13009,38,1
13009,78,1
13010,22,2
13010,20,1
13010,83,2
13011,16,2
13011,1,3
13011,35,2
13011,72,3
13011,54,1
13012,32,3
13012,26,1
13012,6,3
13012,78,2
13013,83,2
13013,90,3
13013,8,2
13014,76,3
13014,4,3
13014,11,3
13014,66,1
13015,97,3
13015,2,2
13016,77,1
13016,50,2
13016,5,3
13016,88,2
13017,40,2
13017,86,3
13017,11,2
13018,44,2
13018,35,2
13019,79,3
13019,15,1
13019,81,3
13019,11,2
13019,42,2
13020,10,1
13020,98,2
13020,18,2
13020,82,3
13020,95,2
13021,73,1
13021,30,1
13021,72,1
13021,34,2
13021,67,2
13022,84,3
13022,3,1
13023,71,1
13024,28,2
13025,83,2
13025,62,2
13025,24,3
13025,77,1
13025,28,1
13026,88,1
13026,7,2
13026,37,3
13027,98,2
13027,88,2
13027,92,2
13028,10,1
13028,63,2
13029,23,2
13029,27,3
13029,8,1
13029,71,2
13029,80,3
13030,72,1
13030,34,1
13030,21,2
13030,53,1
13030,61,3
13031,12,3
13031,47,3
13031,25,1
13032,55,1
13033,17,1
13033,23,1
13033,78,2
13033,72,1
13033,50,3
13034,6,2
13034,94,3
13035,5,1
13035,20,3
13035,58,2
13036,97,3
13037,55,3
13037,24,2
13037,30,2
13037,52,1
13038,18,3
13038,77,1
13039,1,3
13040,22,3
13040,26,1
13040,77,3
13041,81,1
13041,82,2
13041,8,1
13041,53,1
13041,23,2
13042,68,3
13042,72,3
13042,51,2
13043,28,2
13043,27,3
13043,6,3
13043,13,2
13043,11,2
13044,68,2
13044,15,3
13045,57,2
13045,63,1
13045,28,2
13045,66,2
13046,13,3
13046,92,3
13046,53,2
13046,39,2
13046,96,3
13047,43,2
13047,4,2
13047,17,3
13047,11,1
13048,47,3
13048,81,3
13048,39,2
13048,2,3
13048,76,1
13049,25,1
13049,82,3
13049,89,2
13049,12,2
13050,95,1
13050,86,1
13050,93,2
13050,96,3
13051,100,2
13051,62,2
13052,89,2
13052,91,3
13052,23,2
13052,15,1
13052,27,2
13053,96,3
13053,67,2
13053,4,3
13053,62,2
13053,22,1
13054,35,1
13054,33,2
13055,8,1
13055,34,1
13055,3,2
13055,31,3
13055,59,3
13056,59,1
13056,94,2
13056,18,3
13056,90,3
13056,92,2
13057,91,2
13057,58,1
13057,31,3
13058,28,1
13058,76,3
13058,12,3
13058,65,3
13059,36,3
13060,43,1
13061,54,2
13061,12,3
13061,14,3
13061,59,1
13061,34,2
13062,55,1
13062,70,3
13062,88,1
13062,10,1
13062,75,3
13063,22,2
13063,98,3
13063,13,1
13064,92,1
13064,99,1
13064,50,1
13064,26,1
13065,57,1
13065,23,1
13065,50,2
13065,15,3
13066,45,2
13066,91,1
13066,40,2
13066,80,3
13067,33,3
13067,37,2
13067,92,3
13068,77,3
13068,46,3
13068,6,2
13069,3,3
13069,91,1
13070,28,1
13071,32,2
13072,93,2
13073,94,1
13073,41,1
13073,35,1
13074,64,3
13074,61,1
13074,69,2
13074,27,1
13074,43,1
13075,35,2
13075,21,1
13075,95,3
13075,42,3
13076,63,1
13076,4,3
13076,75,2
13076,24,1
13076,5,2
13077,60,3
13077,88,2
13077,86,3
13077,18,2
13078,31,1
13078,90,1
13079,25,1
13079,63,2
13079,90,2
13080,78,3
13080,85,2
13080,65,3
13080,38,3
13080,33,1
13081,17,3
13082,3,1
13082,46,1
13082,66,3
13083,26,3
13083,46,1
13083,13,1
13083,11,2
13083,39,2
13084,8,3
13085,96,3
13086,74,3
13086,37,3
13087,71,1
13088,23,3
13088,40,2
13089,33,1
13089,49,3
13090,32,1
13090,22,1
13091,72,1
13091,34,1
13091,15,2
13092,79,1
13092,62,1
13092,80,3
13092,97,3
13092,28,1
13093,15,2
13093,38,2
13094,88,1
13094,57,3
13095,9,3
13095,40,1
13096,63,1
13097,57,2
13097,6,3
13097,25,2
13098,77,3
13098,97,3
13098,4,3
13098,47,2
13099,3,3
13099,11,3
13100,98,2
13100,61,3
13101,14,1
13101,56,3
13101,16,3
13102,52,1
13102,55,3
13103,89,3
13103,6,1
13103,49,2
13104,76,1
13104,42,1
13104,13,2
13105,20,1
13106,51,1
13107,83,2
13107,53,2
13107,49,2
13107,2,2
13108,23,2
13108,21,2
13108,3,3
13109,7,1
13109,88,2
13110,36,1
13111,47,3
13111,29,2
13111,96,1
13111,64,3
13111,38,1
13112,99,3
13112,19,1
13112,31,2
13112,50,3
13112,89,2
13113,21,2
13114,85,3
13114,6,3
13114,59,3
13114,17,3
13115,79,2
13115,32,2
13115,20,2
13115,9,2
13115,47,2
13116,37,1
13116,16,3
13116,73,3
13116,36,2
13117,83,3
13117,99,1
13117,7,3
13117,82,2
13118,43,3
13118,84,3
13118,20,2
13119,68,3
13119,55,2
13120,21,3
13121,94,1
13121,70,3
13121,25,3
13121,30,3
13121,11,3
13122,67,2
13122,75,1
13122,27,2
13122,73,2
13123,69,3
13123,34,3
13123,78,1
13123,64,2
13124,66,2
13124,30,1
13124,6,3
13124,15,2
13124,35,3
13125,83,1
13125,68,2
13125,91,2
13126,41,3
13126,43,2
13126,83,3
13126,63,2
13127,89,2
13128,12,3
13128,47,3
13128,61,2
13129,42,2
13130,85,2
13130,56,3
13131,51,1
13131,75,3
13131,57,3
13131,25,2
13132,62,1
13132,18,3
13132,66,1
13132,10,3
13132,76,2
13133,53,3
13133,86,2
13133,17,1
13133,43,2
13133,2,2
13134,13,1
13135,58,2
13136,67,3
13137,42,1
13137,27,1
13137,17,3
13137,84,3
13137,93,1
13138,95,2
13138,44,1
13138,22,3
13138,8,3
13138,82,2
13139,40,3
13139,3,3
13139,7,1
13139,4,2
13140,68,3
13141,86,3
13141,26,2
13142,52,3
13142,78,1
13142,27,2
13142,98,2
13142,30,3
13143,19,2
13143,69,3
13144,59,2
13144,91,2
13145,54,2
13145,28,3
13145,34,1
13146,32,2
13146,66,3
13146,17,3
13146,9,3
13146,5,1
13147,57,2
13147,95,2
13147,38,2
13148,78,2
13148,9,1
13148,6,1
13148,31,3
13148,5,2
13149,18,3
13149,89,2
13149,40,3
13150,67,3
13150,62,3
13150,40,1
13150,37,3
13150,64,2
13151,44,3
13151,75,1
13151,98,2
13152,4,3
13152,44,2
13152,33,3
13152,65,2
13153,1,3
13154,71,2
13154,97,2
13154,94,3
13155,77,3
13155,43,1
13156,83,1
13156,57,3
13156,56,3
13157,26,3
13157,76,3
13157,54,3
13157,19,2
13158,1,2
13159,20,1
13159,15,3
13159,96,3
13159,33,3
13160,48,3
13160,18,3
13160,24,1
13160,67,2
13160,49,3
13161,86,1
13162,60,1
13162,71,2
13162,100,2
13162,67,3
13162,43,1
13163,73,3
13163,85,3
13163,18,3
13163,99,1
13163,12,1
13164,51,3
13164,83,1
13164,28,3
13164,68,2
13164,81,1
13165,19,1
13165,89,3
13165,65,3
13165,29,2
13165,75,2
13166,27,3
13166,63,2
13166,11,1
13166,47,3
13167,17,3
13167,21,2
13167,100,3
13168,46,1
13168,75,2
13169,14,3
13170,77,1
13170,71,3
13170,72,3
13171,84,3
13171,37,3
13172,31,3
13172,55,1
13172,68,2
13173,63,1
13173,34,2
13173,26,3
13174,32,2
13174,72,1
13174,37,3
13175,44,1
13175,49,3
13175,21,1
13175,15,3
13176,96,2
13176,18,2
13176,71,1
13177,61,2
13177,33,3
13177,13,3
13178,16,3
13179,82,1
13179,54,3
13179,38,3
13180,80,1
13180,9,3
13181,93,1
13182,59,1
13183,93,3
13183,60,3
13183,35,1
13183,33,3
13184,35,2
13185,87,3
13185,88,3
13185,41,1
13185,20,2
13185,60,3
13186,43,1
13186,48,1
13186,63,2
13187,27,2
13187,66,3
13187,19,1
13188,21,1
13189,9,2
13189,69,2
13189,98,3
13189,70,2
13189,58,3
13190,45,1
13190,75,2
13191,84,2
13191,62,2
13192,22,1
13192,97,3
13192,39,3
13193,83,1
13193,48,2
13193,59,1
13193,73,1
13194,99,2
13194,38,2
13194,42,2
13194,93,2
13195,51,1
13195,20,1
13195,6,2
13195,18,3
13196,98,3
13196,71,1
13197,57,3
13197,88,2
13197,98,2
13197,67,3
13198,38,1
13198,89,3
13198,48,1
13198,45,1
13199,47,1
13199,8,2
13200,21,3
13201,43,2
13201,46,1
13201,56,1
13202,6,3
13202,18,1
13202,97,1
13202,22,3
13202,52,1
13203,8,2
13203,12,3
13203,62,1
13204,58,1
13204,61,2
13204,20,3
13205,8,1
13205,87,1
13205,41,2
13206,15,2
13206,20,3
13207,10,2
13207,45,1
13207,5,1
13207,38,3
13207,17,2
13208,52,1
13209,97,3
13209,59,3
13209,88,2
13210,78,1
13210,3,3
13210,67,2
13211,30,1
13211,4,1
13211,89,2
13212,50,3
13212,10,2
13212,31,3
13212,96,3
13213,64,1
13213,12,2
13214,84,1
13214,42,2
13215,83,1
13215,58,2
13215,97,2
13215,62,2
13215,49,1
13216,27,1
13216,3,1
13216,42,3
13216,98,3
13217,79,1
13217,41,2
13217,36,3
13218,31,3
13218,58,2
13219,42,2
13220,12,3
13220,35,2
13220,80,2
13220,68,2
13221,30,1
13221,19,2
13221,7,1
13221,78,1
13222,22,3
13222,28,2
13223,33,3
13223,9,2
13223,84,2
13223,95,3
13223,28,3
13224,67,1
13224,39,2
13225,93,2
13225,87,1
13225,64,1
13225,42,2
13225,21,2
13226,58,3
13227,87,2
13227,71,3
13227,66,2
13228,34,2
13228,49,1
13228,18,3
13228,23,3
13229,48,2
13230,75,2
13230,89,3
13230,7,2
13230,67,3
13231,13,1
13232,36,3
13232,78,2
13232,91,1
13232,37,3
13232,27,2
13233,14,2
13233,29,1
13233,43,1
13234,3,2
13234,63,3
13235,86,1
13235,8,1
13236,89,3
13236,40,3
13237,18,1
13237,93,3
13237,62,2
13238,32,2
13238,6,3
13238,71,1
13238,86,1
13238,52,1
13239,82,1
13239,79,2
13239,91,3
13240,76,2
13240,36,1
13240,24,3
13240,3,1
13241,95,1
13241,31,1
13241,75,1
13241,59,2
13242,42,3
13242,55,3
13243,65,2
13244,67,2
13245,10,3
13245,3,1
13245,53,2
13245,20,3
13245,38,3
13246,62,1
13246,3,2
13246,29,2
13247,40,2
13247,50,1
13247,88,3
13247,99,2
13247,1,3
13248,46,3
13249,60,1
13249,17,1
13249,96,2
13250,7,2
13250,84,3
13250,91,2
13250,51,2
13250,55,2
13251,93,2
13251,30,2
13251,41,2
13252,94,3
13253,51,2
13253,90,2
13253,12,3
13253,64,1
13253,32,2
13254,79,2
13254,37,1
13255,78,3
13255,3,2
13256,18,2
13257,78,1
13257,56,3
13257,22,2
13258,79,1
13258,11,2
13258,40,3
13259,24,1
13259,10,3
13259,20,1
13260,89,3
13260,4,3
13260,9,1
13261,41,2
13261,45,2
13262,69,2
13262,27,2
13263,17,2
13263,92,1
13264,42,1
13265,10,1
13265,89,1
13265,33,1
13265,93,2
13266,53,2
13267,16,2
13267,96,3
13267,60,3
13267,28,1
13268,77,1
13268,97,2
13268,88,1
13268,14,3
13268,60,1
13269,95,2
13269,63,3
13269,55,2
13269,33,3
13270,91,2
13270,14,3
13271,93,3
13271,9,3
13272,87,3
13272,6,1
13272,28,1
13272,27,2
13273,59,3
13273,68,1
13273,24,1
13273,55,2
13273,71,1
13274,84,2
13274,87,2
13274,31,2
13274,28,1
13274,19,1
13275,9,1
13276,50,1
13277,27,3
13277,68,2
13277,44,2
13277,26,1
13277,58,3
13278,5,1
13278,21,3
13278,86,1
13278,47,3
13278,75,1
13279,64,1
13279,40,1
13280,67,1
13280,5,2
13281,67,3
13281,60,2
13281,71,2
13281,50,3
13281,19,2
13282,77,1
13282,66,1
13282,78,3
13283,66,1
13283,59,3
13284,66,2
13284,35,1
13284,41,3
13284,5,3
13285,24,1
13285,20,1
13285,64,1
13285,16,3
13285,54,3
13286,95,1
13286,90,3
13286,76,3
13286,68,3
13287,10,2
13287,13,3
13287,80,3
13287,100,1
13287,51,3
13288,46,3
13288,26,2
13288,20,2
13289,85,3
13290,2,3
13290,84,3
13290,76,2
13291,29,2
13291,19,2
13292,97,3
13292,77,1
13292,49,3
13292,90,1
13292,39,3
13293,89,2
13293,67,2
13293,97,3
13293,82,2
13293,63,3
13294,46,3
13294,100,3
13294,73,1
13295,62,2
13295,88,1
13296,36,1
13296,66,1
13297,3,1
13297,98,3
13297,55,3
13298,2,2
13298,6,2
13298,90,3
13299,7,3
13299,42,1
13300,43,3
13300,24,3
13301,42,2
13302,100,1
13302,89,3
13302,96,2
13302,53,3
13302,16,1
13303,95,3
13303,39,1
13303,33,2
13303,15,3
13303,11,2
13304,31,1
13305,74,1
13305,63,1
13305,82,2
13306,96,2
13306,94,3
13306,21,1
13306,39,1
13307,15,1
13307,22,2
13307,6,3
13307,72,2
13307,69,2
13308,7,1
13308,35,1
13309,74,3
13309,91,3
13309,94,3
13309,33,3
13309,51,2
13310,55,2
13310,14,2
13310,19,1
13311,2,1
13311,58,1
13311,15,3
13312,8,1
13313,25,1
13313,21,3
13313,90,2
13313,43,1
13313,32,1
13314,85,3
13314,43,1
13314,62,2
13315,8,1
13315,41,2
13316,90,2
13316,44,3
13317,45,2
13318,46,3
13318,89,3
13318,64,2
13318,24,1
13318,54,1
13319,37,2
13319,51,2
13320,38,2
13320,54,1
13320,5,2
13320,17,1
13320,57,2
13321,66,2
13322,53,1
13323,96,2
13323,29,2
13323,5,3
13324,14,3
13324,52,3
13324,96,2
13325,50,1
13325,37,1
13325,99,3
13326,47,1
13327,17,1
13327,11,1
13327,99,2
13328,74,3
13328,85,3
13329,65,1
13329,42,1
13330,87,3
13330,29,2
13330,50,2
13330,65,2
13331,59,3
13331,29,2
13331,89,1
13331,87,1
13331,80,1
13332,93,3
13332,18,3
13332,42,2
13332,5,2
13333,71,2
13334,63,3
13334,46,1
13334,60,1
13334,45,3
13334,1,2
13335,13,3
13335,83,3
13335,61,2
13335,95,2
13336,11,1
13336,33,3
13336,24,3
13336,41,1
13337,2,3
13337,72,2
13337,69,1
13337,60,2
13337,56,2
13338,80,1
13339,78,1
13339,25,3
13340,74,1
13340,29,2
13340,84,1
13341,17,3
13341,66,1
13341,8,2
13341,32,1
13342,23,3
13342,6,1
13342,30,2
13343,94,3
13343,41,2
13343,35,3
13344,94,3
13345,79,3
13345,55,2
13345,59,2
13346,95,1
13346,45,3
13346,11,1
13346,65,2
13346,40,1
13347,4,3
13347,82,3
13347,76,1
13347,85,2
13348,8,2
13348,68,1
13348,91,3
13349,10,1
13349,96,3
13349,26,2
13349,54,1
13349,97,1
13350,21,2
13350,56,2
13351,100,2
13352,77,1
13352,86,2
13352,67,3
13352,2,3
13352,38,3
13353,85,2
13354,50,2
13355,60,3
13355,95,2
13355,89,1
13356,29,1
13356,5,3
13356,58,3
13356,49,2
13357,80,2
13358,15,2
13358,9,2
13358,95,2
13358,26,2
13358,30,1
13359,65,3
13359,38,2
13359,93,1
13359,26,3
13359,20,2
13360,74,2
13360,25,3
13360,29,1
13360,42,1
13361,33,1
13361,44,3
13361,94,2
13361,15,1
13361,62,3
13362,70,2
13362,82,1
13363,12,1
13363,75,2
13363,85,2
13363,20,2
13364,30,1
13364,17,3
13364,37,1
13364,61,1
13364,23,1
13365,66,1
13366,25,1
13367,21,3
13367,59,3
13367,44,2
13368,55,3
13369,74,3
13369,58,3
13369,13,1
13370,95,3
13370,27,3
13370,37,3
13371,34,1
13371,22,3
13372,47,2
13372,65,1
13372,36,3
13372,61,1
13373,72,3
13373,34,2
13374,46,2
13374,69,2
13375,70,3
13376,3,1
13376,57,2
13377,75,2
13377,22,3
13378,16,2
13378,11,2
13378,47,3
13378,62,1
13378,22,1
13379,13,2
13379,82,3
13380,69,3
13380,44,3
13380,94,1
13381,89,1
13381,83,1
13381,33,1
13381,72,1
13382,54,1
13382,20,2
13382,99,1
13382,72,2
13383,53,3
13383,60,3
13383,76,2
13383,24,2
13383,37,1
13384,62,3
13385,89,3
13385,99,2
13385,76,3
13385,54,2
13385,92,2
13386,77,3
13386,12,3
13386,8,3
13387,6,3
13387,94,3
13388,89,3
13388,86,3
13388,93,2
13389,11,1
13390,5,2
13390,42,3
13390,36,1
13391,27,3
13391,60,1
13391,93,2
13391,24,3
13391,29,3
13392,46,1
13392,73,2
13392,74,3
13392,87,1
13392,23,2
13393,79,2
13393,2,2
13393,100,2
13393,16,3
13393,61,2
13394,25,1
13395,73,3
13395,24,1
13395,29,1
13395,60,1
13396,45,2
13396,65,2
13396,13,3
13396,70,3
13396,33,2
13397,91,1
13397,23,2
13397,45,2
13398,39,1
13398,32,1
13399,51,3
13399,31,1
13400,100,3
13400,4,3
13400,29,2
13400,22,2
13401,69,3
13401,97,2
13401,22,3
13401,8,1
13402,12,3
13402,40,1
13402,45,2
13402,41,3
13403,28,3
13403,21,2
13403,26,3
13404,75,3
13404,52,2
13404,32,2
13405,76,3
13406,12,3
13407,12,3
13407,71,3
13407,28,3
13408,70,3
13408,87,3
13408,27,2
13408,3,1
13409,1,3
13409,51,2
13409,74,2
13409,65,3
13409,84,2
13410,43,2
13410,41,2
13410,20,1
13410,14,2
13410,9,2
13411,31,2
13412,39,1
13412,74,1
13412,85,3
13412,73,3
13412,87,2
13413,81,2
13413,53,3
13413,21,3
13414,60,1
13414,80,3
13415,81,1
13415,16,3
13415,23,1
13415,90,3
13415,52,3
13416,51,2
13417,77,1
13417,12,1
13418,44,1
13418,43,1
13418,59,2
13418,75,3
13419,45,1
13419,32,2
13419,56,1
13420,55,3
13420,95,1
13420,56,1
13421,60,1
13421,74,1
13422,39,2
13422,4,1
13422,30,3
13422,56,3
13422,95,3
13423,16,3
13423,44,2
13424,51,3
13424,7,1
13424,50,2
13424,29,2
13424,57,2
13425,23,1
13425,46,3
13426,68,2
13426,71,3
13426,12,1
13427,79,3
13427,85,2
13428,33,1
13428,3,2
13429,67,3
13429,8,1
13429,23,3
13430,76,3
13430,54,2
13430,17,1
13430,11,1
13430,34,2
13431,45,1
13431,48,3
13431,49,3
13431,66,1
13432,82,3
13432,72,3
13432,48,2
13432,55,3
13433,45,1
13433,35,3
13433,69,1
13433,5,2
13434,63,1
13434,10,1
13435,67,1
13436,47,1
13436,100,2
13436,78,1
13437,30,2
13438,16,1
13439,4,1
13439,92,2
13439,48,1
13440,38,1
13440,90,1
13440,97,2
13441,53,2
13441,84,3
13441,74,1
13442,39,3
13442,100,2
13442,84,3
13442,20,1
13443,21,1
13443,52,2
13444,65,1
13444,82,1
13445,99,3
13445,83,3
13446,15,2
13446,71,3
13447,94,1
13447,18,2
13447,81,3
13447,70,1
13448,19,2
13448,54,3
13448,97,2
13448,91,3
13449,87,2
13449,39,3
13449,97,3
13450,42,2
13450,86,1
13450,71,3
13450,66,1
13451,47,3
13452,2,3
13453,54,2
13454,89,3
13454,74,1
13455,47,1
13455,15,2
13455,6,2
13455,10,1
13456,15,2
13456,54,1
13456,33,1
13457,100,1
13457,4,1
13458,30,1
13458,18,2
13459,30,3
13459,55,2
13460,14,3
13461,46,2
13461,47,3
13461,90,2
13462,86,3
13462,26,2
13462,25,2
13462,30,3
13462,61,2
13463,96,2
13463,1,1
13463,6,3
13463,61,2
13464,76,2
13465,40,3
13466,65,1
13466,17,3
13466,41,3
13466,59,1
13466,69,3
13467,15,1
13468,29,1
13468,10,1
13468,25,3
13468,36,3
13469,100,1
13469,5,1
13469,69,3
13470,60,1
13470,94,1
13470,74,1
13470,98,1
13471,31,1
13471,85,3
13471,73,3
13471,62,1
13471,84,2
13472,71,1
13472,68,3
13472,9,3
13472,51,1
13472,53,3
13473,25,3
13473,2,1
13473,57,2
13473,21,2
13474,37,1
13474,72,1
13474,55,3
13474,95,3
13474,32,1
13475,37,1
13475,44,2
13475,85,1
13476,98,1
13477,66,1
13478,62,1
13478,96,2
13479,51,2
13479,8,3
13479,75,3
13479,27,1
13479,28,3
13480,71,2
13480,15,2
13480,44,2
13481,56,3
13482,46,2
13482,8,3
13482,15,3
13482,22,2
13483,12,3
13483,18,2
13483,14,2
13483,52,2
13483,58,2
13484,48,3
13484,6,3
13484,73,2
13484,85,2
13484,9,3
13485,38,1
13485,64,3
13485,52,3
13486,98,3
13486,58,1
13487,57,2
13487,21,1
13487,66,1
13488,59,3
13489,29,3
13489,41,2
13490,86,3
13491,74,2
13491,87,2
13492,54,1
13493,4,3
13493,59,2
13494,62,1
13495,93,3
13495,60,1
13495,43,3
13495,21,3
13496,55,2
13497,79,1
13497,55,3
13497,99,1
13498,39,1
13498,43,3
13498,25,2
13498,40,2
13498,18,3
13499,65,3
13500,55,1
13500,13,2
13500,76,2
13500,19,3
13501,94,3
13501,7,1
13501,58,3
13501,21,2
13501,89,1
13502,78,2
13503,36,2
13503,17,3
13503,98,3
13503,22,3
13503,47,3
13504,7,2
13504,33,3
13504,92,1
13505,65,1
13505,82,1
13505,20,1
13506,54,2
13506,91,2
13506,26,2
13507,98,3
13507,32,2
13507,51,1
13508,41,1
13508,68,3
13508,42,2
13508,97,2
13509,64,2
13510,39,3
13510,55,1
13510,89,3
13510,21,1
13511,55,1
13511,38,1
13511,42,2
13512,45,2
13512,94,1
13512,82,2
13512,6,1
13512,67,3
13513,61,1
13513,10,3
13514,47,2
13515,88,1
13515,87,2
13516,10,1
13516,47,2
13516,92,3
13517,75,3
13517,85,1
13517,95,1
13518,61,3
13518,58,3
13518,7,3
13518,48,1
13518,3,2
13519,40,2
13519,3,3
13519,73,3
13519,21,1
13519,50,2
13520,19,3
13520,98,1
13521,84,3
13521,15,2
13521,88,1
13521,63,3
13522,84,2
13522,91,1
13522,33,1
13523,71,2
13524,11,2
13524,85,2
13524,17,1
13524,84,3
13525,96,3
13525,97,1
13525,100,1
13526,63,1
13526,14,1
13526,47,1
13526,45,1
13527,1,1
13528,52,3
13529,11,3
13529,87,3
13529,96,3
13529,10,1
13530,41,3
13530,38,2
13530,62,1
13530,27,3
13530,39,2
13531,85,3
13531,86,1
13532,78,3
13532,18,3
13532,92,3
13533,75,1
13533,52,3
13533,80,3
13533,77,3
13534,84,3
13534,100,2
13535,7,2
13535,63,1
13535,36,1
13535,86,1
13535,18,1
13536,63,3
13536,84,2
13536,68,3
13537,8,2
13537,66,2
13538,31,3
13538,73,2
13539,19,1
13539,98,2
13540,23,3
13540,49,1
13540,87,3
13540,85,1
13540,69,3
13541,6,3
13541,32,2
13541,11,1
13542,39,1
13542,63,2
13542,6,1
13543,35,2
13543,64,2
13543,52,2
13543,74,1
13543,79,1
13544,60,1
13544,13,2
13545,88,3
13545,26,1
13546,26,3
13547,65,1
13547,37,2
13548,56,1
13548,36,2
13548,84,1
13548,96,1
13549,54,3
13550,73,2
13550,39,2
13550,81,2
13550,37,2
13551,100,3
13551,69,2
13551,97,2
13551,18,3
13552,67,2
13553,98,3
13553,81,1
13553,26,2
13553,21,2
13553,95,1
13554,35,1
13554,87,3
13554,15,3
13554,86,1
13555,84,1
13555,48,2
13555,83,3
13555,74,1
13555,63,1
13556,92,3
13556,39,3
13556,46,1
13556,67,2
13557,81,1
13558,60,1
13558,20,3
13558,48,3
13558,10,2
13559,48,3
13560,36,2
13560,40,1
13560,45,1
13560,5,1
13561,47,2
13561,12,3
13561,56,1
13561,63,3
13561,88,2
13562,70,2
13562,10,3
13563,88,2
13563,74,1
13563,1,3
13563,87,3
13563,100,3
13564,76,1
13564,46,2
13564,43,3
13564,19,1
13565,80,1
13565,58,2
13565,75,1
13566,1,2
13567,57,2
13567,77,2
13567,14,2
13567,67,3
13567,33,2
13568,27,2
13568,4,3
13568,14,2
13568,80,2
13568,50,2
13569,44,2
13569,54,3
13569,17,1
13570,34,1
13570,32,1
13571,77,1
13571,15,1
13571,61,1
13571,24,2
13571,48,3
13572,5,3
13572,29,2
13572,73,1
13572,19,1
13573,47,1
13573,99,3
13574,67,3
13574,47,1
13575,7,2
13575,79,1
13575,13,2
13575,59,3
13575,11,1
13576,93,1
13576,62,2
13576,27,2
13576,85,1
13577,36,3
13578,65,3
13578,57,1
13578,75,2
13578,68,2
13578,70,3
13579,87,2
13580,7,2
13580,69,1
13580,65,3
13580,96,3
13581,83,2
13582,21,1
13582,96,3
13582,52,3
13582,91,2
13583,6,1
13584,80,1
13584,78,2
13584,71,3
13585,55,2
13585,29,2
13585,78,1
13585,85,3
13586,33,2
13586,55,3
13586,64,3
13586,16,1
13586,62,2
13587,23,1
13587,68,2
13587,86,1
13588,45,1
13589,39,3
13589,20,3
13589,46,1
13590,78,3
13590,77,2
13590,63,2
13590,80,3
13591,12,2
13591,6,2
13591,73,3
13591,4,3
13592,40,3
13593,39,1
13593,57,2
13594,2,2
13594,11,1
13594,16,2
13595,77,1
13595,12,2
13595,27,3
13595,24,3
13595,68,2
13596,6,1
13596,93,2
13596,74,2
13596,25,1
13597,99,2
13597,58,3
13598,14,2
13599,27,1
13600,96,3
13600,47,3
13600,74,1
13600,55,2
13601,44,2
13601,55,2
13602,67,1
13602,52,1
13602,81,1
13603,21,2
13603,8,3
13603,32,2
13604,69,3
13604,57,3
13604,6,3
13604,8,2
13604,55,3
13605,4,2
13605,79,2
13605,90,1
13605,67,1
13606,68,3
13606,71,1
13606,59,3
13606,48,3
13606,73,1
13607,51,2
13607,46,1
13607,54,1
13607,74,2
13607,29,2
13608,94,3
13608,72,2
13608,46,1
13609,100,3
13609,84,1
13610,72,1
13610,32,1
13610,28,1
13610,59,3
13611,31,3
13611,83,3
13611,16,1
13611,86,1
13611,30,3
13612,35,3
13612,56,3
13612,15,1
13613,90,2
13613,89,2
13614,2,2
13615,35,1
13616,53,3
13617,32,2
13617,1,2
13617,48,1
13617,46,2
13618,79,2
13619,74,1
13620,44,3
13620,71,1
13620,36,1
13621,53,1
13621,13,3
13621,35,3
13622,65,2
13622,16,3
13622,52,2
13622,31,2
13622,71,1
13623,79,3
13623,33,2
13623,55,2
13624,23,1
13624,35,3
13625,92,3
13625,38,1
13625,71,3
13626,90,1
13626,89,1
13626,1,1
13626,46,1
13627,59,2
13628,78,1
13628,82,2
13628,25,1
13629,75,2
13629,41,1
13630,2,2
13631,44,3
13631,96,2
13632,97,1
13632,80,3
13632,27,3
13632,7,2
13632,56,1
13633,84,3
13633,31,3
13633,90,1
13633,81,2
13633,3,3
13634,96,1
13634,28,2
13634,37,2
13634,4,2
13634,31,1
13635,13,1
13635,67,1
13636,16,1
13636,32,3
13637,6,2
13637,52,1
13637,77,3
13637,67,3
13638,95,2
13639,86,3
13640,62,2
13640,91,2
13640,14,1
13640,37,3
13640,15,2
13641,36,3
13641,12,3
13642,46,2
13642,49,3
13642,78,3
13642,76,2
13642,33,3
13643,95,3
13643,8,3
13643,27,3
13643,26,1
13643,9,2
13644,44,1
13644,76,3
13644,25,3
13644,29,3
13645,57,3
13645,62,1
13645,78,1
13645,41,2
13645,84,2
13646,31,2
13646,70,1
13646,13,2
13646,73,3
13646,23,1
13647,9,3
13647,99,3
13647,16,1
13647,53,3
13647,73,1
13648,72,1
13649,23,1
13650,33,2
13651,73,1
13651,100,1
13651,63,3
13651,70,3
13652,47,1
13652,38,2
13652,69,3
13652,87,2
13653,93,1
13653,47,3
13653,55,3
13653,87,3
13653,89,2
13654,6,2
13655,75,2
13655,44,3
13656,85,2
13657,15,2
13658,17,2
13659,21,3
13660,40,1
13660,35,1
13661,49,3
13661,51,1
13662,42,2
13662,11,1
13663,73,3
13663,38,3
13663,11,1
13663,13,2
13664,100,2
13664,44,1
13664,59,1
13665,23,2
13665,45,1
13665,70,3
13665,8,1
13666,1,3
13666,56,2
13666,26,2
13666,75,3
13666,12,3
13667,98,1
13667,88,2
13667,50,2
13667,38,1
13668,85,3
13668,96,2
13668,39,2
13669,62,2
13669,92,2
13670,9,3
13670,86,2
13670,24,3
13670,5,3
13670,49,3
13671,15,3
13671,62,1
13672,37,1
13673,70,3
13673,99,2
13673,42,3
13673,66,2
13674,39,3
13674,3,2
13674,85,2
13674,49,3
13674,82,3
13675,80,3
13675,63,2
13675,48,3
13675,14,2
13676,87,1
13676,85,2
13676,10,2
13676,82,2
13676,47,1
13677,45,3
13677,16,2
13678,56,3
13678,20,3
13678,51,3
13678,62,3
13679,62,3
13679,49,2
13679,23,1
13679,58,2
13679,12,1
13680,35,3
13680,83,3
13680,74,2
13681,93,1
13681,62,1
13681,96,2
13681,43,2
13682,56,1
13683,12,2
13683,13,3
13683,90,3
13683,18,2
13683,61,3
13684,14,2
13684,59,3
13684,71,3
13684,51,3
13684,70,3
13685,94,1
13685,75,1
13686,18,2
13686,99,3
13686,88,2
13686,57,1
13687,33,1
13688,88,2
13688,92,2
13688,50,2
13688,56,2
13688,51,3
13689,22,1
13689,23,1
13690,26,2
13690,43,2
13691,58,3
13692,33,1
13693,80,2
13693,32,2
13693,36,3
13693,49,3
13693,96,1
13694,53,2
13694,77,1
13695,71,1
13695,27,3
13696,62,2
13696,23,1
13696,22,1
13696,97,1
13696,44,1
13697,32,2
13698,60,1
13699,14,1
13699,23,1
13699,58,2
13699,62,2
13700,98,3
13701,87,3
13701,23,3
13702,56,2
13702,67,3
13702,61,1
13702,43,2
13702,19,3
13703,83,1
13703,1,2
13703,94,2
13703,55,2
13704,34,3
13704,82,2
13704,43,3
13705,72,3
13705,74,1
13705,66,2
13706,77,1
13706,61,3
13707,16,1
13708,61,3
13709,80,2
13709,19,2
13710,56,3
13710,46,3
13710,34,1
13710,72,2
13710,3,2
13711,70,3
13711,49,3
13711,1,3
13711,89,2
13712,42,3
13712,6,2
13712,55,3
13712,16,2
13713,30,1
13714,47,2
13714,13,1
13714,50,1
13714,34,1
13714,45,2
13715,53,1
13715,60,2
13716,21,2
13716,55,3
13717,41,2
13717,23,2
13717,88,3
13717,2,3
13718,91,2
13718,28,1
13718,2,3
13719,29,3
13720,53,2
13720,81,1
13720,9,1
13721,13,3
13721,48,3
13721,11,2
13721,42,3
13722,46,3
13722,61,1
13722,33,1
13723,1,2
13723,96,1
13724,54,2
13724,22,3
13724,97,2
13724,69,2
13724,37,3
13725,45,1
13725,31,1
13726,8,3
13726,43,3
13726,4,1
13726,19,2
13726,94,2
13727,78,3
13727,5,2
13727,4,2
13728,37,1
13728,38,3
13728,86,1
13728,59,1
13728,97,1
13729,71,3
13729,18,3
13729,24,3
13730,93,2
13731,83,3
13732,47,2
13732,53,2
13732,33,3
13732,99,2
13733,78,1
13733,18,1
13734,60,1
13734,80,1
13735,65,3
13735,35,3
13735,32,1
13735,48,1
13736,72,3
13736,32,2
13736,85,3
13736,52,3
13736,83,1
13737,89,2
13737,8,3
13737,48,1
13738,93,1
13738,96,3
13738,23,2
13738,54,1
13739,78,3
13739,92,3
13739,73,3
13740,16,2
13740,81,2
13740,100,1
13741,97,1
13741,59,3
13742,12,3
13743,97,2
13743,100,2
13743,6,2
13744,61,3
13744,49,2
13745,10,1
13745,33,1
13745,49,1
13745,48,3
13746,41,3
13747,41,3
13747,84,1
13748,87,3
13748,98,3
13749,35,3
13750,58,2
13750,99,2
13750,61,3
13751,73,2
13751,89,3
13751,62,2
13752,17,1
13752,45,2
13752,25,1
13752,6,3
13753,10,3
13753,67,3
13753,15,1
13753,100,3
13754,31,1
13754,64,2
13754,7,1
13754,22,2
13754,98,2
13755,42,1
13755,7,1
13756,57,2
13756,35,2
13756,92,2
13757,96,1
13757,88,1
13757,92,1
13757,63,1
13758,63,2
13759,53,2
13759,37,3
13759,65,1
13759,72,2
13760,71,1
13761,44,3
13761,80,1
13761,42,2
13761,7,3
13762,78,2
13762,98,1
13762,30,3
13763,3,2
13763,65,2
13763,83,2
13764,45,2
13764,46,2
13764,1,1
13764,93,3
13764,89,2
13765,47,1
13765,86,1
13765,25,2
13765,98,1
13765,7,3
13766,76,1
13767,94,1
13767,24,1
13768,64,1
13769,91,3
13769,99,3
13769,79,3
13769,81,1
13769,26,1
13770,4,3
13770,26,3
13770,20,1
13770,90,2
13770,14,3
13771,12,2
13772,31,1
13772,3,3
13772,44,2
13773,16,1
13773,46,1
13774,34,1
13774,18,2
13774,63,3
13774,65,1
13774,3,3
13775,96,3
13775,94,1
13775,7,2
13775,100,2
13775,62,1
13776,51,3
13776,12,2
13776,16,1
13776,13,2
13777,6,2
13777,38,1
13777,30,2
13777,59,2
13777,26,1
13778,66,3
13778,53,1
13779,3,1
13780,8,1
13780,83,3
13781,11,2
13781,90,1
13781,82,2
13781,65,3
13781,17,1
13782,52,2
13782,73,1
13782,60,1
13782,26,2
13782,58,3
13783,91,2
13783,88,1
13783,39,2
13784,51,3
13785,59,2
13785,81,1
13786,72,3
13786,99,3
13787,94,1
13787,66,1
13788,66,3
13788,96,2
13788,63,3
13789,6,3
13789,53,3
13789,89,1
13789,19,3
13789,93,2
13790,99,2
13790,84,1
13791,81,2
13791,2,1
13791,13,3
13791,10,2
13791,84,1
13792,31,2
13792,67,1
13792,37,1
13793,80,1
13793,21,2
13794,34,1
13794,48,3
13795,50,1
13795,52,3
13795,81,1
13795,100,1
13796,10,1
13796,37,3
13796,90,1
13796,100,1
13797,23,3
13797,42,1
13797,72,1
13798,86,1
13798,48,1
13798,46,3
13799,86,2
13799,17,3
13800,14,1
13800,26,3
13800,88,3
13800,97,1
13800,66,1
13801,2,1
13802,78,2
13803,56,2
13803,6,2
13804,35,2
13804,66,3
13804,81,1
13804,83,1
13805,89,3
13805,85,1
13805,41,3
13805,95,2
13805,43,2
13806,68,3
13807,23,2
13807,50,2
13807,84,1
13807,15,3
13808,26,2
13809,91,1
13809,8,3
13809,71,2
13809,65,1
13809,1,1
13810,56,2
13810,53,1
13811,59,1
13811,15,1
13811,84,1
13811,35,2
13812,11,2
13812,52,3
13812,36,3
13813,18,3
13813,16,1
13814,33,2
13814,39,1
13814,92,2
13815,49,2
13815,10,3
13815,87,2
13815,78,1
13815,88,3
13816,33,2
13816,50,1
13816,14,2
13817,16,3
13817,33,1
13818,55,3
13818,5,2
13818,69,3
13819,75,1
13819,47,3
13819,34,2
13819,39,2
13820,53,2
13820,20,2
13820,5,3
13820,45,1
13820,37,2
13821,10,3
13821,92,3
13821,28,2
13821,18,1
13821,32,2
13822,32,2
13822,6,2
13823,83,1
13823,91,1
13823,56,3
13824,20,1
13824,1,2
13824,17,1
13824,53,3
13824,36,1
13825,7,3
13825,48,1
13826,53,1
13826,97,2
13826,12,1
13826,21,1
13826,17,1
13827,10,3
13828,56,3
13828,34,1
13828,62,1
13828,80,1
13829,36,3
13829,100,1
13830,56,3
13830,87,1
13830,72,3
13830,10,1
13830,33,1
13831,9,3
13831,8,1
13831,81,1
13831,69,2
13832,77,2
13832,4,2
13832,99,1
13833,29,2
13833,19,1
13833,95,1
13834,48,3
13834,23,1
13834,57,1
13834,22,3
13834,63,3
13835,33,3
13835,38,2
13835,88,2
13836,52,2
13837,21,2
13837,98,1
13837,71,2
13837,10,2
13837,9,3
13838,72,1
13839,57,2
13840,65,2
13840,52,3
13840,12,3
13840,79,2
13841,32,1
13841,26,1
13841,25,3
13842,75,1
13842,54,3
13842,84,1
13842,55,3
13842,86,3
13843,44,1
13843,19,2
13843,96,2
13844,70,3
13845,37,2
13845,96,3
13845,52,1
13846,76,1
13846,57,1
13846,87,2
13846,61,2
13847,88,3
13847,34,2
13847,80,3
13847,38,3
13848,94,2
13848,35,1
13848,49,2
13848,8,3
13849,18,2
13850,40,3
13850,2,2
13850,1,2
13850,56,3
13850,96,2
13851,78,3
13851,87,3
13852,45,2
13852,38,3
13852,40,2
13852,37,3
13852,70,1
13853,63,3
13854,40,1
13854,25,2
13854,35,1
13854,45,2
13855,54,2
13856,10,3
13856,17,3
13856,19,2
13857,45,2
13857,17,1
13858,7,3
13859,34,1
13859,46,2
13859,89,3
13860,17,1
13860,92,2
13860,11,3
13860,6,1
13860,65,1
13861,9,2
13861,48,2
13861,18,2
13861,63,1
13862,37,1
13862,22,3
13863,59,1
13863,99,2
13864,18,3
13865,25,1
13865,52,2
13865,3,2
13865,96,3
13865,15,3
13866,49,2
13866,2,2
13866,10,1
13866,30,3
13866,15,3
13867,4,1
13867,8,3
13867,84,3
13867,96,1
13867,30,3
13868,59,3
13868,10,2
13868,60,3
13868,62,2
13868,40,1
13869,17,1
13869,76,1
13869,11,2
13869,93,3
13870,4,1
13870,65,3
13870,85,3
13871,10,1
13871,52,1
13871,99,1
13871,77,3
13872,35,1
13872,25,3
13872,97,1
13872,56,3
13873,71,2
13873,97,3
13873,75,2
13873,33,3
13874,50,2
13874,55,3
13874,70,1
13874,52,1
13875,72,1
13876,38,2
13876,42,2
13877,24,1
13878,12,1
13879,44,3
13879,83,2
13879,95,3
13879,53,3
13880,20,2
13880,41,1
13880,75,2
13880,78,1
13881,63,1
13881,77,3
13881,10,1
13882,9,1
13883,94,2
13883,90,1
13883,1,1
13883,42,2
13884,67,2
13884,92,2
13884,31,2
13884,79,3
13885,86,1
13886,8,3
13886,54,1
13886,93,1
13886,63,2
13886,94,1
13887,57,3
13887,25,2
13887,59,3
13888,70,1
13888,13,3
13888,36,1
13888,47,1
13889,41,3
13889,35,3
13889,72,3
13890,33,1
13890,28,2
13891,47,2
13891,13,1
13892,100,3
13892,8,1
13892,10,3
13892,32,1
13892,51,2
13893,81,3
13893,42,3
13893,10,2
13893,47,1
13893,29,1
13894,5,3
13894,9,1
13895,76,1
13895,3,3
13895,38,3
13895,82,3
13896,3,1
13897,56,3
13897,90,2
13898,31,1
13898,1,1
13899,33,2
13899,46,3
13899,82,1
13900,21,3
13900,94,2
13900,89,2
13900,91,3
13900,71,2
13901,2,1
13902,11,2
13902,64,2
13902,40,3
13903,77,1
13903,36,1
13903,85,3
13903,11,2
13904,27,1
13904,59,3
13904,79,1
13904,10,1
13905,59,1
13906,11,2
13906,85,3
13906,67,1
13907,91,1
13907,83,3
13908,32,1
13909,2,2
13909,45,3
13909,4,3
13909,5,1
13910,18,1
13910,78,2
13910,47,2
13910,12,3
13911,50,1
13911,71,2
13911,100,1
13911,14,3
13912,16,1
13912,55,3
13912,94,3
13912,82,3
13913,35,3
13913,43,1
13913,84,2
13913,97,2
13913,93,3
13914,68,1
13915,98,2
13915,15,1
13916,25,1
13916,33,1
13916,47,3
13917,49,1
13917,30,2
13918,79,1
13918,34,3
13918,17,1
13919,36,2
13920,96,2
13920,50,3
13920,64,2
13921,25,2
13921,58,3
13921,75,2
13921,52,3
13921,15,1
13922,51,1
13923,16,3
13923,20,3
13923,38,3
13923,92,2
13923,72,2
13924,2,1
13924,83,3
13924,68,3
13924,37,1
13924,99,1
13925,41,1
13925,61,2
13925,1,2
13925,27,2
13926,37,3
13926,81,2
13927,60,1
13928,84,3
13928,79,3
13929,18,3
13929,90,1
13929,97,3
13929,17,3
13930,21,3
13930,97,2
13930,74,1
13931,53,2
13932,88,2
13932,54,1
13932,19,2
13933,27,3
13934,32,2
13935,47,1
13936,9,1
13936,60,2
13936,51,1
13936,22,2
13936,52,3
13937,89,1
13937,20,3
13937,40,1
13937,10,1
13938,11,1
13938,96,1
13939,87,2
13939,34,3
13939,93,3
13940,37,2
13941,44,2
13941,59,2
13941,67,2
13942,24,2
13942,88,1
13943,31,1
13943,34,2
13943,43,2
13943,61,1
13943,49,2
13944,77,3
13944,89,1
13944,45,3
13944,78,2
13945,20,1
13945,93,1
13946,27,1
13946,53,3
13947,86,2
13947,5,3
13947,18,2
13947,80,1
13947,43,1
13948,27,2
13948,7,3
13948,8,2
13948,99,3
13949,70,3
13949,14,2
13949,20,2
13950,82,1
13950,78,3
13950,32,3
13951,30,2
13951,53,2
13951,93,3
13951,100,2
13951,59,2
13952,73,2
13952,16,3
13952,5,2
13952,13,2
13953,26,3
13954,73,2
13954,87,2
13954,67,3
13954,7,3
13954,72,3
13955,77,1
13956,49,1
13956,70,1
13957,11,3
13958,20,2
13958,40,1
13958,80,3
13958,30,3
13959,50,2
13959,24,3
13960,82,2
13960,35,3
13961,100,2
13961,11,2
13961,39,2
13961,6,1
13961,52,2
13962,35,3
13963,90,2
13963,81,3
13963,77,2
13963,49,1
13963,21,1
13964,95,1
13964,81,3
13965,60,3
13965,39,3
13966,85,2
13967,75,1
13967,76,1
13967,8,3
13967,91,1
13968,61,2
13968,90,1
13968,19,3
13969,63,1
13970,79,2
13970,41,3
13970,20,2
13970,9,1
13971,58,3
13971,95,3
13971,52,2
13971,54,2
13972,88,2
13972,42,1
13972,69,3
13972,97,2
13973,64,1
13974,53,3
13974,45,3
13974,34,3
13974,23,3
13974,95,1
13975,39,1
13976,15,1
13976,100,2
13976,82,3
13977,66,2
13978,90,1
13978,55,1
13979,19,3
13979,6,3
13980,57,1
13980,73,1
13981,20,2
13982,82,1
13982,65,3
13983,20,3
13983,69,1
13983,9,2
13983,78,2
13984,88,2
13984,73,1
13984,99,2
13984,57,3
13985,91,2
13985,48,2
13986,78,3
13986,76,3
13986,64,2
13986,12,1
13987,12,2
13987,8,1
13987,48,1
13988,24,1
13988,16,3
13988,66,1
13988,91,1
13989,25,1
13989,31,3
13990,78,2
13991,87,3
13991,80,1
13991,71,3
13991,47,1
13992,11,2
13992,5,2
13993,6,1
13993,95,2
13993,80,2
13993,57,1
13994,46,3
13994,94,3
13994,6,2
13994,78,1
13995,57,1
13996,34,3
13997,96,1
13997,43,2
13997,62,2
13997,5,2
13997,86,1
13998,22,2
13998,47,1
13998,31,3
13998,76,3
13999,22,1
14000,5,3
14001,2,2
14002,83,1
14002,41,1
14002,15,3
14003,52,2
14004,83,1
14004,21,3
14004,99,3
14004,70,1
14005,39,1
14005,36,3
14006,83,1
14006,58,2
14006,48,3
14007,35,3
14007,75,2
14008,40,1
14008,3,2
14008,97,1
14008,17,2
14008,95,3
14009,81,1
14009,34,2
14009,78,1
14009,62,1
14009,63,1
14010,75,2
14010,86,3
14011,14,2
14011,56,1
14011,33,3
14011,12,2
14011,89,3
14012,2,2
14012,63,2
14013,26,1
14013,58,1
14013,19,2
14013,79,1
14013,25,1
14014,9,3
14014,84,2
14015,6,2
14015,91,3
14015,83,3
14015,34,1
14015,43,2
14016,14,1
14016,95,1
14016,38,3
14017,46,3
14017,94,1
14017,5,3
14018,75,3
14018,92,3
14018,86,2
14018,100,2
14018,16,1
14019,4,3
14019,26,3
14019,80,2
14019,54,3
14020,28,2
14020,57,2
14021,99,1
14021,21,1
14022,49,2
14022,10,1
14022,34,3
14022,18,2
14022,66,3
14023,8,2
14023,51,1
14023,64,1
14024,26,2
14024,25,3
14025,75,1
14025,59,3
14025,85,2
14025,14,3
14026,100,2
14027,24,2
14028,22,2
14029,30,1
14030,31,2
14030,92,1
14030,55,2
14031,4,1
14031,64,3
14031,59,2
14031,93,1
14031,5,3
14032,41,3
14032,30,2
14032,62,1
14032,13,1
14033,46,3
14034,39,2
14034,48,1
14034,22,2
14034,52,1
14035,14,2
14035,55,1
14035,68,2
14035,28,3
14035,23,1
14036,54,1
14037,58,1
14037,39,1
14038,86,1
14038,29,1
14038,8,3
14038,64,3
14038,27,3
14039,71,2
14040,40,1
14041,94,2
14041,81,1
14041,20,3
14041,36,1
14041,45,1
14042,60,3
14042,56,2
14043,79,3
14043,35,1
14043,100,2
14043,46,2
14043,47,2
14044,67,3
14044,1,3
14044,87,1
14045,58,1
14046,61,2
14047,88,2
14047,32,3
14047,52,1
14048,39,3
14048,69,1
14048,4,3
14048,82,3
14049,7,1
14049,55,3
14049,1,1
14049,77,3
14049,75,3
14050,7,2
14051,47,3
14051,67,2
14052,90,1
14052,56,1
14052,29,3
14052,42,2
14053,65,2
14054,71,1
14054,80,2
14054,5,2
14054,69,2
14054,43,3
14055,83,2
14055,84,1
14055,79,1
14056,14,1
14056,84,2
14056,69,3
14056,80,2
14056,25,1
14057,15,3
14057,12,2
14057,43,1
14057,89,2
14058,80,3
14058,8,1
14058,78,2
14058,94,3
14058,72,1
14059,15,2
14059,74,2
14060,41,2
14060,22,2
14060,47,2
14060,5,2
14061,24,3
14061,2,2
14061,65,2
14062,55,1
14062,97,2
14062,82,3
14062,99,2
14062,70,1
14063,22,2
14063,24,3
14063,84,1
14063,4,1
14063,34,1
14064,42,3
14064,33,1
14064,82,3
14065,100,1
14065,93,3
14065,14,1
14066,50,3
14066,14,2
14066,3,1
14066,46,2
14066,55,1
14067,39,3
14067,14,3
14068,24,3
14069,5,2
14069,10,3
14069,100,2
14069,71,1
14069,37,2
14070,31,3
14070,72,3
14071,92,2
14071,38,3
14071,30,1
14072,31,1
14072,75,3
14072,29,3
14073,92,2
14073,36,3
14074,20,2
14074,75,1
14075,84,1
14075,30,1
14075,38,1
14076,37,1
14076,33,2
14076,39,1
14076,26,3
14077,88,2
14077,22,2
14077,21,3
14077,5,2
14077,67,3
14078,26,2
14078,83,3
14078,15,3
14079,13,1
14079,99,2
14079,83,2
14080,62,2
14080,16,1
14080,25,1
14081,80,2
14081,40,1
14081,82,3
14082,3,2
14082,71,2
14082,36,2
14083,7,2
14083,63,2
14083,20,3
14084,5,3
14084,31,3
14084,63,3
14084,51,2
14085,36,3
14085,93,1
14086,9,3
14086,100,3
14086,81,2
14087,74,2
14087,78,3
14088,39,1
14088,70,3
14089,31,2
14089,30,2
14089,10,3
14089,55,3
14090,29,2
14090,44,3
14090,98,2
14090,72,1
14091,68,3
14091,59,1
14091,44,2
14092,58,3
14093,56,3
14093,61,2
14093,66,1
14094,95,3
14094,87,2
14094,25,2
14095,100,1
14096,27,2
14096,16,2
14097,83,2
14097,52,3
14097,92,3
14098,65,3
14098,92,2
14098,95,1
14098,99,2
14099,79,2
14099,66,2
14099,28,3
14100,67,3
14100,62,1
14100,52,2
14100,47,3
14100,42,3
14101,9,1
14101,21,3
14101,33,3
14101,1,1
14101,20,2
14102,72,3
14102,19,3
14103,12,2
14103,11,3
14103,97,1
14103,71,1
14103,75,3
14104,50,2
14104,75,1
14104,52,2
14105,21,3
14106,81,1
14106,69,1
14106,77,2
14107,72,3
14108,67,3
14108,26,3
14108,47,3
14108,56,2
14109,72,2
14109,22,3
14109,5,1
14109,68,1
14109,8,1
14110,42,2
14110,44,1
14110,18,3
14110,32,1
14111,15,2
14112,3,3
14112,73,1
14112,26,1
14112,92,2
14112,98,2
14113,22,3
14114,17,3
14115,14,1
14115,12,3
14116,84,3
14116,97,3
14116,71,1
14116,80,3
14117,58,1
14118,19,1
14118,8,1
14118,89,1
14118,31,3
14118,21,1
14119,69,1
14120,22,1
14120,7,3
14120,51,2
14121,41,1
14121,86,2
14121,85,2
14121,82,2
14121,68,2
14122,44,2
14122,40,1
14122,5,3
14123,10,3
14123,56,3
14123,41,1
14123,75,1
14123,12,1
14124,84,1
14125,32,2
14125,30,3
14125,68,3
14125,61,1
14125,93,3
14126,47,1
14126,41,1
14126,14,2
14126,39,2
14127,29,1
14127,77,1
14128,90,3
14128,28,1
14128,88,3
14128,1,1
14129,61,2
14130,99,2
14130,16,3
14130,36,2
14131,25,2
14131,13,2
14132,95,2
14132,68,1
14132,91,3
14133,55,1
14134,34,1
14135,10,1
14135,4,1
14135,49,2
14136,65,3
14136,72,2
14136,98,1
14136,69,2
14136,95,1
14137,94,3
14137,58,1
14137,40,1
14137,66,2
14137,68,1
14138,97,3
14138,14,2
14138,41,1
14139,54,3
14139,56,2
14139,78,3
14139,69,2
14139,8,3
14140,43,2
14140,91,1
14141,40,2
14142,58,1
14142,81,3
14142,84,2
14142,96,2
14143,18,3
14143,92,1
14143,74,2
14143,19,1
14143,39,2
14144,63,3
14144,18,2
14144,95,2
14145,88,1
14145,99,2
14145,92,2
14145,66,3
14145,2,3
14146,25,2
14146,81,1
14147,11,3
14147,34,3
14148,10,3
14148,79,1
14148,45,1
14148,82,3
14149,28,3
14150,60,1
14150,29,2
14150,57,1
14151,69,2
14151,3,1
14152,19,3
14152,18,1
14153,58,2
14153,12,1
14154,69,3
14154,30,3
14154,80,3
14154,47,2
14155,91,2
14156,56,1
14156,2,1
14156,29,1
14156,83,1
14156,12,2
14157,23,2
14158,39,3
14158,98,3
14158,23,2
14158,88,1
14159,94,2
14160,21,3
14160,42,2
14160,62,1
14160,26,3
14161,38,2
14161,84,1
14161,48,2
14161,93,3
14162,33,1
14163,72,2
14163,23,2
14163,59,1
14163,27,3
14164,44,3
14165,16,1
14165,65,3
14165,96,2
14165,44,1
14166,3,3
14166,87,3
14166,35,1
14167,6,3
14167,26,2
14167,50,3
14167,87,1
14167,29,1
14168,54,3
14168,76,3
14168,86,2
14169,42,3
14169,41,2
14169,3,3
14169,68,1
14170,55,3
14170,63,1
14171,25,2
14171,89,2
14171,70,2
14171,68,2
14172,99,2
14172,59,2
14172,69,3
14172,77,1
14173,41,2
14173,54,3
14173,70,2
14174,42,1
14174,72,2
14174,44,1
14174,84,3
14175,40,2
14175,38,1
14175,26,3
14175,56,2
14176,82,2
14177,42,1
14178,11,2
14178,43,2
14178,93,3
14178,34,3
14179,95,2
14179,40,1
14179,68,3
14180,17,1
14180,58,3
14180,45,2
14180,78,2
14181,40,1
14181,57,3
14181,82,3
14182,66,1
14182,99,2
14182,26,2
14182,57,3
14182,60,2
14183,97,3
14184,52,3
14184,10,3
14185,73,1
14185,92,1
14186,60,2
14186,69,3
14186,72,1
14187,38,1
14187,18,2
14188,23,1
14188,57,1
14188,89,1
14189,54,2
14189,22,1
14189,64,2
14189,97,1
14190,75,2
14190,96,2
14190,33,1
14190,57,2
14190,94,3
14191,79,3
14191,13,3
14191,62,2
14192,19,2
14192,64,3
14192,70,1
14193,39,3
14193,3,1
14193,75,2
14193,34,2
14193,43,2
14194,46,3
14194,96,1
14194,53,2
14195,18,1
14196,68,3
14197,75,3
14197,29,2
14197,88,1
14197,86,3
14197,41,1
14198,17,1
14198,98,1
14198,88,2
14199,62,1
14199,58,3
14199,20,3
14200,53,3
14201,37,1
14201,82,1
14201,72,1
14202,70,1
14202,29,1
14202,49,2
14202,33,3
14202,89,3
14203,99,1
14203,34,3
14203,27,1
14203,66,3
14203,73,2
14204,32,3
14204,64,2
14204,63,3
14204,83,3
14205,97,3
14205,91,1
14205,35,1
14205,34,3
14206,19,1
14207,18,2
14207,51,3
14207,28,3
14208,27,3
14208,76,3
14208,49,3
14208,1,2
14209,70,1
14209,41,2
14210,55,2
14210,41,1
14211,91,3
14211,20,1
14211,77,2
14211,7,2
14212,63,1
14212,37,1
14212,54,3
14212,99,3
14213,51,2
14213,8,2
14213,53,3
14213,38,3
14213,7,3
14214,47,3
14215,37,1
14216,92,2
14216,74,1
14217,24,2
14217,43,2
14217,79,1
14217,27,3
14218,19,2
14218,72,1
14219,33,3
14219,24,3
14219,10,3
14219,49,2
14220,79,1
14220,74,3
14220,21,3
14220,22,2
14220,65,1
14221,53,1
14221,96,1
14221,56,1
14222,97,3
14223,32,2
14223,48,2
14224,65,2
14224,47,3
14224,55,2
14224,42,3
14225,43,2
14226,99,3
14227,48,1
14228,27,3
14228,30,3
14229,75,3
14229,81,3
14229,15,1
14230,59,2
14230,72,1
14230,82,1
14231,65,2
14232,99,3
14232,36,1
14232,50,3
14232,92,1
14232,1,2
14233,55,3
14234,58,2
14235,57,2
14235,95,2
14236,95,3
14236,72,2
14236,71,2
14236,30,1
14236,86,2
14237,57,1
14237,23,2
14238,48,2
14239,86,2
14239,8,2
14239,36,2
14239,26,2
14239,4,3
14240,2,3
14240,57,3
14240,5,3
14240,93,3
14241,39,1
14241,98,2
14241,97,3
14241,15,3
14242,64,1
14242,19,1
14242,8,2
14243,86,2
14243,72,2
14243,94,3
14244,17,3
14244,18,1
14244,22,1
14244,69,3
14244,66,1
14245,12,1
14245,16,3
14245,64,1
14246,99,1
14246,68,2
14246,75,1
14247,85,3
14247,6,1
14247,44,1
14247,82,2
14247,66,1
14248,45,3
14248,38,1
14248,100,1
14248,47,3
14248,78,2
14249,16,2
14249,52,2
14250,37,3
14250,16,1
14250,61,1
14250,15,3
14251,99,1
14252,30,2
14252,70,1
14252,10,2
14252,32,3
14253,19,2
14253,17,1
14253,21,1
14253,8,2
14253,34,2
14254,4,1
14254,6,1
14254,99,3
14254,93,1
14254,63,3
14255,15,2
14255,73,2
14255,20,3
14256,74,1
14257,80,2
14257,65,3
14258,48,1
14258,33,2
14259,41,3
14259,65,2
14259,1,1
14259,69,1
14259,17,2
14260,49,1
14261,21,1
14262,95,1
14263,78,2
14263,39,1
14263,94,3
14263,11,1
14264,35,2
14264,83,2
14264,50,2
14265,64,2
14265,43,3
14265,27,2
14265,72,2
14266,93,1
14266,47,3
14267,10,2
14268,63,2
14268,88,2
14269,81,3
14269,63,1
14269,39,2
14270,18,2
14270,31,1
14270,22,3
14271,70,1
14272,61,2
14272,31,2
14272,99,2
14272,85,2
14273,57,1
14274,46,2
14274,78,3
14274,10,2
14275,81,2
14275,20,1
14275,23,1
14275,75,3
14275,54,2
14276,55,2
14277,5,3
14277,51,3
14277,10,2
14277,92,1
14277,60,3
14278,48,3
14278,54,3
14279,77,2
14279,35,3
14279,51,2
14279,67,2
14280,49,1
14280,76,3
14280,10,2
14281,59,3
14281,4,2
14281,75,2
14281,64,2
14282,30,2
14282,90,2
14282,55,1
14283,22,3
14283,12,3
14284,93,2
14284,55,2
14284,39,3
14284,27,1
14285,46,3
14285,94,2
14286,47,1
14286,62,2
14286,38,3
14287,75,2
14287,23,1
14288,8,1
14288,56,3
14288,31,1
14288,27,3
14288,92,1
14289,63,2
14289,36,2
14289,67,3
14289,92,2
14289,85,2
14290,44,1
14290,57,2
14290,12,2
14291,88,1
14291,19,1
14291,85,2
14291,24,1
14291,67,2
14292,55,2
14292,32,2
14293,5,1
14293,77,1
14293,90,1
14293,64,3
14293,38,1
14294,49,3
14294,25,1
14295,25,3
14295,61,2
14295,80,1
14295,19,2
14295,12,3
14296,17,3
14296,39,2
14297,70,1
14298,19,2
14298,33,2
14298,35,1
14298,56,2
14298,7,3
14299,55,3
14299,37,1
14300,98,1
14300,73,1
14300,63,2
14300,14,1
14301,48,3
14301,99,2
14302,32,3
14302,23,1
14302,95,2
14303,10,2
14303,84,1
14303,55,3
14303,73,1
14304,9,3
14304,93,3
14304,15,2
14304,78,3
14304,32,3
14305,31,2
14305,24,2
14305,4,2
14306,12,3
14307,25,3
14308,95,2
14308,56,3
14308,9,3
14308,59,1
14308,25,1
14309,88,1
14309,70,1
14310,45,1
14310,66,3
14310,25,2
14310,73,2
14311,31,2
14311,29,1
14311,45,3
14312,44,1
14312,94,1
14312,36,3
14313,76,2
14313,66,3
14313,56,2
14313,15,1
14313,89,1
14314,60,1
14315,80,3
14316,36,2
14316,83,2
14316,16,2
14316,32,2
14317,66,3
14317,88,3
14318,72,1
14318,48,3
14319,96,1
14319,75,3
14320,28,2
14321,3,1
14322,13,3
14322,67,1
14322,31,1
14322,56,1
14323,24,1
14323,58,1
14323,89,1
14324,65,3
14324,80,2
14324,83,3
14325,50,3
14326,30,1
14326,6,1
14327,79,1
14327,21,3
14328,65,2
14328,5,1
14328,43,3
14329,100,1
14329,99,2
14330,95,2
14330,57,2
14331,48,2
14332,85,3
14332,47,3
14332,86,2
14333,82,1
14333,100,1
14333,8,1
14333,30,2
14334,100,2
14334,98,1
14334,55,2
14334,58,2
14335,34,1
14335,49,3
14335,9,1
14335,85,1
14336,16,3
14336,34,3
14336,92,2
14337,33,2
14338,44,1
14338,38,2
14338,24,1
14339,20,3
14339,46,2
14339,4,1
14340,69,3
14340,30,3
14340,79,2
14340,62,2
14340,88,3
14341,1,3
14341,41,1
14342,90,3
14342,10,2
14342,40,2
14343,93,2
14343,8,2
14343,53,2
14343,67,3
14344,37,3
14344,85,2
14344,62,2
14344,42,3
14345,73,3
14345,42,3
14345,21,1
14345,74,2
14346,31,2
14346,9,3
14346,98,3
14346,13,1
14346,33,2
14347,6,3
14348,58,3
14348,11,1
14348,22,2
14349,26,2
14350,63,3
14351,72,2
14351,1,3
14352,38,1
14352,27,3
14352,51,3
14352,71,3
14353,96,2
14353,30,2
14353,23,3
14354,75,1
14354,62,2
14354,23,1
14355,85,2
14355,51,1
14355,27,2
14355,55,3
14356,7,2
14357,23,3
14358,21,2
14358,48,1
14358,51,3
14358,1,2
14359,9,3
14359,8,1
14359,14,1
14359,87,1
14360,51,1
14361,21,3
14361,36,3
14362,25,2
14362,96,1
14363,67,2
14363,26,2
14364,21,3
14364,76,2
14364,55,1
14364,11,2
14364,12,2
14365,13,1
14365,19,2
14366,97,1
14366,29,2
14366,87,2
14367,81,2
14367,24,3
14367,77,2
14367,56,2
14368,98,3
14369,13,3
14369,75,1
14369,35,2
14370,99,2
14370,33,1
14370,7,2
14370,5,2
14371,18,2
14371,98,1
14371,30,2
14372,20,1
14373,78,1
14373,79,2
14373,10,2
14373,64,2
14373,73,3
14374,6,2
14374,67,3
14375,71,1
14375,98,3
14375,19,2
14375,21,3
14375,85,1
14376,7,2
14376,35,2
14376,87,2
14376,74,1
14377,2,3
14377,77,1
14378,52,2
14378,2,3
14379,86,1
14379,10,2
14379,41,1
14379,11,3
14379,95,2
14380,90,2
14380,60,3
14380,47,1
14380,38,3
14381,10,2
14381,63,2
14381,50,2
14381,55,3
14382,94,1
14383,37,1
14383,88,3
14383,85,3
14383,32,1
14384,51,1
14384,63,1
14384,61,3
14385,81,3
14385,44,2
14385,80,2
14385,60,3
14385,93,1
14386,84,1
14386,41,1
14386,1,2
14387,41,2
14387,90,3
14388,31,1
14388,75,1
14389,54,3
14389,21,3
14389,97,3
14390,38,3
14390,9,1
14390,85,2
14390,42,2
14391,77,2
14391,75,1
14391,51,1
14391,23,2
14391,81,2
14392,40,1
14392,96,1
14392,10,3
14393,23,1
14393,73,2
14393,57,2
14393,19,1
14393,83,3
14394,98,3
14394,61,1
14394,53,2
14394,12,3
14395,15,2
14395,23,3
14395,42,3
14396,33,3
14396,41,3
14396,79,1
14396,96,2
14396,51,2
14397,30,3
14397,79,2
14397,88,2
14397,57,3
14397,64,3
14398,51,1
14398,9,2
14398,68,2
14398,80,3
14399,33,2
14400,35,1
14400,54,1
14400,63,3
14400,99,2
14400,49,2
14401,95,2
14401,56,3
14401,29,2
14402,73,2
14402,27,3
14402,90,3
14402,29,2
14403,32,2
14403,30,2
14403,53,1
14403,85,1
14404,5,3
14404,85,3
14404,81,3
14405,65,1
14405,49,3
14405,54,1
14405,7,3
14405,2,1
14406,14,3
14406,11,3
14406,72,1
14406,77,1
14406,79,2
14407,3,2
14407,74,1
14407,44,3
14408,18,2
14408,84,3
14408,4,2
14408,78,2
14408,93,3
14409,39,2
14409,63,1
14409,40,2
14409,11,2
14410,78,3
14411,51,2
14411,66,3
14411,39,1
14412,80,3
14412,99,3
14412,75,2
14412,6,3
14413,52,3
14414,50,3
14414,22,3
14414,36,3
14415,83,2
14416,65,2
14417,83,1
14418,9,3
14418,50,3
14418,58,1
14418,98,3
14419,1,3
14419,37,2
14419,6,2
14420,17,3
14420,90,3
14420,59,2
14421,20,2
14421,68,3
14421,80,1
14422,99,2
14422,32,3
14422,66,1
14423,64,1
14423,83,3
14423,12,1
14423,55,3
14424,79,1
14424,59,1
14424,45,3
14424,48,3
14424,97,1
14425,76,1
14426,17,1
14426,82,1
14426,88,2
14426,33,3
14427,18,2
14428,71,1
14428,1,1
14428,42,3
14428,70,1
14429,51,3
14429,62,3
14429,76,2
14429,57,1
14430,67,1
14430,43,2
14430,1,2
14430,6,1
14430,4,1
14431,53,1
14431,35,1
14431,27,2
14432,42,2
14432,96,3
14432,62,1
14432,10,1
14432,86,3
14433,68,2
14433,60,2
14434,83,2
14434,86,1
14434,61,2
14434,68,3
14435,82,1
14435,97,2
14435,34,1
14435,61,2
14435,57,2
14436,13,1
14436,36,3
14436,81,1
14437,84,1
14437,95,2
14438,42,1
14438,32,2
14438,71,2
14438,10,2
14439,12,1
14439,24,3
14440,25,1
14440,91,3
14440,68,2
14440,98,2
14441,9,1
14441,45,3
14441,56,2
14442,42,2
14442,69,2
14442,95,3
14442,48,3
14442,71,3
14443,88,1
14443,87,1
14443,47,2
14443,65,2
14444,6,2
14444,100,1
14444,62,2
14444,20,3
14444,93,2
14445,31,3
14445,9,1
14445,78,2
14446,95,1
14446,71,3
14446,3,3
14447,88,2
14447,27,1
14447,61,2
14447,82,3
14448,58,1
14448,37,3
14448,29,2
14448,56,3
14449,36,1
14449,38,3
14449,82,2
14449,20,1
14449,78,3
14450,87,1
14450,54,3
14450,35,1
14451,37,2
14451,68,1
14452,41,3
14452,85,2
14453,84,3
14453,46,2
14453,53,3
14453,5,1
14453,1,3
14454,36,1
14454,34,1
14454,46,3
14454,68,3
14455,95,1
14455,63,2
14455,62,1
14455,69,2
14456,81,1
14457,62,1
14457,83,3
14457,71,1
14458,90,3
14458,22,3
14459,71,2
14459,64,3
14460,9,3
14460,87,1
14461,83,2
14461,46,3
14461,61,2
14461,71,2
14462,20,3
14462,73,2
14462,13,3
14463,33,1
14464,62,1
14464,28,2
14465,65,1
14465,19,2
14465,88,2
14466,47,3
14466,6,3
14466,78,1
14467,54,2
14467,100,3
14467,10,2
14468,12,3
14468,67,1
14468,80,2
14468,42,2
14468,19,2
14469,95,2
14470,11,3
14470,52,2
14471,14,1
14471,62,3
14471,20,1
14471,8,2
14471,31,1
14472,88,3
14472,51,1
14473,93,3
14473,13,3
14473,9,3
14474,39,2
14474,68,2
14475,5,1
14475,60,3
14475,45,3
14476,67,1
14476,77,1
14476,3,1
14477,78,3
14477,59,3
14477,48,2
14477,3,3
14478,24,2
14478,95,2
14478,1,2
14479,21,1
14480,88,1
14480,12,3
14480,20,1
14480,73,3
14481,4,3
14481,91,1
14482,40,1
14482,31,1
14482,69,1
14482,62,1
14482,24,1
14483,34,3
14483,49,1
14484,23,3
14485,72,1
14485,97,2
14485,30,3
14486,12,1
14486,44,2
14486,5,1
14486,27,1
14487,91,3
14487,74,3
14488,91,2
14488,67,3
14488,20,3
14489,38,2
14490,4,2
14490,33,1
14490,69,3
14490,34,2
14490,49,1
14491,6,3
14491,31,1
14492,26,2
14492,34,2
14492,66,2
14492,14,1
14492,5,2
14493,19,1
14493,84,3
14493,33,1
14494,48,3
14495,46,1
14495,28,2
14495,19,1
14495,12,1
14496,16,2
14497,1,3
14497,11,2
14497,81,3
14497,14,2
14497,24,2
14498,95,3
14498,98,1
14498,6,3
14498,52,2
14499,16,3
14499,48,3
14500,66,1
14500,34,2
14501,37,2
14501,41,1
14501,66,3
14502,14,3
14503,89,1
14503,51,3
14504,5,3
14504,94,2
14504,58,1
14504,8,3
14504,66,3
14505,74,3
14505,13,2
14505,15,3
14505,69,3
14506,21,3
14506,27,2
14506,26,3
14506,18,1
14506,59,3
14507,15,1
14507,87,1
14507,50,3
14507,58,3
14508,56,3
14508,4,2
14508,67,2
14508,16,3
14509,86,3
14509,100,1
14509,73,3
14509,34,1
14510,32,3
14510,61,3
14510,19,3
14510,43,3
14510,15,1
14511,87,2
14511,59,3
14512,82,3
14512,24,2
14513,55,3
14514,28,2
14514,36,3
14514,62,3
14514,80,1
14514,47,3
14515,55,3
14515,35,2
14515,29,3
14516,29,1
14516,3,2
14516,69,3
14516,68,1
14517,47,3
14517,6,3
14517,3,2
14518,44,1
14518,39,2
14518,78,2
14518,89,3
14519,97,3
14519,63,3
14519,49,2
14519,28,2
14520,64,3
14520,4,1
14520,52,2
14520,92,3
14521,74,2
14521,17,1
14521,7,3
14521,99,3
14522,21,3
14522,67,3
14522,2,2
14523,94,2
14523,49,1
14524,70,2
14525,4,2
14526,25,2
14526,2,1
14526,67,3
14526,47,3
14527,76,2
14527,35,2
14527,9,3
14527,95,3
14527,23,1
14528,74,2
14528,63,3
14528,54,3
14528,13,1
14529,42,3
14529,37,3
14530,85,1
14530,94,1
14530,19,1
14530,5,1
14530,62,3
14531,68,1
14531,38,2
14531,25,3
14531,34,2
14531,61,1
14532,15,3
14532,83,1
14532,40,1
14533,26,3
14533,86,3
14533,27,2
14533,87,2
14533,35,2
14534,9,1
14535,70,1
14535,48,3
14536,35,2
14537,69,1
14537,96,3
14537,98,2
14537,22,1
14537,87,3
14538,5,1
14538,88,1
14538,53,3
14538,40,3
14538,15,2
14539,33,3
14540,7,1
14540,12,2
14540,82,2
14541,100,2
14541,46,2
14541,63,2
14541,33,3
14542,79,1
14542,90,2
14542,94,1
14542,72,3
14542,18,2
14543,67,2
14543,54,2
14543,21,1
14543,94,1
14544,31,2
14545,96,2
14545,8,3
14546,46,3
14546,32,2
14546,99,1
14546,6,2
14547,2,2
14547,34,3
14547,60,2
14548,22,2
14549,53,3
14550,24,3
14550,98,1
14550,16,2
14550,53,3
14550,95,2
14551,75,3
14551,65,3
14551,81,1
14551,46,2
14552,61,1
14552,3,2
14553,11,2
14553,74,3
14553,7,3
14553,40,1
14554,22,1
14554,69,1
14554,34,2
14554,60,3
14554,72,2
14555,28,3
14556,99,1
14556,79,1
14556,11,3
14557,32,2
14557,47,3
14557,2,2
14558,34,1
14558,87,2
14558,25,2
14558,1,3
14559,84,2
14559,73,2
14559,89,2
14559,94,2
14559,83,2
14560,10,1
14560,95,3
14560,84,3
14561,38,2
14561,34,2
14561,72,3
14562,36,1
14562,92,3
14563,78,2
14564,62,2
14564,78,2
14564,89,1
14565,60,3
14565,55,2
14565,93,3
14566,1,3
14566,90,1
14567,63,3
14567,76,1
14567,85,3
14568,98,1
14568,80,1
14568,18,2
14568,17,1
14568,38,3
14569,50,3
14569,54,1
14569,16,1
14570,64,2
14570,96,2
14571,82,3
14571,59,1
14571,99,3
14572,67,2
14573,93,3
14573,76,3
14573,23,3
14574,28,2
14574,3,3
14574,93,1
14574,7,1
14575,61,3
14576,43,2
14576,90,3
14576,29,1
14576,16,2
14577,60,3
14577,53,3
14577,47,1
14577,35,1
14578,83,3
14578,3,3
14578,37,2
14579,84,1
14579,64,1
14579,62,2
14579,22,3
14579,33,3
14580,68,1
14580,73,1
14580,42,3
14580,91,2
14581,43,1
14581,6,2
14581,13,2
14581,4,3
14582,66,2
14583,61,2
14583,26,2
14583,57,2
14583,72,1
14583,17,3
14584,27,2
14584,65,1
14584,28,2
14585,69,1
14586,15,3
14586,72,1
14587,83,1
14588,51,3
14588,79,3
14588,65,1
14588,73,2
14589,22,2
14590,33,1
14590,93,3
14590,74,3
14591,41,3
14591,26,3
14592,74,1
14592,93,3
14592,41,3
14592,82,2
14593,89,3
14593,47,1
14594,86,3
14594,13,2
14594,21,3
14595,36,3
14596,94,1
14596,66,1
14596,46,3
14597,64,2
14597,87,3
14598,54,1
14599,18,2
14599,84,1
14600,86,3
14600,64,2
14601,31,3
14601,14,2
14601,92,1
14601,69,2
14602,91,3
14602,9,2
14602,20,1
14602,28,1
14602,44,1
14603,57,2
14603,45,1
14603,44,3
14603,84,3
14604,41,2
14604,99,1
14604,10,1
14604,94,1
14604,45,2
14605,100,1
14605,31,2
14605,40,3
14606,80,1
14606,19,2
14607,22,1
14607,94,1
14607,67,3
14607,80,2
14607,82,3
14608,52,3
14608,78,1
14609,4,3
14609,14,2
14609,86,2
14609,92,1
14610,52,2
14611,26,1
14611,86,3
14612,93,1
14612,8,3
14612,30,1
14613,56,2
14614,18,2
14614,16,2
14614,40,1
14614,9,1
14615,65,2
14615,84,3
14615,72,2
14615,42,2
14615,37,3
14616,88,3
14616,30,3
14616,15,3
14616,7,2
14616,38,1
14617,86,1
14617,84,3
14617,15,3
14617,81,2
14617,28,1
14618,8,3
14618,85,1
14618,7,3
14618,13,1
14618,5,2
14619,41,1
14619,81,1
14619,47,3
14619,35,1
14619,52,1
14620,63,2
14620,10,3
14620,80,1
14620,64,3
14621,77,2
14622,11,1
14623,76,1
14623,13,2
14623,83,2
14623,66,3
14623,62,3
14624,5,2
14625,89,2
14626,46,1
14626,14,3
14626,9,1
14627,20,1
14627,66,3
14627,70,2
14627,68,3
14627,36,1
14628,13,3
14628,83,2
14628,60,1
14628,16,3
14629,68,1
14629,6,1
14629,31,1
14629,100,1
14630,48,2
14630,98,3
14630,100,2
14630,85,2
14631,88,3
14631,3,2
14631,96,3
14631,45,1
14632,36,3
14632,78,2
14632,51,3
14632,43,1
14632,21,3
14633,96,2
14634,61,3
14634,78,3
14634,1,1
14635,29,1
14635,57,2
14636,69,3
14636,57,1
14636,89,2
14636,62,3
14637,23,3
14637,45,2
14638,45,1
14638,56,1
14639,19,3
14639,3,3
14639,48,1
14640,84,3
14640,83,2
14640,88,3
14640,68,1
14641,80,2
14641,89,1
14641,49,1
14642,33,1
14643,85,1
14643,95,2
14643,90,2
14643,27,2
14644,33,2
14644,41,2
14644,72,2
14644,56,2
14645,25,2
14645,81,1
14646,70,1
14646,15,2
14646,39,1
14646,41,1
14646,81,3
14647,28,2
14647,61,3
14648,3,1
14649,60,2
14649,14,3
14649,93,2
14649,13,2
14649,72,1
14650,41,3
14650,37,1
14650,66,1
14650,25,1
14651,84,1
14651,50,2
14652,47,3
14652,96,1
14652,51,1
14652,89,2
14653,72,3
14653,74,3
14653,75,1
14653,10,1
14654,24,3
14655,81,1
14655,73,2
14655,66,3
14656,66,1
14656,68,1
14656,43,1
14657,84,1
14657,42,3
14658,20,3
14658,50,2
14658,90,1
14658,67,3
14658,36,2
14659,95,3
14659,62,1
14660,100,1
14660,37,1
14660,52,2
14660,38,1
14661,84,1
14661,76,1
14661,30,1
14662,34,3
14662,58,2
14663,71,1
14663,23,2
14663,78,2
14663,33,2
14664,63,2
14664,72,3
14664,73,2
14664,28,2
14664,88,3
14665,59,3
14666,24,1
14667,78,3
14667,98,2
14667,13,3
14667,73,3
14668,25,2
14669,51,2
14669,50,1
14669,65,3
14669,55,2
14669,95,1
14670,74,2
14670,62,3
14670,55,1
14671,76,2
14671,9,2
14671,56,3
14671,84,1
14671,1,2
14672,91,1
14672,23,1
14672,77,1
14672,68,3
14673,39,3
14673,31,3
14674,90,3
14675,80,1
14676,67,1
14676,57,1
14676,92,1
14676,94,2
14677,56,1
14677,10,2
14677,28,3
14677,89,2
14677,96,2
14678,91,3
14678,31,1
14678,66,1
14678,28,1
14679,38,3
14679,20,2
14680,32,1
14681,54,1
14681,67,2
14681,42,1
14681,48,3
14682,8,1
14682,62,1
14683,55,3
14683,44,3
14683,33,2
14683,27,2
14683,19,3
14684,41,1
14684,16,2
14684,49,3
14684,50,3
14684,25,1
14685,28,3
14685,1,2
14685,98,1
14686,87,1
14686,23,3
14686,58,1
14686,77,2
14687,27,1
14687,54,2
14687,80,1
14688,56,1
14688,66,3
14688,26,3
14689,29,2
14689,48,1
14689,11,2
14689,24,3
14690,27,1
14690,43,3
14690,30,3
14691,81,2
14691,89,2
14691,42,1
14692,62,2
14692,5,1
14692,96,2
14693,76,1
14694,1,3
14694,63,3
14695,80,3
14696,76,1
14696,97,3
14696,96,3
14696,95,2
14696,53,3
14697,86,3
14697,74,2
14697,46,3
14698,1,2
14698,64,3
14699,70,1
14699,97,3
14699,52,2
14700,99,3
14700,6,3
14701,75,3
14702,71,2
14702,37,3
14703,4,3
14703,54,1
14703,18,3
14703,88,3
14703,63,1
14704,29,2
14704,36,2
14705,9,1
14705,68,1
14705,77,1
14705,53,3
14705,99,2
14706,72,1
14707,71,1
14707,41,3
14707,8,3
14707,15,3
14708,26,3
14709,88,1
14710,69,3
14711,98,2
14711,5,2
14711,75,1
14711,24,2
14711,47,2
14712,7,2
14712,29,1
14712,61,1
14712,68,2
14713,98,3
14713,31,1
14714,79,1
14714,33,1
14714,38,3
14715,11,1
14715,82,3
14716,20,2
14716,12,3
14716,70,3
14716,24,2
14717,55,1
14717,32,2
14717,49,1
14718,43,3
14718,10,3
14719,15,1
14719,67,3
14719,2,1
14719,62,3
14719,65,2
14720,30,1
14720,74,2
14721,2,3
14721,5,2
14721,73,1
14721,67,2
14721,71,1
14722,11,2
14722,46,3
14722,56,2
14723,92,1
14723,7,1
14723,65,3
14723,15,2
14723,85,1
14724,19,3
14724,14,1
14724,16,1
14724,18,2
14725,55,2
14726,3,2
14726,75,1
14726,19,1
14726,18,2
14726,1,2
14727,78,3
14727,8,2
14727,69,3
14727,20,3
14728,83,2
14728,22,1
14728,65,1
14728,24,1
14728,78,2
14729,87,3
14729,69,2
14729,42,1
14729,22,1
14730,6,1
14730,70,2
14730,62,2
14730,1,2
14731,45,3
14731,61,1
14731,1,1
14732,66,2
14732,24,2
14732,50,2
14733,50,2
14734,51,2
14734,52,3
14734,50,2
14735,63,1
14735,78,3
14736,19,1
14736,56,1
14737,22,3
14737,95,1
14738,55,3
14738,96,3
14738,78,2
14739,21,2
14740,39,3
14740,49,1
14740,71,1
14740,80,3
14740,2,1
14741,56,2
14741,84,1
14741,24,2
14742,92,2
14743,40,2
14743,65,2
14743,16,1
14743,20,1
14743,18,1
14744,96,1
14744,81,1
14744,97,1
14744,57,3
14744,82,2
14745,48,2
14746,5,2
14746,48,2
14747,11,2
14747,53,2
14748,62,2
14749,25,2
14749,45,2
14749,59,3
14749,99,1
14749,19,2
14750,30,2
14750,58,2
14750,98,3
14750,13,2
14751,83,2
14751,15,1
14751,3,3
14751,43,3
14752,15,2
14752,98,2
14752,35,2
14752,34,1
14752,23,2
14753,36,2
14754,48,3
14754,86,2
14754,41,1
14755,23,2
14755,51,3
14755,9,3
14755,29,1
14755,83,3
14756,5,2
14756,12,3
14756,4,2
14757,45,2
14757,24,3
14757,25,1
14757,6,3
14757,31,1
14758,69,3
14759,62,2
14760,9,3
14760,86,3
14760,69,1
14761,22,2
14761,69,1
14761,49,2
14761,20,3
14761,64,3
14762,87,1
14762,71,3
14762,41,2
14762,65,2
14763,96,1
14764,69,1
14764,34,3
14764,3,1
14765,5,3
14765,91,2
14765,46,2
14765,2,3
14766,37,1
14767,38,3
14767,33,2
14767,22,2
14767,24,3
14768,12,1
14768,96,1
14768,8,2
14768,62,1
14769,29,2
14769,26,1
14770,44,2
14770,56,3
14770,8,1
14770,68,2
14770,74,3
14771,66,1
14771,99,2
14771,92,2
14771,41,3
14771,53,2
14772,61,2
14772,77,1
14772,17,3
14773,3,1
14773,8,3
14774,6,1
14774,16,1
14774,34,2
14774,36,1
14774,72,2
14775,55,1
14776,58,1
14776,94,2
14776,57,3
14776,80,3
14776,83,1
14777,2,2
14777,79,1
14777,6,3
14777,61,2
14777,42,2
14778,30,1
14778,61,3
14778,27,1
14778,67,2
14779,39,1
14779,93,2
14779,4,3
14779,82,1
14779,21,1
14780,74,2
14780,45,2
14780,38,3
14780,53,2
14781,49,2
14782,59,2
14782,65,1
14782,61,3
14783,85,2
14784,63,3
14784,98,1
14785,34,1
14785,11,2
14785,86,1
14785,73,3
14786,15,1
14786,43,2
14786,55,2
14786,37,3
14786,39,3
14787,98,3
14787,73,1
14788,72,3
14788,14,3
14789,89,1
14789,73,2
14789,36,2
14789,44,3
14789,19,1
14790,56,2
14790,4,1
14791,42,2
14791,50,3
14791,60,2
14791,79,3
14792,17,3
14792,68,1
14792,45,2
14793,42,1
14793,66,1
14794,85,3
14794,12,2
14795,11,3
14796,60,1
14796,30,1
14796,68,1
14796,26,3
14797,72,2
14798,5,2
14798,40,2
14798,78,3
14798,94,1
14798,14,1
14799,79,3
14799,25,2
14799,92,3
14800,82,3
14800,27,3
14800,66,2
14800,83,2
14801,3,1
14801,2,2
14802,9,1
14802,36,1
14802,100,3
14802,48,2
14802,93,2
14803,1,1
14803,5,3
14804,77,1
14804,18,2
14804,91,1
14804,71,1
14805,69,2
14805,7,1
14805,4,3
14805,61,1
14805,27,1
14806,70,1
14806,97,2
14807,59,3
14807,57,3
14807,25,2
14807,97,3
14808,71,2
14808,48,2
14808,86,3
14809,94,1
14809,4,3
14810,32,1
14810,7,2
14810,38,2
14811,64,2
14811,39,2
14811,95,1
14811,3,2
14811,24,2
14812,100,3
14812,39,1
14812,1,3
14813,75,3
14814,42,2
14814,37,1
14814,29,1
14814,15,2
14814,43,1
14815,84,3
14815,56,1
14815,55,3
14815,39,2
14815,61,2
14816,9,1
14817,70,3
14817,48,2
14817,72,2
14818,3,2
14818,4,2
14818,79,3
14818,76,1
14819,86,3
14819,63,2
14819,37,3
14819,71,3
14819,60,3
14820,98,2
14820,30,2
14821,87,3
14822,53,1
14822,38,1
14822,27,3
14822,73,2
14822,30,3
14823,47,1
14823,20,3
14823,15,2
14823,14,1
14824,6,2
14825,61,1
14825,85,2
14825,39,1
14825,97,3
14826,57,1
14827,99,1
14827,52,1
14827,67,1
14827,77,3
14828,93,2
14828,52,3
14828,25,1
14828,21,2
14829,16,2
14829,4,1
14829,55,1
14830,35,2
14831,73,1
14831,66,2
14831,16,1
14831,17,2
14832,99,3
14832,66,2
14832,40,3
14832,69,3
14832,65,3
14833,28,2
14833,86,1
14833,93,3
14833,88,2
14833,42,1
14834,56,2
14834,91,3
14834,26,2
14835,52,3
14835,8,3
14835,79,2
14835,25,3
14835,35,1
14836,23,3
14836,45,3
14836,71,1
14836,46,1
14837,25,1
14838,23,1
14838,71,2
14838,14,2
14839,40,1
14839,79,3
14839,32,2
14839,56,2
14840,17,2
14840,98,1
14840,11,1
14840,77,1
14841,34,2
14841,12,2
14842,75,2
14843,94,1
14844,7,1
14844,90,2
14845,43,1
14845,72,2
14846,43,1
14846,6,3
14846,57,3
14846,99,3
14847,23,1
14847,46,3
14847,12,1
14847,21,1
14847,5,1
14848,46,2
14848,92,3
14848,96,2
14848,79,1
14849,24,2
14849,5,1
14849,87,3
14850,74,3
14850,19,2
14850,70,3
14850,46,2
14850,72,2
14851,29,2
14851,70,2
14851,1,1
14851,45,1
14851,58,1
14852,58,2
14852,90,3
14852,40,2
14853,43,3
14853,7,3
14853,82,2
14853,13,1
14853,27,1
14854,7,2
14854,38,3
14855,93,3
14855,52,2
14856,11,2
14856,15,2
14856,39,1
14856,93,1
14856,50,2
14857,68,2
14857,94,3
14857,81,3
14857,6,3
14857,59,3
14858,93,2
14859,29,2
14859,73,2
14860,95,3
14861,3,1
14861,98,2
14861,8,1
14861,27,3
14861,59,1
14862,7,3
14862,57,2
14862,48,2
14862,46,2
14862,58,1
14863,26,1
14863,65,2
14863,7,2
14863,85,3
14863,79,1
14864,26,1
14864,43,1
14865,61,1
14865,19,1
14865,78,3
14865,74,3
14866,31,1
14866,37,2
14866,86,2
14867,65,2
14867,2,1
14867,51,2
14868,78,1
14868,20,2
14869,55,2
14869,27,1
14869,97,3
14869,94,1
14870,81,3
14870,52,1
14870,40,1
14870,16,3
14870,92,1
14871,63,2
14872,94,2
14873,66,3
14873,29,1
14873,6,1
14873,22,1
14873,70,2
14874,71,2
14874,18,2
14874,13,2
14874,22,3
14875,82,1
14875,15,3
14875,31,3
14876,34,2
14876,46,2
14876,57,2
14877,36,2
14878,17,3
14879,90,1
14880,85,2
14881,31,2
14881,44,3
14881,18,3
14882,30,2
14882,29,1
14882,68,1
14882,23,2
14883,11,2
14883,61,3
14884,71,1
14884,4,2
14884,75,1
14884,1,1
14885,8,1
14885,65,2
14886,41,1
14886,49,3
14886,100,3
14887,85,3
14887,7,2
14888,77,3
14888,37,2
14888,83,1
14888,76,3
14888,31,3
14889,8,2
14890,33,3
14890,75,3
14890,78,3
14890,36,2
14891,45,2
14891,3,1
14891,82,1
14892,76,1
14892,16,2
14892,82,2
14892,70,2
14893,57,3
14893,82,2
14893,81,1
14893,43,1
14894,79,3
14894,10,2
14894,82,1
14894,65,2
14895,95,1
14895,53,1
14896,71,3
14896,62,1
14897,35,1
14897,5,1
14897,14,1
14897,83,3
14898,5,2
14898,84,1
14898,34,2
14899,28,1
14900,11,3
14900,15,2
14901,11,3
14901,91,1
14901,85,1
14901,21,2
14901,75,3
14902,78,2
14902,95,1
14903,76,3
14903,17,3
14903,44,3
14903,54,1
14903,100,3
14904,100,3
14904,13,3
14904,90,3
14905,30,2
14905,93,3
14905,82,3
14905,5,1
14906,27,1
14906,76,3
14906,11,2
14906,34,3
14906,33,1
14907,23,3
14907,88,2
14907,61,1
14907,89,2
14907,76,1
14908,73,1
14908,33,1
14908,29,3
14909,70,1
14910,89,2
14910,17,3
14910,100,1
14910,26,1
14911,4,1
14911,30,1
14911,92,1
14911,53,2
14912,56,3
14912,42,1
14912,45,2
14912,22,2
14913,2,3
14913,42,2
14913,85,1
14914,84,1
14915,69,1
14915,100,2
14916,65,2
14916,60,3
14916,74,2
14917,95,2
14917,37,3
14917,51,1
14917,42,1
14918,59,2
14918,29,3
14919,42,2
14920,79,2
14920,11,1
14920,26,3
14920,14,2
14920,36,2
14921,56,3
14921,20,1
14921,10,2
14921,35,1
14922,40,1
14923,5,2
14923,52,3
14923,7,1
14923,48,3
14923,62,1
14924,11,3
14925,8,2
14925,34,3
14925,37,3
14926,7,3
14926,19,3
14926,92,2
14926,79,3
14927,34,3
14927,84,2
14927,64,1
14927,96,2
14927,94,2
14928,98,1
14928,51,1
14928,17,2
14928,81,2
14928,85,1
14929,41,3
14929,16,3
14929,5,3
14929,92,3
14929,63,3
14930,93,2
14931,29,1
14932,80,2
14933,78,1
14934,42,1
14934,26,3
14934,80,3
14934,62,1
14934,74,1
14935,78,1
14935,52,3
14935,34,1
14936,59,2
14937,97,2
14937,25,2
14937,49,2
14938,33,2
14938,50,3
14938,92,3
14938,55,2
14939,70,1
14939,23,1
14939,87,1
14939,8,1
14939,72,3
14940,42,1
14940,69,2
14940,19,1
14940,33,1
14941,67,2
14942,79,2
14942,40,3
14942,34,2
14942,22,1
14942,97,3
14943,67,1
14943,35,3
14944,63,2
14945,23,2
14945,8,3
14946,14,3
14946,39,2
14946,73,2
14946,16,3
14946,62,1
14947,100,3
14947,6,1
14948,99,1
14948,60,2
14949,46,3
14949,54,3
14950,93,1
14950,18,2
14950,44,2
14950,75,1
14950,69,3
14951,96,2
14951,39,2
14951,33,2
14951,31,1
14951,26,3
14952,61,1
14952,88,2
14952,89,2
14952,78,3
14952,30,1
14953,28,2
14953,17,1
14953,13,1
14954,78,1
14955,49,2
14956,78,1
14956,44,2
14957,45,1
14958,95,3
14958,36,2
14958,68,2
14959,81,2
14960,55,3
14960,14,1
14961,87,1
14961,82,1
14962,76,3
14962,1,3
14962,17,1
14963,3,1
14963,58,3
14963,42,3
14963,97,1
14963,33,3
14964,30,3
14964,44,1
14965,41,3
14965,89,2
14965,26,3
14966,47,3
14966,54,2
14966,78,1
14966,65,2
14966,7,1
14967,33,2
14967,52,2
14968,84,2
14968,97,1
14968,9,1
14968,65,1
14968,51,2
14969,63,1
14969,32,1
14969,49,3
14969,59,3
14970,44,2
14970,80,2
14971,47,2
14972,60,2
14972,48,3
14972,94,2
14972,69,1
14972,82,3
14973,23,1
14973,90,2
14973,64,3
14973,74,2
14973,98,2
14974,98,3
14974,77,2
14974,19,1
14975,83,1
14975,87,1
14975,9,1
14976,39,3
14976,85,2
14977,61,2
14977,98,3
14978,83,1
14978,24,3
14978,2,2
14979,23,1
14979,96,2
14980,30,3
14981,44,2
14981,54,1
14981,65,2
14981,30,1
14981,74,3
14982,100,1
14983,85,1
14983,58,2
14983,5,2
14984,60,3
14984,32,1
14985,15,3
14985,83,2
14985,19,2
14986,67,1
14987,54,2
14987,38,2
14987,47,1
14987,88,3
14988,23,1
14988,34,2
14988,27,3
14988,68,1
14988,87,1
14989,57,3
14989,56,2
14990,81,2
14990,21,2
14990,97,1
14990,76,3
14991,91,1
14991,41,2
14992,49,2
14992,45,3
14993,73,1
14993,33,1
14993,17,3
14994,39,1
14994,46,2
14994,22,1
14995,58,1
14996,95,1
14997,49,2
14998,78,2
14998,63,1
14998,42,1
14998,93,1
14998,17,3
14999,80,1
14999,6,1
15000,25,3
15000,90,2
15001,34,3
15001,4,3
15002,37,3
15002,2,1
15002,61,2
15002,28,1
15002,56,3
15003,9,3
15003,15,3
15003,50,3
15004,58,3
15005,10,3
15005,20,1
15005,60,1
15005,23,1
15005,53,1
15006,67,1
15006,94,1
15007,9,2
15007,91,1
15008,94,3
15009,65,3
15009,13,3
15009,16,1
15010,42,2
15010,15,1
15010,25,3
15010,45,2
15011,25,2
15011,58,3
15011,70,1
15011,94,2
15012,67,3
15012,66,2
15013,46,2
15013,4,3
15014,58,3
15015,37,3
15015,41,3
15015,68,3
15015,44,1
15015,63,1
15016,51,1
15017,51,3
15017,66,1
15017,75,1
15017,96,3
15018,64,3
15019,84,1
15020,81,1
15020,60,3
15021,49,3
15021,16,1
15021,48,2
15022,53,3
15022,65,1
15023,86,1
15024,43,2
15024,57,2
15025,68,3
15025,88,1
15025,67,3
15025,6,3
15025,54,2
15026,91,1
15026,19,2
15026,71,3
15026,53,1
15026,9,1
15027,47,3
15027,68,3
15028,99,3
15028,63,1
15028,23,3
15028,3,3
15028,28,3
15029,27,3
15029,72,2
15029,29,2
15029,59,2
15030,95,3
15030,90,3
15030,34,1
15031,33,1
15031,19,1
15031,76,2
15031,73,3
15032,27,1
15032,6,3
15032,32,3
15032,5,3
15032,57,1
15033,53,2
15033,54,2
15033,89,1
15034,73,1
15035,59,1
15035,72,1
15035,68,1
15035,37,2
15035,83,2
15036,97,2
15036,71,3
15036,95,3
15037,79,2
15037,65,1
15037,26,2
15037,22,3
15038,55,2
15039,89,2
15039,86,3
15039,22,2
15040,89,1
15040,3,2
15040,23,3
15040,21,3
15041,96,1
15041,47,2
15041,9,3
15041,100,2
15042,15,2
15042,45,1
15043,95,1
15043,50,2
15043,69,1
15044,43,1
15044,48,3
15044,45,2
15045,74,2
15045,57,1
15046,19,3
15046,27,1
15046,67,3
15046,34,1
15046,89,2
15047,11,3
15047,56,2
15048,61,2
15048,25,2
15048,45,3
15048,40,1
15049,33,1
15049,75,1
15049,64,2
15049,39,1
15050,19,3
15050,52,3
15050,22,2
15051,100,3
15051,32,3
15051,24,2
15052,15,2
15053,95,3
15054,78,2
15054,46,1
15055,50,2
15055,54,2
15055,8,3
15055,6,1
15056,29,1
15056,58,2
15056,78,2
15056,15,3
15057,91,2
15057,97,2
15058,100,1
15058,6,3
15058,94,1
15059,27,3
15059,82,3
15059,78,1
15059,4,2
15060,22,1
15060,70,3
15060,14,1
15060,79,2
15060,77,3
15061,42,1
15061,75,3
15061,1,2
15062,96,3
15063,54,1
15063,15,3
15063,31,3
15063,55,1
15064,86,1
15064,37,2
15065,42,3
15065,82,3
15066,56,3
15066,16,2
15067,52,2
15067,96,2
15067,65,1
15068,89,2
15068,75,3
15068,79,2
15068,54,3
15069,45,1
15069,64,3
15070,46,2
15071,58,3
15071,45,1
15071,91,2
15072,10,1
15072,96,2
15072,45,3
15073,70,3
15074,27,1
15074,86,2
15074,48,1
15074,58,3
15074,29,1
15075,15,1
15075,68,2
15075,60,2
15075,55,1
15076,73,2
15076,74,2
15076,43,3
15076,92,1
15076,66,1
15077,26,3
15077,44,2
15077,10,2
15077,77,3
15078,50,1
15078,1,3
15078,81,1
15078,32,2
15079,92,3
15079,16,3
15080,3,3
15080,9,3
15080,83,3
15080,37,1
15081,34,3
15081,60,1
15081,95,2
15082,44,1
15082,6,2
15082,10,1
15082,18,2
15083,22,2
15083,65,1
15083,20,2
15083,31,2
15083,50,1
15084,85,2
15084,87,2
15085,5,1
15085,66,2
15085,83,2
15085,51,1
15086,73,3
15086,96,2
15086,70,2
15086,32,2
15087,24,3
15088,47,1
15088,91,2
15088,82,3
15089,73,1
15089,77,3
15090,36,3
15090,59,3
15090,97,3
15090,3,2
15090,29,1
15091,48,3
15092,50,2
15093,50,2
15093,37,1
15093,49,1
15094,25,1
15094,46,1
15094,47,3
15094,100,2
15094,97,1
15095,32,1
15096,40,3
15097,37,2
15097,39,3
15098,48,2
15098,10,1
15098,63,3
15099,71,2
15099,48,1
15099,62,2
15099,22,2
15099,2,3
15100,10,3
15100,99,2
15100,38,3
15100,94,2
15100,96,3
15101,39,3
15102,73,1
15102,87,1
15102,72,1
15102,75,2
15102,32,1
15103,65,1
15104,25,2
15104,36,2
15105,71,2
15105,13,2
15105,7,2
15105,56,1
15106,31,2
15106,18,1
15106,28,3
15107,23,3
15107,57,3
15108,43,3
15108,82,3
15109,55,2
15109,56,2
15109,5,2
15109,2,3
15110,20,1
15111,97,3
15111,83,2
15111,29,1
15111,35,3
15112,2,1
15112,59,3
15112,74,1
15113,2,2
15113,1,3
15113,94,3
15113,14,1
15113,67,2
15114,76,3
15114,95,3
15115,92,1
15115,75,2
15116,30,2
15116,24,1
15117,9,1
15118,77,1
15118,15,1
15119,28,2
15119,16,3
15119,74,2
15119,66,2
15120,71,1
15120,44,3
15121,44,2
15122,73,3
15122,7,2
15122,11,1
15123,40,1
15123,29,1
15123,57,3
15124,86,1
15124,1,2
15125,45,2
15125,96,1
15125,22,1
15126,7,3
15126,62,3
15126,89,3
15127,15,3
15127,64,3
15128,76,1
15128,7,3
15128,36,3
15128,79,2
15128,83,1
15129,95,1
15129,69,3
15129,80,3
15130,85,2
15130,40,3
15130,17,1
15130,28,2
15130,42,1
15131,72,3
15131,65,1
15131,46,1
15131,44,1
15131,98,2
15132,46,3
15133,58,3
15133,91,1
15133,31,1
15133,21,1
15133,79,1
15134,36,3
15134,72,2
15135,26,1
15135,34,2
15135,1,1
15136,33,3
15136,93,1
15136,28,3
15136,56,2
15136,22,2
15137,58,3
15137,45,2
15137,96,2
15137,87,3
15137,29,1
15138,53,1
15138,62,1
15138,50,3
15138,8,3
15138,59,3
15139,12,3
15140,29,3
15140,93,3
15141,33,3
15141,67,1
15141,86,2
15141,100,1
15142,7,3
15142,16,1
15142,45,3
15143,69,2
15144,37,3
15144,92,1
15144,79,3
15145,15,3
15145,100,2
15145,22,2
15145,69,1
15145,66,3
15146,65,2
15146,60,2
15146,80,1
15147,55,2
15147,91,1
15147,12,2
15148,73,2
15148,82,2
15148,49,3
15148,54,1
15149,76,1
15149,88,1
15149,23,3
15150,31,3
15150,29,1
15151,26,2
15152,8,3
15152,25,3
15152,97,2
15152,53,3
15152,23,2
15153,75,3
15153,5,3
15153,9,1
15153,22,1
15154,25,2
15155,48,1
15155,86,2
15155,92,2
15155,74,3
15156,96,3
15156,69,3
15156,68,2
15156,28,1
15157,29,3
15157,18,1
15157,78,2
15157,88,3
15158,4,3
15158,87,2
15158,45,3
15158,55,3
15159,59,3
15159,66,2
15160,100,3
15160,33,1
15160,62,1
15161,36,1
15161,14,2
15161,58,2
15161,88,2
15162,42,3
15163,37,3
15163,43,1
15164,63,1
15164,24,1
15164,98,2
15164,73,3
15164,68,1
15165,41,1
15165,6,2
15166,37,1
15166,22,1
15167,99,1
15167,27,3
15167,63,3
15167,15,1
15167,40,1
15168,11,3
15168,78,1
15168,39,3
15168,74,3
15168,17,1
15169,73,3
15169,48,1
15170,100,3
15170,23,1
15170,36,1
15171,5,2
15171,34,3
15172,17,2
15172,63,3
15172,76,2
15172,7,1
15172,23,3
15173,13,1
15173,51,3
15173,48,3
15173,77,3
15174,14,3
15174,70,1
15174,13,1
15175,71,2
15175,63,3
15175,60,1
15175,43,2
15176,97,1
15176,68,1
15177,43,1
15177,14,1
15178,70,1
15179,13,2
15179,85,1
15179,48,1
15179,14,1
15180,76,3
15180,7,2
15180,29,2
15181,73,1
15181,78,2
15181,24,2
15181,92,1
15181,81,3
15182,76,1
15182,46,1
15183,98,1
15183,59,3
15183,51,3
15183,69,2
15184,25,1
15184,68,2
15184,31,1
15184,33,2
15184,32,2
15185,56,1
15185,5,1
15185,44,1
15185,15,3
15186,84,3
15186,6,1
15187,34,1
15188,59,2
15189,43,3
15190,99,2
15190,42,3
15190,19,2
15190,60,2
15191,18,2
15192,71,3
15192,14,1
15192,40,2
15193,68,1
15194,27,1
15194,78,2
15194,54,2
15194,40,1
15194,95,2
15195,55,2
15195,92,2
15195,54,1
15195,65,1
15196,53,3
15196,45,1
15196,52,2
15196,41,2
15197,50,2
15197,58,1
15197,83,3
15197,15,2
15197,7,3
15198,26,1
15199,37,3
15199,15,3
15200,41,1
15200,29,1
15201,30,1
15201,92,2
15201,61,2
15201,82,3
15201,67,2
15202,26,1
15203,90,2
15203,93,1
15203,27,3
15203,51,2
15204,99,2
15204,19,2
15204,23,3
15205,58,2
15206,49,3
15206,34,3
15207,31,1
15207,34,2
15207,48,3
15208,73,1
15208,81,2
15209,55,3
15209,15,3
15209,32,3
15209,21,3
15209,66,1
15210,20,3
15210,26,2
15210,14,2
15210,82,3
15210,76,2
15211,98,3
15211,3,2
15212,15,3
15212,2,3
15212,27,1
15213,1,3
15213,76,3
15213,18,3
15213,49,2
15213,75,1
15214,71,1
15214,79,1
15214,97,1
15214,8,3
15214,33,2
15215,86,3
15215,51,2
15215,25,1
15216,15,2
15216,72,1
15217,49,3
15217,87,1
15217,68,1
15217,9,2
15218,83,2
15218,29,1
15218,37,3
15219,90,1
15219,74,2
15219,26,2
15219,41,2
15220,83,2
15220,93,3
15220,50,1
15220,42,3
15220,48,1
15221,46,3
15221,79,2
15221,11,3
15222,67,1
15222,44,2
15223,74,2
15223,20,3
15223,62,2
15223,18,3
15224,90,3
15224,45,1
15224,79,2
15224,98,2
15224,100,3
15225,49,1
15225,76,1
15226,71,2
15226,57,2
15226,94,1
15227,75,1
15227,64,1
15227,7,2
15228,79,1
15228,12,2
15228,18,3
15228,69,1
15228,43,2
15229,92,2
15229,42,1
15229,17,1
15229,54,3
15229,27,1
15230,17,3
15230,20,3
15230,28,3
15231,46,1
15232,61,2
15232,20,3
15232,83,3
15232,99,2
15232,23,3
15233,81,3
15234,23,1
15234,90,1
15234,7,1
15234,10,1
15234,87,1
15235,20,3
15235,58,1
15235,51,1
15235,11,1
15235,97,1
15236,84,1
15236,86,2
15236,32,3
15236,9,1
15236,74,1
15237,44,1
15237,36,2
15237,69,1
15237,15,2
15237,73,1
15238,25,1
15239,68,2
15239,36,2
15239,56,2
15239,80,1
15239,37,1
15240,61,2
15240,31,3
15241,79,1
15241,26,3
15241,33,1
15241,84,2
15241,83,2
15242,81,3
15242,52,2
15242,88,3
15242,40,3
15243,77,3
15243,80,2
15243,60,1
15243,84,1
15244,99,2
15244,9,1
15244,37,1
15244,13,3
15245,80,3
15245,96,1
15245,73,1
15246,58,3
15246,8,2
15246,34,1
15246,30,1
15246,46,3
15247,93,2
15247,9,2
15248,10,1
15248,89,3
15248,100,2
15248,91,2
15249,26,1
15249,9,1
15249,100,3
15249,94,2
15249,11,2
15250,80,2
15250,77,3
15251,29,2
15251,26,1
15251,22,2
15252,60,2
15252,15,3
15252,44,1
15252,14,1
15252,35,3
15253,32,3
15253,54,1
15253,69,3
15254,97,2
15254,50,2
15254,18,2
15254,6,3
15255,13,3
15255,9,3
15255,20,3
15256,42,3
15256,84,1
15257,2,1
15257,4,3
15257,96,3
15258,64,3
15258,4,1
15258,43,3
15259,66,1
15259,99,3
15259,1,3
15259,61,3
15260,25,1
15260,90,2
15261,89,1
15261,10,2
15261,85,2
15261,12,3
15262,22,1
15263,4,1
15263,65,3
15263,46,3
15263,20,2
15263,89,1
15264,89,3
15264,85,1
15264,44,2
15264,69,3
15265,75,3
15265,39,3
15265,59,3
15265,74,2
15265,62,2
15266,17,3
15267,20,2
15267,60,2
15267,96,1
15268,62,1
15268,79,3
15269,4,3
15269,8,2
15269,7,1
15269,92,3
15269,82,3
15270,98,3
15270,16,1
15270,3,1
15270,63,3
15270,8,1
15271,78,3
15272,15,1
15272,51,1
15273,18,2
15273,26,3
15274,90,3
15274,67,1
15274,94,2
15274,83,3
15275,41,1
15275,67,3
15276,27,3
15276,87,1
15276,16,1
15276,33,3
15277,100,1
15277,1,1
15277,99,2
15277,95,1
15277,84,3
15278,54,3
15279,75,2
15279,25,1
15279,24,3
15279,52,2
15280,74,3
15280,20,3
15281,56,2
15281,72,1
15282,43,3
15282,85,1
15283,58,1
15283,78,3
15283,66,1
15283,1,1
15283,92,1
15284,84,1
15285,69,3
15285,11,3
15285,56,3
15286,19,1
15286,93,2
15287,72,2
15287,44,2
15287,83,3
15287,61,2
15287,30,1
15288,69,1
15288,25,2
15288,33,3
15288,3,2
15289,23,1
15289,64,2
15290,69,2
15290,53,3
15291,44,3
15291,3,1
15291,32,2
15292,21,2
15292,7,1
15292,41,1
15292,38,1
15292,72,3
15293,19,3
15294,87,2
15294,14,3
15294,97,1
15294,59,1
15295,56,1
15295,11,1
15295,24,2
15295,65,2
15295,60,3
15296,74,1
15296,71,3
15297,43,1
15297,53,1
15297,62,2
15297,81,1
15298,89,3
15298,52,2
15299,85,2
15299,84,1
15299,65,1
15299,11,2
15299,67,1
15300,52,1
15300,59,1
15300,74,3
15300,79,1
15300,13,2
15301,36,1
15301,11,1
15301,3,3
15301,93,2
15302,39,3
15302,52,3
15302,1,1
15302,100,3
15302,46,1
15303,2,2
15303,81,2
15303,26,2
15304,63,3
15304,20,3
15305,59,3
15305,38,2
15305,36,3
15305,28,3
15305,99,2
15306,46,2
15306,19,2
15306,33,2
15306,64,1
15307,28,3
15308,47,2
15308,83,3
15308,6,1
15308,65,2
15308,68,3
15309,49,1
15310,23,3
15310,33,2
15310,12,2
15310,68,1
15311,41,1
15311,76,3
15311,46,2
15311,53,1
15311,13,3
15312,38,3
15313,95,3
15313,77,1
15313,64,1
15313,60,1
15313,19,2
15314,15,2
15314,39,2
15314,59,1
15314,2,3
15315,56,1
15315,99,2
15315,63,3
15315,86,3
15315,17,2
15316,75,1
15316,90,1
15317,83,1
15317,15,2
15317,69,3
15317,10,2
15317,57,2
15318,29,1
15318,72,3
15318,22,1
15318,68,2
15319,10,2
15319,18,2
15320,96,1
15320,43,3
15320,24,1
15321,55,3
15321,77,2
15322,50,1
15323,46,2
15324,4,3
15324,9,3
15324,35,1
15324,51,3
15324,86,2
15325,98,1
15326,2,1
15326,61,2
15326,36,1
15327,17,3
15327,37,3
15327,84,2
15327,24,1
15327,41,2
15328,68,3
15328,2,2
15328,22,3
15328,89,3
15328,7,1
15329,68,2
15329,33,2
15329,3,1
15329,23,1
15329,21,2
15330,52,3
15331,2,1
15331,50,3
15332,53,3
15332,71,2
15332,86,1
15332,37,2
15333,52,2
15334,90,1
15334,79,2
15334,28,2
15334,57,1
15334,34,3
15335,68,3
15335,8,2
15335,62,2
15335,22,3
15336,56,3
15337,52,3
15337,16,2
15337,78,2
15338,14,1
15338,76,2
15338,73,1
15339,26,1
15339,83,1
15339,71,3
15339,46,3
15339,31,3
15340,20,1
15340,98,1
15340,82,1
15341,5,3
15341,51,3
15341,50,1
15341,22,3
15342,26,1
15343,23,2
15343,95,3
15343,42,1
15344,89,3
15344,39,1
15344,60,3
15344,98,1
15344,52,3
15345,9,3
15345,57,2
15345,56,2
15345,72,3
15345,88,1
15346,24,1
15346,9,3
15346,41,1
15346,86,3
15346,73,2
15347,66,2
15348,3,2
15348,77,1
15348,26,2
15348,43,3
15348,17,1
15349,41,3
15349,60,1
15349,59,1
15350,57,3
15350,75,1
15350,1,1
15350,13,2
15351,93,3
15351,49,1
15351,61,1
15351,39,1
15351,62,1
15352,3,1
15353,51,2
15353,73,2
15353,40,1
15354,80,3
15355,51,2
15355,73,1
15355,27,3
15355,22,2
15356,73,3
15356,55,1
15356,54,2
15356,12,3
15357,29,2
15357,93,2
15358,51,1
15358,11,1
15359,44,1
15359,73,3
15359,90,2
15359,71,3
15359,5,1
15360,44,2
15360,76,1
15361,49,2
15361,67,2
15362,82,3
15362,29,1
15363,8,2
15364,59,2
15364,47,2
15364,27,3
15364,58,2
15365,13,2
15365,20,2
15366,32,2
15367,14,1
15368,52,3
15368,43,3
15368,24,3
15368,50,2
15369,63,2
15370,90,1
15370,48,3
15370,47,2
15370,49,1
15371,46,3
15371,4,2
15371,6,2
15371,27,1
15371,76,1
15372,37,1
15372,88,1
15372,77,1
15372,35,2
15372,76,3
15373,93,2
15373,46,2
15373,69,1
15373,86,1
15373,2,1
15374,84,3
15374,48,1
15374,63,1
15375,5,3
15375,68,3
15375,35,1
15375,49,3
15375,37,2
15376,89,2
15376,70,3
15377,91,2
15377,64,2
15377,86,1
15378,61,2
15378,2,1
15378,85,1
15378,27,3
15379,76,1
15379,100,2
15379,62,1
15379,96,2
15379,70,1
15380,41,1
15381,89,1
15381,74,1
15382,86,2
15382,31,2
15383,12,2
15384,30,1
15385,6,1
15385,60,1
15385,70,1
15386,16,3
15387,69,2
15388,60,3
15388,93,1
15388,90,3
15388,79,1
15389,23,2
15389,20,2
15389,9,3
15389,77,1
15390,43,2
15391,77,1
15391,65,1
15391,96,3
15392,54,1
15392,55,3
15392,35,2
15392,100,1
15392,10,3
15393,51,2
15393,22,3
15393,28,1
15394,33,1
15394,50,3
15394,17,3
15395,52,2
15395,46,2
15395,98,3
15395,43,3
15396,55,2
15396,32,1
15396,6,2
15397,90,2
15397,79,3
15397,12,1
15397,73,2
15397,10,3
15398,50,2
15398,82,1
15399,67,2
15399,99,3
15399,49,2
15399,33,1
15399,39,3
15400,66,1
15401,37,1
15401,94,1
15401,89,2
15401,57,2
15401,87,2
15402,33,2
15403,77,2
15403,60,3
15404,87,2
15404,97,1
15404,28,2
15405,65,1
15406,78,2
15407,78,2
15407,36,3
15407,22,3
15407,73,3
15408,69,1
15408,62,1
15408,42,2
15409,95,3
15409,69,1
15409,98,1
15410,82,1
15411,71,1
15412,13,3
15412,37,1
15413,77,1
15413,52,1
15413,95,1
15413,1,2
15413,68,1
15414,58,3
15414,82,1
15414,65,2
15415,15,2
15415,83,3
15415,26,2
15416,60,2
15417,44,3
15417,96,3
15417,25,2
15417,49,1
15418,100,1
15418,69,3
15419,80,3
15419,39,2
15419,15,2
15419,74,2
15419,67,3
15420,60,3
15421,69,2
15421,54,2
15421,13,1
15421,99,2
15422,75,3
15422,39,3
15422,87,1
15423,31,2
15424,29,2
15424,11,1
15425,42,2
15425,19,1
15425,100,1
15425,54,1
15426,25,2
15426,62,3
15426,15,2
15427,4,3
15427,6,3
15427,98,1
15427,21,3
15428,82,3
15429,62,2
15430,53,1
15430,58,3
15430,16,1
15430,14,2
15430,76,2
15431,3,1
15431,78,2
15431,25,1
15431,35,3
15432,37,3
15433,28,1
15434,6,3
15434,9,2
15434,16,1
15434,59,2
15435,51,2
15436,54,1
15436,30,2
15437,34,2
15438,73,3
15438,48,2
15438,65,3
15438,28,3
15439,93,1
15439,47,2
15439,62,3
15440,97,2
15440,32,1
15441,26,2
15442,83,2
15443,59,1
15443,100,2
15444,23,3
15444,17,1
15444,14,1
15444,50,3
15444,30,1
15445,69,2
15445,94,3
15445,20,2
15445,72,3
15446,16,3
15446,55,1
15446,64,3
15447,26,3
15447,16,2
15447,52,2
15448,75,1
15448,64,3
15448,21,1
15448,14,2
15449,34,1
15450,92,2
15450,42,3
15450,17,3
15451,50,3
15451,81,1
15451,23,3
15451,36,3
15451,98,2
15452,96,2
15452,57,3
15452,86,1
15453,6,1
15453,4,2
15453,44,2
15453,70,3
15453,53,1
15454,100,3
15454,99,1
15454,46,1
15455,9,3
15455,40,1
15455,88,1
15455,60,1
15455,61,2
15456,47,3
15456,23,2
15457,1,1
15457,53,2
15457,85,3
15457,16,1
15458,24,1
15458,44,1
15458,15,2
15458,38,2
15458,78,1
15459,7,3
15460,23,3
15460,43,1
15461,8,1
15461,78,2
15461,97,3
15461,88,1
15462,14,1
15462,40,2
15462,18,1
15463,40,2
15463,37,2
15464,5,3
15464,26,2
15464,62,2
15465,15,1
15465,32,2
15465,40,1
15466,67,2
15466,15,3
15467,81,2
15467,79,1
15467,10,3
15467,90,1
15468,38,3
15468,20,1
15469,76,2
15469,83,2
15469,95,3
15470,1,1
15470,79,1
15470,92,3
15470,18,2
15470,10,2
15471,15,2
15471,76,2
15471,3,1
15472,29,3
15472,35,2
15472,67,3
15472,63,3
15473,58,3
15473,63,3
15473,98,1
15473,88,2
15474,96,3
15474,18,1
15474,40,3
15474,42,3
15475,40,2
15475,19,2
15475,90,2
15475,25,3
15476,21,3
15476,56,1
15476,18,3
15476,69,2
15476,86,1
15477,25,1
15477,44,3
15477,39,1
15478,96,2
15479,18,2
15479,30,1
15479,98,3
15479,80,3
15480,78,3
15480,42,3
15481,6,3
15481,19,3
15481,59,3
15482,64,2
15482,53,3
15482,98,2
15483,23,3
15483,60,2
15483,8,3
15483,21,1
15483,41,3
15484,46,3
15484,41,3
15484,27,2
15485,7,2
15485,95,1
15486,45,3
15486,11,3
15486,56,1
15486,86,1
15487,16,3
15487,59,1
15487,68,1
15487,10,2
15488,43,1
15489,8,3
15489,68,1
15489,20,3
15490,39,1
15490,21,3
15490,61,3
15490,56,3
15490,5,2
15491,67,3
15491,70,1
15492,52,3
15492,67,3
15492,49,2
15492,77,3
15492,63,2
15493,84,1
15493,95,3
15494,26,1
15495,92,3
15495,61,3
15495,99,1
15496,69,1
15496,73,2
15497,12,3
15497,88,1
15498,78,3
15498,55,1
15498,80,1
15499,38,1
15500,50,1
15501,75,2
15501,38,2
15502,7,1
15502,87,3
15503,1,1
15504,35,2
15505,15,2
15506,81,1
15506,100,2
15506,31,2
15506,93,2
15506,80,2
15507,33,1
15507,61,1
15507,62,3
15507,81,1
15508,82,3
15509,54,3
15510,82,1
15511,20,2
15511,15,2
15512,92,3
15512,69,1
15512,66,1
15512,91,3
15512,74,2
15513,63,1
15513,41,3
15513,55,2
15514,25,3
15514,56,3
15514,22,1
15515,4,1
15516,64,3
15516,100,3
15517,10,3
15517,28,1
15517,37,3
15518,67,1
15518,49,1
15518,70,2
15518,38,3
15518,8,3
15519,19,2
15519,74,3
15519,2,1
15520,73,3
15520,34,1
15520,62,3
15520,74,3
15521,71,2
15521,11,3
15521,18,3
15522,25,1
15522,19,2
15522,53,3
15522,81,1
15522,76,2
15523,52,3
15523,32,3
15524,5,2
15524,69,1
15525,94,2
15525,85,1
15525,55,1
15526,70,3
15526,19,1
15527,2,2
15527,69,1
15527,13,1
15528,21,2
15528,84,1
15528,14,1
15528,33,1
15529,97,2
15530,96,1
15530,18,2
15530,62,2
15530,90,2
15530,58,3
15531,46,1
15531,79,3
15531,85,2
15531,23,1
15531,18,2
15532,88,2
15532,42,1
15532,63,3
15532,47,2
15533,62,2
15533,58,3
15533,73,3
15533,33,3
15533,29,2
15534,3,1
15534,14,3
15534,47,2
15535,6,1
15535,11,3
15535,68,3
15535,83,1
15536,83,1
15537,47,1
15538,96,2
15538,42,1
15538,8,3
15539,48,2
15540,57,2
15540,72,1
15541,4,1
15541,26,1
15541,95,2
15542,60,3
15542,28,2
15542,91,1
15542,15,2
15543,93,2
15543,55,1
15544,81,2
15544,3,1
15544,67,2
15545,63,3
15546,54,2
15546,69,2
15546,82,2
15546,35,3
15547,55,2
15548,20,1
15548,77,2
15548,97,2
15548,4,3
15549,75,3
15550,99,1
15550,25,3
15551,40,2
15551,53,1
15551,59,1
15552,56,2
15552,25,1
15553,10,2
15553,39,1
15554,54,3
15554,23,1
15555,30,3
15555,39,2
15555,91,2
15555,74,1
15556,2,1
15556,73,3
15556,62,2
15557,68,1
15557,87,3
15558,37,3
15558,83,1
15558,57,3
15559,2,1
15560,70,3
15561,9,3
15561,62,1
15561,4,2
15561,97,1
15562,8,1
15562,71,1
15562,17,1
15562,72,1
15562,12,2
15563,62,2
15563,70,2
15563,34,3
15563,85,2
15564,50,2
15564,99,1
15565,97,1
15565,67,2
15565,77,2
15565,51,2
15565,68,2
15566,21,1
15566,48,3
15566,53,2
15566,42,3
15567,13,2
15567,17,3
15568,69,3
15568,86,3
15568,83,1
15568,78,1
15569,25,1
15569,70,3
15569,79,2
15570,85,2
15570,58,2
15571,32,2
15571,56,3
15572,22,1
15572,96,1
15572,85,3
15572,33,1
15573,12,2
15573,21,1
15573,33,2
15574,50,3
15575,84,1
15576,100,2
15576,23,3
15576,79,2
15577,50,2
15578,56,2
15579,99,2
15580,73,2
15581,43,2
15581,88,1
15581,37,1
15582,78,1
15582,87,3
15583,62,2
15583,16,3
15583,12,1
15584,30,2
15584,66,2
15585,48,1
15586,4,1
15586,64,2
15586,99,2
15587,83,2
15587,20,1
15587,51,2
15587,85,2
15588,12,2
15588,34,1
15588,43,2
15589,36,1
15589,64,3
15589,57,3
15590,76,2
15590,39,3
15590,2,2
15590,1,1
15591,62,2
15591,19,3
15591,25,1
15591,63,3
15592,16,1
15592,86,2
15592,64,2
15592,79,1
15592,76,1
15593,53,3
15593,25,3
15593,27,2
15593,72,2
15593,89,2
15594,59,3
15595,10,1
15595,59,2
15596,9,1
15596,61,1
15596,40,1
15597,49,2
15598,34,3
15599,72,2
15600,32,2
15600,67,3
15600,83,2
15600,77,3
15601,64,2
15601,61,2
15601,11,3
15601,1,1
15601,84,3
15602,35,1
15602,69,3
15602,100,1
15602,53,3
15603,77,1
15603,91,3
15604,14,3
15605,93,2
15605,34,1
15605,87,1
15605,75,3
15606,66,2
15606,26,3
15606,74,3
15607,12,1
15607,15,3
15607,67,3
15607,90,1
15607,55,2
15608,97,2
15608,73,2
15608,40,2
15608,37,2
15608,62,2
15609,84,2
15609,15,2
15609,42,3
15609,70,1
15610,52,2
15611,26,2
15611,48,3
15611,77,1
15612,31,1
15612,41,3
15612,36,2
15612,3,3
15613,37,3
15613,48,1
15614,87,3
15614,47,3
15615,61,3
15615,74,1
15615,96,2
15616,42,1
15616,61,2
15617,90,1
15618,77,1
15619,1,2
15619,22,3
15619,49,2
15620,21,2
15620,75,2
15620,59,1
15620,86,3
15621,17,3
15621,75,3
15621,14,3
15621,5,2
15621,51,1
15622,23,2
15622,81,3
15622,32,2
15622,3,3
15622,67,2
15623,57,2
15623,24,2
15624,85,1
15624,18,2
15624,79,2
15625,96,1
15626,57,2
15626,93,2
15627,56,2
15627,23,3
15627,60,2
15628,79,3
15628,2,1
15628,30,2
15628,16,3
15629,47,1
15629,37,2
15629,60,2
15630,47,1
15630,71,2
15630,95,1
15631,65,1
15631,24,2
15631,20,3
15631,3,2
15632,73,1
15633,95,3
15633,62,2
15633,75,3
15633,22,1
15633,44,2
15634,67,2
15634,1,3
15634,30,3
15634,14,3
15634,56,1
15635,7,2
15635,10,3
15636,43,3
15636,50,3
15637,2,3
15637,73,2
15637,97,1
15637,32,1
15637,65,2
15638,68,3
15638,42,1
15638,28,2
15638,94,3
15638,67,3
15639,87,2
15639,43,1
15639,9,2
15639,77,3
15639,36,1
15640,88,1
15640,85,3
15640,30,1
15640,47,1
15640,72,2
15641,27,3
15641,49,3
15642,16,3
15642,1,3
15642,85,2
15642,45,1
15642,68,3
15643,99,3
15643,19,2
15643,28,1
15643,13,3
15644,78,1
15644,3,1
15645,78,2
15646,35,3
15646,68,3
15646,63,3
15646,46,1
15647,6,2
15647,37,2
15647,44,3
15647,36,2
15648,100,2
15648,74,2
15649,23,2
15649,2,3
15649,26,1
15649,91,2
15649,95,1
15650,41,2
15651,86,3
15651,63,2
15652,47,2
15652,17,1
15653,89,3
15653,40,1
15654,45,2
15654,18,2
15654,33,3
15654,50,2
15655,83,3
15655,46,1
15655,79,3
15656,90,2
15656,47,2
15656,50,3
15657,23,1
15658,83,1
15658,80,3
15658,12,2
15658,48,3
15658,54,1
15659,30,3
15659,63,3
15659,25,1
15659,2,1
15659,21,2
15660,16,2
15660,13,1
15660,49,2
15660,67,1
15661,60,3
15661,38,2
15662,87,3
15662,17,1
15662,76,3
15662,50,1
15663,91,1
15663,1,1
15663,10,1
15663,18,2
15664,67,1
15664,28,2
15664,57,2
15664,62,1
15665,48,2
15665,95,2
15665,11,1
15665,30,1
15666,31,2
15666,66,3
15667,63,2
15667,71,2
15667,31,3
15667,3,2
15668,14,1
15668,51,2
15668,33,2
15668,29,1
15668,18,1
15669,79,1
15669,6,1
15670,91,1
15670,67,3
15670,36,1
15670,94,3
15671,91,2
15671,19,1
15672,5,3
15672,24,3
15672,59,3
15672,27,2
15673,13,2
15673,76,1
15673,40,3
15673,42,1
15674,16,2
15674,39,1
15674,51,1
15674,67,1
15674,73,2
15675,82,2
15675,42,2
15675,71,1
15676,40,1
15676,82,2
15676,46,2
15677,43,2
15677,75,3
15677,20,2
15677,29,1
15678,9,2
15678,88,2
15678,15,1
15679,18,2
15679,38,2
15679,48,1
15679,44,2
15679,69,3
15680,58,3
15680,13,2
15681,85,1
15682,24,3
15682,66,2
15682,8,3
15683,21,1
15683,81,2
15684,97,1
15684,51,2
15685,87,2
15685,75,1
15685,63,1
15685,10,2
15685,32,2
15686,71,1
15686,53,3
15686,29,3
15686,92,3
15687,31,3
15687,52,3
15688,22,3
15688,83,2
15688,65,3
15688,75,2
15688,9,3
15689,45,3
15689,97,3
15689,10,2
15689,84,3
15690,83,3
15691,85,3
15691,34,2
15691,23,1
15691,50,1
15692,96,2
15692,12,2
15692,52,3
15692,81,3
15693,52,3
15693,13,1
15694,50,2
15695,65,1
15695,66,1
15695,99,3
15696,66,3
15696,65,3
15696,82,1
15697,67,2
15697,72,1
15697,30,2
15698,35,3
15699,84,3
15699,16,1
15700,17,2
15700,40,2
15700,28,2
15700,81,3
15700,70,3
15701,67,3
15701,86,3
15701,78,3
15701,6,3
15701,30,1
15702,58,2
15702,74,3
15702,59,3
15703,65,2
15703,32,2
15703,3,1
15704,1,3
15705,69,2
15705,34,2
15705,15,3
15705,57,2
15705,18,1
15706,29,3
15706,71,1
15706,84,2
15706,4,3
15707,78,1
15707,11,2
15707,22,3
15707,14,3
15708,98,1
15708,2,3
15708,12,3
15708,43,1
15709,66,2
15709,72,1
15710,30,3
15710,84,2
15711,90,3
15711,91,3
15712,25,1
15712,32,3
15712,27,2
15713,41,3
15713,86,1
15713,83,1
15714,82,2
15714,55,2
15714,97,2
15715,41,2
15715,31,2
15715,47,3
15715,20,2
15716,67,2
15717,78,1
15717,48,1
15717,64,2
15717,9,1
15717,99,2
15718,53,2
15718,73,2
15718,51,1
15718,21,2
15718,84,1
15719,90,3
15719,23,1
15720,5,1
15720,68,1
15720,17,1
15720,48,3
15721,95,2
15721,15,1
15722,59,1
15723,69,1
15724,11,3
15724,10,1
15724,36,2
15724,74,2
15725,49,3
15725,79,1
15726,11,2
15726,40,2
15726,28,2
15726,16,3
15726,73,1
15727,97,2
15727,19,1
15727,13,2
15728,26,3
15728,42,1
15728,51,1
15728,95,1
15728,88,2
15729,52,1
15729,50,2
15729,2,1
15729,59,1
15729,81,1
15730,96,2
15730,91,3
15730,39,1
15730,2,2
15731,20,3
15731,33,3
15732,75,2
15732,58,3
15732,16,1
15732,93,1
15732,57,3
15733,88,3
15733,35,1
15733,36,2
15733,43,3
15733,19,2
15734,85,1
15734,70,3
15734,81,3
15734,99,1
15734,100,1
15735,68,2
15735,77,1
15736,12,2
15736,77,3
15737,2,2
15737,48,2
15737,17,1
15737,98,2
15737,86,1
15738,24,1
15738,13,3
15739,32,2
15739,20,2
15740,100,3
15741,81,3
15741,6,1
15742,68,1
15742,49,3
15742,96,3
15743,79,3
15744,67,2
15744,19,3
15745,79,3
15745,1,1
15745,2,1
15746,39,2
15747,10,2
15747,50,1
15747,80,2
15748,4,3
15749,38,3
15750,4,3
15750,64,2
15751,23,2
15752,63,2
15752,1,1
15753,73,2
15753,89,2
15753,52,1
15754,1,1
15754,92,3
15754,97,2
15755,19,3
15756,7,2
15757,49,1
15758,71,1
15759,75,3
15759,78,3
15760,24,3
15760,21,1
15760,93,1
15760,1,2
15761,68,1
15761,63,2
15761,51,2
15762,2,3
15762,71,1
15763,49,3
15764,84,1
15765,78,3
15765,44,1
15765,36,1
15765,43,2
15765,8,2
15766,48,1
15766,15,2
15766,78,1
15767,68,3
15767,61,1
15767,37,1
15767,95,2
15768,54,2
15768,62,1
15768,37,2
15768,71,1
15769,23,2
15769,71,2
15769,55,2
15769,12,2
15769,29,2
15770,12,1
15770,57,3
15771,12,1
15771,60,3
15772,45,1
15773,24,3
15774,56,3
15774,8,1
15774,57,2
15774,91,2
15774,17,3
15775,60,2
15775,20,3
15775,92,1
15775,7,3
15776,78,1
15777,11,3
15777,63,1
15778,13,1
15778,39,2
15778,81,2
15778,76,2
15779,68,3
15779,65,1
15779,94,3
15779,96,2
15780,63,2
15780,67,1
15781,14,1
15782,68,2
15782,28,2
15782,52,3
15782,76,3
15783,47,2
15784,95,2
15784,5,1
15785,47,2
15785,31,2
15786,78,1
15786,93,3
15786,85,3
15787,98,3
15787,67,1
15788,48,2
15788,76,1
15788,40,3
15788,58,2
15789,50,2
15789,99,2
15789,68,3
15790,78,1
15790,77,2
15790,56,2
15791,67,1
15791,60,3
15791,17,2
15791,19,1
15791,63,2
15792,55,3
15792,96,1
15792,61,1
15793,35,3
15793,50,2
15793,36,1
15794,19,2
15794,80,2
15794,18,2
15795,73,2
15795,2,1
15795,70,2
15795,15,2
15795,84,3
15796,99,1
15797,78,3
15798,59,2
15798,64,2
15798,27,3
15798,40,3
15799,39,3
15799,67,3
15800,58,1
15800,90,1
15800,22,2
15800,64,2
15800,8,3
15801,23,3
15801,46,3
15801,86,3
15801,98,3
15801,28,2
15802,15,2
15802,5,1
15802,83,2
15802,72,3
15802,34,3
15803,29,1
15803,94,1
15803,47,1
15803,66,3
15803,13,1
15804,67,1
15805,65,1
15805,68,1
15805,32,3
15805,30,1
15806,18,1
15806,58,2
15806,76,2
15806,45,3
15806,21,3
15807,45,2
15807,22,1
15807,17,3
15807,82,3
15807,86,2
15808,40,3
15808,1,2
15808,4,3
15808,87,1
15808,70,1
15809,47,1
15809,84,3
15809,11,1
15809,46,1
15810,73,1
15810,41,3
15810,3,2
15810,42,3
15810,89,1
15811,18,3
15811,4,1
15811,31,1
15811,11,1
15811,62,2
15812,27,2
15812,9,1
15812,56,1
15813,42,2
15813,70,3
15813,24,2
15813,19,1
15813,98,1
15814,61,2
15814,35,3
15815,6,1
15815,30,2
15816,68,1
15817,44,2
15817,47,1
15817,30,2
15817,62,3
15817,60,1
15818,88,2
15818,21,1
15818,15,3
15818,92,2
15819,52,3
15819,38,1
15819,100,1
15820,93,3
15820,98,2
15821,66,2
15821,17,1
15821,41,1
15822,45,2
15822,42,2
15822,49,3
15823,78,1
15823,36,3
15824,62,2
15825,51,1
15825,41,3
15826,37,2
15826,3,1
15826,25,3
15827,15,2
15827,79,3
15827,57,2
15828,76,3
15828,99,2
15828,85,3
15828,22,2
15828,25,3
15829,8,3
15830,3,3
15830,2,3
15830,64,3
15830,100,3
15830,41,2
15831,57,3
15832,24,1
15832,55,3
15832,96,3
15832,10,2
15833,98,3
15833,53,3
15833,45,3
15834,39,2
15834,20,3
15835,35,3
15836,8,3
15836,58,1
15836,43,3
15836,53,1
15836,31,3
15837,97,1
15837,76,1
15838,24,1
15839,50,2
15840,38,1
15841,32,3
15841,31,3
15841,68,3
15841,66,1
15842,72,2
15842,57,3
15842,27,1
15843,47,2
15843,49,2
15843,42,3
15844,69,3
15844,39,1
15844,54,1
15845,2,2
15845,11,1
15845,74,3
15846,93,1
15846,98,2
15846,24,2
15846,56,1
15846,99,1
15847,97,2
15847,61,1
15847,4,1
15847,50,1
15847,52,2
15848,20,1
15848,98,2
15848,27,2
15848,26,1
15848,79,2
15849,90,2
15849,53,2
15849,72,3
15850,74,2
15851,93,2
15851,19,2
15851,44,2
15851,3,3
15852,20,2
15852,2,1
15853,45,3
15854,75,3
15854,83,1
15855,17,1
15856,88,2
15856,61,1
15856,25,3
15856,49,2
15856,98,1
15857,56,1
15857,31,1
15857,8,2
15858,2,1
15858,47,1
15858,86,3
15858,9,1
15859,69,2
15859,68,2
15859,30,1
15859,64,3
15859,67,3
15860,50,1
15861,84,2
15862,87,2
15863,43,1
15863,81,1
15863,5,2
15863,54,2
15863,13,2
15864,20,1
15864,30,3
15865,24,3
15865,56,1
15865,42,1
15865,41,1
15865,87,3
15866,30,1
15867,4,2
15868,58,2
15869,71,3
15869,40,1
15870,59,1
15870,46,1
15870,100,1
15870,32,1
15870,43,3
15871,5,2
15871,62,1
15871,38,2
15871,12,2
15872,73,2
15872,71,2
15872,58,1
15872,91,1
15873,97,2
15874,72,2
15874,56,3
15874,97,2
15875,23,1
15876,68,1
15876,47,3
15876,7,1
15876,19,3
15877,30,2
15877,73,1
15878,17,3
15878,83,3
15879,69,2
15879,11,3
15879,24,2
15879,14,2
15880,20,3
15880,3,3
15880,63,1
15881,100,1
15881,11,3
15881,94,1
15881,1,2
15882,5,2
15882,53,2
15882,47,1
15883,99,2
15884,42,2
15885,36,3
15885,98,1
15885,68,1
15885,57,3
15885,85,3
15886,57,2
15886,69,2
15886,92,1
15886,46,3
15887,77,3
15887,12,1
15887,37,3
15888,28,2
15888,18,3
15889,66,1
15889,96,2
15889,99,3
15889,67,1
15889,35,1
15890,68,1
15891,17,1
15892,16,1
15892,49,1
15892,61,3
15892,4,2
15892,97,2
15893,2,2
15893,36,1
15893,92,1
15893,32,2
15893,76,1
15894,100,1
15894,96,3
15895,59,1
15895,13,3
15895,2,3
15896,38,1
15897,52,2
15897,31,3
15897,72,1
15897,20,2
15897,32,3
15898,89,3
15898,60,3
15898,85,3
15899,38,1
15899,46,1
15899,99,1
15900,73,3
15900,53,3
15900,19,2
15900,33,2
15901,8,2
15901,98,3
15901,93,1
15901,19,1
15902,60,1
15903,34,2
15903,93,3
15903,8,1
15903,68,2
15904,95,2
15904,23,2
15904,6,2
15904,92,1
15905,9,1
15906,69,3
15906,87,1
15906,62,3
15907,21,3
15907,92,1
15907,70,2
15908,38,3
15908,5,2
15908,32,3
15908,85,1
15908,99,3
15909,68,2
15910,44,1
15910,93,1
15910,32,2
15910,65,2
15911,53,2
15911,92,3
15911,61,1
15911,9,2
15912,43,2
15912,88,3
15912,15,1
15912,34,1
15912,98,2
15913,10,1
15913,30,2
15914,80,2
15915,98,2
15915,10,1
15915,41,1
15915,51,3
15916,73,2
15916,25,1
15916,46,3
15916,40,3
15917,19,2
15917,54,2
15918,50,3
15918,63,1
15918,31,3
15918,54,3
15918,97,1
15919,41,1
15919,21,1
15919,99,3
15919,51,2
15919,47,1
15920,48,2
15921,2,2
15921,27,3
15921,55,1
15922,61,1
15922,86,3
15922,82,3
15923,29,2
15923,52,1
15923,20,1
15923,22,1
15923,87,3
15924,48,1
15924,98,3
15925,61,1
15925,17,1
15925,16,3
15926,97,3
15926,46,1
15926,48,2
15927,62,3
15928,64,3
15928,87,2
15928,83,1
15928,4,2
15929,87,1
15930,88,2
15930,96,1
15930,97,2
15930,64,3
15930,23,1
15931,32,1
15932,48,2
15932,76,3
15932,18,2
15933,29,3
15933,6,2
15933,38,3
15934,53,2
15934,39,1
15934,5,3
15934,45,3
15935,15,1
15936,71,1
15936,86,3
15936,97,3
15936,67,2
15936,14,3
15937,75,1
15937,27,1
15937,31,2
15938,81,3
15939,12,1
15939,2,1
15939,91,1
15939,54,3
15940,82,1
15940,11,2
15940,30,3
15940,12,2
15940,92,3
15941,42,1
15941,54,2
15941,89,3
15942,55,1
15943,60,2
15943,52,3
15943,19,2
15944,86,2
15944,51,2
15944,32,3
15945,47,1
15945,85,1
15945,3,2
15946,74,3
15946,5,2
15947,2,2
15947,78,2
15947,42,2
15948,71,2
15948,79,2
15948,11,1
15949,76,1
15949,96,2
15950,34,3
15951,14,1
15951,27,2
15951,9,3
15952,12,2
15953,7,1
15953,85,2
15953,91,3
15954,32,3
15954,39,3
15955,48,3
15956,95,2
15956,63,2
15957,71,2
15957,68,3
15957,7,3
15958,68,2
15958,79,1
15958,85,1
15959,36,1
15959,35,2
15959,64,1
15959,38,1
15959,100,3
15960,9,1
15960,34,3
15961,13,3
15961,22,1
15962,16,2
15962,75,1
15962,67,1
15962,56,3
15962,91,3
15963,23,2
15963,55,3
15963,15,3
15963,8,1
15963,88,2
15964,8,2
15964,68,1
15964,25,3
15964,1,2
15965,69,2
15965,87,3
15965,97,2
15965,78,1
15966,86,2
15966,1,3
15966,71,2
15966,100,2
15966,37,1
15967,99,3
15967,86,3
15968,56,1
15969,54,1
15969,65,1
15969,25,2
15969,38,3
15969,19,3
15970,63,1
15970,94,1
15970,78,3
15970,8,1
15971,76,3
15971,15,1
15971,16,3
15972,99,2
15972,74,1
15973,84,1
15973,43,3
15974,46,2
15974,17,3
15974,39,3
15974,71,1
15975,5,2
15975,21,2
15975,74,2
15975,15,3
15975,94,1
15976,33,1
15976,15,3
15976,62,3
15976,49,1
15976,5,1
15977,14,3
15977,34,1
15977,29,2
15977,98,1
15978,7,1
15978,8,1
15978,89,2
15978,91,2
15978,17,2
15979,53,1
15979,43,2
15980,81,3
15980,52,2
15980,74,2
15981,94,3
15981,84,1
15981,18,3
15981,34,2
15982,73,3
15982,12,2
15983,59,1
15983,85,1
15983,96,2
15984,35,3
15985,24,1
15985,68,1
15985,28,3
15985,17,3
15985,85,2
15986,51,2
15986,63,1
15987,13,3
15987,29,3
15987,89,2
15987,63,3
15987,38,3
15988,22,3
15988,66,3
15988,79,3
15988,9,1
15989,89,1
15989,62,3
15989,38,1
15990,54,1
15991,10,3
15992,81,3
15992,66,2
15992,87,1
15992,43,1
15992,90,3
15993,27,3
15993,17,1
15994,3,2
15994,29,1
15994,71,2
15994,17,1
15995,9,2
15995,19,2
15995,84,2
15995,50,1
15996,88,1
15997,47,2
15997,45,2
15997,12,2
15997,60,3
15997,69,1
15998,8,1
15998,31,1
15998,12,1
15998,46,1
15999,88,3
16000,16,3
16000,73,1
16000,74,1
16000,22,2
16001,47,3
16001,26,3
16001,6,2
16001,73,3
16002,95,1
16002,96,1
16003,81,2
16003,88,2
16003,58,3
16003,47,2
16003,83,1
16004,51,3
16005,69,1
16005,84,1
16005,77,3
16006,21,3
16007,17,1
16007,86,3
16007,50,2
16008,80,2
16008,2,1
16008,48,3
16008,39,1
16008,36,3
16009,54,2
16009,12,3
16010,58,2
16010,99,1
16010,60,2
16011,63,1
16011,16,1
16012,100,1
16012,61,3
16013,7,3
16013,76,3
16013,53,3
16013,78,1
16014,60,3
16014,24,2
16015,69,2
16015,30,3
16016,95,3
16016,60,3
16016,75,2
16016,84,1
16017,63,3
16017,91,3
16017,47,2
16017,12,1
16018,86,1
16018,81,1
16018,85,3
16018,60,1
16019,52,3
16019,30,3
16019,20,3
16019,90,3
16020,70,2
16020,17,1
16020,46,3
16020,10,3
16020,48,2
16021,6,3
16021,86,1
16021,94,2
16021,55,2
16021,15,3
16022,35,2
16023,41,3
16024,48,1
16025,60,2
16025,95,2
16026,9,2
16026,33,1
16026,99,1
16026,36,3
16027,90,3
16027,1,1
16027,74,3
16027,56,3
16027,17,3
16028,38,1
16028,15,3
16029,64,2
16030,74,1
16031,15,3
16031,37,3
16031,93,1
16031,32,1
16032,68,3
16032,41,1
16032,23,2
16032,33,1
16032,4,3
16033,49,1
16033,81,1
16034,65,2
16034,81,1
16035,81,1
16035,13,3
16035,15,2
16035,6,1
16035,55,3
16036,52,2
16037,6,1
16037,29,1
16037,9,2
16037,97,1
16038,93,2
16038,67,3
16038,86,3
16038,76,2
16038,69,2
16039,19,2
16040,99,3
16040,16,2
16041,47,3
16041,95,3
16041,76,2
16042,80,1
16043,7,3
16043,71,2
16043,3,1
16044,56,2
16045,81,2
16045,52,1
16046,73,2
16046,64,3
16046,79,2
16046,77,3
16047,13,3
16048,37,2
16048,81,1
16049,45,3
16050,6,1
16050,35,2
16051,7,2
16051,49,2
16051,13,3
16052,52,3
16052,68,1
16052,23,3
16052,59,2
16053,41,2
16053,12,2
16054,89,3
16054,64,2
16055,85,2
16056,83,2
16056,48,2
16056,36,3
16056,58,2
16056,51,3
16057,35,1
16057,6,1
16058,52,1
16058,36,2
16058,67,3
16058,39,2
16058,49,1
16059,11,2
16060,15,2
16061,87,1
16061,100,2
16061,83,3
16061,74,1
16062,60,2
16062,98,3
16062,51,2
16063,34,2
16063,49,3
16063,20,3
16063,46,3
16064,39,1
16064,96,2
16064,71,3
16064,80,3
16064,6,2
16065,69,1
16065,46,3
16065,40,3
16066,84,3
16066,1,1
16066,15,3
16066,46,3
16067,88,3
16068,44,1
16068,96,3
16069,42,2
16069,81,3
16069,52,2
16070,1,1
16070,84,1
16070,89,1
16071,29,2
16071,4,1
16071,77,1
16071,65,2
16071,41,1
16072,16,2
16072,55,2
16072,59,1
16072,85,1
16073,96,1
16073,45,2
16074,49,1
16074,78,1
16074,62,2
16075,28,2
16075,5,1
16075,68,2
16075,8,2
16076,54,2
16077,4,2
16077,8,2
16077,52,2
16077,86,2
16078,30,3
16078,24,2
16078,51,2
16078,95,1
16078,42,3
16079,74,3
16079,1,1
16079,95,1
16079,65,3
16079,76,2
16080,58,1
16080,81,3
16080,27,1
16080,62,3
16080,1,2
16081,66,2
16082,35,2
16083,29,3
16083,40,3
16083,80,2
16083,75,3
16084,52,1
16084,94,3
16084,53,1
16084,61,3
16084,49,2
16085,93,3
16085,56,3
16085,49,1
16085,44,3
16085,85,1
16086,79,2
16086,43,2
16086,85,2
16087,49,3
16087,54,2
16088,98,2
16088,64,3
16089,16,3
16089,25,3
16089,63,1
16089,42,2
16090,37,3
16090,9,1
16091,50,3
16091,37,1
16091,34,2
16092,54,2
16092,45,2
16092,82,3
16092,9,2
16092,38,2
16093,70,2
16093,32,2
16093,6,1
16093,8,2
16093,41,1
16094,35,1
16095,68,3
16095,83,1
16095,22,2
16096,100,3
16096,43,1
16096,6,1
16096,64,2
16097,51,2
16098,6,1
16099,32,1
16099,22,3
16100,40,1
16101,52,3
16101,63,1
16102,30,1
16103,56,2
16104,29,3
16104,39,1
16105,100,1
16105,1,2
16105,59,2
16105,8,2
16106,7,3
16106,99,3
16106,87,2
16106,80,2
16107,15,1
16107,46,1
16108,49,3
16109,54,2
16109,6,3
16109,33,1
16109,71,3
16109,37,2
16110,7,2
16110,93,1
16110,87,3
16110,23,3
16111,22,3
16111,96,3
16111,71,1
16111,8,2
16111,29,1
16112,74,1
16112,28,2
16112,22,1
16112,57,1
16112,46,1
16113,57,2
16113,29,3
16114,59,2
16114,39,1
16114,28,3
16115,81,3
16115,45,1
16115,15,2
16115,95,2
16115,27,2
16116,37,2
16116,38,3
16116,97,1
16117,24,1
16117,17,1
16117,82,2
16118,90,3
16118,29,3
16118,4,1
16118,36,3
16118,97,1
16119,46,3
16119,77,3
16119,87,3
16119,58,1
16120,85,2
16121,42,3
16121,16,2
16121,94,2
16121,85,1
16121,96,1
16122,94,3
16122,63,3
16123,74,2
16123,19,3
16123,66,3
16123,84,1
16124,92,1
16124,36,3
16124,17,2
16124,68,2
16124,87,3
16125,78,3
16125,33,2
16126,88,3
16126,67,2
16127,37,3
16127,44,3
16127,24,2
16127,48,1
16128,74,3
16129,49,2
16130,20,2
16130,82,3
16130,9,1
16130,61,1
16131,25,3
16131,47,3
16131,75,3
16132,99,1
16133,1,3
16133,37,2
16134,2,2
16134,97,2
16134,64,2
16135,73,3
16136,27,3
16136,63,3
16137,19,1
16137,24,3
16138,2,1
16138,31,2
16138,40,1
16138,66,3
16138,13,3
16139,8,2
16139,87,3
16140,80,2
16140,1,3
16140,86,3
16140,19,1
16140,44,1
16141,2,3
16141,78,2
16141,85,2
16141,56,2
16142,61,1
16143,21,3
16143,98,3
16143,69,1
16143,56,3
16143,7,3
16144,23,3
16144,76,2
16144,30,3
16144,80,2
16144,57,1
16145,9,3
16145,82,2
16146,26,3
16146,98,2
16146,80,1
16146,85,2
16147,85,2
16147,45,2
16147,73,2
16147,2,2
16148,18,2
16148,74,2
16148,19,3
16148,98,3
16148,43,3
16149,78,2
16149,93,2
16150,58,2
16151,11,3
16152,75,1
16152,94,2
16153,1,2
16153,99,1
16153,31,2
16153,94,2
16153,55,3
16154,6,3
16154,9,1
16154,35,1
16155,98,2
16156,56,3
16156,40,3
16156,36,1
16156,51,2
16156,80,1
16157,94,1
16157,70,1
16157,72,3
16158,81,3
16159,58,1
16160,35,2
16160,96,1
16160,12,3
16161,19,1
16161,92,2
16161,73,1
16162,62,1
16162,80,2
16162,83,1
16162,58,1
16163,100,2
16163,91,1
16164,41,3
16164,8,1
16164,2,2
16164,92,2
16164,42,3
16165,13,2
16165,92,2
16166,95,3
16167,31,1
16167,13,3
16167,69,1
16167,83,2
16168,75,2
16168,44,2
16168,47,2
16169,96,2
16169,29,2
16169,20,1
16170,36,1
16170,53,2
16170,80,3
16171,26,3
16171,55,1
16171,17,2
16171,58,3
16172,40,2
16172,71,2
16172,79,2
16173,36,2
16173,97,1
16174,25,2
16175,13,2
16175,30,3
16175,66,1
16175,51,2
16176,84,1
16176,5,1
16176,51,2
16177,75,2
16178,29,1
16179,72,2
16179,59,1
16179,84,1
16180,33,2
16180,83,3
16180,68,1
16181,82,1
16181,6,3
16181,80,1
16181,73,1
16182,83,1
16183,81,1
16184,81,3
16185,73,2
16185,30,3
16185,74,1
16185,95,2
16186,63,3
16186,95,2
16186,88,3
16186,61,1
16186,24,3
16187,85,3
16188,46,2
16188,55,2
16188,100,3
16189,95,2
16190,8,2
16190,21,3
16190,3,3
16190,62,3
16191,65,3
16191,58,1
16191,34,2
16192,70,1
16192,24,3
16193,62,3
16193,81,2
16193,35,1
16193,6,1
16194,92,3
16194,69,2
16194,95,2
16194,14,3
16195,12,2
16195,88,1
16195,78,3
16195,75,3
16196,56,3
16196,34,3
16197,100,3
16197,59,1
16198,32,2
16198,34,3
16199,62,1
16199,5,3
16199,54,2
16200,81,2
16200,71,2
16200,38,1
16200,77,3
16201,58,1
16201,53,3
16201,91,1
16202,89,3
16202,70,3
16202,78,3
16202,54,2
16203,79,3
16203,32,2
16203,34,2
16203,98,3
16203,87,1
16204,8,3
16204,69,3
16204,9,2
16205,7,1
16206,63,2
16206,17,2
16206,78,1
16206,29,3
16206,45,2
16207,100,1
16207,23,2
16208,58,3
16208,16,3
16209,36,3
16209,68,3
16209,34,2
16210,23,2
16210,7,3
16211,29,3
16211,20,2
16212,40,1
16212,42,2
16212,17,2
16213,21,2
16213,57,1
16214,46,2
16214,63,3
16214,35,2
16215,16,3
16215,93,1
16216,72,3
16217,38,3
16217,21,1
16217,44,1
16217,84,2
16217,1,2
16218,43,3
16219,30,3
16219,40,1
16219,48,3
16220,38,3
16220,19,3
16220,72,3
16221,68,2
16221,40,3
16221,37,1
16221,91,1
16222,88,2
16222,11,3
16223,85,3
16223,99,3
16223,71,2
16224,98,2
16224,96,1
16224,47,2
16224,53,2
16225,92,3
16225,96,1
16226,90,2
16226,23,3
16226,38,1
16226,32,3
16226,35,1
16227,1,2
16227,45,1
16227,30,2
16227,40,1
16227,89,1
16228,96,2
16228,8,1
16228,55,3
16228,74,1
16228,99,2
16229,26,2
16229,88,2
16229,79,2
16230,76,1
16230,44,1
16231,78,3
16232,68,1
16233,53,2
16233,66,1
16233,41,3
16234,98,1
16234,68,2
16234,70,1
16235,83,1
16235,43,3
16235,49,3
16235,65,2
16235,89,3
16236,13,2
16236,34,3
16237,97,2
16237,7,1
16237,95,1
16238,57,1
16238,76,3
16238,18,2
16238,39,3
16239,66,2
16239,62,1
16239,25,2
16240,67,3
16240,51,1
16240,98,2
16241,25,1
16241,57,1
16241,20,1
16242,33,2
16242,22,1
16242,34,3
16242,94,2
16243,89,3
16243,12,2
16243,34,2
16244,21,2
16244,82,1
16244,66,3
16244,57,3
16244,89,2
16245,87,1
16245,41,3
16245,76,2
16245,93,1
16246,76,3
16246,66,1
16246,18,2
16247,13,3
16247,67,3
16247,3,1
16248,20,2
16248,22,2
16248,21,2
16249,4,2
16250,39,2
16250,49,3
16250,63,1
16250,61,2
16250,16,2
16251,57,1
16251,15,3
16252,82,1
16252,3,1
16253,74,3
16253,89,2
16253,54,1
16253,63,1
16254,89,1
16254,34,1
16254,94,3
16254,59,2
16254,33,3
16255,13,1
16255,76,3
16255,33,2
16256,98,1
16257,89,3
16257,64,2
16258,100,1
16259,68,2
16259,74,3
16259,35,3
16260,57,3
16260,45,1
16261,97,1
16261,14,1
16261,92,1
16261,2,2
16261,76,1
16262,45,1
16262,31,2
16262,48,3
16263,85,2
16263,48,3
16264,65,2
16264,18,2
16264,47,2
16264,9,3
16264,40,1
16265,15,3
16265,88,1
16265,63,1
16265,3,2
16266,10,1
16266,56,1
16267,35,1
16267,16,2
16267,13,2
16267,34,1
16268,42,2
16268,81,2
16268,20,1
16269,88,2
16270,67,2
16271,39,3
16271,49,2
16272,8,1
16272,5,1
16273,50,3
16273,10,3
16273,97,2
16273,77,3
16274,100,1
16274,1,1
16275,20,2
16276,96,3
16276,22,1
16276,36,3
16277,60,3
16277,35,2
16277,73,1
16278,93,2
16278,70,2
16279,37,3
16279,35,2
16279,93,2
16279,54,2
16280,98,1
16280,34,2
16281,5,3
16281,74,1
16281,11,1
16282,99,3
16283,31,3
16283,8,1
16283,56,3
16283,65,2
16283,72,3
16284,18,3
16284,45,2
16284,35,3
16284,8,2
16285,72,1
16285,43,1
16286,89,1
16286,20,2
16286,46,2
16286,95,1
16286,58,2
16287,47,3
16287,60,2
16287,16,2
16287,30,2
16288,82,1
16288,85,1
16288,79,3
16288,89,1
16288,52,1
16289,74,2
16290,12,1
16290,7,2
16290,66,1
16291,36,1
16291,44,2
16291,79,2
16291,14,1
16291,95,2
16292,80,3
16292,58,3
16292,91,3
16293,94,1
16293,83,1
16294,72,1
16295,6,3
16295,32,1
16295,48,2
16295,76,2
16295,25,1
16296,70,2
16296,5,2
16296,38,1
16297,20,3
16298,42,3
16298,72,1
16299,12,2
16300,82,3
16300,72,2
16300,14,3
16301,73,3
16301,75,1
16301,17,2
16301,18,1
16301,86,1
16302,15,1
16302,36,2
16303,78,2
16303,23,3
16303,35,1
16304,90,2
16304,49,3
16304,23,1
16304,25,3
16304,3,2
16305,8,2
16305,12,3
16305,88,2
16306,43,2
16306,47,1
16306,65,3
16306,27,3
16306,8,1
16307,14,2
16307,46,2
16307,85,1
16307,18,2
16308,96,1
16308,94,2
16308,39,1
16308,45,1
16308,49,1
16309,59,2
16310,27,1
16311,70,1
16311,96,1
16311,56,2
16312,30,3
16312,51,2
16313,72,3
16313,34,1
16313,42,3
16314,4,2
16315,49,1
16315,71,3
16315,56,1
16316,40,3
16316,80,3
16317,68,1
16318,100,1
16318,74,2
16319,35,2
16319,39,1
16319,99,2
16319,25,3
16320,35,1
16321,10,1
16321,95,3
16321,93,3
16322,67,3
16322,97,2
16323,56,1
16323,98,1
16323,94,1
16323,88,2
16323,15,3
16324,56,3
16324,50,2
16325,25,3
16326,86,3
16326,25,3
16326,6,1
16326,95,3
16327,78,2
16327,15,1
16327,25,2
16327,63,1
16328,6,1
16328,40,1
16328,9,2
16328,12,1
16328,2,1
16329,47,3
16329,38,2
16329,3,2
16329,40,1
16330,33,1
16330,22,3
16331,65,3
16332,65,3
16332,70,1
16332,57,2
16332,86,1
16332,36,2
16333,20,1
16333,79,3
16333,7,1
16334,13,3
16334,61,3
16334,65,1
16334,20,1
16334,46,3
16335,45,2
16335,13,2
16336,60,3
16336,66,3
16336,10,3
16337,29,1
16337,63,3
16337,74,3
16337,26,1
16338,53,1
16338,48,1
16338,44,2
16338,34,1
16338,4,1
16339,20,2
16340,65,2
16340,15,1
16341,40,3
16341,15,1
16341,98,3
16342,52,2
16343,84,1
16344,51,1
16345,98,1
16345,75,2
16345,95,1
16345,53,1
16345,7,3
16346,36,3
16346,66,3
16346,9,1
16346,65,1
16347,86,3
16347,94,3
16347,53,1
16348,38,1
16348,27,3
16348,52,2
16348,22,3
16348,80,1
16349,63,3
16349,20,2
16349,38,2
16350,46,3
16350,96,1
16351,65,3
16351,84,3
16351,74,1
16351,11,1
16352,32,1
16352,16,2
16353,13,1
16353,74,2
16353,49,3
16353,93,2
16353,4,3
16354,20,1
16354,34,3
16354,87,3
16355,95,2
16355,65,1
16356,99,2
16356,27,1
16356,65,2
16357,59,2
16358,11,3
16358,52,3
16359,6,1
16359,87,3
16359,95,1
16359,97,1
16360,48,2
16360,44,3
16360,12,1
16360,71,3
16360,72,1
16361,95,3
16362,36,3
16362,49,3
16363,49,1
16363,97,1
16363,16,1
16364,31,3
16365,79,3
16366,30,2
16366,88,2
16367,91,3
16367,45,1
16367,3,1
16368,97,1
16369,72,1
16370,97,3
16370,95,1
16370,43,2
16371,96,3
16372,34,1
16372,58,1
16372,19,3
16372,63,2
16372,76,3
16373,14,3
16373,30,2
16373,81,1
16373,83,3
16373,37,2
16374,19,1
16375,80,3
16375,39,2
16375,90,2
16375,76,1
16376,1,2
16376,12,1
16377,54,2
16377,50,2
16377,4,2
16377,56,2
16378,57,3
16378,31,1
16378,89,2
16378,91,1
16378,27,3
16379,99,3
16379,37,3
16379,74,3
16380,98,1
16380,14,1
16381,98,2
16381,39,1
16381,67,1
16381,93,3
16382,55,1
16383,35,1
16384,55,3
16384,63,2
16384,11,1
16384,34,2
16384,83,3
16385,38,1
16385,87,1
16386,13,1
16386,47,2
16386,97,2
16387,7,1
16387,25,3
16387,1,3
16387,5,1
16388,66,1
16388,80,2
16388,65,1
16388,61,3
16388,59,3
16389,43,1
16390,3,3
16391,16,1
16392,57,1
16392,5,3
16393,71,1
16393,26,1
16394,43,3
16394,85,2
16394,59,2
16394,21,2
16395,92,1
16396,7,1
16397,74,1
16398,67,3
16398,91,3
16398,23,2
16399,94,3
16399,73,3
16400,47,2
16400,43,2
16400,93,1
16400,15,2
16400,1,1
16401,61,1
16402,66,2
16402,35,1
16403,88,2
16403,78,3
16403,22,1
16404,32,2
16405,91,3
16406,53,3
16406,32,2
16406,47,1
16407,20,2
16407,81,1
16408,73,3
16409,28,1
16409,5,3
16410,54,2
16410,99,2
16410,90,3
16411,14,2
16412,92,1
16412,57,1
16412,35,2
16412,59,1
16413,55,1
16413,66,2
16413,82,3
16413,80,2
16414,97,1
16414,77,3
16415,8,2
16415,36,2
16416,63,2
16416,74,3
16416,24,1
16417,21,3
16417,78,3
16417,65,1
16418,82,2
16418,68,1
16418,66,1
16418,69,3
16419,89,1
16419,84,3
16420,67,1
16420,32,1
16420,44,3
16420,41,3
16420,91,1
16421,64,3
16421,4,2
16421,47,1
16422,64,2
16423,34,1
16423,72,2
16423,20,3
16424,7,2
16425,56,3
16425,39,1
16425,59,3
16425,97,1
16425,60,3
16426,82,1
16427,1,3
16428,66,1
16429,85,3
16429,71,3
16429,7,3
16430,79,2
16430,32,1
16430,97,3
16431,62,1
16431,97,3
16432,3,3
16432,71,3
16432,62,3
16433,17,1
16433,45,1
16434,19,3
16434,43,1
16434,29,2
16434,69,2
16434,97,1
16435,58,1
16436,39,3
16436,87,1
16436,34,2
16436,65,2
16437,40,3
16437,83,2
16438,96,1
16438,9,1
16438,23,2
16439,28,3
16440,88,3
16440,37,3
16441,53,2
16441,13,3
16441,55,1
16442,15,1
16443,23,1
16444,43,1
16445,19,1
16445,52,1
16446,17,2
16447,98,3
16448,65,3
16448,24,3
16448,41,1
16449,56,1
16449,66,3
16449,21,3
16449,41,3
16449,1,1
16450,94,1
16451,27,2
16451,72,1
16451,93,2
16452,37,2
16453,36,1
16453,79,1
16453,21,3
16454,43,2
16454,92,1
16454,87,2
16454,24,3
16455,50,3
16455,9,1
16455,52,2
16456,39,3
16456,26,1
16456,56,3
16456,5,2
16456,13,1
16457,97,1
16457,9,3
16457,99,3
16458,31,3
16458,12,1
16459,28,1
16459,84,3
16459,73,1
16459,20,3
16460,43,3
16460,15,2
16460,82,1
16460,22,3
16460,62,1
16461,36,3
16462,51,2
16462,52,2
16462,32,2
16463,79,1
16463,58,2
16464,85,2
16464,5,3
16464,1,1
16465,28,3
16466,66,2
16466,93,1
16466,5,1
16466,94,3
16466,48,3
16467,92,1
16468,99,3
16468,62,3
16468,21,1
16469,3,3
16470,63,2
16470,3,3
16470,1,2
16471,19,3
16472,50,2
16472,27,2
16473,14,1
16473,84,2
16474,59,2
16474,10,1
16475,85,3
16475,31,1
16475,75,1
16475,22,1
16476,9,2
16477,81,2
16477,88,3
16477,76,1
16477,6,2
16477,12,3
16478,76,2
16479,22,1
16480,34,3
16480,39,2
16480,19,2
16480,11,1
16481,39,1
16481,8,2
16482,50,1
16482,76,2
16482,17,1
16482,79,3
16483,13,3
16483,97,1
16483,66,3
16484,6,2
16484,31,2
16484,96,1
16484,26,2
16484,72,1
16485,64,2
16485,74,2
16485,89,3
16485,67,1
16486,52,1
16486,97,2
16486,34,3
16486,60,1
16486,90,2
16487,71,2
16487,7,2
16487,18,2
16487,80,3
16487,19,3
16488,28,3
16488,56,2
16488,96,1
16489,56,3
16489,98,2
16489,62,2
16489,80,1
16490,58,3
16490,65,1
16490,26,2
16490,33,3
16490,30,1
16491,71,3
16491,26,1
16491,86,2
16491,1,3
16491,90,1
16492,32,3
16493,59,1
16493,37,2
16494,49,1
16495,60,3
16496,35,2
16497,46,1
16497,70,3
16497,40,3
16498,80,2
16498,100,1
16498,83,1
16498,99,2
16498,16,1
16499,24,1
16499,63,2
16500,16,3
16500,99,2
16500,71,2
16500,6,2
16501,6,1
16501,74,3
16502,40,3
16503,38,3
16503,91,2
16503,69,2
16504,40,1
16504,14,3
16504,43,2
16505,47,2
16505,81,3
16506,4,3
16506,36,2
16507,79,3
16507,23,1
16507,6,1
16507,50,3
16508,5,2
16508,70,3
16508,59,1
16509,65,3
16510,39,1
16511,90,1
16511,34,3
16511,50,3
16511,20,3
16512,74,2
16512,63,1
16513,71,3
16513,92,2
16513,62,3
16513,66,2
16514,74,3
16514,9,1
16514,33,3
16514,100,1
16515,47,1
16515,38,1
16515,36,1
16515,67,1
16515,4,2
16516,42,3
16516,57,3
16516,14,1
16516,58,1
16516,41,3
16517,29,2
16517,79,3
16518,5,1
16518,100,1
16518,79,3
16518,21,3
16519,12,2
16520,93,3
16520,60,2
16520,7,2
16520,48,2
16521,19,2
16521,64,3
16521,48,1
16521,30,1
16522,26,1
16522,17,3
16522,77,3
16523,71,3
16523,87,1
16523,1,1
16523,83,3
16523,50,1
16524,17,1
16524,19,2
16524,89,3
16524,92,2
16524,91,2
16525,24,2
16525,11,2
16525,55,3
16525,30,2
16525,64,1
16526,76,1
16526,63,2
16526,36,3
16526,97,3
16527,45,1
16527,74,3
16527,63,2
16528,100,2
16528,3,3
16529,61,1
16529,92,1
16529,12,3
16529,85,2
16529,55,2
16530,20,1
16530,48,2
16530,67,2
16531,24,3
16531,65,3
16531,33,3
16531,54,1
16531,49,1
16532,85,1
16532,69,2
16533,54,3
16533,100,3
16533,44,3
16534,95,1
16534,80,3
16534,31,2
16535,7,1
16535,16,2
16535,56,1
16536,73,3
16536,69,2
16536,92,2
16537,10,3
16538,52,3
16538,48,3
16539,43,2
16539,1,3
16539,36,3
16539,2,3
16539,48,3
16540,17,2
16540,100,2
16541,79,3
16541,90,2
16541,68,2
16542,78,1
16542,79,3
16542,95,3
16543,73,2
16544,5,1
16544,34,3
16544,38,2
16544,90,2
16545,43,1
16545,28,1
16545,9,3
16545,7,3
16545,100,2
16546,34,1
16546,40,3
16546,85,2
16547,98,1
16547,20,2
16547,48,3
16548,56,3
16549,49,1
16549,35,2
16549,40,1
16550,22,3
16550,65,3
16551,96,1
16551,74,3
16551,8,2
16551,59,1
16552,81,1
16552,67,1
16552,2,2
16552,20,2
16553,83,3
16553,2,3
16554,67,1
16555,13,3
16555,84,2
16556,61,3
16556,100,2
16557,43,3
16557,44,3
16557,17,1
16557,73,3
16558,33,2
16559,71,3
16559,94,1
16559,63,2
16559,62,2
16560,42,1
16560,2,3
16560,5,2
16560,57,2
16561,41,2
16561,65,1
16562,55,2
16562,73,3
16562,23,3
16562,45,2
16562,15,3
16563,84,1
16563,94,2
16563,93,2
16563,6,2
16564,9,3
16564,23,3
16564,11,2
16565,35,2
16565,8,3
16565,62,2
16565,89,1
16566,71,3
16566,52,2
16566,66,1
16567,93,3
16567,14,2
16567,80,2
16567,71,1
16568,67,3
16568,21,1
16568,69,2
16568,29,2
16568,96,3
16569,22,2
16569,29,1
16569,90,2
16570,86,3
16571,46,2
16572,95,1
16572,50,1
16572,5,3
16572,70,1
16573,62,3
16573,54,2
16573,30,3
16574,63,3
16574,76,2
16574,25,1
16574,35,2
16575,64,2
16575,14,1
16575,15,2
16575,62,1
16576,58,2
16576,93,3
16576,67,1
16576,14,1
16576,16,1
16577,41,2
16577,93,2
16577,20,1
16577,30,2
16577,27,3
16578,23,1
16578,75,3
16578,61,3
16578,19,2
16579,20,2
16580,14,3
16580,75,2
16580,87,1
16580,32,2
16581,4,1
16582,11,1
16582,51,1
16582,22,1
16582,12,3
16582,30,3
16583,71,1
16583,35,1
16583,13,2
16583,93,1
16583,37,1
16584,96,2
16584,91,1
16585,62,3
16585,59,3
16585,78,1
16586,78,3
16587,79,2
16587,91,1
16587,97,1
16587,49,3
16587,19,3
16588,30,3
16588,37,1
16588,70,2
16589,81,1
16590,48,1
16590,2,1
16590,61,2
16590,57,1
16590,29,3
16591,48,1
16591,9,2
16591,26,1
16591,83,3
16592,25,2
16592,23,2
16592,60,2
16593,64,3
16593,11,3
16593,36,2
16593,94,3
16594,9,1
16594,64,1
16594,27,1
16594,20,2
16594,21,3
16595,53,3
16596,53,1
16597,56,3
16597,67,2
16597,72,3
16597,38,2
16598,48,1
16598,22,1
16598,30,1
16598,59,3
16598,6,2
16599,30,1
16599,98,1
16599,33,2
16599,12,2
16599,6,2
16600,1,1
16601,98,1
16601,56,2
16601,85,3
16602,22,3
16603,47,1
16603,61,3
16603,18,3
16603,96,2
16603,39,2
16604,81,3
16604,4,2
16604,99,2
16604,11,3
16605,35,1
16605,27,2
16605,50,2
16606,26,2
16606,25,1
16607,71,3
16607,3,1
16607,48,3
16608,41,2
16608,65,3
16608,14,2
16608,72,2
16609,74,3
16609,50,3
16609,37,2
16610,52,1
16610,81,2
16610,10,3
16611,98,2
16611,66,2
16611,85,3
16611,40,1
16612,53,2
16612,56,3
16612,9,2
16613,27,2
16613,8,3
16613,59,2
16614,37,2
16614,44,3
16614,49,3
16614,55,3
16615,44,3
16615,100,3
16615,97,2
16615,9,2
16615,59,1
16616,76,1
16616,64,1
16617,15,1
16617,6,3
16617,74,2
16617,50,2
16617,72,3
16618,38,3
16618,59,2
16618,32,2
16618,85,1
16618,11,1
16619,85,2
16619,22,2
16619,83,2
16619,28,1
16619,94,2
16620,75,2
16620,41,1
16620,2,3
16621,11,3
16621,18,1
16621,2,3
16621,60,2
16622,45,2
16622,19,2
16622,48,2
16623,97,1
16623,99,1
16623,60,3
16623,93,2
16624,16,1
16624,5,3
16624,50,3
16624,31,1
16624,34,1
16625,56,3
16625,27,2
16625,44,2
16626,57,2
16627,99,1
16627,61,2
16628,90,3
16628,40,2
16628,35,3
16629,51,2
16629,31,1
16629,63,2
16629,29,1
16630,63,2
16630,15,1
16630,62,1
16630,51,2
16631,16,3
16631,30,1
16631,24,1
16631,34,1
16631,29,3
16632,71,2
16632,47,3
16633,9,1
16634,64,1
16635,65,3
16635,69,2
16636,18,1
16636,60,1
16636,45,3
16636,90,2
16637,78,2
16637,51,3
16638,99,2
16639,52,2
16639,85,1
16640,30,2
16640,90,1
16641,76,3
16641,52,3
16641,19,3
16641,84,2
16642,13,2
16642,92,3
16642,50,2
16642,3,2
16642,33,3
16643,74,3
16643,44,2
16643,43,3
16644,23,1
16644,64,2
16645,46,2
16645,80,3
16646,77,2
16646,100,3
16646,68,2
16646,49,1
16646,8,2
16647,93,3
16647,1,3
16647,3,3
16648,100,1
16649,15,1
16649,45,1
16649,31,3
16650,32,1
16651,87,2
16652,6,1
16652,41,3
16652,98,1
16652,2,1
16653,50,2
16653,67,2
16653,75,2
16654,95,2
16654,81,3
16655,28,2
16656,45,1
16656,79,3
16656,57,1
16657,35,1
16657,2,3
16657,89,1
16658,37,2
16658,41,2
16658,68,3
16658,77,3
16659,70,2
16659,19,3
16659,85,1
16660,77,3
16660,70,2
16660,17,3
16660,63,1
16661,1,3
16662,34,1
16662,53,1
16662,97,2
16663,22,1
16663,85,1
16664,48,2
16664,43,3
16664,75,1
16664,55,1
16664,76,3
16665,22,2
16665,10,3
16665,63,1
16665,21,2
16666,65,2
16667,74,2
16667,35,1
16667,14,3
16668,45,2
16668,16,3
16668,26,2
16668,44,3
16669,47,3
16669,44,2
16669,11,2
16669,48,1
16669,64,1
16670,33,1
16671,40,3
16671,72,2
16671,62,1
16672,13,2
16672,21,2
16672,73,2
16672,85,1
16673,25,3
16673,22,3
16674,36,3
16674,6,1
16675,50,1
16675,42,2
16676,66,2
16676,99,3
16676,11,3
16676,61,1
16676,20,3
16677,43,2
16677,10,1
16677,82,3
16677,88,3
16677,44,1
16678,39,3
16678,28,3
16678,5,2
16678,10,3
16678,3,2
16679,40,1
16679,27,2
16679,21,3
16679,35,2
16680,56,2
16680,28,2
16680,70,2
16681,29,3
16681,90,3
16681,32,2
16682,34,3
16682,94,2
16682,14,3
16682,53,2
16682,70,2
16683,34,3
16683,83,1
16684,35,3
16684,52,3
16684,71,1
16684,18,1
16685,29,3
16685,19,1
16685,64,3
16685,41,1
16685,17,1
16686,33,1
16686,51,3
16686,20,2
16687,44,3
16687,56,1
16688,54,2
16688,62,2
16688,80,1
16688,68,2
16688,56,3
16689,55,1
16689,51,3
16690,39,2
16690,44,1
16690,6,1
16690,90,1
16691,92,3
16691,32,1
16692,39,1
16692,77,2
16692,46,2
16692,85,2
16692,32,3
16693,38,1
16693,80,3
16693,21,3
16693,37,3
16694,13,1
16695,85,1
16695,6,1
16696,42,2
16696,41,1
16696,29,1
16696,25,3
16697,97,2
16697,66,1
16697,59,2
16697,92,1
16697,4,3
16698,7,2
16698,17,2
16698,42,2
16698,36,1
16698,38,3
16699,21,3
16699,8,2
16699,15,2
16699,48,2
16700,4,1
16700,52,1
16701,48,2
16701,85,2
16702,47,2
16703,91,3
16703,70,2
16703,48,1
16703,71,2
16703,92,2
16704,57,2
16704,98,3
16704,72,3
16704,73,3
16705,33,1
16705,35,3
16706,40,2
16706,10,2
16706,39,3
16706,57,2
16706,88,2
16707,72,1
16707,26,3
16707,3,3
16707,68,2
16708,2,1
16708,21,2
16708,85,2
16709,18,1
16709,41,3
16709,4,3
16710,42,3
16710,3,1
16710,9,2
16710,69,3
16711,43,1
16712,59,1
16712,12,1
16712,98,2
16712,9,2
16712,14,1
16713,59,3
16713,100,2
16714,94,2
16714,55,2
16714,45,3
16714,37,1
16714,18,1
16715,1,3
16715,37,3
16715,74,2
16715,61,3
16716,49,3
16716,12,2
16716,14,3
16716,63,3
16717,73,2
16717,48,1
16717,84,1
16718,17,1
16718,86,2
16718,71,3
16719,89,3
16719,9,2
16719,83,1
16720,86,2
16720,75,3
16720,81,3
16720,48,2
16720,1,1
16721,93,1
16722,11,1
16723,28,1
16724,15,3
16724,69,3
16725,70,2
16725,96,1
16725,79,2
16725,43,1
16726,31,3
16726,92,3
16726,67,2
16726,1,1
16726,89,3
16727,95,1
16727,48,1
16728,87,3
16728,15,2
16728,59,2
16728,58,1
16729,77,1
16729,26,3
16729,84,2
16730,13,2
16731,30,1
16731,84,2
16731,88,2
16732,90,1
16732,14,3
16732,8,2
16733,62,2
16733,48,1
16733,35,3
16734,10,2
16734,100,2
16735,58,1
16736,98,3
16737,81,3
16738,52,3
16738,80,1
16738,72,3
16739,90,3
16739,89,1
16739,50,2
16740,17,2
16740,43,1
16740,7,1
16741,21,1
16741,91,2
16741,20,3
16741,17,2
16741,39,2
16742,62,2
16743,91,1
16743,86,1
16743,34,2
16744,61,2
16744,24,1
16744,72,3
16744,22,3
16744,64,3
16745,56,3
16745,73,2
16745,94,2
16745,61,2
16746,56,3
16747,28,2
16748,4,3
16748,16,3
16748,30,2
16748,47,2
16748,17,2
16749,62,3
16749,28,3
16749,3,3
16749,72,2
16749,17,2
16750,11,2
16750,97,1
16751,41,1
16751,83,1
16751,61,3
16752,83,2
16752,13,1
16753,58,3
16753,14,2
16753,87,3
16753,72,3
16754,72,2
16754,1,3
16755,8,2
16755,19,1
16755,85,2
16755,58,1
16756,16,1
16757,44,1
16757,19,3
16757,10,3
16757,33,2
16758,80,1
16758,34,3
16759,49,2
16759,80,1
16759,20,3
16760,23,1
16760,75,2
16760,67,2
16760,17,3
16761,78,1
16761,25,1
16761,53,2
16762,1,2
16762,75,2
16763,49,2
16763,25,2
16763,42,1
16763,37,1
16764,53,3
16764,29,2
16765,97,3
16766,19,3
16766,65,2
16766,2,2
16766,84,2
16767,73,1
16767,55,3
16767,10,1
16767,44,2
16768,74,2
16769,98,3
16769,69,2
16770,11,1
16770,62,1
16770,79,1
16770,65,3
16771,82,2
16771,16,1
16771,38,3
16771,86,1
16771,32,2
16772,13,2
16772,48,1
16772,16,2
16773,94,2
16773,69,3
16773,26,2
16773,20,2
16773,6,2
16774,49,1
16774,20,2
16774,51,3
16775,21,2
16776,64,1
16776,60,3
16776,17,1
16776,95,3
16777,26,2
16777,10,2
16777,77,2
16777,64,2
16778,45,1
16779,7,2
16779,37,1
16779,80,3
16780,47,3
16781,50,1
16781,60,1
16781,33,3
16782,88,3
16782,2,3
16782,32,1
16782,67,2
16783,31,1
16783,45,2
16783,90,3
16783,55,1
16784,52,2
16784,17,1
16784,66,2
16784,81,1
16785,15,2
16785,17,2
16785,27,2
16785,79,1
16785,54,1
16786,70,2
16787,24,2
16787,100,1
16787,53,3
16787,45,3
16788,21,1
16788,82,1
16788,59,2
16788,52,2
16789,47,3
16790,5,2
16790,33,2
16790,39,1
16791,64,3
16791,85,3
16792,82,2
16793,44,1
16794,96,2
16794,29,3
16795,12,3
16796,75,3
16796,71,2
16796,22,1
16796,49,2
16796,47,3
16797,9,2
16797,27,1
16798,29,3
16799,56,3
16800,71,3
16800,11,3
16800,91,2
16800,25,1
16800,96,3
16801,68,1
16801,10,2
16801,17,2
16801,93,2
16802,39,1
16802,57,3
16802,2,2
16802,85,3
16802,27,3
16803,92,2
16803,4,1
16803,16,1
16803,67,3
16803,32,1
16804,2,1
16805,28,3
16805,11,2
16806,50,3
16806,30,3
16807,12,2
16807,38,3
16807,25,3
16807,85,1
16807,49,3
16808,15,2
16808,20,3
16808,34,2
16808,13,2
16808,43,3
16809,41,1
16809,53,1
16809,49,1
16809,34,1
16809,59,2
16810,28,2
16810,53,3
16810,83,3
16810,95,3
16811,6,1
16811,99,3
16811,90,1
16811,96,2
16812,96,2
16812,51,3
16812,77,2
16812,20,2
16812,7,1
16813,93,2
16813,98,1
16813,25,3
16813,18,1
16813,4,3
16814,66,3
16814,100,3
16814,75,2
16814,49,2
16814,11,1
16815,93,1
16815,20,2
16816,89,3
16817,29,1
16817,33,1
16817,79,2
16817,98,1
16817,73,3
16818,85,2
16818,89,3
16818,5,1
16818,16,1
16819,79,3
16820,39,2
16820,2,2
16820,96,2
16820,86,3
16820,3,2
16821,26,2
16821,17,3
16821,89,1
16821,38,2
16821,10,1
16822,4,2
16822,51,2
16822,55,1
16822,75,2
16823,12,3
16823,53,2
16824,17,1
16824,67,3
16824,46,1
16824,84,3
16824,69,2
16825,51,1
16825,16,2
16826,26,3
16827,52,2
16827,15,2
16827,1,3
16827,9,1
16827,58,3
16828,20,2
16828,59,3
16828,40,2
16828,25,2
16829,99,3
16829,35,3
16829,10,3
16829,9,1
16830,19,1
16830,68,3
16831,58,2
16832,67,2
16832,74,3
16832,51,1
16832,21,1
16832,18,2
16833,15,1
16833,10,1
16833,3,3
16833,26,1
16833,92,2
16834,73,3
16834,45,1
16834,20,1
16834,99,1
16834,93,2
16835,32,2
16835,52,1
16836,46,1
16836,75,2
16836,19,1
16837,87,1
16838,34,3
16839,68,3
16839,55,1
16839,28,3
16839,29,1
16839,53,1
16840,8,3
16840,72,2
16840,76,3
16840,38,2
16841,72,3
16841,37,2
16842,72,1
16843,98,2
16843,92,3
16843,42,3
16844,73,1
16845,96,3
16845,35,2
16845,9,3
16845,55,1
16846,13,2
16846,30,1
16846,99,3
16846,79,1
16847,39,1
16847,18,2
16848,7,3
16848,34,1
16848,2,1
16849,13,2
16849,73,3
16850,39,1
16850,87,1
16850,83,1
16850,99,1
16851,36,2
16851,59,2
16852,27,2
16852,44,2
16853,94,3
16853,27,1
16853,47,2
16853,57,1
16854,3,1
16854,27,2
16854,91,3
16854,36,3
16855,71,3
16855,56,2
16856,17,3
16857,16,3
16857,41,3
16858,4,1
16858,66,3
16859,98,1
16860,75,1
16860,92,3
16860,25,2
16860,50,1
16860,97,3
16861,30,2
16862,98,1
16862,89,3
16863,39,2
16864,3,1
16864,79,1
16865,63,2
16865,35,3
16865,24,3
16865,42,2
16866,84,2
16866,17,1
16866,12,2
16867,13,3
16867,52,3
16867,26,1
16868,40,1
16868,64,1
16868,98,2
16868,88,1
16868,41,3
16869,34,3
16869,65,1
16869,62,2
16869,39,1
16870,27,3
16870,17,2
16870,69,3
16870,55,2
16870,57,3
16871,31,3
16872,93,2
16872,24,3
16872,53,1
16872,89,3
16873,32,1
16873,74,2
16873,2,2
16873,31,3
16874,4,3
16874,6,2
16874,13,3
16874,10,3
16874,75,3
16875,44,2
16875,78,2
16875,8,3
16875,80,2
16875,6,3
16876,31,1
16876,98,2
16876,42,2
16876,23,1
16877,90,3
16877,30,3
16878,62,3
16878,31,2
16879,33,1
16879,13,3
16879,56,3
16880,100,2
16880,29,1
16881,40,1
16882,93,1
16883,4,1
16883,37,1
16883,97,2
16883,41,3
16884,99,1
16884,10,1
16884,22,3
16884,63,3
16885,45,1
16886,19,3
16886,14,3
16887,40,1
16887,83,1
16888,75,3
16888,53,3
16888,14,3
16889,49,3
16889,93,3
16889,85,2
16890,7,3
16890,49,3
16890,73,2
16890,92,2
16891,32,3
16891,88,1
16891,17,1
16892,79,1
16892,58,1
16892,2,3
16892,84,2
16893,38,2
16893,49,2
16893,17,1
16893,34,1
16894,81,2
16894,93,1
16894,74,2
16894,12,1
16894,79,3
16895,34,3
16895,80,2
16895,92,3
16896,93,1
16896,21,3
16897,29,1
16897,54,3
16897,48,1
16898,29,2
16898,94,3
16898,83,1
16899,1,1
16900,75,2
16900,56,3
16901,51,1
16901,40,2
16901,38,1
16902,17,3
16902,3,2
16902,11,3
16902,59,2
16903,44,2
16904,46,1
16904,88,1
16904,23,3
16905,75,3
16906,43,1
16907,23,1
16907,27,1
16907,24,2
16907,54,2
16907,42,3
16908,84,3
16908,39,3
16909,65,1
16909,52,3
16909,66,1
16910,97,1
16910,23,2
16910,82,1
16910,96,3
16910,52,2
16911,84,1
16911,70,3
16912,76,2
16912,75,2
16913,17,3
16913,55,3
16913,25,3
16913,65,2
16914,72,2
16914,64,1
16914,45,1
16914,6,3
16915,4,3
16915,2,3
16915,13,1
16915,37,2
16915,21,1
16916,89,3
16916,14,2
16916,76,3
16916,27,3
16917,17,1
16917,64,1
16917,48,3
16918,81,3
16918,7,2
16918,35,2
16919,58,1
16920,68,3
16920,56,1
16920,21,3
16920,31,2
16920,48,3
16921,13,3
16921,71,3
16921,79,3
16921,33,3
16922,34,2
16922,53,1
16923,13,2
16923,48,1
16923,98,2
16923,19,3
16923,93,1
16924,13,1
16924,12,3
16924,93,1
16925,60,1
16926,81,2
16926,66,1
16926,68,3
16926,32,3
16927,23,3
16927,81,3
16927,76,3
16928,22,1
16929,72,1
16929,64,2
16929,65,1
16929,31,1
16929,51,3
16930,22,1
16930,8,3
16931,38,1
16931,62,3
16931,71,2
16932,19,2
16932,4,1
16933,81,2
16933,37,2
16933,60,3
16933,20,1
16934,36,1
16934,96,2
16935,66,3
16935,10,1
16935,63,2
16935,69,2
16936,64,3
16936,5,3
16937,83,3
16937,57,3
16937,42,1
16938,49,3
16938,94,2
16938,28,2
16938,13,1
16939,41,2
16939,100,1
16940,69,1
16940,61,3
16940,85,3
16940,59,3
16941,8,3
16941,27,3
16941,62,3
16942,68,1
16942,20,2
16942,72,1
16943,58,3
16943,85,2
16943,49,1
16943,19,1
16943,92,3
16944,40,2
16944,64,3
16944,74,3
16945,40,2
16945,66,3
16945,71,2
16945,97,3
16945,24,1
16946,48,3
16946,87,3
16946,22,2
16947,85,3
16948,72,3
16948,63,2
16949,94,1
16949,99,3
16949,75,3
16950,85,3
16950,20,2
16951,47,2
16951,66,3
16951,2,2
16952,25,3
16952,61,2
16952,86,3
16952,84,3
16952,16,1
16953,40,1
16953,78,1
16953,34,3
16954,74,3
16954,60,2
16954,87,2
16955,28,2
16955,11,2
16955,87,3
16955,78,1
16956,43,1
16956,14,2
16956,91,1
16956,20,2
16956,56,1
16957,73,1
16958,79,2
16958,99,1
16958,60,2
16958,85,3
16958,20,1
16959,77,2
16959,70,1
16960,18,2
16960,55,1
16961,75,3
16962,92,3
16963,97,3
16963,26,3
16964,24,2
16964,100,2
16964,74,3
16965,44,2
16965,54,1
16965,29,1
16965,18,1
16966,30,1
16966,10,2
16966,42,1
16966,8,2
16967,50,1
16967,26,3
16968,87,3
16968,33,3
16969,46,3
16970,21,1
16971,18,3
16971,29,1
16971,39,2
16971,40,3
16972,100,3
16973,90,3
16973,98,1
16973,67,2
16973,85,2
16974,95,2
16974,4,3
16974,47,3
16974,81,2
16974,79,2
16975,9,3
16975,30,2
16976,84,1
16976,40,1
16976,78,3
16976,26,1
16977,50,2
16977,48,3
16978,13,1
16978,12,1
16979,85,2
16979,35,3
16979,47,3
16979,88,1
16979,41,3
16980,36,3
16980,24,2
16980,35,2
16981,51,2
16981,73,2
16982,15,3
16982,75,3
16983,25,3
16983,60,3
16984,45,1
16984,37,3
16985,29,3
16985,85,1
16985,84,2
16985,93,2
16985,57,2
16986,37,1
16986,94,1
16986,87,1
16986,91,2
16986,59,2
16987,44,2
16987,33,1
16987,79,1
16988,78,2
16988,70,3
16988,10,1
16988,47,1
16989,50,3
16989,65,3
16989,21,2
16989,89,3
16989,59,1
16990,76,1
16991,28,3
16992,60,3
16992,36,3
16992,56,1
16993,6,2
16993,62,2
16993,21,1
16994,95,2
16994,4,1
16995,9,1
16995,96,1
16996,22,1
16996,80,3
16997,3,2
16997,68,1
16997,99,3
16998,41,3
16999,30,3
16999,59,3
16999,77,1
17000,68,3
17000,7,1
17001,11,2
17001,21,3
17001,94,2
17002,18,2
17002,17,1
17003,62,3
17004,67,2
17005,92,3
17006,41,1
17006,94,3
17006,86,2
17006,56,3
17006,46,3
17007,39,3
17007,58,3
17007,44,2
17008,7,2
17008,99,1
17008,57,3
17008,76,2
17009,39,1
17010,74,2
17010,6,2
17010,62,1
17010,2,3
17010,47,3
17011,13,2
17012,98,1
17013,52,1
17013,2,1
17013,72,1
17014,7,1
17014,31,2
17014,61,1
17014,60,1
17014,48,1
17015,15,1
17015,79,2
17016,18,3
17016,64,3
17016,61,3
17016,69,3
17016,9,3
17017,71,3
17017,47,3
17018,4,3
17018,50,1
17019,55,2
17020,77,1
17020,46,2
17020,12,1
17021,94,1
17021,28,2
17021,77,1
17022,31,2
17022,90,2
17022,63,2
17023,70,1
17023,46,3
17023,72,2
17024,31,3
17024,11,3
17024,54,1
17025,37,2
17025,39,3
17026,86,1
17027,36,2
17028,14,1
17028,96,3
17028,30,2
17029,48,2
17029,84,2
17029,43,1
17029,49,3
17029,69,2
17030,71,2
17030,55,1
17031,70,2
17032,34,3
17033,32,1
17033,41,2
17034,98,2
17034,37,1
17035,16,3
17035,55,2
17036,29,3
17036,26,1
17036,16,2
17036,10,2
17036,51,2
17037,40,1
17038,63,3
17038,1,2
17038,96,2
17039,57,2
17039,97,1
17039,29,2
17040,25,2
17040,66,2
17040,17,3
17040,46,1
17040,96,1
17041,33,2
17041,96,3
17042,94,3
17043,35,1
17043,81,2
17043,89,3
17043,21,2
17043,100,1
17044,89,1
17044,30,3
17044,93,3
17045,74,2
17045,44,1
17045,7,1
17045,15,2
17046,25,3
17047,31,2
17047,73,3
17047,13,1
17048,7,3
17048,80,1
17048,53,3
17049,90,3
17049,88,2
17049,97,3
17049,55,2
17050,66,3
17050,61,2
17051,1,1
17051,62,3
17051,19,1
17052,95,2
17052,72,1
17052,35,3
17052,64,1
17053,53,1
17053,77,3
17053,88,3
17053,35,3
17053,39,1
17054,38,2
17055,87,1
17056,50,1
17056,43,3
17056,31,3
17057,40,2
17058,16,2
17058,46,2
17058,47,2
17058,54,1
17059,75,2
17060,98,2
17060,39,1
17060,63,2
17060,19,2
17061,16,1
17061,73,2
17061,88,1
17062,6,1
17062,78,1
17062,79,2
17062,65,3
17062,45,2
17063,89,2
17063,27,3
17064,95,3
17064,96,1
17064,39,2
17064,37,1
17064,99,2
17065,56,3
17065,53,2
17066,73,1
17066,41,3
17066,69,1
17067,42,2
17067,43,1
17067,11,2
17067,14,2
17068,94,3
17068,83,3
17069,87,1
17069,63,1
17069,28,3
17069,44,3
17070,41,3
17070,61,3
17070,82,2
17070,35,2
17071,16,2
17071,2,2
17071,63,3
17071,10,1
17072,26,2
17072,40,2
17072,36,2
17073,23,1
17073,15,2
17073,9,2
17074,59,1
17074,24,1
17074,2,1
17074,48,1
17075,60,1
17075,17,1
17075,94,1
17076,17,1
17076,1,3
17076,15,1
17076,58,3
17077,33,3
17077,76,3
17077,15,2
17077,10,3
17077,61,1
17078,66,3
17078,30,3
17079,87,3
17079,81,3
17079,43,1
17079,54,2
17079,29,2
17080,36,1
17080,58,2
17080,14,1
17081,88,3
17081,45,3
17081,72,2
17081,85,1
17082,9,3
17082,97,2
17082,80,1
17083,27,1
17083,52,2
17084,54,1
17084,17,3
17085,79,3
17085,43,2
17085,49,3
17086,54,2
17086,24,2
17086,4,3
17087,12,2
17087,28,1
17087,34,2
17088,22,1
17088,46,1
17089,57,2
17089,62,3
17089,75,2
17089,46,2
17089,78,3
17090,42,3
17090,100,3
17090,17,1
17090,55,3
17090,54,1
17091,21,1
17091,13,1
17091,57,2
17091,16,1
17092,87,2
17092,75,1
17092,39,3
17093,75,3
17094,79,1
17094,48,1
17094,12,2
17095,66,1
17095,11,1
17095,55,3
17096,82,3
17096,49,1
17096,60,1
17096,84,1
17097,58,1
17097,69,2
17098,56,1
17098,54,2
17098,95,1
17099,80,2
17099,5,3
17099,95,3
17099,81,3
17100,30,2
17101,91,3
17101,82,3
17101,24,2
17101,35,2
17101,61,3
17102,82,2
17102,93,1
17102,51,1
17103,11,3
17103,93,2
17103,9,3
17103,64,3
17103,69,1
17104,40,3
17104,79,3
17104,18,3
17105,3,3
17105,78,1
17105,90,1
17105,61,3
17106,83,1
17106,91,1
17106,76,3
17106,85,2
17106,4,3
17107,32,2
17107,59,2
17108,57,2
17108,75,1
17108,90,1
17108,45,1
17108,56,1
17109,14,2
17109,13,1
17109,1,2
17110,69,1
17110,4,3
17110,17,3
17110,89,1
17111,67,1
17111,60,1
17111,77,1
17112,64,2
17113,17,3
17113,50,1
17113,74,3
17114,18,1
17114,86,2
17114,71,3
17115,55,3
17115,99,1
17115,76,1
17115,54,1
17116,33,3
17116,23,2
17117,9,1
17118,78,1
17118,36,1
17119,51,3
17119,6,1
17119,76,1
17120,31,3
17121,42,2
17121,77,2
17121,45,2
17122,62,1
17122,94,1
17123,41,3
17123,43,2
17124,83,2
17124,24,1
17124,95,1
17125,30,1
17125,87,2
17125,33,3
17126,18,2
17126,54,3
17126,92,3
17127,91,3
17127,2,2
17127,98,3
17127,21,3
17128,62,3
17129,70,1
17129,5,2
17130,69,1
17130,35,2
17130,15,1
17130,95,1
17130,5,3
17131,43,2
17131,73,3
17132,13,3
17132,75,3
17132,41,3
17132,33,1
17132,91,2
17133,56,2
17133,33,3
17134,94,3
17134,20,1
17135,69,3
17135,3,3
17135,28,2
17135,57,3
17135,53,3
17136,1,2
17136,60,3
17136,78,1
17137,50,3
17137,74,3
17137,6,2
17137,25,3
17138,29,3
17138,88,2
17138,30,2
17138,67,3
17138,28,3
17139,61,3
17139,74,1
17139,15,3
17140,14,2
17141,48,3
17141,45,1
17141,52,3
17141,44,2
17142,83,2
17142,82,2
17142,47,1
17142,6,3
17142,61,2
17143,95,2
17143,51,1
17143,50,1
17143,27,1
17143,24,1
17144,68,1
17144,34,2
17144,36,1
17144,83,2
17144,47,1
17145,78,2
17146,65,3
17146,43,1
17146,97,3
17146,35,1
17146,28,3
17147,81,3
17147,33,3
17148,76,3
17148,53,3
17148,34,3
17148,90,2
17148,79,1
17149,70,1
17149,45,2
17149,65,3
17149,88,2
17150,12,3
17150,57,1
17150,49,2
17151,59,1
17151,42,3
17152,27,3
17152,35,2
17152,66,2
17152,85,2
17153,91,1
17153,81,1
17153,57,1
17153,72,1
17153,21,3
17154,23,1
17154,66,1
17155,10,2
17155,62,3
17155,4,1
17155,52,1
17155,40,2
17156,85,1
17156,60,2
17156,34,2
17156,15,2
17157,25,1
17158,57,1
17158,47,1
17159,74,2
17159,98,3
17159,45,2
17159,54,2
17160,6,2
17160,31,2
17160,8,2
17161,21,3
17161,39,1
17161,69,3
17161,64,2
17161,95,3
17162,9,3
17162,98,3
17162,12,2
17162,23,1
17163,35,2
17163,93,1
17163,46,3
17163,7,2
17164,34,1
17164,45,3
17165,8,1
17165,86,2
17165,91,2
17165,56,1
17165,6,3
17166,100,2
17167,26,3
17167,83,1
17167,63,1
17168,84,3
17168,8,1
17168,2,2
17168,97,3
17168,48,1
17169,55,3
17170,26,3
17170,28,3
17170,60,1
17170,33,3
17170,71,3
17171,38,3
17172,32,3
17173,90,3
17173,14,3
17173,88,2
17174,39,1
17174,90,2
17174,58,2
17175,53,3
17175,58,2
17176,36,1
17177,40,3
17177,52,2
17178,85,2
17178,86,3
17178,97,3
17179,82,2
17179,38,2
17179,18,2
17179,39,3
17179,33,1
17180,29,3
17180,70,3
17180,3,3
17180,60,1
17181,88,3
17181,7,2
17181,84,1
17181,18,2
17182,35,2
17182,47,2
17183,36,3
17183,76,1
17184,42,2
17184,53,2
17184,73,3
17185,7,3
17186,22,2
17186,20,3
17186,98,3
17186,7,1
17187,90,2
17187,8,1
17187,68,2
17188,59,1
17188,30,3
17188,99,3
17188,55,3
17188,84,2
17189,95,3
17189,52,2
17190,44,1
17190,7,2
17190,10,2
17190,89,2
17190,13,3
17191,65,1
17192,68,1
17192,54,3
17193,22,3
17193,91,2
17194,77,1
17194,72,3
17194,68,1
17194,64,1
17194,5,1
17195,80,2
17195,72,3
17196,56,1
17197,29,3
17197,74,3
17197,98,2
17198,96,2
17198,18,2
17198,12,1
17198,35,3
17199,65,1
17199,31,3
17200,40,1
17200,93,2
17200,38,2
17200,100,2
17201,23,1
17201,53,2
17202,76,3
17202,74,1
17202,25,1
17202,97,2
17202,81,3
17203,2,2
17203,54,2
17203,74,2
17204,33,1
17204,42,2
17205,37,3
17205,10,2
17205,91,1
17205,82,3
17205,98,1
17206,82,1
17206,12,2
17207,22,2
17207,61,2
17207,99,3
17207,19,1
17208,46,3
17208,35,3
17208,2,1
17209,85,3
17209,60,2
17210,28,1
17210,43,2
17210,9,2
17211,12,1
17211,35,1
17211,64,3
17212,65,1
17212,74,1
17212,52,1
17212,7,2
17212,27,3
17213,71,2
17213,3,1
17214,38,2
17215,85,3
17215,31,1
17215,68,3
17216,32,3
17216,11,3
17216,91,3
17216,90,3
17216,14,3
17217,57,3
17217,24,2
17217,69,3
17217,49,1
17218,87,3
17218,6,3
17218,28,2
17219,28,3
17219,17,2
17219,14,2
17220,57,3
17220,88,1
17221,69,3
17222,96,2
17222,83,2
17222,19,1
17222,99,3
17223,22,3
17223,73,1
17224,80,1
17224,74,3
17225,73,2
17225,69,1
17225,79,3
17225,24,3
17226,5,2
17227,34,3
17227,75,3
17227,5,2
17228,90,1
17228,85,3
17228,55,1
17228,12,2
17229,61,3
17230,27,2
17230,64,1
17231,55,3
17232,77,2
17232,33,3
17232,39,2
17233,82,2
17233,90,3
17233,2,2
17233,76,2
17233,16,3
17234,88,1
17234,1,3
17234,100,2
17235,10,2
17235,19,2
17235,71,3
17235,96,1
17235,76,1
17236,62,2
17236,5,2
17237,87,3
17237,50,2
17237,72,1
17238,88,2
17238,77,1
17238,90,3
17238,97,3
17239,73,1
17239,25,2
17239,3,3
17240,80,1
17240,77,2
17241,55,3
17242,26,2
17242,3,1
17242,65,3
17242,92,3
17242,11,3
17243,67,3
17243,56,1
17244,68,1
17244,55,1
17244,88,2
17244,89,1
17245,55,2
17245,62,3
17245,31,3
17245,87,1
17245,38,2
17246,76,1
17246,66,2
17246,33,3
17246,16,2
17247,80,3
17247,84,1
17247,63,1
17248,46,3
17249,27,3
17249,64,1
17249,67,2
17249,97,3
17249,17,3
17250,11,1
17250,38,3
17250,64,3
17250,13,3
17251,53,1
17251,38,3
17251,78,1
17252,86,1
17252,65,1
17252,26,1
17252,77,3
17253,80,2
17253,28,1
17253,71,1
17253,83,3
17254,9,2
17255,54,2
17255,9,1
17256,19,2
17256,85,3
17257,48,3
17257,93,3
17257,97,2
17257,94,2
17257,86,3
17258,28,3
17258,44,3
17258,51,1
17259,32,3
17259,78,1
17259,63,3
17259,6,2
17260,56,1
17260,77,3
17260,92,3
17261,55,3
17261,52,3
17261,91,3
17261,87,3
17261,37,1
17262,53,3
17262,64,1
17262,54,1
17262,23,1
17263,45,2
17263,98,2
17263,97,2
17264,68,2
17264,40,2
17264,42,1
17264,11,1
17264,92,1
17265,86,1
17265,16,3
17266,32,3
17266,6,3
17266,100,2
17267,72,2
17267,97,1
17268,100,3
17268,57,3
17268,55,2
17268,9,3
17269,61,2
17269,63,2
17269,34,1
17270,29,2
17271,5,3
17271,3,3
17272,15,3
17272,76,2
17272,48,3
17273,30,3
17273,63,1
17273,57,1
17273,71,1
17273,24,1
17274,27,1
17274,70,2
17274,92,2
17275,4,3
17276,10,1
17276,91,3
17276,81,1
17276,97,1
17277,85,2
17277,18,1
17277,94,2
17277,58,1
17278,64,2
17278,95,2
17279,52,2
17279,89,1
17279,71,2
17280,22,1
17281,70,2
17281,11,1
17281,84,3
17282,43,2
17282,62,2
17283,68,1
17283,38,1
17283,91,3
17283,32,1
17284,97,2
17284,18,2
17284,25,1
17285,86,1
17285,84,2
17285,85,2
17285,27,1
17285,26,1
17286,91,1
17286,88,2
17286,19,1
17286,68,1
17287,38,3
17288,16,1
17288,24,3
17289,18,2
17289,16,2
17289,43,3
17290,77,2
17290,17,3
17290,87,3
17290,54,2
17291,90,2
17291,95,2
17291,66,3
17292,2,2
17293,69,1
17293,85,2
17294,92,2
17295,8,2
17295,45,1
17296,40,2
17296,8,2
17296,1,1
17296,87,3
17296,53,2
17297,90,1
17297,87,2
17298,38,1
17298,20,1
17298,48,1
17298,31,1
17298,43,3
17299,12,3
17299,41,1
17299,14,2
17299,7,3
17300,78,2
17301,30,1
17301,1,2
17301,86,2
17302,25,3
17302,42,3
17302,43,1
17302,80,1
17302,59,3
17303,29,1
17304,6,2
17304,92,3
17304,65,2
17304,16,2
17304,7,2
17305,13,2
17305,6,1
17306,15,1
17306,30,1
17306,89,2
17307,35,1
17307,31,1
17307,4,2
17307,80,2
17307,75,3
17308,69,2
17308,92,2
17308,56,3
17309,62,1
17309,89,1
17309,15,1
17309,37,3
17309,47,3
17310,85,2
17311,63,1
17312,50,2
17312,95,1
17312,1,1
17312,43,2
17312,16,2
17313,42,1
17313,27,1
17313,66,3
17314,36,1
17314,85,3
17314,21,2
17315,36,3
17315,98,2
17315,74,2
17315,69,2
17315,3,2
17316,95,3
17316,36,2
17317,55,1
17317,40,3
17317,28,1
17317,54,3
17317,84,1
17318,11,2
17318,22,2
17318,67,2
17318,93,3
17319,96,1
17319,55,3
17319,24,2
17319,49,1
17320,60,2
17320,32,1
17321,27,2
17321,42,3
17321,9,2
17321,10,2
17322,12,1
17322,60,1
17322,36,1
17322,57,1
17323,31,3
17324,19,2
17324,66,2
17325,50,3
17326,64,1
17326,38,3
17326,47,3
17326,55,2
17327,35,3
17327,15,2
17327,1,2
17327,24,2
17328,33,2
17328,93,2
17328,12,2
17329,51,2
17329,44,2
17329,25,2
17330,78,2
17331,51,3
17331,6,1
17331,45,2
17331,84,2
17332,56,2
17333,78,2
17334,100,2
17334,40,3
17334,50,2
17334,53,3
17335,88,3
17335,66,1
17335,93,2
17336,43,1
17336,90,3
17337,66,3
17338,42,1
17338,52,3
17338,19,2
17338,38,1
17338,64,1
17339,64,3
17339,22,3
17339,95,1
17339,5,2
17340,76,3
17341,89,2
17341,49,2
17341,35,1
17341,15,1
17342,46,2
17342,69,3
17342,51,3
17342,50,3
17343,97,3
17343,85,2
17343,47,3
17343,5,1
17344,86,3
17344,35,1
17345,52,1
17345,47,1
17345,100,2
17345,27,3
17346,60,3
17347,26,2
17348,90,1
17348,65,1
17349,98,1
17349,47,1
17350,66,3
17350,61,3
17350,67,2
17350,99,1
17351,19,2
17351,40,2
17351,26,1
17351,82,2
17351,84,1
17352,43,1
17353,88,1
17353,13,3
17353,73,3
17353,11,3
17353,99,3
17354,20,3
17354,65,2
17354,72,3
17355,20,3
17355,96,1
17355,35,2
17355,8,3
17355,69,2
17356,63,2
17357,36,3
17357,37,1
17358,32,2
17358,65,2
17358,93,2
17358,14,1
17358,63,1
17359,8,2
17359,99,2
17359,38,1
17360,18,1
17360,94,3
17360,26,3
17360,19,2
17360,3,3
17361,18,1
17362,17,2
17362,53,2
17362,56,2
17363,63,3
17363,74,2
17363,3,3
17363,57,3
17364,74,1
17364,79,1
17364,87,3
17365,14,1
17365,88,3
17365,95,3
17366,39,2
17366,25,2
17366,57,2
17367,72,2
17367,42,2
17367,31,2
17368,92,2
17368,41,2
17369,86,2
17369,54,1
17369,46,1
17370,81,3
17371,98,2
17371,7,1
17371,97,3
17371,40,1
17371,63,2
17372,32,3
17372,71,1
17372,52,1
17372,100,3
17373,8,2
17373,77,3
17373,18,1
17373,37,3
17373,40,1
17374,63,1
17375,36,1
17375,52,2
17375,6,1
17376,48,3
17376,78,2
17376,23,2
17377,89,3
17377,55,3
17377,51,1
17378,29,1
17379,86,2
17380,10,2
17380,5,2
17380,82,1
17381,26,2
17381,7,3
17381,56,2
17382,75,2
17382,16,1
17382,30,3
17383,1,3
17383,76,1
17383,90,1
17383,40,3
17384,36,1
17384,24,2
17385,2,2
17385,72,1
17385,61,3
17386,17,2
17386,32,2
17386,91,1
17386,59,2
17387,59,3
17387,56,3
17388,18,2
17388,33,3
17388,25,3
17388,42,3
17388,28,3
17389,52,3
17389,75,1
17389,54,3
17389,38,3
17390,33,1
17390,4,1
17390,31,1
17390,8,1
17391,39,2
17391,12,2
17392,19,1
17392,21,1
17393,72,2
17393,7,3
17393,62,3
17394,88,2
17394,94,2
17394,60,2
17394,64,2
17394,16,2
17395,76,3
17395,93,3
17395,38,1
17396,19,1
17396,85,2
17396,34,1
17397,65,2
17397,1,1
17397,86,3
17397,78,1
17398,7,1
17398,81,1
17398,99,1
17398,5,3
17399,42,3
17399,17,2
17399,18,2
17399,85,1
17400,37,1
17400,44,3
17400,100,2
17400,20,3
17401,96,1
17401,62,1
17402,90,2
17403,78,1
17403,40,3
17403,9,3
17403,42,1
17404,59,1
17404,18,3
17404,76,1
17405,76,3
17405,31,2
17406,31,1
17406,29,3
17406,17,3
17406,72,2
17406,21,1
17407,7,2
17407,77,3
17408,78,3
17408,27,3
17409,37,2
17410,96,1
17410,87,2
17411,27,3
17412,99,1
17412,7,1
17412,32,1
17412,91,1
17413,91,3
17413,4,1
17413,29,1
17413,100,1
17414,17,1
17414,20,2
17414,80,2
17415,5,3
17415,82,3
17415,96,2
17416,18,3
17416,59,1
17416,12,2
17416,97,1
17417,22,2
17417,25,3
17417,77,1
17418,4,1
17418,99,3
17418,33,1
17419,68,1
17420,38,1
17420,88,3
17420,65,1
17421,23,3
17421,79,1
17421,5,3
17422,10,1
17422,16,3
17422,25,1
17422,15,1
17423,72,2
17423,91,2
17423,92,2
17423,34,2
17423,18,1
17424,96,3
17424,32,2
17425,100,3
17425,71,2
17425,42,1
17426,90,2
17426,93,2
17426,30,3
17426,95,3
17426,16,3
17427,7,3
17427,38,1
17427,79,2
17427,2,1
17428,85,1
17428,34,3
17429,95,3
17429,54,1
17429,16,3
17429,92,2
17430,96,2
17430,58,3
17430,12,2
17430,19,3
17430,9,2
17431,96,3
17432,77,2
17432,93,3
17432,21,1
17432,64,1
17433,2,1
17433,18,1
17433,71,3
17433,54,2
17433,25,2
17434,32,1
17435,27,3
17435,83,2
17436,38,1
17437,57,1
17437,43,2
17437,90,2
17438,31,1
17438,11,2
17438,24,1
17438,32,3
17439,80,2
17439,31,3
17439,76,3
17440,12,3
17440,14,2
17441,78,3
17441,61,1
17441,63,1
17441,94,2
17442,71,2
17442,44,1
17442,83,2
17443,82,2
17443,92,2
17444,1,2
17444,58,2
17444,12,1
17444,90,2
17444,14,3
17445,48,3
17445,17,2
17445,11,1
17445,19,1
17445,3,1
17446,39,2
17446,65,1
17447,82,1
17447,76,3
17447,41,1
17448,39,3
17448,38,3
17448,84,2
17448,10,3
17448,60,2
17449,51,1
17449,62,3
17450,2,1
17450,7,3
17451,44,1
17452,95,2
17452,35,2
17452,76,2
17453,6,2
17453,91,1
17453,46,1
17454,45,3
17454,5,1
17454,94,1
17454,71,1
17454,76,2
17455,69,3
17455,99,1
17455,17,2
17455,6,3
17455,71,3
17456,68,1
17457,52,2
17457,32,1
17457,8,1
17457,57,2
17458,86,1
17458,14,2
17458,97,2
17458,44,3
17459,53,2
17459,38,2
17459,8,3
17459,78,2
17459,72,3
17460,2,3
17460,34,3
17460,23,2
17460,81,3
17460,98,2
17461,100,3
17461,46,3
17461,53,1
17461,63,1
17461,89,2
17462,54,2
17462,3,2
17462,78,2
17462,66,3
17463,77,3
17464,41,2
17464,45,1
17464,32,3
17464,23,2
17465,51,3
17465,88,2
17465,57,2
17466,52,2
17467,38,3
17467,90,1
17467,71,2
17468,49,3
17468,68,3
17469,93,2
17469,21,2
17469,41,3
17470,12,2
17471,7,3
17471,31,1
17471,39,1
17471,10,3
17471,69,2
17472,6,3
17472,33,3
17472,65,2
17472,74,3
17472,55,2
17473,17,1
17473,66,1
17474,57,1
17474,100,2
17474,2,2
17474,49,1
17474,32,1
17475,12,2
17475,87,2
17476,34,2
17477,36,2
17477,65,3
17478,20,3
17478,70,2
17478,39,1
17478,69,2
17478,10,1
17479,36,1
17480,80,2
17480,53,2
17481,35,3
17481,72,3
17481,37,2
17482,12,3
17482,4,2
17482,1,3
17482,53,3
17483,85,3
17483,42,3
17483,69,3
17484,38,1
17484,14,3
17484,21,1
17484,73,1
17484,36,1
17485,83,3
17485,28,3
17485,79,1
17485,55,1
17485,33,1
17486,32,2
17486,42,2
17486,77,2
17486,59,1
17486,100,1
17487,18,3
17488,31,2
17488,19,2
17488,77,2
17488,79,3
17488,33,1
17489,23,3
17490,43,1
17490,63,1
17491,42,3
17491,75,1
17492,59,3
17492,25,3
17492,5,1
17493,45,1
17493,11,3
17494,97,2
17494,38,2
17495,47,2
17495,89,3
17495,85,1
17496,52,2
17496,88,1
17496,73,3
17496,33,2
17496,62,2
17497,42,1
17497,67,1
17497,94,3
17497,6,2
17497,35,3
17498,87,2
17499,28,3
17499,93,2
17499,16,1
17499,21,1
17499,3,2
17500,23,2
17500,64,2
17500,48,2
17501,33,2
17501,2,1
17501,15,1
17502,100,2
17502,73,2
17502,50,1
17503,45,2
17503,76,3
17503,13,2
17503,32,1
17504,23,3
17504,90,2
17504,82,1
17504,11,2
17505,46,3
17505,28,2
17505,90,3
17505,14,1
17505,86,3
17506,11,2
17506,38,2
17506,31,3
17506,10,2
17506,78,2
17507,87,2
17507,18,2
17507,41,3
17507,35,2
17508,100,1
17509,40,3
17510,54,2
17510,77,2
17511,60,1
17511,20,3
17512,88,1
17512,14,3
17512,7,1
17512,23,1
17512,78,3
17513,75,1
17513,36,2
17514,56,1
17514,85,2
17514,90,3
17515,52,2
17515,27,2
17515,74,2
17515,50,3
17516,51,1
17516,12,3
17516,5,3
17516,42,3
17516,63,2
17517,3,3
17517,80,1
17518,85,2
17518,14,3
17518,75,1
17518,88,1
17518,60,2
17519,82,3
17519,99,3
17519,7,2
17519,53,3
17520,49,3
17520,52,3
17521,78,1
17522,81,1
17522,79,2
17522,17,2
17522,11,2
17523,27,1
17524,29,2
17524,19,3
17524,62,2
17525,79,1
17525,71,2
17525,77,1
17525,74,3
17525,26,2
17526,93,3
17526,98,1
17526,41,1
17526,22,3
17527,1,2
17527,7,1
17527,53,3
17527,28,3
17527,55,2
17528,93,3
17528,33,1
17528,28,3
17528,9,2
17529,66,1
17529,32,2
17529,1,3
17529,92,1
17530,34,2
17530,92,2
17530,10,1
17531,14,3
17532,90,1
17532,96,3
17533,15,2
17534,54,2
17534,79,1
17534,39,2
17534,11,3
17535,25,3
17535,81,3
17535,99,1
17535,41,3
17536,83,1
17536,9,1
17536,5,1
17537,56,1
17537,79,3
17537,17,1
17537,54,2
17537,5,2
17538,32,2
17538,98,3
17539,80,3
17539,78,2
17539,40,2
17539,60,3
17540,86,3
17541,94,3
17541,38,1
17541,51,2
17541,93,2
17541,96,1
17542,32,2
17542,23,3
17542,99,2
17542,72,1
17543,4,1
17543,75,2
17544,42,1
17544,75,3
17544,26,3
17544,7,3
17544,60,3
17545,3,1
17545,82,1
17545,27,1
17545,30,2
17546,10,3
17546,51,2
17546,82,1
17547,63,1
17547,29,2
17548,20,1
17548,33,3
17548,51,1
17548,62,1
17549,79,1
17549,60,3
17549,33,1
17549,96,3
17549,13,3
17550,82,1
17550,44,3
17551,24,3
17551,47,3
17551,2,3
17552,3,1
17553,41,2
17553,58,1
17553,6,1
17553,14,3
17553,24,1
17554,87,3
17554,4,3
17554,56,1
17554,66,3
17555,22,2
17556,61,1
17556,7,1
17557,85,3
17558,47,2
17559,81,2
17560,51,1
17560,32,1
17560,78,1
17560,59,1
17560,16,3
17561,72,2
17561,38,1
17562,11,3
17562,5,3
17562,66,1
17562,56,2
17562,4,2
17563,98,2
17563,65,3
17563,41,1
17563,85,2
17564,46,3
17565,26,2
17566,89,2
17567,65,1
17567,29,3
17568,68,2
17568,34,1
17569,75,2
17569,84,1
17570,55,2
17571,13,2
17571,100,2
17571,66,3
17572,26,3
17573,18,2
17573,93,2
17573,7,1
17574,31,3
17574,44,3
17575,80,2
17575,12,2
17575,23,3
17575,51,2
17575,29,2
17576,18,1
17576,53,3
17577,38,2
17577,39,3
17577,73,3
17578,66,1
17578,34,1
17579,89,2
17580,27,1
17580,32,3
17581,93,3
17581,62,3
17581,90,3
17581,78,1
17582,97,2
17582,38,1
17582,81,3
17582,98,2
17582,32,3
17583,81,1
17583,82,1
17583,3,2
17583,29,3
17583,42,3
17584,59,2
17584,9,1
17584,25,1
17584,40,3
17584,19,2
17585,28,3
17585,83,1
17585,71,3
17585,27,2
17586,84,3
17587,18,3
17588,82,2
17588,50,1
17588,88,1
17588,70,3
17589,3,3
17589,9,2
17589,32,1
17589,25,2
17590,93,1
17590,77,1
17590,50,2
17590,19,2
17591,71,2
17592,73,1
17592,33,3
17592,92,3
17593,42,3
17594,74,2
17594,93,1
17594,46,3
17595,29,1
17595,43,3
17595,75,1
17595,21,3
17595,56,3
17596,86,1
17596,55,2
17596,7,2
17596,82,2
17596,71,1
17597,65,3
17597,49,3
17598,85,3
17599,66,1
17599,8,2
17599,80,3
17600,57,2
17601,51,1
17601,85,1
17602,34,2
17603,25,2
17604,48,2
17604,43,2
17604,83,2
17605,44,1
17605,41,2
17605,92,3
17606,46,1
17606,11,2
17606,40,2
17606,1,3
17606,77,2
17607,88,1
17607,86,2
17607,1,3
17607,81,3
17608,11,2
17608,33,2
17608,90,1
17608,78,1
17609,70,1
17609,23,3
17609,8,2
17609,80,3
17609,64,1
17610,93,2
17610,34,1
17610,44,3
17611,99,3
17611,14,3
17611,54,3
17611,84,1
17612,18,1
17612,9,2
17612,40,3
17612,47,1
17612,57,2
17613,48,3
17613,29,3
17614,60,3
17614,34,3
17615,99,3
17615,55,2
17615,24,1
17616,39,3
17616,68,2
17617,66,2
17617,92,1
17618,11,3
17618,87,1
17619,82,1
17619,43,2
17619,36,2
17619,75,3
17620,22,3
17621,49,1
17621,74,1
17621,88,1
17621,53,2
17622,100,2
17623,32,1
17623,44,2
17623,35,3
17624,44,2
17624,61,3
17624,35,2
17624,7,1
17625,42,3
17625,67,2
17625,88,1
17626,47,2
17626,31,2
17626,27,3
17626,73,3
17626,75,1
17627,63,1
17628,15,2
17629,84,3
17629,99,1
17629,68,3
17629,85,1
17630,93,3
17630,64,3
17630,32,2
17630,78,3
17631,80,3
17631,40,1
17631,79,1
17631,23,3
17631,14,2
17632,5,3
17632,60,2
17633,81,3
17633,58,3
17633,56,3
17634,95,1
17634,81,1
17634,4,3
17634,23,3
17635,92,1
17636,75,1
17637,84,2
17637,98,3
17638,23,3
17638,77,3
17638,54,2
17639,60,3
17639,95,1
17639,99,1
17640,62,1
17641,20,3
17642,28,1
17642,30,3
17643,76,3
17643,28,3
17643,5,2
17644,100,2
17645,55,2
17645,69,3
17645,41,3
17645,88,1
17646,23,2
17646,41,1
17647,70,1
17647,100,3
17647,97,3
17648,94,1
17648,84,2
17648,13,1
17648,95,3
17649,66,1
17649,67,1
17649,100,1
17649,33,2
17650,77,3
17650,62,1
17651,69,1
17651,44,3
17651,3,2
17652,60,2
17652,51,2
17653,56,1
17653,12,3
17653,19,2
17653,97,1
17654,99,2
17655,61,2
17655,31,1
17655,53,1
17655,13,3
17655,83,3
17656,39,2
17657,49,2
17657,48,3
17657,44,2
17658,83,1
17658,44,1
17658,10,1
17658,71,3
17658,20,1
17659,63,1
17659,13,2
17660,96,2
17660,11,1
17660,75,2
17660,47,1
17660,5,1
17661,2,2
17661,22,1
17661,80,1
17661,95,3
17662,69,2
17663,68,3
17664,25,2
17664,33,2
17664,58,3
17664,59,2
17664,56,1
17665,16,1
17665,17,2
17666,62,2
17666,60,2
17667,57,1
17667,43,3
17667,26,3
17667,72,1
17668,90,1
17668,5,3
17668,37,3
17668,35,3
17668,59,2
17669,30,2
17669,81,3
17670,25,3
17670,98,2
17670,82,1
17670,21,3
17670,28,1
17671,81,3
17671,66,1
17672,37,3
17672,5,2
17672,79,3
17672,25,2
17673,89,2
17673,15,1
17673,99,3
17673,16,2
17674,16,1
17674,56,3
17674,62,1
17674,20,2
17675,39,2
17675,70,2
17675,23,1
17675,80,1
17676,30,2
17677,98,3
17677,4,1
17677,99,2
17677,57,3
17678,94,1
17679,44,3
17679,94,1
17679,2,3
17680,46,1
17680,69,1
17680,79,3
17681,44,1
17681,89,3
17682,87,3
17682,90,1
17683,14,3
17684,95,1
17685,65,3
17685,4,1
17685,64,1
17685,91,1
17685,79,2
17686,45,3
17686,79,2
17686,63,3
17687,39,3
17687,62,2
17688,37,1
17688,39,2
17688,7,2
17688,28,3
17689,84,3
17689,70,3
17690,76,3
17690,28,1
17690,82,2
17690,35,2
17690,84,2
17691,76,3
17692,70,2
17692,18,2
17693,70,3
17694,52,1
17694,11,3
17694,5,2
17694,35,2
17695,20,2
17695,61,1
17695,58,3
17696,72,1
17697,75,2
17698,67,2
17698,26,3
17698,97,3
17698,73,3
17698,70,3
17699,98,1
17699,74,1
17699,67,1
17699,42,2
17699,95,2
17700,43,1
17700,32,2
17701,95,3
17701,36,2
17701,37,2
17701,13,1
17702,89,2
17702,3,3
17702,12,1
17702,15,1
17702,59,3
17703,54,3
17703,7,2
17703,99,1
17703,28,3
17704,77,1
17704,72,3
17704,2,2
17704,14,1
17705,18,2
17705,87,2
17705,45,2
17706,21,3
17706,58,2
17706,39,3
17706,88,1
17707,64,2
17707,58,3
17707,27,1
17707,90,1
17708,38,1
17708,78,2
17708,71,2
17708,66,3
17708,81,3
17709,88,3
17709,4,3
17710,99,1
17710,60,1
17710,95,2
17711,68,3
17711,8,1
17711,86,2
17711,82,1
17711,98,1
17712,22,1
17713,94,3
17713,84,2
17713,33,3
17714,81,1
17714,23,3
17714,18,2
17714,24,1
17715,19,1
17715,44,2
17715,58,2
17715,10,3
17716,64,2
17716,34,3
17716,35,1
17716,68,2
17717,52,1
17717,14,3
17717,2,3
17717,71,3
17717,68,3
17718,95,2
17718,13,2
17718,27,1
17718,45,2
17718,11,1
17719,57,2
17719,30,1
17719,74,2
17719,52,1
17719,36,3
17720,52,3
17721,84,2
17721,68,2
17721,99,2
17722,36,2
17723,48,2
17723,46,2
17723,13,2
17723,77,1
17724,13,1
17724,34,1
17724,41,1
17724,30,1
17725,77,1
17725,60,3
17725,6,2
17726,53,3
17726,61,2
17727,57,2
17727,77,3
17728,40,2
17729,18,1
17729,72,1
17730,62,3
17730,68,3
17731,80,3
17731,26,1
17731,70,2
17732,91,3
17732,98,2
17732,85,1
17732,32,1
17732,3,1
17733,27,3
17733,100,1
17733,89,1
17733,19,3
17734,41,3
17734,78,3
17735,87,2
17736,51,2
17736,30,2
17737,47,1
17737,20,1
17738,76,3
17739,71,1
17739,57,1
17739,94,1
17739,47,2
17740,15,2
17741,23,2
17741,61,3
17741,19,3
17742,53,2
17742,16,3
17742,72,1
17742,73,1
17742,28,2
17743,6,1
17743,70,1
17743,78,3
17743,91,2
17743,41,1
17744,53,3
17744,89,3
17744,97,1
17745,16,2
17745,83,2
17746,64,2
17746,44,1
17746,40,3
17746,61,3
17746,73,2
17747,6,2
17747,84,3
17748,3,3
17748,39,2
17748,6,1
17748,56,3
17749,8,3
17749,35,3
17749,71,3
17750,8,1
17750,88,2
17750,3,3
17751,34,2
17751,31,1
17752,53,2
17752,3,3
17752,55,2
17752,6,2
17753,91,3
17753,1,3
17753,36,2
17753,29,2
17753,24,2
17754,53,3
17754,32,2
17754,41,2
17754,35,3
17755,90,2
17755,98,2
17755,38,1
17755,26,1
17756,41,2
17756,92,3
17756,80,2
17757,12,2
17758,46,3
17758,57,1
17758,3,3
17758,90,1
17758,55,2
17759,69,2
17759,97,3
17759,84,1
17759,24,1
17760,4,1
17760,49,1
17760,1,3
17760,45,1
17761,61,1
17762,20,2
17763,33,2
17763,54,3
17763,94,3
17763,49,3
17764,44,2
17764,27,2
17764,29,3
17765,100,2
17765,3,3
17765,69,2
17766,91,3
17766,82,1
17766,17,2
17766,46,2
17767,97,1
17767,96,3
17767,65,2
17767,90,3
17767,75,2
17768,59,3
17768,81,2
17769,21,3
17769,67,1
17769,99,2
17769,35,1
17769,95,1
17770,63,2
17770,53,3
17770,18,1
17771,18,1
17771,71,1
17771,9,3
17771,84,2
17771,91,3
17772,16,3
17772,33,3
17772,41,2
17772,11,2
17772,23,2
17773,97,2
17773,90,1
17773,29,2
17773,22,2
17774,49,1
17774,19,2
17774,9,3
17774,2,2
17775,10,2
17775,82,1
17775,64,1
17775,49,2
17776,20,3
17776,5,1
17776,41,3
17776,38,1
17777,51,1
17777,22,3
17777,92,3
17777,81,2
17777,88,1
17778,97,2
17778,47,3
17778,32,2
17778,49,2
17778,41,2
17779,99,1
17780,17,1
17780,50,2
17780,19,2
17780,58,3
17781,82,1
17781,37,3
17781,11,2
17781,41,1
17781,14,1
17782,40,3
17782,66,1
17782,27,1
17783,39,3
17783,1,2
17784,43,3
17784,45,3
17785,29,2
17785,67,1
17785,32,3
17786,91,1
17786,97,1
17786,84,2
17786,53,1
17787,79,3
17788,72,3
17788,73,1
17789,79,2
17789,92,3
17790,38,1
17790,64,2
17790,60,1
17791,88,1
17792,72,1
17792,8,1
17792,82,1
17792,45,3
17793,85,2
17793,14,3
17793,39,3
17793,38,1
17794,95,1
17794,5,1
17794,65,1
17794,32,1
17795,9,1
17795,33,2
17795,72,1
17796,74,3
17797,17,3
17797,56,1
17797,71,2
17797,7,2
17798,40,3
17798,45,2
17798,62,1
17798,67,1
17799,9,1
17800,69,1
17801,85,2
17802,93,3
17803,20,2
17803,70,3
17803,37,1
17804,9,3
17804,29,3
17804,80,1
17804,36,1
17804,11,1
17805,92,3
17805,49,1
17806,19,2
17807,14,2
17808,3,2
17808,94,1
17808,32,1
17809,30,3
17809,44,2
17809,68,2
17809,27,1
17809,50,3
17810,47,3
17810,32,2
17810,73,2
17810,98,1
17811,3,3
17812,52,1
17812,78,1
17812,14,2
17812,27,1
17813,50,1
17813,39,3
17813,12,2
17814,85,1
17814,50,2
17815,52,3
17815,18,3
17815,20,2
17815,7,2
17816,91,2
17816,24,3
17816,85,2
17816,98,1
17817,20,1
17817,22,1
17817,36,2
17818,85,3
17818,42,2
17818,91,2
17818,34,2
17818,62,3
17819,60,2
17819,80,3
17819,3,2
17819,93,1
17819,83,1
17820,60,3
17820,68,2
17820,23,2
17821,93,3
17821,50,3
17821,57,3
17821,49,3
17822,48,3
17822,99,1
17822,90,1
17823,55,3
17823,78,1
17823,84,3
17823,19,2
17824,90,2
17824,68,2
17824,94,2
17825,52,2
17825,71,2
17825,15,1
17826,67,1
17826,26,1
17826,21,3
17826,71,1
17826,18,2
17827,93,3
17827,1,3
17827,13,3
17827,22,1
17828,86,3
17828,57,1
17828,25,1
17828,1,3
17828,54,3
17829,90,3
17829,52,2
17830,68,3
17831,48,3
17831,21,2
17831,64,1
17832,42,2
17832,82,2
17833,68,1
17833,18,1
17833,60,2
17833,64,2
17833,91,1
17834,14,2
17834,97,3
17834,71,3
17834,1,1
17834,20,2
17835,26,3
17836,20,1
17837,68,3
17837,53,2
17837,34,2
17837,75,1
17837,81,1
17838,87,2
17838,68,2
17839,76,2
17839,56,3
17839,35,1
17839,61,2
17839,4,3
17840,80,1
17841,50,1
17842,57,1
17842,38,2
17843,58,3
17843,31,3
17843,7,2
17843,26,2
17844,54,2
17844,17,2
17844,52,2
17844,46,3
17844,95,3
17845,37,2
17845,38,1
17845,25,2
17845,73,3
17846,12,2
17846,48,2
17846,10,3
17846,28,1
17847,93,3
17847,91,2
17847,21,2
17848,14,3
17848,46,1
17848,57,3
17849,44,3
17849,46,2
17850,11,1
17850,34,1
17850,36,3
17850,4,1
17851,83,2
17851,71,3
17851,72,2
17851,32,3
17851,73,1
17852,81,2
17852,38,3
17852,19,3
17852,96,1
17853,99,1
17853,67,1
17853,69,1
17853,24,1
17854,50,3
17854,60,3
17854,100,1
17854,79,3
17855,1,2
17855,87,1
17855,78,2
17855,18,2
17855,53,1
17856,4,3
17857,34,1
17857,64,1
17858,65,2
17859,57,2
17859,83,2
17859,24,2
17859,43,3
17860,4,3
17860,15,1
17860,86,3
17861,59,1
17861,34,3
17862,85,1
17862,27,1
17862,48,3
17863,61,3
17863,37,1
17863,50,3
17864,35,2
17864,22,1
17864,65,2
17865,16,3
17866,66,1
17866,42,3
17867,57,2
17867,36,1
17867,28,3
17867,10,1
17867,89,1
17868,72,3
17868,62,1
17869,68,3
17869,80,1
17870,89,2
17870,38,2
17870,42,1
17870,20,1
17870,97,2
17871,13,3
17871,43,3
17872,30,1
17872,13,2
17873,80,1
17873,92,3
17873,15,3
17873,5,2
17873,85,1
17874,25,3
17874,72,3
17874,75,3
17874,56,1
17874,89,2
17875,63,2
17875,25,2
17875,49,2
17875,42,1
17875,20,3
17876,68,1
17876,42,3
17876,17,3
17876,26,1
17876,8,2
17877,48,1
17878,5,3
17878,9,1
17878,89,3
17879,99,2
17879,62,3
17879,65,1
17880,14,1
17880,22,2
17880,61,1
17880,46,3
17881,40,1
17882,53,2
17882,85,2
17883,31,3
17883,62,1
17883,22,3
17883,82,1
17884,31,3
17885,5,3
17885,31,1
17885,56,1
17885,10,2
17886,79,1
17887,72,1
17887,96,2
17887,31,2
17887,91,1
17887,4,1
17888,9,3
17888,83,2
17889,33,2
17889,47,1
17889,76,3
17890,56,2
17891,2,1
17891,74,3
17891,63,3
17891,30,1
17891,38,2
17892,96,1
17892,50,3
17893,100,1
17894,24,1
17894,87,1
17894,27,2
17894,86,2
17895,37,3
17895,62,2
17895,89,2
17895,1,2
17895,54,2
17896,84,3
17896,34,2
17896,28,1
17897,19,2
17897,38,2
17897,56,3
17897,43,2
17898,4,1
17898,2,2
17898,89,2
17899,77,2
17899,15,1
17899,42,3
17899,68,2
17899,95,2
17900,93,2
17900,100,2
17900,68,2
17900,77,3
17900,62,1
17901,84,3
17901,46,3
17901,67,3
17901,10,3
17901,27,1
17902,82,1
17902,80,2
17902,92,2
17902,54,2
17903,19,2
17903,97,2
17903,21,3
17903,30,1
17904,98,2
17904,75,1
17904,9,1
17904,100,2
17905,26,2
17905,79,3
17905,87,2
17905,44,3
17905,21,1
17906,28,2
17907,68,2
17907,69,2
17907,52,3
17907,78,3
17908,76,2
17909,15,2
17909,75,2
17909,80,1
17909,47,3
17910,51,3
17910,73,3
17910,83,1
17910,99,2
17910,47,2
17911,18,1
17911,49,1
17912,21,2
17912,9,2
17913,58,1
17913,25,1
17913,16,2
17913,85,1
17914,71,2
17914,38,1
17914,86,1
17915,70,3
17915,99,3
17915,28,1
17916,79,1
17916,54,1
17917,94,3
17917,85,3
17917,43,1
17917,18,2
17917,92,2
17918,80,1
17918,92,2
17918,30,2
17919,17,1
17920,51,1
17921,16,3
17921,84,1
17921,25,2
17921,35,1
17922,70,3
17922,36,1
17923,24,3
17923,53,1
17923,88,1
17923,25,2
17923,5,3
17924,96,2
17924,90,3
17924,6,1
17925,33,1
17925,82,3
17925,8,1
17926,50,2
17926,25,3
17927,12,1
17927,64,3
17927,38,2
17928,82,2
17929,87,2
17930,43,3
17930,77,2
17930,57,1
17931,3,1
17931,32,2
17932,94,3
17932,33,1
17933,17,1
17933,94,2
17933,75,1
17934,93,2
17934,31,2
17934,61,2
17935,95,2
17935,27,2
17935,9,3
17935,44,3
17936,85,3
17937,21,3
17937,100,2
17938,77,3
17938,80,1
17938,27,2
17939,1,1
17939,55,2
17939,73,1
17940,32,2
17940,42,1
17940,84,2
17940,70,2
17940,77,2
17941,73,3
17941,80,1
17941,76,1
17941,25,1
17942,26,1
17942,3,1
17942,64,2
17942,84,2
17942,50,3
17943,17,3
17943,37,2
17943,96,3
17944,6,1
17944,23,1
17944,87,2
17944,86,3
17944,57,3
17945,64,2
17945,18,2
17945,42,1
17945,28,2
17946,98,2
17947,14,2
17947,36,1
17948,50,1
17949,11,3
17949,95,1
17949,35,3
17950,23,2
17950,10,2
17950,17,1
17950,29,1
17950,24,3
17951,4,3
17951,30,3
17952,60,1
17952,50,3
17952,92,3
17953,16,2
17954,32,3
17955,66,1
17955,17,1
17955,48,3
17956,12,3
17956,95,1
17956,7,2
17957,12,2
17957,10,2
17957,91,2
17957,77,3
17957,68,2
17958,89,3
17958,4,2
17958,12,3
17958,100,1
17958,50,1
17959,40,2
17959,10,3
17959,21,2
17959,24,1
17960,63,3
17961,58,2
17962,85,3
17962,78,2
17962,69,2
17962,65,2
17963,67,3
17963,98,3
17963,46,2
17963,83,2
17963,22,1
17964,58,3
17964,100,3
17965,11,1
17965,75,2
17965,1,1
17965,89,1
17965,79,1
17966,24,3
17966,61,1
17966,82,2
17966,55,3
17967,26,1
17968,63,1
17968,97,3
17968,88,3
17968,7,2
17969,81,2
17969,60,2
17969,86,1
17970,81,3
17970,45,2
17971,25,1
17972,21,3
17972,94,2
17972,13,2
17972,71,3
17973,27,3
17973,22,3
17973,28,1
17973,8,1
17973,51,1
17974,37,1
17974,67,2
17974,53,1
17974,78,2
17975,94,2
17975,100,3
17976,7,3
17976,45,2
17977,64,2
17977,37,3
17977,70,2
17977,52,3
17978,91,2
17978,57,2
17979,53,2
17979,25,3
17979,57,2
17980,90,1
17980,36,2
17980,14,1
17980,71,2
17980,56,3
17981,73,3
17982,4,2
17982,19,1
17982,100,3
17982,77,2
17982,91,2
17983,68,2
17984,71,1
17984,82,2
17985,45,1
17985,71,1
17985,58,3
17986,53,2
17987,90,3
17988,71,1
17988,25,2
17988,31,1
17988,75,2
17988,53,3
17989,82,2
17989,95,1
17989,68,1
17990,74,3
17991,45,3
17991,74,1
17992,57,3
17992,42,3
17992,7,1
17993,91,1
17993,46,3
17994,3,2
17994,40,3
17994,18,1
17995,63,2
17995,37,2
17995,92,2
17995,89,2
17996,79,2
17996,82,1
17997,72,3
17997,6,1
17997,95,1
17997,32,2
17998,68,1
17998,75,2
17998,52,3
17998,36,3
17999,60,3
17999,32,3
17999,44,2
17999,78,1
17999,94,2
18000,39,2
18001,46,1
18001,7,2
18001,42,2
18001,75,1
18001,17,2
18002,67,3
18002,59,1
18003,97,1
18003,32,1
18003,66,1
18004,20,1
18004,50,3
18004,85,2
18004,9,1
18005,80,3
18005,17,1
18005,78,2
18006,93,1
18006,17,1
18007,36,3
18008,13,2
18009,94,2
18009,3,3
18010,23,1
18010,65,3
18010,47,1
18011,83,3
18011,100,2
18011,43,3
18011,56,1
18012,25,3
18012,69,2
18012,22,3
18012,93,1
18012,41,1
18013,94,2
18013,79,1
18013,11,3
18013,63,1
18014,77,3
18014,30,3
18014,51,2
18014,1,2
18015,53,1
18015,28,1
18015,85,1
18015,68,2
18015,99,3
18016,80,2
18016,61,3
18016,99,2
18017,38,2
18017,67,3
18017,99,1
18018,1,3
18018,92,2
18018,49,1
18018,82,3
18019,52,1
18020,24,1
18020,47,2
18020,33,3
18021,82,2
18022,52,2
18022,54,1
18023,26,1
18023,34,1
18023,9,2
18024,100,3
18024,68,2
18024,82,1
18024,4,3
18024,32,2
18025,11,3
18026,30,3
18026,43,2
18026,87,3
18026,61,2
18027,83,2
18027,79,2
18028,36,3
18028,44,3
18028,48,3
18028,27,2
18028,86,1
18029,34,2
18029,5,2
18030,80,2
18030,46,3
18030,4,1
18030,94,3
18031,63,3
18031,42,3
18031,65,2
18032,53,1
18033,83,1
18034,43,2
18034,28,3
18034,33,1
18034,48,2
18034,17,3
18035,13,3
18035,77,3
18035,84,2
18035,78,2
18036,93,2
18037,11,3
18038,5,1
18038,2,1
18038,82,2
18039,86,3
18039,7,3
18039,35,2
18039,95,3
18039,53,1
18040,2,3
18040,99,3
18040,74,2
18041,79,2
18041,62,2
18042,35,1
18043,78,1
18043,73,3
18044,28,1
18044,87,3
18045,17,2
18046,47,1
18047,77,2
18048,98,1
18048,41,2
18048,58,2
18048,81,2
18049,99,3
18050,14,2
18050,20,2
18050,72,1
18050,94,2
18051,27,1
18051,46,2
18052,88,2
18052,87,1
18053,31,2
18053,30,1
18053,58,3
18053,82,3
18053,42,3
18054,63,3
18054,67,1
18054,26,2
18054,91,3
18054,21,2
18055,99,3
18055,93,2
18055,4,3
18055,43,2
18055,46,2
18056,84,1
18056,100,2
18056,11,2
18056,23,2
18056,50,3
18057,57,2
18057,10,2
18057,65,3
18057,6,3
18057,74,1
18058,78,1
18058,68,3
18059,54,1
18059,61,2
18059,83,1
18059,10,2
18060,59,3
18060,62,1
18061,56,1
18061,51,3
18062,34,3
18062,97,1
18063,29,3
18064,51,3
18064,76,1
18064,18,3
18064,97,3
18065,23,1
18065,90,3
18065,11,1
18066,32,2
18066,49,3
18066,57,3
18067,58,3
18068,59,1
18068,86,1
18068,20,3
18068,37,1
18068,61,3
18069,69,2
18069,64,3
18069,100,3
18070,50,1
18070,72,3
18070,45,3
18070,29,1
18070,4,2
18071,7,3
18072,94,1
18073,27,1
18073,10,2
18074,85,2
18074,88,2
18074,14,2
18074,91,2
18075,29,2
18076,65,1
18077,49,3
18077,5,1
18077,27,1
18077,84,3
18078,31,2
18078,11,3
18078,51,2
18079,23,3
18079,77,3
18079,95,2
18079,57,3
18079,73,1
18080,6,3
18080,100,2
18080,94,2
18080,78,3
18081,77,1
18081,26,3
18081,81,2
18082,58,1
18082,100,1
18082,62,1
18082,42,3
18082,25,3
18083,22,3
18083,43,3
18083,17,1
18084,100,2
18084,51,2
18084,46,2
18084,15,3
18085,86,1
18085,19,3
18085,72,2
18085,17,3
18085,69,2
18086,23,2
18087,95,1
18087,86,1
18087,46,3
18088,58,3
18088,56,1
18088,88,2
18088,87,2
18088,20,1
18089,3,3
18089,98,1
18089,99,1
18089,7,2
18090,21,2
18090,54,3
18091,36,3
18092,69,2
18093,29,1
18093,72,3
18093,60,1
18093,82,3
18093,65,2
18094,82,2
18095,4,2
18095,2,2
18095,47,3
18095,37,1
18096,48,1
18096,82,1
18096,59,2
18096,16,2
18096,23,3
18097,3,3
18097,80,3
18098,9,3
18099,55,3
18099,97,2
18099,66,2
18099,33,1
18099,58,2
18100,90,1
18100,52,1
18101,96,1
18101,66,3
18101,40,3
18101,86,1
18101,33,1
18102,90,1
18102,48,3
18103,81,2
18103,51,1
18104,45,1
18104,24,1
18104,73,1
18104,61,1
18105,81,1
18105,46,1
18105,84,3
18105,7,3
18106,73,3
18106,95,3
18106,71,1
18106,21,3
18106,18,3
18107,6,3
18108,63,3
18108,50,2
18108,54,3
18109,19,3
18109,75,1
18109,88,2
18109,59,3
18110,28,1
18110,74,1
18110,77,1
18110,32,3
18111,77,2
18111,34,1
18112,43,2
18112,42,2
18113,84,3
18113,90,3
18113,60,2
18114,15,2
18114,60,3
18114,75,2
18115,10,2
18115,38,3
18115,51,2
18116,79,1
18116,85,3
18116,63,3
18117,15,2
18117,93,2
18117,27,1
18117,85,2
18118,7,2
18118,34,3
18118,13,2
18118,30,3
18118,52,2
18119,33,2
18119,78,1
18119,55,2
18119,37,1
18120,52,2
18120,84,2
18120,55,1
18121,33,2
18121,79,2
18121,11,3
18122,5,1
18123,13,1
18123,63,3
18123,57,3
18123,91,2
18123,30,3
18124,67,2
18124,39,2
18124,75,2
18125,9,2
18125,62,1
18125,43,1
18126,51,1
18126,25,2
18126,18,3
18127,43,3
18127,6,1
18127,19,1
18127,99,2
18128,20,3
18128,13,2
18128,25,1
18128,28,1
18129,53,3
18129,80,2
18130,92,3
18130,57,2
18130,72,3
18131,87,1
18131,7,1
18131,71,3
18131,61,2
18132,88,1
18132,36,1
18132,45,3
18133,83,2
18133,28,2
18133,76,1
18134,1,1
18134,67,2
18135,95,3
18136,21,1
18137,37,1
18137,30,1
18138,19,1
18138,100,3
18138,59,2
18139,19,3
18139,37,2
18139,69,3
18140,76,2
18140,67,3
18140,13,2
18141,35,3
18141,58,3
18141,92,1
18141,60,2
18141,95,3
18142,93,3
18142,95,1
18142,37,3
18142,94,1
18142,100,3
18143,76,1
18143,39,2
18143,30,1
18144,70,1
18145,7,3
18145,42,2
18145,34,3
18145,13,2
18146,41,1
18146,19,2
18146,73,2
18147,81,1
18147,50,1
18147,53,1
18148,50,2
18148,1,3
18148,7,3
18148,80,3
18149,97,2
18149,92,3
18149,69,1
18149,15,3
18150,71,3
18150,61,3
18150,1,2
18150,13,2
18151,6,3
18151,8,3
18152,26,3
18152,47,2
18152,53,2
18152,45,2
18153,95,2
18153,93,3
18153,60,2
18153,7,1
18154,27,3
18154,47,1
18154,84,2
18154,96,1
18155,52,1
18155,84,1
18155,72,3
18155,64,3
18156,96,1
18157,74,1
18157,73,3
18158,59,3
18159,47,2
18159,88,1
18159,90,2
18159,39,2
18160,19,3
18160,4,3
18161,96,3
18161,61,1
18161,49,1
18161,42,1
18161,23,3
18162,75,2
18162,76,1
18162,56,3
18162,37,3
18163,24,2
18163,25,1
18163,71,2
18163,92,3
18164,37,1
18164,13,2
18164,22,3
18165,31,2
18165,70,2
18166,86,1
18166,78,1
18166,1,2
18167,79,3
18168,59,1
18169,6,2
18169,58,1
18169,31,3
18170,36,1
18170,40,1
18170,79,2
18170,97,1
18170,69,2
18171,70,2
18171,18,1
18172,82,2
18172,79,1
18173,91,1
18173,23,1
18174,54,1
18174,21,2
18174,23,3
18174,17,2
18175,19,2
18175,24,3
18175,34,1
18175,10,3
18176,62,2
18176,34,1
18176,43,2
18176,87,1
18176,65,3
18177,23,2
18177,26,1
18177,6,3
18177,88,3
18177,83,1
18178,85,3
18178,100,3
18178,74,1
18178,25,3
18179,38,1
18179,72,1
18180,58,2
18180,33,2
18180,74,1
18180,44,1
18181,89,3
18181,78,1
18182,100,3
18182,24,1
18183,2,2
18184,86,1
18184,2,3
18185,43,2
18185,32,2
18185,17,2
18185,16,1
18185,100,3
18186,29,1
18186,100,3
18186,84,1
18187,82,1
18187,86,3
18187,40,3
18187,25,1
18187,50,1
18188,76,1
18188,19,3
18188,97,1
18188,2,1
18189,25,2
18189,86,3
18190,61,1
18190,20,1
18191,75,1
18191,28,2
18191,49,1
18191,31,2
18191,87,3
18192,19,3
18193,70,1
18193,89,3
18193,44,3
18194,52,3
18194,88,3
18194,24,2
18195,69,3
18195,31,2
18195,86,1
18196,37,3
18196,23,3
18196,8,1
18196,29,3
18196,83,3
18197,95,2
18197,82,3
18197,3,1
18197,59,2
18198,63,3
18198,71,3
18198,86,3
18199,64,1
18199,59,1
18199,51,1
18200,60,1
18200,93,2
18201,18,3
18201,32,3
18201,59,3
18202,78,1
18202,57,2
18202,6,2
18202,47,3
18203,99,2
18203,91,2
18203,84,1
18203,10,1
18203,76,1
18204,75,2
18205,29,1
18205,54,2
18205,5,1
18205,64,3
18206,5,3
18207,58,3
18208,74,3
18208,55,1
18208,95,3
18208,43,3
18208,63,1
18209,6,2
18209,70,2
18209,50,2
18209,66,3
18210,43,2
18211,74,2
18211,96,1
18212,39,2
18212,42,1
18212,38,1
18212,87,3
18212,10,3
18213,11,1
18213,61,3
18213,12,1
18213,71,3
18214,5,3
18214,25,2
18215,76,3
18216,27,3
18216,59,3
18216,94,1
18216,20,2
18216,82,2
18217,92,1
18217,9,2
18217,50,3
18217,32,1
18217,52,3
18218,17,2
18218,39,2
18219,86,1
18219,29,1
18219,77,3
18220,42,2
18221,1,1
18221,28,3
18221,10,3
18221,77,3
18222,81,2
18222,100,1
18223,77,2
18223,1,2
18224,5,2
18224,21,1
18224,91,1
18224,22,2
18224,70,3
18225,49,3
18225,47,2
18225,29,2
18226,36,1
18226,88,1
18227,36,3
18227,90,3
18227,33,2
18227,2,2
18227,42,3
18228,75,1
18228,22,2
18228,26,1
18228,77,2
18228,54,1
18229,36,2
18230,23,2
18230,75,3
18231,71,1
18231,30,3
18232,49,2
18233,78,3
18233,86,2
18233,87,3
18233,96,1
18234,97,2
18234,16,2
18234,7,3
18234,76,3
18235,42,2
18235,3,1
18236,86,1
18237,11,3
18237,67,1
18237,39,3
18237,29,3
18237,83,3
18238,54,2
18238,39,1
18238,2,1
18238,52,1
18238,75,2
18239,1,2
18239,6,2
18239,11,2
18240,41,2
18240,21,1
18240,22,1
18240,6,2
18240,87,2
18241,78,2
18242,4,3
18242,5,3
18242,65,2
18242,91,2
18242,52,3
18243,17,2
18243,99,3
18244,5,1
18244,54,1
18244,20,3
18244,66,1
18245,39,1
18245,66,3
18245,91,1
18246,100,2
18246,5,2
18247,90,3
18248,4,3
18248,16,1
18249,10,2
18249,95,1
18250,76,3
18251,100,2
18251,2,3
18251,27,3
18251,38,3
18252,57,3
18252,39,1
18252,64,2
18253,29,1
18253,27,1
18253,57,3
18253,72,3
18254,85,3
18254,83,3
18255,2,2
18255,98,2
18255,19,3
18256,65,1
18256,74,1
18257,73,1
18258,96,1
18258,93,3
18258,74,2
18259,13,1
18259,58,1
18260,6,2
18260,37,2
18260,16,3
18260,60,2
18260,14,2
18261,11,2
18261,79,3
18261,94,2
18261,64,3
18261,46,2
18262,92,3
18262,76,1
18262,41,2
18263,21,1
18263,20,1
18263,48,2
18263,44,2
18264,8,3
18264,71,1
18265,80,1
18265,98,2
18265,15,3
18266,83,2
18266,4,2
18266,17,2
18266,77,3
18267,43,3
18267,37,3
18267,64,2
18267,9,1
18267,99,2
18268,36,1
18269,55,2
18269,95,1
18269,96,1
18269,66,3
18269,50,2
18270,96,1
18270,78,2
18270,18,3
18270,80,1
18271,29,2
18271,2,2
18271,95,2
18271,96,1
18272,52,3
18272,71,2
18272,18,1
18273,37,2
18273,5,2
18273,2,1
18274,93,2
18274,74,1
18274,91,1
18274,43,2
18275,64,2
18275,15,2
18275,57,3
18275,52,1
18276,4,3
18276,47,1
18277,98,3
18277,100,3
18277,34,3
18277,10,1
18278,70,2
18278,83,2
18278,38,1
18279,56,3
18279,20,3
18279,79,1
18280,13,2
18280,33,1
18280,7,1
18280,46,1
18280,29,3
18281,62,1
18281,7,2
18282,14,3
18282,20,2
18282,93,2
18283,95,1
18284,13,1
18284,73,2
18285,34,3
18285,16,2
18285,83,1
18285,26,1
18286,58,1
18286,47,2
18286,53,1
18287,94,2
18287,93,1
18287,99,3
18287,31,3
18288,39,2
18288,88,1
18289,57,2
18289,6,2
18289,30,2
18290,5,2
18290,69,1
18290,43,3
18290,70,1
18290,50,2
18291,94,3
18292,32,3
18293,17,2
18293,8,2
18293,19,2
18294,11,2
18294,26,1
18294,67,2
18294,51,2
18295,96,3
18295,67,1
18295,43,3
18296,40,3
18296,18,2
18297,41,1
18297,6,2
18297,82,2
18297,99,1
18297,5,2
18298,20,1
18298,38,3
18299,99,1
18300,20,3
18300,76,3
18301,45,2
18301,75,3
18302,66,2
18302,41,1
18302,12,3
18302,88,1
18302,22,1
18303,89,1
18303,3,1
18303,51,1
18304,49,3
18305,34,2
18305,10,1
18305,91,3
18305,85,2
18305,62,3
18306,38,1
18306,56,1
18306,9,3
18307,55,1
18307,91,2
18307,64,1
18307,67,3
18308,78,2
18308,82,2
18309,70,1
18309,100,1
18309,59,2
18310,92,2
18310,33,1
18310,83,1
18311,74,1
18312,72,1
18312,68,2
18312,47,3
18312,4,3
18313,80,1
18313,71,1
18313,62,1
18313,58,3
18313,46,1
18314,63,1
18314,25,2
18314,81,2
18314,98,3
18315,89,1
18315,33,1
18315,58,1
18315,18,3
18316,11,1
18316,77,2
18316,46,3
18317,40,1
18317,24,3
18317,53,1
18317,100,3
18317,32,3
18318,3,3
18318,4,3
18318,46,2
18318,9,2
18319,11,1
18319,66,3
18319,94,2
18319,27,3
18320,100,2
18320,93,3
18321,58,1
18321,84,2
18321,2,1
18321,1,1
18322,90,3
18322,3,2
18322,39,3
18322,92,1
18323,96,2
18324,57,3
18324,91,3
18325,72,1
18325,60,2
18325,62,1
18325,81,2
18325,99,3
18326,16,1
18326,3,2
18326,45,3
18326,96,3
18326,34,2
18327,38,1
18327,19,1
18327,33,3
18327,88,1
18327,40,2
18328,98,3
18328,54,2
18328,88,3
18328,47,1
18329,34,3
18329,86,2
18329,100,2
18329,21,1
18330,50,3
18330,42,3
18330,97,2
18331,7,2
18331,1,1
18331,2,3
18332,100,1
18333,42,1
18334,100,3
18334,18,3
18334,20,1
18334,9,1
18334,14,1
18335,8,2
18336,90,1
18336,62,3
18336,65,1
18336,25,3
18337,7,1
18337,57,2
18338,80,2
18339,42,1
18339,6,3
18339,84,2
18340,62,2
18340,97,3
18340,1,3
18340,74,1
18340,21,2
18341,61,2
18341,32,2
18342,32,2
18342,44,2
18343,13,3
18343,67,2
18343,90,3
18343,87,2
18344,75,1
18344,54,2
18344,58,2
18345,85,2
18345,24,3
18345,41,2
18345,37,3
18346,32,2
18346,93,1
18346,47,2
18347,79,3
18347,48,1
18348,66,2
18348,65,2
18349,63,3
18349,10,3
18349,88,3
18350,18,3
18350,84,2
18350,81,1
18350,9,3
18351,98,3
18351,44,3
18351,25,3
18351,64,3
18352,82,1
18353,74,1
18353,63,2
18353,82,1
18353,67,1
18353,52,2
18354,51,3
18355,19,3
18355,76,3
18355,6,1
18355,92,1
18356,33,1
18356,41,3
18356,84,3
18356,14,2
18357,50,1
18357,4,3
18358,24,3
18358,28,2
18359,52,3
18359,17,2
18359,36,1
18360,6,2
18360,31,2
18361,49,3
18361,83,3
18361,33,2
18362,92,1
18362,80,3
18362,68,2
18362,2,3
18363,40,2
18363,15,1
18364,46,3
18365,85,3
18366,49,2
18367,77,2
18367,48,3
18368,84,2
18368,85,2
18368,69,3
18368,12,3
18369,83,2
18369,89,2
18369,49,1
18369,51,1
18370,95,1
18371,87,3
18371,66,3
18372,24,3
18373,45,3
18373,98,2
18374,87,2
18374,2,2
18374,83,3
18374,68,2
18374,96,3
18375,33,3
18376,58,2
18376,31,1
18376,54,3
18376,14,3
18377,32,3
18377,94,2
18377,9,3
18378,25,2
18379,80,3
18379,68,3
18379,9,2
18379,99,2
18380,16,1
18380,67,3
18381,76,3
18381,33,2
18381,51,3
18381,58,3
18382,84,3
18383,56,2
18383,1,3
18384,99,3
18384,33,2
18384,26,1
18384,82,1
18384,97,2
18385,92,3
18385,50,3
18385,28,2
18386,28,3
18386,19,3
18387,52,3
18387,33,1
18387,93,2
18388,37,2
18388,82,1
18388,33,3
18388,91,3
18389,53,3
18389,25,2
18390,88,3
18390,73,3
18390,22,2
18390,13,3
18391,67,3
18391,50,2
18391,47,1
18391,75,1
18392,6,2
18392,60,2
18392,25,2
18393,88,2
18393,33,1
18393,93,3
18393,79,3
18393,68,2
18394,37,2
18394,14,1
18395,65,1
18396,32,2
18396,62,2
18396,12,1
18397,61,1
18397,36,3
18397,6,3
18397,80,3
18397,19,1
18398,3,1
18399,17,3
18399,16,1
18400,31,3
18401,30,3
18401,85,1
18401,79,3
18402,20,3
18402,73,3
18402,33,3
18402,96,2
18403,48,1
18403,47,1
18404,49,1
18404,33,3
18404,25,1
18404,92,2
18404,65,1
18405,48,3
18405,14,2
18405,67,3
18405,40,2
18405,7,3
18406,80,1
18407,63,1
18408,57,3
18408,1,2
18408,48,2
18408,42,1
18409,7,1
18409,85,3
18409,72,1
18410,15,1
18411,71,3
18411,85,2
18411,16,1
18411,64,1
18412,98,3
18413,87,3
18413,46,3
18413,59,3
18413,1,3
18414,91,1
18414,63,3
18414,7,1
18414,55,1
18415,72,3
18415,54,3
18415,68,1
18416,59,3
18417,29,3
18417,66,2
18417,1,1
18417,73,1
18417,69,1
18418,45,3
18418,18,1
18419,88,2
18420,11,3
18420,93,2
18420,84,1
18421,16,1
18422,31,3
18423,15,3
18423,28,3
18423,25,2
18424,31,2
18424,29,2
18424,77,2
18424,25,1
18424,51,3
18425,17,1
18425,60,3
18426,22,1
18426,1,1
18427,9,3
18427,4,3
18427,6,2
18427,90,1
18427,33,2
18428,71,2
18428,81,1
18428,47,3
18428,16,2
18428,13,2
18429,24,2
18429,44,2
18429,39,3
18430,63,1
18430,68,1
18430,5,3
18431,28,2
18431,35,1
18431,2,2
18431,73,3
18432,21,2
18433,58,1
18433,41,3
18434,53,1
18434,86,2
18434,88,1
18434,97,1
18434,98,2
18435,35,1
18435,36,2
18435,93,1
18436,6,1
18437,39,3
18437,12,3
18437,68,3
18438,5,2
18438,15,3
18438,85,2
18439,77,1
18439,85,2
18440,84,3
18440,63,1
18440,43,1
18440,3,3
18441,100,3
18441,99,2
18441,59,2
18442,78,1
18442,73,2
18442,65,1
18442,53,3
18442,7,2
18443,27,2
18444,96,1
18444,11,3
18444,100,3
18444,16,3
18445,42,1
18445,11,2
18445,33,3
18445,24,2
18445,39,2
18446,12,2
18446,48,1
18446,50,3
18447,41,3
18448,74,3
18448,56,3
18448,49,3
18449,74,3
18449,49,1
18449,83,3
18449,85,3
18450,35,2
18450,26,3
18450,4,1
18450,72,3
18450,64,3
18451,72,2
18451,84,2
18452,56,3
18452,100,3
18452,23,1
18452,28,1
18453,44,1
18453,88,1
18453,92,3
18454,44,1
18454,98,1
18454,90,2
18455,1,2
18455,90,2
18455,62,2
18455,71,2
18456,24,2
18457,92,1
18457,43,3
18457,54,2
18457,78,1
18457,15,2
18458,96,3
18459,30,3
18459,20,2
18459,59,2
18460,72,1
18461,35,1
18461,61,1
18461,49,3
18461,28,3
18462,29,1
18462,5,2
18463,13,1
18463,14,1
18463,8,3
18463,32,2
18463,12,2
18464,61,2
18464,96,3
18464,52,1
18464,41,3
18464,26,2
18465,9,2
18465,93,1
18465,85,1
18465,60,1
18466,44,3
18466,86,3
18467,36,2
18467,4,2
18467,61,2
18467,44,2
18468,68,2
18468,25,2
18468,24,1
18468,97,3
18469,96,1
18469,50,2
18469,69,2
18469,81,1
18470,97,1
18471,50,1
18471,100,3
18472,98,2
18472,33,1
18472,31,3
18472,80,1
18473,73,1
18473,36,3
18473,82,3
18474,79,2
18474,87,2
18474,15,1
18475,43,3
18475,57,1
18475,99,3
18475,63,1
18476,59,3
18476,74,1
18477,35,1
18477,30,3
18478,57,3
18478,74,2
18478,52,1
18478,93,3
18479,13,3
18479,92,3
18479,39,1
18479,53,1
18480,1,3
18481,85,1
18481,5,1
18481,29,2
18482,43,2
18482,37,2
18483,76,2
18483,5,3
18483,31,3
18483,44,1
18484,82,2
18485,47,2
18485,77,1
18486,42,3
18486,68,2
18486,28,1
18486,23,3
18486,81,1
18487,2,2
18487,33,3
18487,54,1
18488,58,3
18488,73,1
18488,9,2
18489,54,1
18489,75,1
18489,35,2
18490,100,1
18491,93,2
18491,65,3
18491,95,1
18491,67,2
18492,21,2
18492,33,2
18492,71,2
18492,32,2
18492,76,2
18493,2,2
18493,41,1
18494,32,2
18494,85,3
18494,42,2
18495,3,2
18495,44,2
18495,49,1
18496,38,1
18496,96,2
18496,44,1
18497,71,2
18497,35,1
18497,39,3
18498,13,2
18498,46,2
18498,92,2
18498,75,1
18499,5,3
18499,84,2
18499,91,2
18499,21,3
18499,71,1
18500,20,1
18500,97,2
18501,55,1
18502,92,1
18502,88,2
18502,21,3
18503,9,2
18504,13,2
18504,24,3
18505,78,2
18505,12,2
18505,15,3
18506,10,1
18506,68,1
18506,65,3
18507,91,1
18508,1,1
18508,23,3
18509,85,1
18510,20,1
18511,62,3
18511,17,3
18511,84,3
18512,67,1
18512,89,2
18512,99,1
18512,78,2
18513,83,2
18514,19,3
18514,59,2
18514,17,1
18514,88,3
18514,52,3
18515,36,3
18516,73,1
18516,93,2
18516,80,1
18516,98,3
18517,12,2
18518,17,3
18519,20,2
18519,93,2
18519,72,2
18519,80,3
18519,42,3
18520,21,2
18520,86,2
18520,80,3
18520,85,3
18521,55,2
18522,19,2
18523,5,1
18523,59,1
18523,31,2
18524,1,1
18525,45,3
18526,69,1
18526,60,3
18526,63,3
18527,31,2
18527,58,1
18527,66,2
18528,57,1
18528,29,2
18528,23,1
18528,90,2
18528,78,3
18529,20,2
18529,14,2
18529,87,3
18530,54,1
18531,81,1
18531,41,1
18531,19,1
18531,50,1
18532,51,2
18532,91,3
18532,35,2
18532,93,2
18532,65,2
18533,91,3
18533,56,1
18533,55,1
18533,39,3
18534,27,3
18534,76,1
18535,60,1
18536,31,3
18536,29,1
18536,54,1
18536,17,1
18536,4,3
18537,50,3
18537,16,2
18537,69,3
18537,79,3
18538,20,2
18538,12,2
18538,50,3
18539,1,3
18539,78,2
18540,4,1
18540,5,2
18540,90,2
18541,14,3
18541,91,1
18541,62,3
18541,27,3
18541,39,3
18542,17,3
18542,93,3
18542,61,3
18542,92,2
18542,4,2
18543,7,3
18543,51,2
18543,46,2
18544,43,1
18544,25,1
18544,87,2
18544,39,2
18544,6,1
18545,21,1
18545,91,2
18545,74,1
18546,55,2
18546,78,2
18547,72,1
18547,71,1
18547,22,1
18547,49,3
18547,13,1
18548,91,2
18548,28,3
18549,78,2
18549,46,3
18550,13,1
18550,2,2
18550,83,1
18550,28,2
18551,72,2
18551,97,2
18551,92,1
18551,83,2
18551,81,1
18552,12,1
18552,57,3
18552,72,1
18553,49,2
18553,23,1
18553,87,1
18553,4,2
18554,40,1
18554,55,1
18554,63,1
18554,16,3
18555,11,3
18556,5,1
18557,10,2
18557,76,1
18558,10,2
18558,51,3
18558,37,1
18558,96,2
18558,23,3
18559,40,1
18559,36,2
18559,7,3
18560,94,2
18560,55,2
18560,10,1
18560,98,1
18560,80,1
18561,26,3
18561,89,1
18561,75,3
18561,53,1
18561,12,2
18562,49,2
18562,1,1
18562,31,1
18563,53,1
18563,45,2
18563,97,2
18564,19,2
18564,64,2
18565,22,2
18566,83,2
18566,66,1
18566,19,1
18566,61,3
18566,79,2
18567,52,2
18567,51,2
18567,8,1
18567,22,1
18567,59,3
18568,32,1
18569,97,2
18570,58,1
18571,94,3
18571,78,2
18571,61,3
18571,88,2
18572,76,2
18572,2,2
18572,66,2
18573,53,1
18573,22,3
18573,47,1
18573,75,1
18573,56,2
18574,87,1
18574,10,2
18574,97,2
18574,76,2
18574,68,3
18575,55,3
18575,48,2
18576,79,1
18576,24,2
18576,67,3
18576,85,3
18577,10,1
18577,45,3
18577,70,2
18577,86,1
18577,54,1
18578,97,1
18578,23,1
18578,73,3
18578,69,3
18578,85,1
18579,21,1
18579,80,1
18580,59,3
18580,41,1
18580,67,3
18581,15,3
18581,56,1
18581,80,2
18581,90,3
18581,85,2
18582,26,1
18583,78,3
18583,89,2
18583,61,1
18583,96,3
18584,60,3
18584,13,3
18584,48,2
18584,89,3
18584,55,1
18585,8,2
18585,34,2
18586,14,1
18586,89,1
18586,38,2
18586,11,2
18586,69,3
18587,93,3
18587,94,1
18588,75,3
18588,4,3
18589,23,1
18589,74,2
18589,94,2
18590,31,2
18590,32,1
18590,27,2
18590,81,3
18590,44,2
18591,1,1
18591,8,2
18591,64,2
18591,31,3
18591,45,1
18592,69,1
18592,58,2
18593,38,3
18594,63,1
18594,3,3
18594,38,2
18594,12,1
18595,54,2
18595,23,3
18595,38,2
18596,36,3
18596,57,2
18596,7,1
18596,55,1
18597,46,1
18597,91,1
18597,56,1
18597,21,3
18597,24,2
18598,43,1
18599,5,3
18599,44,2
18599,100,2
18600,3,1
18600,91,2
18600,14,1
18600,79,2
18601,71,2
18601,21,3
18601,32,3
18601,9,2
18602,71,2
18602,11,3
18602,47,3
18602,73,1
18602,13,1
18603,39,1
18603,36,2
18603,88,2
18603,45,1
18603,51,1
18604,6,3
18605,27,3
18605,59,2
18605,46,3
18605,20,1
18605,49,2
18606,43,1
18606,4,3
18607,68,1
18607,100,3
18608,87,2
18609,96,3
18609,63,3
18610,70,3
18610,28,3
18611,53,1
18611,94,3
18612,51,1
18612,56,1
18612,100,3
18612,55,1
18612,58,3
18613,73,3
18613,1,3
18614,97,2
18615,92,3
18615,80,1
18615,88,3
18615,77,2
18616,11,3
18616,59,3
18616,68,1
18616,67,1
18617,69,2
18618,80,1
18619,11,1
18619,9,3
18620,6,1
18620,40,2
18620,96,3
18620,50,1
18621,7,3
18622,85,3
18623,11,3
18623,14,2
18624,62,1
18624,27,3
18624,74,2
18624,65,3
18624,32,3
18625,21,1
18625,37,3
18626,38,1
18626,21,2
18626,59,2
18626,44,2
18627,63,1
18627,72,1
18627,69,1
18627,74,3
18627,7,3
18628,60,2
18628,21,3
18629,65,2
18629,47,1
18630,97,2
18630,8,3
18630,87,1
18630,35,3
18631,51,2
18632,52,2
18633,11,1
18633,92,3
18633,52,2
18633,72,1
18633,28,2
18634,83,1
18634,38,2
18634,97,2
18635,26,2
18635,92,1
18635,75,2
18635,32,1
18635,9,1
18636,85,1
18636,72,2
18636,71,3
18636,56,3
18636,62,1
18637,46,1
18637,64,3
18637,40,1
18638,15,1
18638,47,2
18638,67,2
18638,62,1
18638,79,2
18639,19,1
18639,69,2
18639,42,3
18639,99,2
18640,84,1
18640,63,2
18640,66,2
18640,53,3
18640,67,1
18641,43,2
18641,74,1
18641,38,3
18641,45,3
18642,4,1
18642,75,1
18642,31,1
18643,80,1
18644,26,2
18644,30,2
18644,79,3
18644,16,2
18644,7,2
18645,14,3
18645,19,2
18645,84,1
18645,63,1
18646,73,3
18646,96,2
18647,54,1
18647,17,2
18647,20,2
18648,51,2
18648,44,1
18648,20,2
18648,38,3
18649,47,1
18650,80,3
18650,57,1
18650,39,1
18650,44,1
18650,2,3
18651,79,1
18651,47,2
18651,42,2
18651,43,3
18651,32,3
18652,47,2
18652,29,3
18652,11,1
18653,37,3
18653,41,2
18654,71,3
18655,44,3
18655,88,2
18656,85,1
18656,33,3
18656,8,3
18656,70,2
18657,20,2
18658,100,3
18658,57,3
18658,49,1
18658,98,2
18659,59,2
18659,13,2
18660,87,2
18660,56,1
18660,76,2
18661,27,3
18661,3,3
18662,88,1
18662,91,2
18662,92,1
18662,66,1
18663,55,3
18663,70,3
18663,3,3
18663,71,3
18664,97,2
18664,12,1
18664,70,2
18665,10,2
18665,56,1
18665,70,2
18666,3,2
18666,86,1
18666,82,3
18667,6,1
18667,32,2
18668,51,1
18668,55,2
18669,76,2
18669,3,1
18669,48,1
18669,81,2
18669,18,1
18670,81,1
18670,98,2
18670,78,1
18671,99,1
18672,99,2
18672,17,3
18672,3,3
18672,6,1
18672,71,3
18673,94,3
18673,32,3
18673,40,1
18673,11,1
18673,47,2
18674,69,3
18674,17,1
18674,59,2
18675,81,1
18675,90,2
18675,14,3
18675,58,2
18675,46,1
18676,6,2
18676,13,1
18676,58,1
18676,79,3
18677,28,2
18677,11,1
18677,13,1
18677,62,1
18678,99,1
18678,7,2
18678,88,2
18678,76,3
18678,98,3
18679,50,2
18679,44,2
18679,51,3
18679,4,2
18680,80,2
18680,21,2
18681,48,2
18681,92,2
18681,87,1
18681,82,1
18681,9,3
18682,82,1
18682,54,3
18682,42,1
18682,19,3
18683,55,3
18683,53,2
18683,15,1
18684,68,3
18685,79,1
18685,53,3
18686,7,3
18687,56,3
18687,36,2
18687,69,3
18688,75,3
18688,92,1
18688,26,2
18688,51,2
18689,45,2
18690,47,2
18690,7,2
18690,56,1
18691,11,2
18691,93,2
18691,75,1
18691,29,3
18691,45,3
18692,17,2
18692,14,3
18692,1,2
18693,99,1
18693,1,2
18694,57,3
18694,38,3
18694,82,2
18694,42,2
18695,93,2
18695,55,3
18695,75,2
18695,91,3
18696,20,3
18696,60,1
18696,39,3
18696,91,2
18697,98,1
18697,75,1
18697,38,1
18697,4,2
18698,64,3
18698,69,1
18698,2,2
18698,31,1
18699,71,1
18699,79,1
18699,20,1
18699,48,3
18699,87,1
18700,13,2
18700,90,3
18701,1,1
18701,45,1
18701,53,2
18701,47,2
18701,28,3
18702,95,2
18702,85,2
18703,33,1
18703,34,3
18704,29,3
18704,34,2
18704,8,3
18705,63,1
18705,52,3
18706,80,1
18706,89,3
18706,48,1
18706,74,3
18707,85,3
18707,86,2
18707,2,3
18707,30,2
18708,66,3
18709,66,1
18709,64,2
18709,63,3
18710,22,3
18711,49,3
18712,14,1
18712,67,1
18712,82,3
18712,59,2
18713,28,2
18713,42,3
18714,67,2
18714,26,1
18714,22,2
18714,62,1
18714,15,1
18715,71,3
18715,20,1
18716,38,2
18716,3,1
18717,33,1
18717,9,3
18717,1,1
18717,51,2
18717,38,1
18718,65,2
18718,69,3
18718,87,1
18718,61,1
18719,88,3
18720,75,1
18721,15,3
18721,68,2
18721,3,3
18721,92,1
18722,64,2
18722,7,2
18722,24,3
18722,45,1
18722,10,2
18723,78,3
18723,74,1
18723,25,3
18723,39,2
18724,17,2
18724,35,2
18725,56,2
18725,93,3
18726,5,2
18727,56,3
18727,79,1
18728,15,3
18729,97,3
18729,23,3
18729,34,2
18730,65,1
18731,24,2
18731,37,3
18732,19,2
18732,92,3
18733,11,2
18734,6,1
18734,42,3
18734,74,2
18734,61,1
18735,47,1
18735,58,3
18735,67,2
18736,49,1
18736,71,3
18736,10,1
18736,40,3
18737,54,2
18737,5,3
18737,74,1
18737,8,3
18737,60,1
18738,95,3
18738,49,1
18738,18,3
18738,37,1
18739,57,3
18740,96,3
18741,26,3
18741,72,2
18741,31,3
18741,98,1
18741,40,3
18742,93,2
18742,2,1
18742,9,3
18743,70,3
18744,97,2
18744,99,3
18744,34,1
18744,78,3
18745,13,1
18745,83,2
18745,46,2
18745,90,1
18746,86,3
18746,80,1
18747,86,1
18747,46,2
18747,41,3
18747,49,2
18748,14,3
18748,71,2
18749,49,1
18749,21,3
18749,10,1
18749,76,1
18750,49,1
18750,66,1
18750,77,2
18750,64,1
18750,69,1
18751,7,2
18751,39,3
18752,96,3
18752,27,2
18752,81,1
18753,37,3
18753,82,3
18753,94,3
18754,52,2
18755,5,1
18755,34,3
18756,19,3
18757,44,2
18757,93,3
18757,26,2
18757,97,1
18758,29,3
18758,2,1
18758,51,3
18758,33,3
18759,8,3
18760,47,2
18760,56,1
18760,14,3
18760,7,1
18761,87,3
18761,7,1
18761,52,3
18762,19,1
18762,8,2
18762,24,3
18763,45,1
18763,56,3
18763,58,2
18763,84,3
18764,92,3
18764,48,1
18764,95,3
18764,65,3
18765,65,2
18766,32,2
18767,87,1
18768,3,1
18768,90,2
18768,16,3
18769,60,3
18770,10,2
18770,75,2
18770,23,2
18770,90,2
18771,84,2
18771,70,1
18771,61,1
18771,3,3
18771,9,3
18772,43,2
18772,98,1
18773,38,2
18773,92,2
18773,18,2
18773,27,2
18773,81,1
18774,76,2
18774,36,1
18774,47,2
18774,24,3
18774,45,3
18775,87,2
18776,88,3
18777,61,1
18778,67,2
18778,93,3
18778,57,3
18778,16,3
18778,66,2
18779,6,1
18779,8,3
18779,77,3
18780,20,3
18781,88,1
18781,13,3
18781,91,1
18781,76,1
18782,3,3
18782,90,3
18783,79,1
18783,60,2
18783,56,3
18783,72,1
18784,36,2
18784,34,3
18784,16,2
18784,70,1
18784,19,3
18785,39,2
18785,44,3
18785,19,3
18785,91,2
18785,24,1
18786,25,1
18787,43,2
18787,24,2
18787,47,3
18787,16,1
18787,30,3
18788,33,3
18789,38,2
18789,81,2
18789,53,1
18789,13,1
18789,32,1
18790,67,2
18790,60,2
18790,24,2
18791,22,3
18791,72,3
18791,14,2
18791,42,2
18792,82,1
18792,90,3
18792,46,1
18792,3,1
18792,66,3
18793,97,1
18793,4,3
18793,28,2
18793,18,3
18794,36,3
18794,18,2
18794,21,3
18794,94,2
18794,70,2
18795,35,3
18796,93,2
18796,83,1
18796,30,2
18796,66,3
18796,50,2
18797,72,1
18797,38,2
18797,16,3
18797,39,3
18798,65,2
18798,5,3
18798,49,1
18798,19,2
18799,32,2
18799,71,2
18800,63,3
18801,17,1
18801,61,3
18801,38,3
18802,49,2
18802,92,2
18803,60,1
18803,2,1
18803,10,3
18804,27,1
18804,68,3
18804,88,3
18804,80,2
18805,6,3
18805,96,3
18805,18,1
18805,24,3
18805,30,1
18806,57,1
18806,14,3
18806,10,3
18807,2,2
18807,17,1
18807,61,2
18807,35,2
18807,23,2
18808,80,1
18809,21,3
18809,74,3
18809,61,1
18809,43,1
18809,9,2
18810,30,1
18810,21,1
18811,21,1
18811,51,2
18812,8,2
18813,23,3
18813,83,1
18813,66,2
18813,94,1
18814,70,1
18814,71,2
18814,42,3
18815,23,1
18815,45,1
18815,31,2
18816,31,2
18816,57,2
18816,71,1
18816,64,2
18817,96,1
18818,7,2
18818,80,3
18819,79,1
18819,12,1
18819,83,1
18819,43,1
18820,79,3
18820,73,1
18821,67,2
18822,34,1
18822,4,3
18822,14,3
18822,9,3
18822,67,3
18823,49,1
18824,44,3
18824,9,3
18824,57,2
18824,69,2
18824,12,2
18825,15,1
18826,81,1
18826,55,3
18826,32,2
18826,9,1
18826,60,1
18827,83,1
18827,75,1
18827,95,2
18828,18,2
18828,45,2
18828,94,1
18828,99,2
18828,93,2
18829,48,3
18829,37,2
18829,44,1
18829,74,1
18829,42,2
18830,63,2
18830,89,3
18831,93,2
18831,76,1
18832,8,2
18833,36,1
18833,18,1
18833,3,2
18834,44,3
18834,39,3
18834,78,1
18835,88,1
18835,42,2
18836,2,2
18836,18,3
18836,30,3
18836,97,2
18836,34,2
18837,21,1
18837,5,3
18837,36,3
18837,24,3
18837,25,3
18838,92,2
18839,20,2
18839,83,2
18839,59,3
18839,66,2
18840,39,1
18840,67,3
18840,13,1
18841,86,1
18841,6,1
18841,18,2
18842,13,2
18843,99,1
18843,98,1
18844,40,1
18845,71,3
18846,5,1
18847,88,3
18847,53,2
18847,90,3
18848,21,1
18848,17,1
18849,9,2
18849,3,3
18849,78,3
18850,84,3
18850,70,2
18850,43,2
18850,96,3
18851,26,1
18851,8,1
18851,37,1
18851,52,3
18851,46,1
18852,99,2
18852,54,3
18852,33,3
18852,1,1
18853,52,3
18853,27,1
18853,18,2
18853,48,3
18853,40,1
18854,10,3
18855,87,3
18855,25,1
18855,15,3
18856,58,2
18856,25,1
18857,62,3
18857,73,1
18857,32,2
18857,23,3
18857,55,1
18858,57,1
18858,83,2
18858,100,2
18858,80,3
18859,57,3
18859,60,3
18860,54,3
18861,84,1
18861,31,1
18861,73,2
18862,11,1
18862,47,1
18862,31,2
18862,18,1
18863,40,3
18864,43,1
18864,2,3
18865,95,3
18865,52,1
18865,94,1
18865,61,3
18866,45,3
18866,33,2
18867,42,1
18867,34,3
18868,72,3
18868,32,1
18869,53,1
18869,91,2
18869,9,3
18869,96,1
18869,82,3
18870,67,1
18870,100,1
18870,34,2
18871,61,1
18871,94,2
18871,19,2
18872,27,2
18873,71,1
18873,91,3
18874,31,2
18874,47,1
18874,96,2
18875,11,3
18875,33,1
18876,17,2
18876,68,2
18876,88,3
18876,71,2
18876,14,2
18877,58,2
18877,86,1
18877,78,2
18877,28,1
18877,81,2
18878,41,2
18879,84,2
18880,6,1
18880,75,2
18880,96,3
18880,2,1
18881,3,2
18881,91,1
18882,72,1
18882,43,3
18882,52,1
18883,39,2
18883,82,1
18883,19,3
18884,24,2
18884,94,2
18884,57,3
18885,97,1
18885,64,1
18885,45,1
18885,1,3
18885,6,1
18886,34,1
18887,32,3
18887,10,1
18888,91,1
18888,38,2
18888,70,1
18888,34,2
18889,36,1
18889,98,2
18889,51,1
18889,39,3
18890,44,3
18890,54,2
18890,48,3
18890,88,3
18890,41,1
18891,42,3
18891,24,2
18892,10,2
18892,77,2
18893,7,2
18893,10,1
18894,29,3
18894,3,2
18895,68,1
18895,37,2
18896,89,1
18896,76,2
18896,69,1
18896,33,2
18896,8,1
18897,49,3
18897,77,1
18897,30,1
18897,98,2
18897,5,3
18898,26,2
18898,56,2
18898,46,3
18898,17,3
18899,63,3
18899,65,3
18899,86,3
18899,100,2
18900,63,3
18901,17,3
18901,92,2
18901,35,2
18902,24,3
18902,1,2
18902,12,2
18902,20,2
18902,11,2
18903,58,3
18903,14,1
18903,54,1
18903,62,1
18903,52,1
18904,33,2
18904,53,2
18904,61,2
18905,38,1
18905,16,2
18906,57,1
18906,74,2
18906,25,3
18907,96,1
18907,66,3
18907,25,3
18907,29,2
18907,40,1
18908,25,2
18908,65,3
18908,55,1
18908,9,3
18908,95,3
18909,28,2
18909,97,3
18909,55,2
18909,53,3
18910,80,1
18910,53,1
18910,60,3
18910,94,3
18911,91,3
18911,17,1
18911,2,1
18911,63,1
18911,98,3
18912,36,2
18912,12,1
18913,96,1
18914,12,1
18915,90,2
18915,18,3
18916,48,2
18916,8,2
18916,11,2
18916,32,1
18917,7,1
18918,88,1
18918,73,1
18919,29,3
18919,87,3
18920,62,2
18920,11,1
18920,71,1
18920,53,3
18921,11,2
18921,6,3
18922,32,2
18922,67,3
18922,41,2
18922,35,3
18923,27,3
18923,63,1
18924,5,3
18924,13,1
18925,33,1
18926,57,2
18926,31,3
18926,17,1
18926,26,1
18926,50,2
18927,33,3
18927,36,2
18927,85,3
18927,37,2
18927,54,3
18928,64,3
18928,32,3
18928,52,3
18928,53,2
18929,100,3
18930,69,3
18930,57,2
18930,91,2
18931,79,3
18931,65,3
18931,16,1
18931,58,3
18931,78,2
18932,75,1
18932,52,3
18932,35,1
18932,3,3
18932,51,2
18933,87,3
18933,39,2
18933,25,2
18933,43,1
18934,14,2
18934,50,1
18934,79,2
18934,45,2
18934,5,2
18935,100,3
18936,56,1
18937,75,1
18937,45,2
18937,7,3
18938,45,1
18939,37,3
18939,43,1
18939,91,2
18940,16,1
18940,62,2
18941,90,1
18941,58,1
18941,17,2
18942,93,3
18942,58,3
18943,74,3
18943,76,2
18943,13,2
18944,1,1
18944,58,1
18944,45,3
18944,97,2
18944,15,2
18945,91,1
18945,33,3
18945,52,1
18946,63,3
18947,27,2
18947,60,1
18947,51,1
18948,57,2
18948,30,2
18949,13,1
18949,79,1
18949,72,2
18949,67,2
18949,18,2
18950,13,3
18950,70,3
18950,15,2
18951,18,3
18951,20,3
18951,37,2
18951,19,1
18951,100,1
18952,19,1
18952,95,1
18952,76,1
18952,83,2
18953,90,3
18953,50,3
18953,73,3
18953,24,3
18954,44,2
18954,87,3
18954,95,2
18954,100,2
18955,33,2
18956,8,2
18956,68,3
18957,90,1
18957,39,3
18957,20,1
18958,43,3
18959,26,1
18959,84,2
18959,81,1
18960,10,3
18960,81,3
18960,95,1
18960,71,3
18961,39,2
18961,83,2
18961,14,2
18961,89,2
18961,25,3
18962,97,3
18962,94,2
18963,40,1
18963,61,2
18963,50,3
18964,91,1
18964,98,1
18964,60,3
18964,51,1
18964,90,2
18965,9,2
18965,6,2
18965,28,3
18966,20,3
18966,61,2
18967,83,2
18967,54,2
18967,53,3
18967,30,3
18967,52,3
18968,93,2
18968,50,1
18968,72,1
18968,77,3
18968,56,3
18969,82,3
18969,26,3
18969,40,1
18970,73,2
18970,97,2
18970,87,3
18970,19,1
18971,75,3
18971,38,1
18971,14,2
18971,81,2
18971,69,1
18972,23,3
18972,42,3
18972,70,1
18973,41,3
18974,61,3
18974,87,2
18974,57,2
18974,84,2
18974,67,2
18975,5,2
18975,74,2
18976,85,1
18976,4,2
18977,1,3
18977,80,1
18977,3,2
18977,40,2
18978,18,3
18979,86,1
18979,56,2
18980,4,2
18981,42,3
18981,46,1
18981,53,1
18982,46,1
18982,87,1
18982,59,3
18983,100,3
18984,32,1
18984,23,2
18984,43,2
18985,9,2
18985,65,2
18985,52,1
18985,4,1
18985,36,2
18986,83,3
18987,68,2
18987,51,1
18988,31,3
18988,63,2
18988,24,1
18989,94,1
18989,23,1
18990,79,3
18990,52,1
18990,66,3
18990,56,2
18990,25,2
18991,47,1
18991,50,2
18991,57,2
18991,62,1
18992,71,1
18992,66,2
18992,82,3
18993,60,3
18993,24,2
18993,92,1
18993,13,2
18994,55,2
18995,41,1
18996,81,3
18996,62,2
18996,51,1
18996,99,2
18996,71,1
18997,70,3
18997,74,3
18998,41,2
18999,6,3
18999,40,1
18999,72,3
18999,93,3
18999,62,3
19000,65,3
19000,2,3
19001,83,2
19001,42,2
19001,26,1
19002,11,3
19002,28,1
19002,66,1
19002,27,3
19003,35,1
19003,53,2
19003,71,3
19004,6,3
19004,18,2
19004,45,1
19004,51,2
19005,76,1
19005,69,2
19005,75,2
19005,46,3
19005,62,2
19006,95,2
19006,18,3
19006,45,1
19006,96,1
19007,75,2
19007,50,3
19007,61,1
19008,28,2
19008,30,3
19008,19,1
19008,81,2
19008,7,2
19009,52,2
19010,96,1
19010,46,2
19011,51,1
19011,46,1
19012,46,3
19012,63,3
19012,5,3
19012,7,1
19013,95,1
19013,50,1
19013,6,2
19013,19,2
19014,9,2
19014,89,2
19014,80,1
19015,65,2
19015,39,2
19016,26,1
19016,92,3
19017,54,2
19017,86,1
19017,15,2
19017,66,1
19018,70,1
19018,90,2
19018,33,3
19019,27,2
19020,55,3
19021,97,2
19021,6,3
19022,72,2
19022,53,3
19022,71,2
19023,13,3
19023,40,3
19023,12,3
19024,72,2
19025,55,3
19025,39,2
19025,9,1
19026,69,2
19026,70,2
19026,48,1
19027,17,1
19028,32,2
19028,81,1
19028,59,2
19028,3,1
19028,64,1
19029,84,1
19030,58,3
19030,83,1
19030,3,1
19031,63,1
19031,61,1
19032,84,3
19033,11,1
19033,58,1
19033,95,2
19034,50,3
19034,6,1
19035,57,2
19036,15,2
19036,55,1
19036,87,1
19036,65,2
19036,52,2
19037,98,2
19037,15,1
19038,47,3
19039,88,2
19039,1,2
19039,56,2
19040,36,1
19040,29,3
19040,59,2
19040,31,3
19040,92,1
19041,90,1
19041,18,3
19041,24,1
19041,7,3
19042,67,3
19042,27,3
19042,22,1
19042,56,2
19043,94,1
19044,30,2
19044,32,2
19044,73,3
19044,82,1
19045,100,2
19045,79,3
19045,16,2
19045,85,2
19045,63,2
19046,41,2
19046,8,3
19046,40,1
19046,11,1
19046,73,2
19047,80,3
19047,5,3
19047,52,3
19047,72,2
19048,19,2
19048,52,1
19048,99,1
19049,16,3
19049,63,1
19049,39,1
19049,28,1
19049,1,2
19050,5,2
19050,68,1
19050,23,3
19050,20,1
19050,27,3
19051,21,1
19051,99,2
19051,87,3
19052,7,1
19052,38,1
19052,74,2
19053,29,1
19053,10,2
19053,82,1
19053,59,3
19054,61,2
19054,94,2
19055,92,3
19055,12,3
19056,3,1
19057,57,2
19057,28,3
19058,90,3
19058,87,2
19058,83,3
19058,75,3
19059,49,3
19059,77,2
19060,48,3
19060,27,1
19061,91,1
19062,70,3
19063,34,2
19063,22,3
19064,49,3
19064,30,2
19064,77,1
19064,87,3
19064,70,2
19065,80,1
19065,48,1
19065,85,3
19066,54,1
19066,10,3
19066,46,3
19066,83,3
19067,59,2
19067,98,3
19067,29,1
19068,72,2
19069,88,1
19069,72,1
19069,16,3
19069,15,2
19070,70,1
19070,35,1
19070,31,1
19070,7,3
19071,49,1
19072,82,3
19072,12,2
19073,63,2
19073,70,3
19073,37,1
19074,2,3
19075,49,2
19075,28,3
19075,20,2
19075,51,2
19075,13,1
19076,40,1
19076,72,3
19076,66,1
19076,85,3
19076,35,1
19077,88,3
19077,27,2
19077,79,1
19077,62,3
19078,69,3
19078,80,1
19079,9,2
19079,47,1
19079,27,1
19080,15,1
19080,9,3
19080,65,1
19080,10,3
19081,54,3
19081,58,1
19081,39,1
19082,37,2
19083,65,3
19083,78,1
19083,84,1
19084,57,2
19084,84,2
19084,83,1
19084,55,2
19085,26,3
19086,20,2
19086,74,1
19087,54,1
19087,17,1
19087,48,1
19087,89,1
19088,93,1
19088,58,3
19089,83,1
19090,83,3
19090,60,1
19091,99,3
19092,75,3
19093,67,3
19093,81,1
19093,83,3
19093,86,1
19094,23,1
19094,66,2
19094,59,2
19094,39,3
19095,55,2
19095,33,3
19095,2,1
19096,73,1
19096,68,3
19096,42,1
19096,94,2
19096,50,1
19097,43,2
19097,32,3
19097,69,2
19098,3,1
19098,28,1
19099,37,2
19099,16,1
19099,2,2
19099,3,3
19099,69,2
19100,93,3
19100,31,3
19101,47,2
19101,91,3
19101,1,1
19101,65,2
19102,20,3
19103,19,1
19103,34,3
19103,59,1
19104,7,1
19104,66,1
19104,28,2
19105,88,3
19105,77,1
19105,69,1
19105,19,3
19105,18,1
19106,42,2
19106,71,1
19106,49,2
19106,77,3
19107,8,2
19108,52,1
19108,93,2
19108,24,1
19108,89,2
19108,95,1
19109,77,3
19109,2,3
19109,78,2
19109,63,3
19110,55,1
19110,66,1
19111,73,2
19112,51,1
19112,94,2
19112,22,3
19112,73,1
19112,63,3
19113,44,2
19113,83,3
19113,49,3
19113,69,1
19114,18,3
19114,14,2
19114,96,2
19114,7,3
19114,37,2
19115,73,3
19115,48,2
19115,18,3
19116,6,2
19116,83,2
19116,76,2
19116,38,1
19117,27,3
19118,14,1
19118,81,1
19118,63,2
19118,50,3
19118,44,2
19119,26,3
19119,48,2
19119,67,2
19120,59,1
19120,64,1
19120,93,2
19120,7,1
19120,24,3
19121,43,1
19121,2,3
19121,8,2
19121,77,2
19122,1,2
19122,15,2
19122,41,1
19122,63,2
19123,79,1
19123,46,2
19124,79,1
19124,98,3
19124,90,3
19125,14,3
19125,89,2
19126,2,2
19126,53,3
19126,66,2
19127,43,2
19128,10,1
19128,83,3
19129,73,2
19130,95,3
19130,86,1
19130,3,3
19131,30,1
19132,67,3
19133,12,3
19133,53,3
19133,44,2
19134,62,2
19134,91,1
19134,65,1
19135,63,1
19135,65,3
19135,17,1
19135,21,3
19136,1,2
19136,58,2
19137,87,2
19137,27,3
19137,84,2
19137,38,2
19138,6,2
19138,42,2
19138,1,3
19139,36,3
19139,19,1
19139,28,1
19139,10,2
19139,12,3
19140,87,3
19140,32,1
19140,84,1
19140,47,2
19140,7,1
19141,42,1
19141,40,2
19141,51,2
19142,13,2
19143,3,1
19144,26,3
19144,59,1
19144,43,2
19144,1,3
19144,18,3
19145,82,2
19145,61,2
19146,89,3
19146,95,3
19146,86,3
19147,8,1
19147,9,3
19148,57,3
19148,90,3
19148,41,1
19149,97,3
19149,11,1
19149,53,3
19149,99,2
19149,15,3
19150,73,3
19150,91,1
19150,57,3
19150,63,1
19151,98,1
19151,28,3
19151,7,3
19151,52,3
19152,63,1
19152,50,2
19153,83,1
19153,54,3
19153,44,2
19153,84,3
19154,38,2
19154,36,3
19155,21,2
19156,39,2
19156,33,2
19156,49,2
19156,90,1
19156,58,1
19157,100,1
19157,72,3
19157,36,1
19157,88,2
19157,16,2
19158,22,2
19158,76,1
19158,78,2
19158,31,1
19158,10,2
19159,97,1
19160,99,2
19160,7,3
19161,87,1
19162,66,1
19162,36,1
19162,64,1
19163,100,2
19163,58,3
19163,45,1
19163,18,1
19164,51,1
19165,56,3
19165,72,2
19165,88,1
19166,44,2
19166,59,3
19166,79,3
19166,56,3
19166,36,3
19167,28,3
19167,8,3
19167,23,2
19167,39,1
19168,62,2
19168,73,1
19169,65,1
19169,63,1
19169,22,2
19169,66,3
19170,35,2
19170,78,3
19170,57,3
19170,91,3
19171,99,1
19172,39,1
19172,71,1
19172,51,3
19172,80,1
19172,13,1
19173,10,3
19173,90,1
19173,63,1
19173,71,1
19173,48,2
19174,25,1
19174,52,1
19174,55,2
19175,53,1
19176,80,2
19176,32,1
19176,78,1
19177,80,1
19177,99,2
19177,23,3
19178,66,3
19179,26,1
19179,17,1
19180,87,3
19180,27,3
19180,79,1
19180,74,1
19181,2,1
19181,7,3
19181,38,3
19181,25,1
19181,14,3
19182,9,2
19182,90,2
19183,64,2
19183,100,2
19183,29,1
19183,20,2
19184,78,2
19184,13,2
19184,77,2
19185,14,2
19185,98,2
19186,47,3
19186,22,3
19186,28,1
19186,3,1
19186,50,1
19187,24,3
19187,57,3
19188,40,3
19188,47,3
19188,23,2
19188,75,1
19189,4,3
19189,79,2
19190,71,2
19191,96,2
19191,12,3
19191,10,3
19191,80,3
19191,39,2
19192,89,2
19192,66,2
19193,85,1
19193,19,3
19193,68,2
19193,56,1
19193,79,3
19194,28,1
19195,82,3
19195,40,1
19195,43,1
19196,24,2
19196,30,1
19196,35,1
19196,95,2
19196,67,2
19197,42,1
19197,98,2
19197,75,1
19198,10,2
19198,35,3
19198,76,1
19198,29,2
19198,67,3
19199,93,1
19199,52,1
19199,26,1
19199,36,2
19200,91,3
19200,62,2
19200,67,1
19200,65,3
19201,92,3
19201,61,2
19201,79,2
19201,52,3
19202,79,3
19203,85,2
19203,88,2
19203,66,3
19204,1,3
19204,80,3
19204,65,2
19204,54,2
19204,74,3
19205,6,2
19205,90,2
19205,40,1
19206,37,3
19206,97,1
19206,20,1
19206,38,1
19206,32,3
19207,12,2
19207,72,2
19207,78,3
19207,37,1
19207,70,2
19208,45,2
19208,63,2
19209,3,1
19210,51,1
19210,66,1
19210,67,1
19211,83,1
19211,85,3
19211,59,3
19211,58,1
19211,97,3
19212,16,1
19212,99,1
19213,54,1
19213,62,2
19213,32,2
19214,37,3
19214,62,1
19214,18,3
19214,72,2
19215,8,2
19215,86,2
19216,24,1
19217,51,2
19217,71,3
19218,100,2
19219,4,1
19219,20,2
19219,42,2
19219,31,1
19219,87,3
19220,90,1
19220,26,1
19220,94,3
19220,58,1
19221,69,2
19221,65,2
19222,59,2
19222,39,2
19222,51,2
19222,76,1
19222,9,2
19223,22,3
19223,94,2
19223,15,2
19223,40,2
19223,61,1
19224,36,1
19224,22,2
19224,78,3
19225,80,1
19226,4,3
19226,88,3
19226,92,2
19226,15,2
19227,82,3
19227,74,3
19227,84,3
19227,44,1
19227,14,2
19228,60,2
19228,39,1
19229,94,2
19229,63,2
19229,49,2
19229,41,2
19229,32,2
19230,54,1
19231,85,3
19232,2,3
19233,65,2
19234,37,3
19234,29,2
19234,42,3
19234,76,1
19234,78,2
19235,10,1
19235,68,3
19235,12,3
19235,83,1
19236,97,1
19236,12,2
19236,78,3
19236,100,3
19237,38,1
19237,52,3
19237,25,3
19237,13,1
19238,40,1
19239,44,2
19239,4,1
19239,41,3
19239,71,2
19239,79,3
19240,12,3
19240,20,2
19241,41,3
19241,65,1
19241,31,1
19242,64,1
19242,72,1
19243,77,2
19244,67,1
19244,57,3
19244,9,2
19245,52,3
19245,68,2
19245,54,2
19246,83,2
19246,14,3
19246,29,1
19246,54,3
19246,7,2
19247,64,1
19247,86,2
19248,61,3
19248,4,1
19249,82,3
19249,27,1
19249,17,1
19249,59,1
19249,89,1
19250,56,2
19250,3,1
19251,83,3
19251,52,1
19251,20,2
19251,85,3
19252,6,3
19252,61,1
19252,23,2
19252,81,2
19252,80,2
19253,9,1
19253,75,1
19253,49,1
19253,68,1
19254,10,3
19255,43,3
19255,89,1
19255,49,1
19255,54,3
19256,57,3
19256,68,2
19257,32,1
19257,30,2
19257,7,3
19257,15,3
19258,34,3
19258,22,3
19258,39,2
19258,28,3
19258,99,1
19259,22,2
19259,48,1
19260,23,2
19261,25,2
19262,63,2
19262,72,2
19263,78,1
19263,89,2
19263,68,2
19264,29,3
19264,43,2
19265,64,1
19265,89,2
19265,48,1
19266,81,1
19267,51,3
19267,84,3
19268,84,3
19268,52,2
19268,70,1
19268,9,3
19268,63,2
19269,59,3
19269,21,2
19269,58,3
19269,44,3
19269,32,2
19270,18,2
19270,7,3
19270,46,3
19270,19,1
19271,88,2
19271,58,1
19271,98,3
19271,80,1
19271,77,3
19272,89,1
19272,12,3
19272,15,1
19273,22,2
19273,68,2
19274,88,1
19274,19,3
19274,29,2
19274,14,3
19275,52,2
19275,49,1
19276,64,2
19276,66,3
19277,81,1
19277,41,1
19277,83,2
19277,1,2
19278,63,3
19278,40,2
19278,55,3
19278,54,1
19279,5,2
19279,39,3
19280,60,3
19281,84,3
19282,88,1
19282,40,3
19282,79,2
19282,63,2
19283,44,1
19283,61,3
19284,60,1
19285,24,2
19286,5,3
19287,84,2
19287,87,2
19287,7,2
19287,81,3
19288,44,2
19288,19,2
19288,71,1
19288,50,1
19288,85,1
19289,8,3
19289,78,2
19289,97,2
19289,59,2
19289,69,3
19290,57,1
19290,44,1
19291,53,3
19291,78,1
19291,43,2
19291,8,2
19291,71,2
19292,22,3
19293,74,1
19293,29,1
19293,20,2
19293,69,1
19294,37,2
19294,30,2
19295,94,2
19295,67,3
19295,16,2
19295,29,3
19295,59,2
19296,96,3
19296,41,1
19296,78,3
19296,83,2
19297,1,3
19297,72,2
19297,54,3
19297,75,3
19298,59,3
19298,40,1
19298,84,2
19298,60,2
19298,74,1
19299,86,3
19299,89,1
19299,2,3
19299,98,2
19300,40,2
19300,73,2
19301,92,1
19301,89,1
19301,28,3
19301,88,1
19301,8,3
19302,87,2
19302,95,1
19303,11,3
19303,30,1
19304,6,3
19304,48,3
19304,18,3
19304,86,1
19304,25,3
19305,78,3
19306,36,3
19306,86,2
19306,53,1
19306,66,3
19307,60,2
19308,96,1
19308,4,3
19309,88,2
19309,51,2
19310,75,2
19310,13,3
19311,79,3
19311,87,1
19311,12,1
19311,75,2
19312,41,2
19312,90,2
19312,91,3
19312,33,1
19312,78,3
19313,48,3
19313,17,3
19314,38,2
19314,87,1
19314,32,3
19314,43,1
19315,26,2
19315,2,3
19315,81,3
19315,5,3
19316,17,3
19316,27,2
19317,97,2
19317,67,3
19317,12,1
19317,42,3
19317,55,2
19318,10,1
19318,7,1
19318,79,3
19318,64,3
19319,20,2
19319,76,2
19319,45,2
19319,67,2
19320,87,2
19320,96,3
19321,74,1
19322,22,1
19323,60,2
19324,68,3
19324,26,1
19324,99,1
19324,89,3
19324,11,1
19325,86,1
19325,8,2
19325,95,2
19325,38,2
19325,5,3
19326,58,1
19326,50,3
19326,97,3
19326,84,2
19327,23,1
19328,95,2
19328,57,1
19328,20,3
19328,87,1
19328,11,2
19329,45,3
19329,61,1
19329,23,1
19329,33,2
19330,60,3
19330,33,3
19330,4,1
19330,23,3
19331,80,1
19331,82,2
19331,11,1
19331,79,1
19331,43,1
19332,90,3
19332,13,1
19332,4,1
19332,70,1
19333,92,1
19333,53,3
19334,83,1
19334,80,3
19334,74,1
19334,27,2
19334,41,3
19335,65,1
19335,66,3
19336,8,2
19337,26,1
19338,74,1
19339,30,1
19339,65,2
19339,13,2
19339,23,1
19340,59,2
19341,31,3
19341,90,2
19341,62,2
19341,95,1
19341,88,3
19342,40,2
19342,32,2
19342,93,3
19342,22,3
19342,57,3
19343,4,3
19344,97,1
19345,53,1
19345,5,2
19346,47,1
19346,75,3
19347,55,1
19348,22,1
19349,35,3
19350,30,3
19350,97,1
19350,96,2
19350,80,2
19351,21,2
19351,18,3
19351,59,1
19351,76,2
19352,32,1
19352,59,1
19352,21,3
19352,88,3
19352,67,1
19353,78,2
19353,45,3
19353,30,1
19353,96,2
19353,26,3
19354,46,2
19354,52,1
19354,77,3
19354,65,1
19354,60,3
19355,97,1
19356,57,2
19356,72,2
19357,16,2
19357,17,2
19357,1,3
19357,14,2
19357,92,1
19358,1,2
19358,53,1
19358,57,1
19358,58,3
19359,98,1
19359,25,2
19359,93,3
19360,23,3
19360,17,3
19360,74,2
19360,11,2
19360,18,3
19361,8,2
19361,39,3
19361,73,1
19361,87,2
19362,77,1
19362,92,1
19362,31,2
19362,3,3
19363,58,2
19363,65,3
19363,62,2
19363,66,2
19363,36,1
19364,84,2
19364,69,2
19364,4,2
19364,6,1
19365,56,2
19365,18,1
19365,99,1
19365,52,2
19366,28,3
19367,58,2
19367,90,1
19367,74,1
19367,24,2
19368,14,1
19368,37,1
19368,99,1
19368,11,1
19369,89,3
19369,88,3
19369,55,2
19369,71,2
19369,9,2
19370,66,1
19370,63,3
19370,14,2
19370,58,2
19370,75,2
19371,100,2
19371,27,1
19371,66,3
19372,21,3
19372,15,2
19372,34,3
19372,22,1
19372,33,3
19373,77,1
19373,74,2
19373,36,1
19374,21,3
19374,32,1
19374,96,2
19374,12,2
19374,81,1
19375,20,3
19375,1,2
19375,29,2
19376,41,2
19376,77,1
19376,94,1
19376,66,1
19377,91,2
19378,8,2
19378,56,3
19378,58,2
19379,63,1
19379,66,1
19380,38,1
19380,39,1
19380,44,1
19380,76,1
19380,92,3
19381,47,2
19381,79,2
19381,36,3
19381,76,2
19382,22,1
19382,70,3
19383,90,1
19384,89,2
19384,88,2
19384,94,1
19385,7,2
19385,99,1
19385,9,1
19385,5,3
19385,3,3
19386,77,1
19386,98,2
19386,26,1
19387,89,2
19387,55,2
19388,69,2
19388,46,2
19388,15,1
19388,38,2
19389,2,1
19389,31,2
19389,23,2
19389,60,3
19390,81,3
19390,6,1
19390,9,1
19390,15,2
19390,50,3
19391,10,1
19391,18,2
19392,44,3
19392,84,2
19392,88,3
19392,42,1
19393,76,1
19393,86,3
19394,33,2
19394,8,3
19394,75,3
19394,47,1
19394,76,2
19395,2,1
19395,14,3
19395,67,3
19395,70,3
19396,65,3
19396,12,1
19396,77,3
19396,4,3
19397,21,3
19398,16,2
19398,41,1
19398,56,3
19398,2,1
19398,87,1
19399,99,1
19399,12,3
19399,66,3
19400,66,1
19400,77,2
19400,40,2
19401,69,2
19401,91,2
19402,95,1
19402,68,2
19403,46,1
19404,14,3
19404,24,2
19404,44,1
19404,53,1
19405,79,1
19406,22,3
19406,38,2
19406,61,3
19406,89,3
19406,25,2
19407,43,1
19407,35,3
19407,33,3
19407,79,2
19408,97,3
19408,11,1
19408,15,2
19408,4,2
19409,58,2
19409,69,3
19409,85,2
19409,31,1
19410,29,2
19410,7,3
19410,27,3
19411,48,3
19411,8,3
19411,56,1
19412,27,1
19413,38,2
19413,66,3
19413,43,3
19413,55,2
19414,35,3
19414,61,1
19414,24,1
19415,31,3
19415,4,2
19415,81,2
19416,70,2
19416,37,3
19416,19,3
19416,35,1
19416,94,2
19417,94,1
19418,45,1
19418,77,3
19418,54,3
19418,21,1
19418,19,1
19419,16,1
19420,24,3
19420,68,2
19420,18,2
19420,36,1
19421,70,1
19421,30,3
19421,87,2
19422,10,2
19422,19,2
19422,84,1
19423,21,2
19423,12,2
19423,64,3
19424,62,3
19424,90,1
19424,82,3
19424,30,2
19425,72,2
19425,28,2
19425,82,3
19426,5,3
19426,91,2
19426,27,2
19427,87,1
19427,92,1
19427,80,2
19427,57,1
19428,59,2
19428,93,1
19428,76,2
19428,86,1
19429,14,1
19429,32,3
19429,70,3
19429,50,1
19430,6,1
19430,39,3
19430,97,2
19431,37,2
19431,43,1
19431,58,1
19431,32,2
19431,20,2
19432,65,1
19432,76,1
19432,85,2
19432,68,3
19432,64,3
19433,87,2
19433,31,2
19433,14,3
19433,19,1
19434,61,2
19435,64,1
19436,21,2
19436,22,1
19436,18,1
19436,57,1
19436,81,2
19437,81,2
19437,24,2
19438,32,2
19438,63,2
19438,37,1
19438,41,3
19439,65,1
19439,100,3
19439,96,1
19439,39,1
19439,70,1
19440,81,3
19440,59,3
19440,23,2
19441,73,3
19442,45,3
19443,7,2
19444,64,3
19444,99,2
19444,53,2
19444,15,3
19444,86,2
19445,53,2
19445,77,2
19446,25,2
19447,73,2
19447,36,2
19447,2,2
19447,41,3
19447,71,3
19448,12,2
19449,37,1
19450,95,1
19450,63,3
19450,28,2
19450,59,3
19450,10,3
19451,81,1
19451,70,1
19451,28,2
19451,91,3
19451,66,2
19452,63,3
19452,5,1
19452,78,2
19452,64,3
19452,45,3
19453,36,2
19453,92,1
19453,50,3
19453,72,2
19454,81,1
19454,69,2
19455,76,3
19455,32,2
19455,12,1
19456,5,1
19456,28,2
19456,51,2
19456,12,3
19457,46,2
19457,91,3
19458,41,1
19458,81,2
19458,46,1
19459,19,2
19459,93,1
19459,6,3
19460,80,1
19461,9,3
19462,74,3
19462,79,1
19462,52,3
19462,66,3
19463,19,1
19463,80,1
19464,95,1
19464,38,2
19464,18,1
19465,48,2
19465,71,3
19465,53,2
19465,33,1
19466,46,1
19466,31,1
19466,37,2
19467,7,3
19468,37,2
19468,50,1
19469,56,3
19469,90,2
19469,71,3
19469,64,3
19470,76,3
19470,82,1
19471,14,1
19472,65,2
19472,11,3
19472,67,1
19472,82,2
19472,27,2
19473,80,1
19473,63,1
19473,90,1
19473,87,2
19474,58,1
19475,5,3
19475,98,3
19475,34,2
19475,45,3
19475,94,2
19476,66,2
19476,27,2
19476,35,2
19476,2,3
19477,69,3
19477,7,3
19478,95,2
19478,72,2
19478,1,3
19478,54,1
19479,90,3
19480,46,3
19480,56,3
19480,66,3
19480,85,1
19481,100,2
19481,11,3
19481,31,3
19481,79,3
19482,65,2
19482,6,1
19482,54,2
19482,31,1
19483,39,1
19483,25,2
19483,79,2
19483,100,3
19484,70,1
19484,61,2
19484,98,1
19484,54,3
19485,77,1
19485,94,2
19485,28,3
19485,62,3
19486,35,1
19486,43,2
19487,42,3
19487,22,3
19487,85,2
19487,71,2
19487,25,2
19488,15,1
19488,27,2
19489,62,1
19489,4,2
19490,87,1
19490,47,2
19491,94,1
19492,47,1
19492,14,2
19492,65,1
19493,18,1
19493,13,1
19493,39,1
19493,44,1
19493,32,2
19494,7,2
19495,81,1
19495,85,1
19495,78,1
19495,92,1
19495,49,1
19496,92,3
19496,91,3
19496,71,1
19497,64,1
19497,57,2
19498,56,2
19498,63,1
19498,2,2
19498,13,1
19499,95,2
19499,99,2
19499,72,2
19499,36,3
19500,89,2
19500,46,1
19500,38,3
19501,40,1
19501,26,2
19501,85,3
19501,56,3
19501,100,3
19502,2,3
19502,70,3
19502,13,3
19503,91,1
19504,76,1
19504,95,3
19504,88,1
19505,87,1
19505,15,1
19505,3,3
19506,90,2
19506,53,3
19507,59,2
19507,85,1
19508,3,2
19508,18,3
19508,7,3
19508,77,3
19508,14,3
19509,19,3
19509,62,2
19509,2,1
19510,83,2
19511,52,1
19511,70,1
19512,9,2
19512,86,2
19512,12,1
19512,70,2
19513,93,2
19513,52,3
19513,38,2
19513,16,3
19513,29,2
19514,42,3
19514,84,1
19514,28,2
19514,9,1
19515,49,2
19515,71,1
19515,9,1
19516,69,3
19516,61,3
19516,44,1
19517,19,2
19517,91,3
19518,47,1
19518,85,1
19518,17,2
19519,18,1
19520,26,3
19520,70,1
19520,79,1
19520,100,1
19521,84,2
19521,19,1
19521,62,2
19521,17,3
19521,77,3
19522,22,2
19522,69,1
19522,15,3
19522,53,2
19522,97,2
19523,54,1
19523,74,2
19523,11,2
19523,61,2
19524,31,1
19524,14,3
19524,84,3
19524,100,3
19524,78,2
19525,80,3
19526,32,3
19526,20,1
19526,6,2
19527,89,3
19527,37,3
19527,46,1
19527,69,2
19528,95,3
19528,48,2
19528,37,1
19528,8,1
19529,33,3
19529,25,2
19529,31,3
19529,92,3
19529,70,3
19530,49,3
19530,22,1
19530,7,3
19531,32,3
19531,100,2
19532,87,2
19532,57,2
19533,58,1
19533,50,2
19534,44,3
19534,74,1
19534,12,1
19534,39,2
19534,98,1
19535,33,1
19535,31,1
19535,84,1
19536,67,3
19536,19,1
19536,34,2
19536,52,3
19537,76,3
19537,18,2
19537,49,3
19537,2,3
19537,19,3
19538,19,2
19538,61,2
19538,84,3
19538,96,1
19538,100,2
19539,57,1
19539,37,2
19539,72,1
19540,86,2
19541,78,1
19541,53,2
19541,52,2
19541,68,3
19542,98,1
19542,86,1
19542,84,1
19542,33,1
19542,52,2
19543,96,1
19544,44,1
19545,74,2
19545,32,3
19545,99,1
19545,46,3
19545,97,3
19546,50,1
19546,46,1
19546,87,2
19546,97,3
19547,59,2
19547,67,3
19547,89,3
19548,40,2
19548,24,1
19549,100,1
19550,96,3
19550,88,1
19550,21,2
19551,23,1
19551,76,2
19552,81,1
19552,10,3
19552,30,3
19552,71,1
19553,10,1
19553,34,3
19553,88,2
19553,73,2
19553,59,2
19554,51,1
19554,41,1
19554,33,3
19554,7,3
19554,6,2
19555,1,3
19556,46,1
19556,87,1
19556,9,2
19556,25,3
19557,33,1
19557,10,3
19557,54,2
19557,18,3
19558,39,1
19558,30,1
19558,79,3
19558,27,1
19558,72,1
19559,50,2
19559,96,3
19559,39,1
19559,81,1
19559,8,1
19560,73,2
19560,55,1
19560,54,1
19560,36,1
19560,63,1
19561,86,1
19561,5,2
19562,53,3
19562,68,3
19563,40,2
19563,28,2
19563,3,1
19563,53,1
19564,78,1
19565,53,2
19565,40,2
19565,74,2
19565,97,2
19565,1,1
19566,78,3
19566,42,1
19566,52,1
19567,82,1
19567,60,1
19567,42,1
19567,95,3
19568,14,1
19568,59,3
19569,89,1
19569,2,1
19569,3,1
19569,96,1
19570,3,3
19570,36,2
19571,93,1
19572,73,2
19572,68,3
19573,14,3
19574,12,1
19574,27,1
19574,10,1
19575,94,2
19575,54,3
19575,77,1
19575,63,3
19576,4,2
19576,68,2
19576,10,3
19576,61,1
19577,56,1
19577,28,3
19577,68,1
19577,2,2
19578,83,2
19578,27,1
19579,19,3
19579,100,2
19580,84,2
19580,12,1
19580,19,1
19580,26,2
19580,25,2
19581,31,2
19581,71,1
19581,33,2
19582,63,1
19582,85,1
19583,16,1
19583,9,3
19583,64,2
19583,46,1
19583,69,3
19584,18,1
19584,36,1
19584,55,1
19584,85,2
19585,85,3
19585,83,1
19585,79,1
19585,61,2
19586,20,2
19587,11,2
19587,68,2
19587,34,2
19587,83,2
19588,31,3
19589,6,2
19590,89,1
19590,12,3
19590,85,1
19590,94,3
19590,93,3
19591,99,2
19591,17,3
19591,83,3
19591,57,2
19591,13,1
19592,66,1
19593,73,3
19593,24,3
19593,60,2
19593,31,1
19593,1,3
19594,2,2
19594,100,3
19594,65,3
19594,9,3
19595,21,1
19595,28,2
19596,60,2
19596,70,3
19596,20,1
19596,83,1
19597,9,2
19597,73,2
19597,12,3
19597,39,3
19598,2,3
19598,70,2
19598,60,3
19598,61,2
19598,32,1
19599,97,1
19600,14,3
19600,88,1
19600,80,3
19600,21,2
19601,44,1
19601,6,2
19602,51,3
19602,76,1
19603,27,1
19603,1,1
19603,19,2
19603,77,3
19604,15,3
19604,27,3
19605,17,1
19605,62,2
19606,85,3
19606,39,3
19606,52,3
19606,79,2
19607,50,3
19607,85,3
19607,42,1
19608,61,1
19608,77,2
19608,98,2
19609,53,1
19609,3,1
19609,7,2
19609,20,1
19610,87,1
19610,81,1
19610,49,1
19610,52,2
19611,56,2
19611,32,3
19611,44,2
19612,62,3
19612,94,1
19613,13,1
19614,84,3
19614,13,1
19614,39,2
19614,67,2
19615,53,2
19616,7,3
19616,28,2
19616,32,1
19617,9,3
19617,19,3
19618,48,1
19618,38,1
19618,20,3
19618,88,1
19619,84,1
19619,91,1
19619,36,1
19619,56,3
19619,7,2
19620,30,1
19620,79,2
19620,47,1
19620,96,1
19621,4,3
19621,28,2
19621,90,1
19621,72,3
19622,80,2
19622,77,2
19622,69,1
19622,39,1
19622,78,2
19623,99,2
19623,19,3
19623,20,3
19624,35,2
19624,65,2
19624,90,1
19624,4,3
19624,44,3
19625,93,1
19626,68,2
19626,36,1
19626,2,1
19626,54,3
19626,58,3
19627,1,1
19627,22,3
19628,50,3
19628,79,3
19628,22,2
19628,73,1
19628,8,1
19629,99,1
19629,59,2
19629,19,3
19629,55,3
19630,67,2
19630,77,3
19630,95,3
19630,85,1
19631,96,3
19631,18,1
19632,8,3
19632,28,3
19632,86,3
19632,83,1
19632,88,1
19633,66,2
19633,14,1
19633,62,2
19634,60,3
19634,48,2
19634,18,3
19635,10,2
19635,75,1
19635,61,2
19635,26,2
19635,1,3
19636,62,1
19637,55,1
19637,9,3
19637,14,2
19638,42,3
19638,3,3
19638,4,1
19638,29,3
19639,29,1
19640,99,2
19641,48,3
19641,11,1
19641,84,3
19641,30,1
19641,54,1
19642,95,1
19643,14,1
19643,76,1
19643,94,1
19643,75,3
19644,28,1
19644,76,3
19645,54,1
19646,33,2
19646,48,2
19646,50,2
19646,64,2
19647,49,2
19647,55,2
19648,31,1
19648,2,3
19648,29,2
19648,4,1
19649,51,3
19649,84,2
19649,69,1
19649,21,1
19649,54,3
19650,16,3
19650,42,1
19650,41,2
19651,38,1
19652,19,2
19652,30,2
19652,52,1
19653,84,3
19653,69,1
19653,100,1
19653,9,1
19654,52,2
19654,29,1
19654,14,1
19655,76,3
19656,30,2
19656,52,2
19656,91,3
19656,83,3
19656,76,2
19657,28,2
19657,29,1
19657,5,1
19657,36,1
19657,41,3
19658,36,1
19658,39,3
19658,17,3
19658,4,3
19659,90,2
19660,36,1
19660,83,3
19660,76,2
19660,20,3
19661,4,1
19661,24,2
19662,18,1
19662,9,3
19662,88,2
19663,36,3
19664,31,3
19665,37,3
19665,82,2
19666,16,1
19666,80,2
19666,18,3
19667,33,3
19667,69,3
19667,75,3
19667,29,2
19668,84,3
19668,76,2
19669,78,2
19669,99,1
19669,27,1
19669,2,1
19670,94,2
19670,15,3
19670,71,1
19671,7,3
19671,95,3
19671,4,2
19671,69,3
19671,70,3
19672,52,3
19672,34,3
19673,17,2
19673,19,2
19673,83,2
19673,58,2
19673,73,3
19674,78,1
19675,88,1
19675,16,1
19676,83,2
19676,28,1
19676,15,2
19676,55,1
19677,88,1
19677,53,2
19677,37,3
19678,83,3
19678,81,2
19678,46,3
19678,47,1
19679,57,2
19679,65,2
19679,35,3
19679,31,1
19680,5,3
19680,24,3
19680,93,1
19681,64,1
19681,62,1
19681,42,2
19681,67,3
19681,23,3
19682,17,1
19683,97,3
19683,90,3
19683,42,1
19683,39,2
19684,35,3
19684,7,1
19684,40,2
19684,84,2
19685,73,3
19685,50,1
19685,39,3
19686,51,1
19686,16,3
19686,57,2
19687,8,3
19687,63,1
19687,33,3
19687,12,2
19687,26,3
19688,81,3
19688,4,3
19689,79,2
19689,24,3
19689,39,2
19690,57,1
19690,40,1
19690,54,3
19690,20,2
19690,73,2
19691,39,1
19691,36,2
19691,82,3
19691,52,3
19691,85,2
19692,36,3
19693,53,2
19693,80,3
19693,22,3
19693,34,1
19693,31,2
19694,73,3
19695,12,1
19695,55,2
19695,81,3
19695,24,3
19696,35,1
19697,21,1
19698,71,1
19698,96,3
19698,35,3
19698,1,3
19698,80,3
19699,46,1
19699,23,1
19699,25,3
19699,95,1
19699,89,1
19700,29,1
19700,21,1
19700,6,2
19700,62,3
19701,25,3
19701,10,2
19701,40,3
19701,84,2
19701,53,3
19702,80,3
19702,78,3
19702,58,1
19702,31,3
19703,71,2
19703,14,3
19703,28,1
19704,25,2
19704,71,1
19704,72,2
19705,66,3
19705,81,1
19705,60,1
19706,42,3
19706,16,3
19706,20,2
19707,70,3
19708,13,3
19709,16,3
19709,81,1
19710,96,3
19710,68,1
19710,38,1
19711,5,1
19711,35,1
19712,1,1
19712,87,2
19712,59,2
19712,94,2
19712,3,2
19713,20,2
19713,2,1
19713,98,1
19713,23,1
19713,36,3
19714,56,2
19715,6,1
19715,10,2
19715,52,1
19716,35,2
19716,23,3
19716,21,3
19716,2,1
19717,49,2
19718,92,2
19718,85,2
19718,9,1
19719,98,2
19719,30,1
19719,55,1
19719,68,3
19719,76,3
19720,80,3
19721,53,2
19721,28,2
19722,77,2
19723,37,3
19723,61,1
19723,87,3
19724,55,3
19724,54,2
19724,82,2
19724,69,1
19725,42,1
19725,5,2
19726,47,1
19726,37,3
19726,30,3
19727,65,3
19727,46,1
19727,28,3
19728,88,3
19728,36,3
19728,74,1
19729,26,1
19730,60,1
19730,7,3
19730,93,1
19730,58,3
19731,76,3
19731,26,3
19731,74,2
19731,36,3
19731,80,2
19732,86,2
19732,92,3
19732,45,1
19733,81,2
19733,16,1
19734,6,1
19734,1,3
19734,57,2
19734,37,2
19734,26,2
19735,81,3
19735,99,1
19735,45,1
19735,68,3
19736,79,2
19736,17,3
19736,82,3
19737,39,1
19737,82,2
19737,8,2
19737,35,2
19737,95,1
19738,48,1
19739,83,1
19740,13,1
19740,38,3
19740,84,2
19741,84,2
19741,35,1
19741,31,2
19741,7,1
19741,24,3
19742,97,3
19742,20,3
19742,65,2
19743,39,1
19743,10,2
19743,52,2
19743,8,2
19744,87,2
19744,34,3
19744,29,1
19745,22,2
19745,34,1
19746,32,2
19746,34,3
19747,67,3
19747,68,1
19748,42,1
19748,72,2
19748,11,3
19748,67,3
19748,62,2
19749,15,3
19749,49,3
19749,53,2
19749,57,3
19750,15,2
19750,52,3
19750,95,3
19750,9,3
19750,5,3
19751,51,1
19751,62,1
19751,75,1
19752,6,2
19752,16,2
19753,72,3
19753,54,2
19753,21,3
19753,28,2
19753,75,3
19754,66,2
19754,56,2
19754,58,3
19754,16,3
19755,8,3
19755,56,2
19755,4,1
19755,23,2
19756,26,1
19756,12,2
19756,3,2
19757,78,1
19757,81,1
19758,60,1
19759,15,1
19760,18,1
19761,73,2
19761,31,3
19762,38,2
19763,63,3
19764,22,3
19764,30,2
19764,28,3
19764,1,3
19765,34,3
19765,54,2
19766,38,3
19766,63,1
19766,75,2
19766,97,2
19766,41,1
19767,53,2
19767,78,3
19768,29,1
19768,27,2
19769,99,3
19769,4,1
19769,3,1
19769,74,3
19769,76,1
19770,10,2
19771,24,2
19771,10,3
19771,2,1
19772,9,3
19772,97,1
19772,7,1
19772,85,3
19773,96,1
19773,77,3
19773,74,3
19774,54,2
19775,37,1
19775,36,3
19775,54,1
19775,53,3
19776,88,3
19776,56,1
19776,50,3
19776,20,3
19776,89,3
19777,19,1
19777,66,3
19777,11,1
19777,21,3
19778,84,3
19778,23,1
19778,14,3
19778,61,2
19779,96,3
19779,10,3
19779,98,3
19779,42,2
19780,98,2
19780,68,1
19780,43,1
19781,44,2
19782,42,2
19782,25,2
19782,94,1
19782,34,3
19783,83,1
19783,21,2
19783,84,1
19784,31,2
19784,58,1
19784,68,2
19784,97,3
19785,93,3
19785,51,1
19785,65,2
19785,46,1
19785,99,2
19786,83,1
19787,100,1
19788,21,2
19788,18,3
19788,16,2
19788,33,1
19788,31,2
19789,88,2
19789,68,2
19790,73,1
19790,38,3
19790,90,2
19791,67,2
19792,78,2
19792,87,3
19792,34,2
19793,79,1
19794,11,2
19795,98,1
19795,26,2
19796,32,3
19796,30,2
19796,79,3
19797,40,1
19797,38,1
19798,90,2
19799,44,3
19799,60,2
19799,16,2
19800,2,1
19800,22,3
19800,77,2
19801,61,3
19801,27,1
19801,6,2
19801,89,1
19801,72,1
19802,38,3
19802,63,1
19802,89,3
19802,36,2
19802,29,3
19803,100,1
19804,69,1
19804,95,1
19804,6,2
19804,14,3
19804,40,2
19805,52,3
19805,30,2
19805,27,2
19806,81,1
19806,9,3
19806,50,2
19807,60,1
19807,87,1
19807,5,1
19807,100,1
19808,91,2
19808,31,2
19808,89,2
19809,26,1
19810,26,2
19810,27,1
19810,33,1
19810,19,1
19810,81,2
19811,60,3
19811,15,3
19811,78,2
19812,82,1
19812,3,3
19812,54,1
19812,56,3
19813,35,2
19813,59,1
19813,22,2
19814,56,2
19814,31,1
19814,93,1
19814,19,3
19814,99,1
19815,33,1
19815,29,2
19815,100,2
19815,5,2
19816,56,1
19816,37,2
19816,91,3
19817,74,2
19817,3,3
19817,22,1
19817,30,1
19817,86,2
19818,80,2
19818,13,3
19818,25,2
19818,97,3
19818,57,3
19819,7,3
19820,92,2
19820,96,3
19820,64,1
19820,32,1
19821,22,2
19821,16,3
19821,66,1
19822,78,2
19822,70,1
19822,80,3
19823,81,2
19823,17,2
19823,68,2
19824,36,2
19824,42,1
19824,32,3
19824,39,2
19825,7,1
19825,83,2
19825,49,3
19825,39,2
19826,7,2
19827,54,3
19828,90,2
19828,45,1
19828,81,3
19828,27,3
19829,99,2
19829,8,2
19829,65,1
19829,58,1
19829,14,2
19830,29,2
19831,3,1
19831,67,3
19831,7,3
19831,98,1
19831,95,3
19832,73,2
19832,44,2
19832,95,2
19832,15,1
19832,30,3
19833,23,3
19834,13,3
19834,31,2
19834,33,3
19835,34,1
19835,69,1
19835,67,2
19835,51,3
19835,22,1
19836,28,3
19836,43,2
19837,31,1
19837,13,1
19837,17,3
19837,18,2
19838,21,3
19839,9,1
19840,12,2
19840,52,3
19840,74,3
19840,81,3
19840,22,3
19841,39,1
19841,6,3
19841,61,3
19842,26,1
19842,2,2
19842,69,2
19843,20,1
19844,53,2
19844,65,1
19845,85,1
19845,24,2
19845,25,3
19845,14,1
19846,51,1
19847,93,1
19848,94,3
19848,93,1
19848,26,3
19848,98,1
19849,10,1
19849,96,3
19849,77,3
19849,1,1
19850,78,2
19850,84,1
19850,24,2
19851,27,2
19851,74,2
19851,22,3
19852,72,3
19852,33,3
19852,67,2
19853,99,1
19853,19,1
19853,88,1
19853,76,1
19853,28,2
19854,92,2
19854,10,1
19854,36,1
19854,20,3
19854,21,3
19855,86,1
19856,80,2
19856,24,1
19856,16,2
19856,28,2
19857,66,1
19858,75,3
19859,46,3
19860,55,2
19861,56,1
19862,23,2
19862,2,1
19863,63,2
19863,85,1
19863,19,2
19864,16,3
19864,29,3
19864,66,2
19864,38,2
19864,22,1
19865,56,1
19865,20,2
19866,20,1
19866,2,3
19866,71,1
19866,38,2
19867,54,2
19867,46,1
19868,90,2
19868,23,3
19869,69,3
19869,9,1
19869,14,1
19869,26,2
19870,69,3
19870,47,3
19870,12,1
19871,94,1
19871,87,1
19872,78,1
19873,5,3
19874,27,3
19874,2,2
19874,21,1
19874,19,2
19875,12,2
19875,2,1
19876,100,3
19876,91,2
19877,79,2
19877,9,3
19877,66,3
19877,5,1
19878,86,3
19878,32,1
19878,34,1
19878,73,1
19879,68,3
19879,85,3
19879,16,3
19880,13,1
19881,88,2
19881,54,3
19881,98,1
19881,44,1
19881,53,2
19882,79,2
19882,42,1
19882,76,2
19882,67,3
19882,21,2
19883,9,3
19883,36,3
19883,100,3
19884,81,1
19884,25,3
19885,49,1
19886,27,3
19886,70,3
19886,46,2
19887,88,1
19887,8,3
19888,93,2
19888,9,3
19888,48,2
19889,8,2
19889,71,3
19889,7,2
19889,9,3
19889,98,3
19890,56,2
19890,76,1
19890,87,3
19891,97,3
19891,6,2
19891,48,3
19891,7,2
19891,44,3
19892,8,2
19892,60,1
19892,19,3
19893,31,1
19893,76,3
19893,34,3
19893,29,3
19894,100,2
19894,15,2
19894,92,2
19895,90,1
19895,80,1
19895,9,1
19895,31,3
19895,87,3
19896,18,1
19896,77,2
19896,8,2
19897,21,1
19897,55,3
19898,36,2
19898,43,1
19898,15,2
19898,95,1
19899,72,1
19899,14,2
19900,84,1
19900,96,3
19900,47,1
19901,7,2
19902,3,3
19902,66,1
19902,29,1
19902,77,2
19903,39,1
19903,63,1
19903,84,2
19903,61,3
19904,34,2
19904,52,2
19904,95,1
19904,22,2
19904,82,2
19905,25,3
19905,71,2
19905,67,2
19906,10,3
19907,63,2
19907,47,2
19907,19,2
19907,83,1
19907,66,1
19908,93,3
19908,38,1
19909,78,2
19909,38,1
19910,17,2
19910,82,1
19910,31,2
19910,84,1
19911,14,3
19911,10,1
19911,1,3
19912,2,3
19912,59,1
19912,39,2
19912,87,3
19912,37,3
19913,9,3
19913,57,3
19914,16,3
19914,30,1
19914,39,2
19914,34,3
19915,76,1
19915,18,3
19915,40,3
19915,44,3
19915,92,2
19916,22,3
19916,62,1
19917,87,3
19917,4,3
19918,19,1
19918,50,3
19919,43,3
19919,77,1
19919,63,3
19920,24,1
19920,4,1
19920,1,2
19920,85,2
19921,65,1
19921,15,3
19921,71,1
19922,89,3
19923,45,3
19923,77,1
19924,44,2
19924,83,2
19924,72,2
19925,81,3
19925,72,2
19925,30,3
19926,52,1
19926,38,2
19927,34,1
19928,4,2
19929,23,1
19929,14,3
19929,3,2
19930,51,1
19931,63,3
19931,44,3
19931,22,3
19932,63,3
19932,17,2
19932,97,2
19933,86,3
19934,27,1
19934,61,3
19934,97,1
19934,41,2
19935,61,1
19935,17,3
19935,93,3
19935,9,2
19935,4,1
19936,100,3
19936,81,2
19936,6,2
19937,76,1
19937,77,1
19937,99,1
19938,45,2
19938,79,1
19938,5,1
19938,11,1
19939,98,3
19939,97,2
19939,37,3
19939,17,3
19940,88,3
19940,7,2
19941,12,1
19941,30,3
19942,9,2
19942,98,1
19943,87,3
19943,24,2
19943,73,1
19943,85,3
19944,58,2
19944,72,1
19945,34,2
19946,95,3
19946,85,1
19946,59,2
19946,16,3
19946,34,2
19947,54,1
19948,54,2
19948,96,3
19948,2,1
19948,67,2
19948,5,1
19949,49,3
19949,18,2
19950,77,1
19950,75,3
19950,42,2
19950,56,2
19950,21,3
19951,83,2
19951,68,2
19951,60,1
19952,68,1
19952,34,3
19952,38,2
19952,90,3
19953,67,1
19953,95,3
19953,54,1
19953,15,3
19953,80,3
19954,49,3
19954,27,3
19954,60,1
19954,7,1
19954,61,2
19955,11,1
19955,21,3
19956,7,3
19956,53,3
19957,36,1
19957,97,2
19957,59,2
19957,32,3
19957,78,3
19958,97,2
19958,26,2
19958,5,3
19958,91,3
19959,60,1
19959,11,1
19959,23,2
19959,35,3
19959,85,1
19960,31,1
19961,45,2
19961,69,2
19961,89,1
19961,68,3
19962,57,2
19962,27,1
19962,90,1
19962,17,3
19963,94,2
19963,99,3
19963,35,3
19964,97,1
19964,76,1
19965,12,3
19965,92,3
19965,97,3
19966,9,3
19966,3,3
19966,61,3
19966,47,3
19966,86,1
19967,9,2
19968,48,1
19968,25,1
19968,67,3
19968,100,1
19969,22,2
19969,37,3
19969,16,2
19970,70,3
19970,15,3
19970,73,3
19970,8,1
19971,62,2
19971,55,3
19971,75,1
19971,26,2
19972,9,2
19972,68,1
19972,56,3
19972,59,3
19972,55,2
19973,39,3
19973,94,2
19974,34,2
19974,36,1
19974,91,2
19974,92,3
19974,25,2
19975,35,3
19975,5,1
19975,16,1
19976,71,3
19976,88,3
19976,30,2
19976,12,1
19977,38,3
19977,96,2
19978,25,3
19978,92,1
19978,72,3
19978,64,2
19979,89,3
19979,40,3
19979,44,1
19980,63,2
19980,100,2
19981,9,1
19982,61,1
19982,36,1
19983,48,1
19984,37,1
19984,23,1
19984,84,3
19984,41,3
19985,91,1
19985,9,3
19985,25,1
19985,19,1
19986,86,2
19986,74,2
19986,82,3
19987,58,1
19987,47,1
19987,100,1
19987,18,3
19987,80,1
19988,75,3
19988,26,2
19988,29,1
19989,30,2
19990,65,1
19990,62,2
19990,93,1
19991,94,2
19992,97,1
19993,21,2
19993,73,1
19993,39,1
19994,12,2
19994,4,1
19994,94,2
19994,72,1
19994,30,3
19995,31,3
19995,91,2
19996,49,1
19997,67,3
19998,72,3
19998,87,2
19998,35,2
19998,96,2
19999,80,2
19999,79,1
19999,96,3
19999,40,3
20000,93,1
20000,24,1
20000,13,2
20001,44,3
20001,80,1
20001,13,3
20001,73,3
20001,90,2
20002,71,1
20002,27,1
20002,42,1
20002,100,3
20003,94,2
20003,76,3
20003,62,1
20003,42,3
20003,44,3
20004,33,2
20005,82,1
20005,86,2
20005,40,3
20006,60,3
20006,17,2
20006,82,2
20007,80,1
20007,49,3
20007,10,2
20007,46,1
20007,23,3
20008,10,1
20008,19,3
20008,68,1
20008,87,1
20008,25,1
20009,55,1
20009,43,3
20010,29,2
20010,12,2
20010,30,2
20011,4,1
20011,36,2
20011,84,2
20011,92,3
20011,28,1
20012,13,1
20012,84,1
20012,94,3
20012,53,1
20013,74,1
20013,16,1
20013,46,3
20014,54,2
20014,73,2
20014,42,3
20014,25,2
20015,95,3
20015,64,1
20015,82,1
20015,54,3
20015,100,2
20016,4,3
20016,14,1
20016,60,2
20016,89,2
20017,19,3
20017,99,1
20017,3,1
20018,39,3
20018,37,1
20019,95,1
20019,24,1
20019,28,2
20020,79,1
20020,92,1
20020,36,1
20020,30,2
20021,18,3
20021,10,3
20021,94,3
20021,17,3
20021,27,3
20022,10,2
20023,4,2
20023,6,3
20023,92,1
20024,13,1
20024,89,2
20024,59,1
20025,31,3
20025,68,1
20025,52,2
20025,81,2
20025,33,1
20026,5,2
20026,6,1
20027,66,3
20028,14,2
20028,43,3
20028,83,2
20029,34,3
20029,28,1
20029,29,1
20030,70,1
20030,39,3
20030,83,3
20030,66,1
20031,84,1
20031,56,2
20032,78,3
20032,19,3
20032,2,3
20032,96,3
20033,79,3
20033,82,2
20033,28,3
20034,85,1
20034,95,2
20035,88,2
20035,49,3
20035,18,2
20035,58,2
20035,60,2
20036,42,3
20036,44,1
20037,72,3
20037,15,3
20037,85,2
20037,90,3
20037,22,2
20038,71,1
20038,82,3
20038,13,2
20039,74,3
20039,5,3
20040,14,1
20040,70,3
20041,73,3
20041,22,1
20041,60,1
20041,80,3
20041,2,3
20042,56,2
20042,32,2
20042,6,2
20043,37,1
20043,96,1
20043,89,2
20044,59,1
20045,45,1
20045,81,2
20046,9,2
20046,35,1
20047,43,3
20047,95,2
20048,1,3
20048,23,1
20049,25,2
20049,6,3
20049,74,3
20049,52,2
20049,71,3
20050,30,1
20050,1,3
20050,6,1
20050,92,1
20050,27,1
20051,47,1
20051,56,1
20051,64,1
20051,5,2
20052,74,2
20052,67,3
20052,20,2
20052,13,1
20053,86,2
20054,90,2
20054,5,3
20054,77,1
20055,34,2
20056,9,3
20056,61,3
20056,66,1
20056,7,3
20057,22,3
20058,73,2
20058,84,1
20058,67,2
20059,68,1
20060,67,1
20060,36,3
20061,14,3
20061,84,2
20062,24,3
20062,2,3
20063,70,3
20063,41,2
20063,85,3
20063,11,2
20064,8,1
20064,86,1
20065,5,2
20065,44,2
20065,81,2
20065,10,3
20065,33,1
20066,86,3
20066,11,1
20067,61,3
20067,73,1
20067,5,2
20067,12,1
20067,31,1
20068,92,1
20068,16,3
20069,77,1
20070,2,3
20070,72,3
20070,37,1
20070,91,1
20071,61,2
20071,29,1
20071,81,1
20071,21,2
20071,27,3
20072,83,1
20072,43,2
20072,68,1
20072,7,3
20073,90,3
20073,22,3
20074,32,2
20075,8,2
20075,33,1
20076,8,1
20076,85,3
20076,10,3
20077,79,3
20077,27,1
20077,94,1
20077,87,3
20077,38,1
20078,65,2
20078,100,1
20079,63,1
20079,84,3
20080,51,3
20080,98,3
20081,60,2
20082,9,1
20083,94,2
20083,22,3
20083,61,3
20083,95,1
20083,93,2
20084,31,3
20084,11,1
20084,4,2
20084,6,2
20084,52,3
20085,6,1
20085,17,2
20086,53,2
20086,52,2
20087,70,3
20087,86,3
20088,88,1
20088,39,1
20088,4,2
20089,81,3
20089,61,2
20089,58,2
20090,35,1
20090,5,2
20090,91,3
20090,92,3
20091,55,2
20091,38,2
20091,14,1
20091,59,3
20091,89,1
20092,44,2
20092,27,2
20092,37,2
20092,34,1
20092,5,3
20093,73,1
20093,3,2
20094,66,3
20095,10,2
20095,37,3
20095,69,3
20096,98,3
20097,66,1
20097,1,3
20097,14,3
20098,13,1
20099,23,2
20099,62,2
20099,56,1
20099,90,2
20100,33,2
20100,14,1
20101,37,2
20101,88,1
20101,44,3
20101,72,3
20101,99,2
20102,60,2
20102,85,2
20103,9,3
20103,29,1
20104,35,2
20104,89,2
20104,93,1
20104,50,3
20105,13,2
20105,33,2
20105,59,2
20106,89,3
20106,59,1
20106,71,1
20106,96,1
20106,29,2
20107,81,1
20107,56,1
20107,32,3
20107,62,1
20108,84,1
20108,54,3
20108,7,2
20109,60,1
20109,17,3
20110,29,1
20110,46,1
20110,22,1
20110,28,2
20110,63,1
20111,85,3
20111,28,3
20111,12,1
20111,66,1
20112,11,3
20112,46,1
20113,51,3
20113,86,1
20114,19,2
20114,88,2
20114,67,1
20114,58,2
20115,89,3
20115,62,2
20115,53,2
20115,93,2
20115,35,3
20116,43,1
20116,4,1
20116,81,1
20116,67,2
20117,81,2
20118,100,2
20118,28,3
20119,55,2
20119,18,1
20119,100,3
20120,34,1
20120,71,3
20120,80,2
20120,52,3
20120,35,2
20121,58,3
20121,9,1
20122,8,2
20122,65,3
20122,59,2
20122,84,3
20122,96,1
20123,24,1
20123,72,2
20124,79,2
20124,43,3
20124,11,2
20124,52,2
20125,33,2
20125,86,1
20125,94,1
20125,82,2
20126,15,2
20126,57,3
20127,98,2
20127,31,3
20128,40,3
20128,1,2
20128,44,1
20128,58,1
20129,24,1
20129,26,1
20129,84,2
20129,13,1
20129,92,1
20130,88,3
20130,97,3
20130,44,1
20130,49,1
20131,63,1
20131,90,2
20131,82,2
20131,18,2
20131,87,2
20132,45,2
20132,13,3
20132,14,2
20132,67,3
20132,3,1
20133,31,1
20133,39,2
20133,17,3
20134,76,2
20134,36,1
20134,55,1
20134,99,1
20134,54,3
20135,82,3
20135,3,2
20136,91,3
20137,77,2
20137,49,2
20137,20,2
20138,95,3
20138,38,1
20139,16,3
20139,8,2
20139,51,3
20140,76,3
20141,10,3
20141,2,2
20142,43,2
20142,15,2
20142,78,2
20143,89,2
20143,51,2
20144,12,1
20144,77,1
20144,45,3
20145,41,2
20146,11,1
20147,5,1
20147,78,2
20148,7,1
20148,57,2
20149,5,3
20149,48,2
20149,18,2
20149,22,1
20149,34,1
20150,22,1
20150,51,2
20150,67,3
20150,31,1
20151,61,1
20151,1,2
20152,80,3
20152,8,3
20152,71,3
20152,86,1
20153,87,3
20154,47,1
20154,73,1
20154,51,3
20154,93,2
20155,95,3
20155,96,2
20155,25,2
20156,55,3
20157,53,1
20157,75,1
20157,46,1
20157,77,3
20157,8,2
20158,30,2
20159,24,1
20159,41,2
20160,59,1
20161,62,1
20161,20,3
20161,97,3
20161,6,2
20161,51,1
20162,88,2
20162,79,1
20162,46,1
20163,48,2
20163,33,3
20163,9,1
20163,86,2
20163,57,1
20164,27,3
20164,73,1
20165,75,2
20165,61,1
20165,45,1
20166,19,2
20167,45,3
20167,18,2
20167,35,2
20167,10,1
20168,21,1
20169,74,1
20169,72,3
20169,46,1
20169,30,3
20170,16,1
20170,36,1
20170,49,1
20170,29,1
20171,23,3
20171,41,2
20171,83,2
20171,72,1
20171,54,1
20172,8,1
20172,4,1
20173,90,1
20173,74,2
20173,53,2
20173,32,2
20173,79,1
20174,84,1
20174,56,3
20174,73,2
20174,10,1
20174,29,2
20175,61,3
20175,98,1
20175,95,1
20176,70,2
20177,96,3
20177,65,2
20177,66,2
20178,80,1
20178,21,2
20178,38,1
20179,68,1
20179,54,1
20179,22,3
20179,80,3
20180,78,1
20180,19,1
20180,81,1
20180,41,1
20181,83,3
20181,52,3
20181,58,3
20181,47,3
20181,7,3
20182,3,2
20183,67,3
20183,33,1
20183,46,1
20183,76,3
20183,99,2
20184,85,3
20184,64,3
20184,69,2
20185,18,3
20185,25,1
20185,45,2
20185,15,3
20186,37,3
20186,38,3
20186,19,3
20187,51,2
20187,10,2
20187,83,2
20187,61,1
20187,42,1
20188,41,1
20188,31,1
20188,98,3
20188,35,3
20189,54,3
20189,64,2
20189,59,1
20190,76,3
20190,64,1
20190,84,2
20190,98,3
20191,48,3
20191,14,3
20191,16,3
20191,75,3
20191,37,1
20192,9,3
20192,77,3
20193,47,3
20193,64,1
20194,89,2
20195,75,2
20196,37,3
20197,71,2
20197,39,3
20198,81,2
20198,14,3
20199,63,3
20200,60,2
20201,34,1
20201,84,3
20201,28,3
20201,64,1
20202,43,2
20202,98,2
20202,66,3
20203,68,1
20203,67,1
20203,80,3
20204,68,1
20204,97,2
20204,94,2
20204,70,1
20205,22,3
20205,77,3
20205,10,3
20205,33,2
20206,48,3
20206,38,1
20206,49,3
20206,63,2
20207,64,1
20207,67,2
20208,77,1
20208,4,3
20208,98,1
20208,90,3
20208,49,3
20209,75,3
20209,86,3
20209,22,2
20209,69,1
20210,22,3
20211,95,2
20212,11,3
20212,32,2
20212,39,2
20213,87,3
20214,55,2
20214,32,2
20214,5,1
20215,49,2
20216,41,3
20216,2,1
20217,34,2
20217,60,2
20217,32,1
20217,66,3
20218,3,3
20218,71,2
20218,6,2
20218,79,2
20219,25,1
20220,36,1
20221,7,3
20221,23,2
20222,24,3
20223,41,3
20224,29,1
20224,82,2
20224,14,2
20225,4,1
20225,36,3
20225,10,3
20226,100,1
20226,2,3
20226,84,2
20226,89,2
20227,64,1
20227,89,3
20228,75,2
20228,9,3
20228,15,1
20228,68,3
20228,43,1
20229,90,2
20230,51,1
20230,94,2
20231,30,1
20232,62,3
20232,34,3
20232,46,1
20232,18,2
20233,21,1
20234,72,3
20234,41,3
20234,75,2
20235,27,1
20235,95,2
20236,19,3
20236,67,1
20236,61,1
20236,33,2
20236,11,3
20237,98,3
20238,11,3
20238,20,2
20239,31,3
20239,88,2
20239,50,1
20239,11,1
20240,67,1
20240,14,3
20240,85,2
20241,37,1
20241,75,1
20241,50,3
20242,12,1
20243,94,3
20243,99,2
20243,18,1
20243,19,3
20243,69,2
20244,25,3
20244,83,3
20244,63,2
20244,78,2
20244,15,2
20245,70,3
20245,88,1
20245,95,2
20245,79,3
20245,5,2
20246,71,1
20246,10,3
20246,39,1
20246,51,2
20247,19,2
20247,4,3
20247,70,1
20247,61,3
20247,34,1
20248,14,1
20248,48,1
20249,4,3
20249,99,1
20249,13,1
20249,86,2
20249,21,2
20250,3,2
20250,40,3
20251,28,2
20251,15,1
20251,34,3
20252,9,1
20252,86,1
20252,48,2
20252,62,2
20252,93,3
20253,41,2
20253,91,2
20253,15,2
20253,95,3
20254,53,1
20254,79,2
20254,36,2
20254,37,3
20255,55,2
20255,69,3
20255,14,2
20256,90,2
20256,11,1
20256,66,2
20256,82,3
20257,17,1
20257,40,2
20258,47,2
20259,84,1
20259,89,2
20259,51,3
20259,29,3
20260,30,3
20260,88,3
20260,46,2
20261,38,2
20261,17,2
20261,92,2
20261,2,3
20261,86,2
20262,22,1
20262,3,3
20262,57,2
20262,83,2
20262,59,2
20263,57,3
20263,5,2
20263,11,2
20263,26,2
20263,45,2
20264,21,1
20264,18,2
20264,97,2
20264,59,3
20264,66,2
20265,92,1
20265,60,3
20265,4,1
20265,18,2
20266,52,3
20267,33,2
20267,5,2
20267,15,3
20267,8,2
20268,58,2
20268,74,1
20268,57,3
20269,90,3
20269,44,3
20269,93,1
20269,26,1
20269,40,3
20270,53,1
20270,76,2
20270,84,3
20270,64,3
20270,87,2
20271,37,3
20271,57,3
20271,49,2
20271,8,2
20272,73,2
20272,77,2
20273,40,3
20274,27,3
20274,50,1
20274,30,2
20275,60,3
20276,32,2
20276,90,2
20276,92,2
20277,87,3
20277,74,2
20277,65,2
20277,82,3
20277,45,1
20278,65,2
20278,42,3
20278,24,2
20279,12,3
20279,40,2
20280,45,1
20281,25,2
20281,94,1
20281,43,1
20281,76,2
20282,82,2
20282,4,1
20282,92,2
20282,40,1
20282,54,1
20283,32,2
20283,51,3
20283,36,3
20284,78,2
20284,10,2
20284,91,3
20284,46,3
20284,21,1
20285,72,1
20286,47,3
20287,66,2
20288,18,3
20288,40,3
20289,7,2
20289,12,3
20289,85,2
20290,51,1
20290,47,2
20290,38,2
20290,66,2
20290,73,1
20291,94,3
20291,80,2
20292,30,2
20292,39,1
20292,75,3
20292,73,3
20292,67,3
20293,34,2
20293,39,2
20293,99,2
20293,51,2
20293,77,2
20294,59,2
20294,46,1
20294,23,2
20295,2,3
20295,48,2
20295,95,2
20296,55,3
20297,64,2
20298,81,2
20298,4,2
20299,9,2
20299,38,2
20299,23,2
20299,80,3
20300,7,2
20300,24,1
20300,28,1
20300,60,1
20301,97,2
20301,74,1
20301,48,1
20302,100,2
20302,29,2
20303,48,2
20303,12,3
20303,57,3
20304,14,2
20304,80,2
20305,12,2
20305,29,1
20305,32,1
20305,86,1
20305,26,1
20306,19,1
20306,60,2
20306,11,1
20307,41,3
20308,35,3
20308,24,3
20308,59,3
20309,27,1
20309,21,1
20309,31,2
20310,17,1
20310,68,2
20310,72,2
20310,40,3
20311,62,3
20312,33,2
20313,89,3
20313,37,1
20313,41,2
20313,56,1
20313,20,2
20314,98,1
20314,74,1
20314,100,2
20314,76,2
20315,19,2
20315,55,2
20315,85,2
20315,89,3
20315,88,1
20316,15,3
20317,54,3
20317,19,2
20317,84,3
20318,77,3
20318,80,2
20318,64,3
20318,5,3
20318,65,2
20319,86,1
20319,64,1
20319,43,1
20319,68,2
20319,42,2
20320,92,1
20320,14,2
20321,51,1
20321,27,2
20321,76,2
20321,100,1
20322,98,1
20323,45,1
20324,29,2
20324,79,2
20324,38,3
20324,24,2
20325,58,3
20325,3,2
20325,49,3
20325,1,1
20326,77,2
20326,87,2
20326,23,1
20326,30,1
20327,25,1
20327,44,1
20327,81,3
20327,84,3
20327,1,1
20328,39,1
20328,97,2
20328,48,1
20329,7,2
20329,2,1
20329,53,3
20329,77,2
20329,32,1
20330,40,3
20330,50,3
20330,45,2
20331,68,2
20332,20,2
20333,31,3
20333,23,1
20334,49,1
20335,84,3
20335,87,1
20335,22,1
20335,15,2
20336,68,3
20336,3,1
20336,85,3
20337,64,1
20337,57,3
20337,62,2
20338,12,1
20338,68,2
20339,92,3
20340,47,2
20340,36,3
20340,46,1
20340,39,2
20341,44,2
20341,10,3
20341,90,2
20341,47,3
20342,25,1
20342,11,1
20342,18,1
20343,8,2
20343,78,3
20343,43,3
20344,34,3
20344,13,1
20344,92,3
20344,59,2
20344,36,3
20345,1,1
20345,5,2
20345,21,2
20345,17,2
20345,61,2
20346,47,1
20346,28,3
20347,31,1
20347,36,2
20347,32,1
20347,41,3
20347,30,3
20348,99,3
20348,3,2
20348,39,1
20348,29,1
20348,34,1
20349,32,2
20349,42,2
20349,99,3
20349,5,2
20349,95,2
20350,85,3
20351,41,2
20352,89,3
20352,69,2
20352,12,2
20352,19,1
20352,51,3
20353,79,1
20353,69,3
20353,93,3
20353,6,2
20353,85,3
20354,4,3
20354,22,3
20354,54,2
20355,86,3
20356,87,1
20356,27,3
20356,8,2
20357,13,2
20357,5,2
20357,29,3
20357,45,3
20358,35,1
20358,22,3
20358,56,2
20359,47,2
20360,72,3
20360,56,2
20360,73,1
20360,22,1
20360,43,2
20361,37,3
20362,64,3
20362,34,2
20363,20,1
20363,48,3
20363,47,2
20363,34,1
20363,7,1
20364,84,2
20365,52,3
20366,43,3
20366,38,3
20366,20,2
20367,31,2
20367,58,1
20367,74,1
20368,18,2
20368,45,2
20368,21,1
20368,58,1
20369,30,3
20369,45,1
20370,48,3
20370,1,3
20371,88,3
20371,65,2
20371,55,2
20371,85,3
20371,66,3
20372,39,1
20372,69,3
20372,51,1
20372,58,2
20372,54,3
20373,28,2
20373,64,2
20374,24,1
20374,83,2
20374,49,1
20374,4,1
20375,39,2
20375,54,3
20375,56,2
20375,28,3
20376,56,3
20376,91,2
20376,89,2
20376,82,2
20376,12,3
20377,9,3
20377,84,1
20378,92,3
20378,47,1
20378,52,3
20378,78,1
20379,33,3
20380,61,3
20380,31,1
20380,80,3
20381,6,3
20382,86,2
20382,5,2
20382,7,1
20382,42,1
20383,62,3
20383,56,1
20383,71,3
20383,17,1
20383,37,2
20384,28,1
20384,51,2
20384,80,2
20385,59,1
20385,38,1
20386,60,3
20387,61,3
20387,35,2
20387,48,1
20387,82,3
20388,31,1
20388,39,1
20388,45,1
20388,34,1
20388,21,3
20389,35,1
20389,91,3
20389,84,2
20390,53,2
20391,31,2
20392,9,2
20392,74,3
20393,56,3
20393,57,3
20394,50,3
20394,21,3
20394,18,3
20394,77,1
20395,16,1
20395,29,2
20396,72,3
20396,42,1
20397,32,2
20397,40,2
20397,73,2
20397,22,1
20398,57,2
20398,19,2
20398,21,2
20399,87,3
20399,20,2
20399,45,3
20399,78,3
20399,22,2
20400,66,2
20400,59,2
20400,4,3
20400,13,3
20400,100,2
20401,43,2
20401,1,3
20402,80,3
20403,57,3
20403,27,3
20403,63,2
20403,71,2
20404,11,2
20405,52,3
20405,48,2
20405,77,3
20405,66,2
20405,11,1
20406,80,3
20407,5,1
20407,62,1
20407,85,3
20408,84,2
20408,90,2
20408,87,1
20409,62,3
20409,26,3
20409,87,1
20409,76,3
20409,12,2
20410,4,1
20410,82,3
20410,19,1
20410,39,2
20410,57,3
20411,25,3
20411,47,3
20412,75,2
20412,35,2
20412,3,3
20412,2,1
20413,100,3
20413,59,2
20413,52,3
20414,23,3
20414,13,1
20415,13,1
20415,15,3
20416,87,1
20416,62,1
20417,46,3
20417,51,1
20418,84,3
20419,54,1
20419,60,1
20419,71,2
20419,75,3
20420,35,1
20421,54,1
20422,70,3
20422,24,1
20422,56,1
20423,53,3
20423,39,2
20424,16,2
20424,57,1
20424,92,1
20424,83,2
20424,5,3
20425,51,1
20425,63,1
20425,95,1
20426,25,1
20426,67,1
20426,31,3
20426,94,3
20426,51,1
20427,56,1
20427,94,1
20427,62,1
20427,52,3
20428,43,1
20428,30,3
20428,27,3
20428,60,1
20428,69,1
20429,25,3
20430,19,2
20430,3,2
20430,95,3
20430,79,3
20431,65,1
20431,73,1
20431,83,1
20431,64,2
20432,75,3
20432,83,2
20433,80,2
20433,64,1
20433,59,1
20433,100,1
20434,83,1
20434,39,1
20434,93,1
20434,51,1
20435,25,1
20435,82,3
20435,80,2
20435,74,1
20436,28,1
20436,76,3
20436,36,1
20437,53,2
20438,14,1
20438,73,2
20438,30,3
20438,84,3
20439,71,1
20439,6,1
20439,68,3
20439,72,1
20439,52,3
20440,61,3
20440,63,2
20441,51,2
20441,19,3
20441,44,1
20441,94,1
20441,68,2
20442,25,1
20443,59,2
20444,10,3
20444,87,1
20444,11,2
20444,95,2
20444,60,1
20445,97,3
20445,55,1
20446,36,1
20446,11,1
20446,24,2
20446,63,2
20447,41,1
20448,13,3
20448,59,3
20449,31,2
20450,96,3
20450,3,2
20450,83,3
20450,73,3
20451,93,1
20451,15,2
20451,26,1
20452,18,1
20452,64,3
20453,93,1
20453,61,2
20454,56,1
20454,68,2
20454,53,1
20454,25,2
20454,59,1
20455,81,1
20455,100,3
20455,82,2
20456,66,2
20456,97,3
20456,29,3
20457,74,1
20457,44,2
20457,50,3
20458,37,2
20458,42,1
20459,1,3
20459,99,1
20459,23,3
20459,9,3
20460,27,3
20460,82,1
20460,59,1
20460,31,2
20460,4,2
20461,23,2
20461,96,1
20461,69,1
20461,7,1
20461,31,2
20462,75,2
20463,87,1
20463,3,2
20463,67,2
20464,75,2
20464,90,1
20465,47,2
20465,59,3
20466,68,2
20467,69,1
20467,88,1
20467,97,1
20467,73,2
20467,81,2
20468,77,1
20469,92,1
20469,37,2
20469,88,2
20469,26,3
20470,60,3
20470,89,3
20471,37,1
20471,94,1
20471,27,1
20471,42,1
20471,9,1
20472,65,1
20472,2,3
20473,80,2
20473,60,1
20473,55,1
20473,75,1
20474,19,3
20475,73,2
20475,98,3
20475,87,1
20475,54,3
20475,99,3
20476,36,1
20476,100,3
20477,43,3
20477,67,2
20477,36,3
20478,89,3
20478,57,1
20478,47,2
20478,91,3
20479,58,3
20479,49,2
20479,97,3
20480,12,3
20480,38,3
20480,87,3
20481,48,1
20481,60,3
20481,35,2
20482,64,3
20482,20,1
20482,55,2
20483,51,1
20483,41,2
20484,83,1
20484,25,2
20484,1,1
20484,96,1
20484,52,3
20485,51,2
20485,63,2
20486,28,2
20486,56,3
20486,3,2
20486,86,1
20486,68,1
20487,6,3
20487,62,3
20487,26,3
20488,71,2
20488,32,2
20488,14,1
20489,59,1
20490,89,1
20490,22,1
20491,6,3
20491,92,3
20492,92,3
20492,25,1
20492,27,2
20492,43,2
20493,88,1
20493,75,2
20493,63,3
20494,44,3
20495,49,3
20495,72,2
20496,77,3
20496,86,3
20496,100,1
20496,11,1
20497,83,3
20497,31,1
20497,36,2
20498,67,1
20498,24,2
20499,85,3
20500,35,3
20500,14,1
20500,47,3
20500,96,3
20500,59,1
20501,14,1
20501,15,3
20501,2,3
20501,89,3
20502,11,2
20502,22,3
20502,36,3
20502,6,2
20503,4,1
20504,72,1
20505,16,3
20505,58,1
20505,79,2
20506,7,1
20506,78,3
20507,11,2
20507,87,1
20507,68,2
20507,43,3
20507,59,3
20508,32,3
20509,78,3
20509,33,1
20509,8,1
20509,47,2
20509,39,3
20510,78,3
20510,41,1
20510,15,3
20511,48,1
20511,70,2
20511,10,2
20512,28,2
20512,94,3
20512,32,2
20513,42,1
20513,44,2
20513,69,2
20514,57,2
20514,83,3
20514,65,1
20514,58,2
20514,74,1
20515,21,3
20515,94,3
20515,95,3
20515,44,1
20516,13,2
20517,8,3
20517,6,3
20518,67,2
20518,83,2
20519,12,2
20519,77,3
20519,87,3
20519,53,1
20520,71,3
20520,100,2
20520,50,2
20520,78,2
20520,96,1
20521,51,2
20521,20,2
20522,24,1
20522,53,1
20522,35,1
20523,63,2
20523,94,3
20523,60,3
20523,30,3
20524,31,3
20525,27,1
20525,64,2
20525,76,2
20525,33,3
20525,13,3
20526,30,1
20526,70,2
20526,25,1
20527,59,2
20528,8,3
20528,45,2
20529,18,1
20529,69,1
20529,27,3
20530,34,1
20530,35,3
20530,63,3
20530,7,2
20531,46,3
20531,49,1
20531,10,1
20532,92,1
20533,86,2
20534,65,1
20534,50,3
20534,75,2
20535,97,2
20535,9,1
20536,87,2
20536,62,3
20536,3,1
20536,39,2
20537,74,3
20537,3,2
20538,52,2
20538,40,2
20538,29,1
20538,33,1
20538,56,1
20539,95,3
20539,4,1
20539,23,1
20539,54,3
20539,66,1
20540,63,2
20540,70,2
20540,11,2
20540,78,3
20541,65,3
20541,90,3
20541,66,3
20542,91,2
20542,22,1
20543,55,3
20543,38,1
20543,49,3
20544,97,2
20544,73,2
20544,95,3
20545,17,3
20545,62,1
20545,4,2
20545,2,3
20546,9,3
20546,90,1
20546,46,1
20546,85,3
20547,39,1
20547,71,1
20547,45,1
20548,72,1
20548,36,3
20549,55,2
20550,91,2
20550,24,3
20550,36,1
20551,58,2
20552,62,2
20552,75,1
20552,48,2
20552,97,3
20553,63,2
20553,89,3
20553,99,2
20554,7,1
20554,62,2
20554,33,3
20555,9,1
20555,30,3
20555,69,3
20556,98,1
20556,40,3
20557,67,2
20557,49,3
20557,76,3
20557,29,3
20558,84,1
20558,49,2
20558,44,2
20559,73,3
20559,4,2
20559,41,1
20559,13,1
20559,40,2
20560,7,2
20560,87,3
20560,79,3
20560,75,1
20561,47,3
20561,24,2
20562,30,2
20562,3,1
20563,41,2
20563,74,1
20564,28,2
20564,88,1
20565,68,2
20566,99,2
20566,54,3
20566,9,1
20566,93,2
20566,42,1
20567,56,1
20567,34,3
20567,1,3
20567,86,1
20567,93,3
20568,58,1
20569,28,3
20569,25,2
20569,35,1
20570,79,3
20570,65,3
20570,24,2
20570,62,1
20570,86,3
20571,42,3
20571,95,1
20571,92,1
20571,9,2
20571,51,1
20572,9,3
20572,2,2
20572,3,3
20572,63,3
20572,4,3
20573,67,1
20573,9,2
20573,2,1
20573,47,3
20573,81,3
20574,94,1
20574,50,3
20575,78,3
20575,88,1
20575,5,2
20576,35,1
20576,58,2
20576,76,3
20577,98,1
20577,77,2
20577,20,1
20578,53,1
20578,7,2
20579,51,3
20579,9,3
20579,12,2
20579,68,3
20579,6,2
20580,98,3
20580,71,2
20580,57,3
20581,5,3
20581,74,2
20581,51,3
20581,59,3
20582,8,3
20582,16,1
20583,49,2
20583,12,1
20583,82,1
20583,83,3
20583,57,2
20584,79,3
20584,4,1
20585,5,1
20585,41,2
20585,87,3
20585,8,2
20586,77,2
20586,26,3
20586,72,3
20587,58,3
20587,70,2
20587,57,1
20587,34,1
20588,50,3
20589,16,2
20590,49,2
20590,91,1
20590,53,3
20590,9,1
20591,25,3
20592,82,3
20593,70,2
20593,94,3
20593,56,2
20594,63,1
20594,79,2
20594,84,2
20594,25,2
20595,64,1
20596,1,3
20596,98,1
20597,84,2
20597,56,3
20597,79,1
20597,22,1
20598,83,2
20598,37,3
20598,23,3
20598,60,2
20599,44,2
20599,25,1
20599,21,3
20599,98,2
20600,64,2
20600,94,1
20600,25,2
20600,12,2
20601,14,1
20601,79,1
20601,24,3
20602,84,3
20602,30,2
20603,87,2
20603,47,1
20603,33,1
20604,74,1
20604,11,2
20605,15,1
20605,93,3
20605,16,3
20605,37,1
20605,48,3
20606,82,2
20606,60,2
20606,14,3
20606,25,3
20607,56,1
20607,58,1
20608,36,1
20608,82,2
20609,78,1
20609,3,3
20609,16,2
20609,72,3
20609,87,1
20610,25,2
20610,71,3
20610,95,2
20610,46,1
20611,42,3
20611,24,2
20611,4,3
20611,38,1
20611,71,1
20612,92,2
20612,11,1
20612,45,1
20612,61,2
20612,70,1
20613,48,3
20613,90,3
20613,84,2
20614,68,3
20615,57,2
20615,33,1
20615,36,3
20615,48,2
20616,54,2
20616,33,1
20616,67,3
20616,48,3
20617,56,1
20617,10,1
20617,11,1
20617,33,3
20618,57,2
20618,78,2
20618,11,1
20619,69,1
20619,51,3
20619,78,1
20620,93,1
20620,50,2
20620,79,2
20620,34,1
20620,14,2
20621,34,2
20621,7,2
20621,33,3
20622,10,1
20623,73,2
20624,3,2
20624,23,3
20624,4,1
20624,12,1
20625,7,2
20626,98,2
20626,68,3
20626,44,3
20626,93,1
20626,6,3
20627,21,1
20627,69,1
20627,49,3
20628,66,1
20628,20,3
20628,34,3
20628,48,3
20629,76,1
20629,40,3
20630,32,3
20630,43,2
20630,78,3
20630,33,3
20631,36,3
20631,21,2
20631,79,2
20631,85,1
20631,89,2
20632,10,1
20632,73,3
20633,17,2
20633,49,3
20633,96,3
20633,68,1
20633,95,3
20634,73,1
20634,34,1
20635,67,3
20635,45,1
20635,36,1
20635,88,1
20635,66,3
20636,46,3
20636,49,3
20636,82,1
20636,85,3
20637,49,3
20637,74,2
20637,21,1
20637,84,2
20637,61,1
20638,74,2
20638,49,3
20638,20,2
20638,79,3
20639,37,1
20639,86,1
20639,87,3
20640,96,1
20640,31,3
20640,55,3
20641,6,1
20641,64,1
20641,30,3
20642,35,3
20642,24,2
20642,49,1
20642,74,1
20642,97,1
20643,42,2
20643,13,3
20643,61,3
20643,2,1
20643,15,1
20644,30,2
20644,97,2
20644,11,1
20645,77,3
20645,83,2
20646,19,1
20646,72,3
20646,14,1
20647,65,2
20647,73,3
20647,75,3
20648,86,1
20649,45,1
20649,30,3
20649,97,1
20649,59,1
20649,38,1
20650,95,2
20650,12,1
20651,52,3
20651,26,2
20651,21,2
20652,39,1
20652,96,2
20652,75,3
20653,65,1
20654,73,3
20655,60,1
20655,69,1
20655,57,3
20655,12,3
20656,91,2
20656,47,1
20656,41,3
20656,81,3
20656,14,2
20657,61,2
20658,82,1
20658,60,2
20658,4,3
20658,81,1
20658,92,1
20659,4,2
20660,56,1
20660,46,2
20660,62,3
20661,48,2
20662,80,2
20662,67,3
20662,3,2
20663,26,1
20663,56,1
20663,8,3
20664,83,1
20664,55,3
20664,94,2
20664,44,2
20665,93,1
20665,2,2
20665,33,2
20665,38,1
20666,96,2
20666,72,1
20666,63,1
20667,58,3
20668,84,2
20669,72,2
20669,98,3
20670,28,2
20670,93,2
20670,10,3
20670,42,1
20670,65,1
20671,13,2
20671,97,1
20671,49,3
20672,59,2
20672,64,1
20672,41,1
20673,64,1
20673,18,2
20673,34,3
20673,97,3
20674,44,1
20674,99,1
20674,53,3
20674,18,1
20674,84,1
20675,26,3
20675,74,2
20676,84,1
20676,9,1
20676,33,3
20677,94,1
20678,89,2
20678,81,2
20678,62,2
20678,7,2
20678,2,1
20679,39,2
20679,23,2
20679,46,1
20679,81,1
20679,76,1
20680,62,1
20681,58,3
20681,41,1
20681,76,3
20682,55,3
20682,77,1
20682,2,1
20682,10,2
20683,7,3
20683,75,1
20683,71,1
20683,38,2
20683,4,1
20684,85,3
20684,31,2
20684,50,2
20684,41,3
20684,33,3
20685,95,2
20685,38,3
20685,33,2
20685,30,3
20685,4,3
20686,21,1
20686,92,1
20687,1,3
20687,87,1
20687,20,2
20688,97,3
20688,73,1
20688,17,3
20688,62,2
20688,99,1
20689,36,1
20689,89,2
20689,90,2
20689,81,2
20689,3,3
20690,3,1
20690,51,1
20690,78,3
20691,55,2
20691,1,2
20691,42,2
20692,60,2
20692,94,1
20692,42,1
20692,7,3
20692,81,3
20693,47,1
20693,33,3
20693,40,2
20693,98,3
20693,90,1
20694,45,2
20694,12,3
20694,70,3
20695,64,2
20695,94,1
20695,3,1
20695,30,1
20696,37,1
20696,48,3
20696,79,1
20696,63,1
20696,57,1
20697,13,2
20697,69,2
20697,42,2
20698,98,2
20698,74,3
20699,5,1
20700,34,3
20700,56,3
20700,55,3
20701,24,2
20701,60,2
20701,91,1
20701,62,3
20702,21,1
20702,4,1
20702,70,3
20703,79,1
20703,23,3
20703,16,2
20703,99,3
20704,8,1
20704,77,1
20704,67,1
20704,12,3
20704,73,3
20705,32,1
20705,38,2
20705,100,1
20705,21,3
20705,64,1
20706,50,1
20706,79,3
20707,61,3
20707,52,1
20707,96,1
20707,37,3
20707,48,3
20708,10,1
20709,12,3
20709,78,3
20709,66,3
20709,79,3
20709,83,2
20710,20,2
20710,44,2
20711,69,3
20712,37,2
20713,95,1
20713,11,1
20714,47,2
20714,85,3
20715,57,1
20715,17,1
20715,96,3
20715,92,3
20715,12,1
20716,7,1
20716,93,2
20716,22,1
20716,55,3
20716,92,2
20717,41,1
20717,88,1
20718,49,3
20718,21,3
20718,46,1
20718,15,3
20718,77,3
20719,16,3
20719,34,1
20720,12,1
20720,75,3
20720,46,3
20721,35,2
20721,62,3
20721,85,2
20722,86,3
20722,51,2
20722,83,1
20722,61,3
20722,44,2
20723,2,2
20724,43,1
20724,92,3
20724,68,3
20724,71,2
20725,71,2
20725,75,1
20726,85,1
20726,35,2
20726,16,3
20726,24,2
20727,66,2
20727,42,1
20727,68,2
20727,56,2
20727,7,3
20728,39,2
20729,98,1
20729,22,1
20729,42,1
20729,45,1
20729,78,1
20730,18,2
20730,33,2
20730,27,3
20730,30,3
20731,78,2
20731,70,2
20731,72,2
20731,6,2
20732,64,1
20733,23,1
20733,82,3
20733,2,3
20733,83,2
20733,32,1
20734,81,3
20735,11,1
20735,21,2
20735,14,2
20736,4,1
20736,97,1
20736,59,3
20736,35,2
20737,98,3
20737,93,1
20737,60,2
20737,37,3
20738,95,3
20738,28,2
20739,4,2
20739,86,3
20739,31,1
20739,65,3
20740,29,3
20740,20,1
20740,33,2
20740,88,3
20741,64,2
20741,32,3
20741,49,3
20742,83,1
20742,68,1
20743,94,2
20743,56,1
20743,34,1
20744,1,2
20744,34,1
20744,48,1
20745,24,3
20745,16,1
20745,84,1
20745,31,3
20746,96,1
20747,46,2
20748,28,2
20748,81,1
20748,47,3
20748,49,1
20748,25,3
20749,38,2
20749,41,1
20749,25,3
20749,21,3
20750,97,2
20750,57,1
20750,2,3
20750,63,1
20750,61,3
20751,6,2
20751,32,3
20751,85,2
20751,5,3
20752,45,3
20753,81,2
20753,72,1
20753,87,1
20753,15,3
20753,42,2
20754,87,1
20754,58,2
20754,14,3
20754,69,1
20755,29,3
20755,78,2
20755,6,1
20755,28,1
20756,96,3
20756,52,2
20757,84,2
20757,90,2
20757,38,2
20757,2,2
20757,13,2
20758,74,1
20758,22,2
20758,75,1
20758,34,3
20759,9,1
20759,73,2
20759,22,3
20760,43,2
20760,29,1
20761,15,2
20762,18,3
20762,17,3
20762,10,3
20763,46,2
20764,72,2
20764,71,3
20765,56,1
20765,32,2
20766,14,3
20766,28,2
20767,8,1
20767,18,3
20768,72,3
20768,17,3
20768,94,1
20769,26,1
20770,53,1
20770,72,1
20771,22,2
20771,20,1
20771,84,2
20772,38,1
20773,49,2
20773,20,1
20773,16,2
20773,53,2
20773,61,1
20774,88,3
20774,42,3
20774,52,3
20774,18,1
20774,36,2
20775,50,1
20775,69,1
20775,37,3
20775,17,1
20776,76,2
20776,100,2
20776,7,3
20776,16,2
20777,100,2
20778,47,3
20778,63,2
20779,23,2
20779,52,2
20780,86,3
20781,46,2
20782,85,2
20782,12,3
20782,98,1
20783,99,1
20783,70,3
20784,61,3
20784,58,3
20784,65,3
20784,43,1
20784,34,1
20785,34,2
20786,92,1
20786,44,2
20786,66,3
20786,14,1
20787,17,3
20788,33,3
20788,71,3
20788,15,1
20789,17,3
20789,27,1
20789,95,3
20789,69,2
20790,9,3
20791,72,1
20791,62,1
20792,72,2
20792,79,3
20792,80,3
20792,43,1
20793,75,1
20793,38,1
20793,2,1
20794,7,3
20794,59,1
20794,67,2
20794,82,3
20794,9,3
20795,76,3
20795,47,3
20795,2,2
20795,35,2
20795,50,3
20796,54,1
20796,100,1
20796,86,1
20796,49,1
20796,98,2
20797,23,1
20797,63,3
20798,90,3
20798,92,3
20799,30,3
20799,93,3
20800,94,1
20800,84,3
20800,19,2
20800,30,2
20800,37,2
20801,85,1
20802,89,2
20802,80,2
20802,86,2
20803,43,1
20804,38,1
20805,62,2
20805,18,1
20805,19,1
20805,9,3
20806,14,1
20806,64,2
20806,78,3
20807,79,3
20807,17,2
20808,19,1
20808,94,1
20809,91,2
20809,68,3
20809,89,1
20809,5,3
20809,32,3
20810,36,3
20811,78,1
20812,80,3
20813,48,1
20813,61,1
20813,46,1
20814,21,2
20814,35,3
20814,10,1
20815,45,1
20815,91,2
20816,65,2
20816,4,2
20816,67,2
20816,11,3
20816,66,2
20817,99,3
20817,39,1
20817,17,2
20817,70,1
20817,84,1
20818,56,1
20818,61,3
20818,67,1
20818,100,1
20818,76,2
20819,98,1
20819,66,1
20819,33,3
20820,78,3
20820,49,1
20820,65,2
20821,67,1
20822,31,2
20822,37,1
20823,55,2
20823,91,1
20823,69,1
20823,54,3
20823,62,1
20824,1,3
20824,80,1
20824,68,3
20824,52,2
20825,67,1
20825,71,1
20825,64,3
20825,98,2
20826,51,1
20826,53,2
20826,7,2
20826,62,3
20826,94,1
20827,19,1
20828,55,3
20828,34,2
20828,29,2
20828,56,2
20829,93,1
20829,8,1
20829,68,2
20829,20,3
20829,45,3
20830,40,1
20830,24,1
20830,94,2
20830,45,2
20830,72,3
20831,91,2
20832,41,3
20832,46,1
20833,8,3
20834,17,1
20834,90,3
20835,96,2
20835,77,2
20835,21,1
20835,20,1
20835,35,2
20836,36,1
20837,24,1
20837,82,1
20837,48,3
20837,74,1
20837,66,1
20838,7,1
20838,27,1
20838,16,1
20838,83,2
20838,76,1
20839,78,1
20839,82,3
20839,34,2
20839,29,3
20840,50,3
20840,91,3
20841,29,3
20841,68,2
20841,98,1
20841,64,3
20841,45,2
20842,91,1
20843,89,3
20843,34,1
20843,97,2
20843,67,3
20843,20,3
20844,75,2
20844,45,2
20845,70,2
20846,82,3
20847,37,1
20847,20,2
20847,82,3
20848,12,1
20848,45,2
20848,98,1
20849,64,1
20849,1,3
20850,68,2
20850,52,2
20850,97,3
20850,65,3
20851,18,1
20851,74,2
20851,89,3
20851,59,3
20851,85,1
20852,49,1
20853,72,2
20854,36,2
20854,89,3
20854,95,3
20854,87,3
20855,67,3
20855,53,3
20856,8,2
20856,88,3
20856,42,2
20856,13,2
20857,29,2
20857,78,3
20857,43,3
20857,95,3
20858,26,1
20858,4,2
20858,19,2
20859,95,2
20859,79,3
20859,25,3
20860,74,2
20860,30,1
20860,67,3
20861,69,1
20861,61,3
20861,20,2
20862,86,3
20862,60,2
20862,14,1
20862,96,2
20862,22,2
20863,18,1
20863,35,3
20863,84,2
20863,75,1
20864,73,1
20864,59,2
20864,22,2
20864,5,1
20864,24,1
20865,45,3
20866,82,3
20866,71,3
20867,91,2
20867,29,2
20868,74,1
20868,58,3
20869,14,2
20870,82,1
20870,70,2
20870,71,2
20870,39,3
20871,58,1
20871,40,3
20871,24,2
20872,79,3
20872,84,1
20872,66,3
20872,49,3
20872,13,3
20873,12,3
20874,47,1
20874,78,2
20874,73,3
20875,77,3
20875,62,3
20875,43,3
20875,66,3
20876,30,1
20876,96,1
20877,30,3
20877,44,3
20877,43,1
20877,62,2
20877,60,2
20878,78,2
20878,42,3
20878,85,1
20878,64,1
20878,94,2
20879,93,2
20879,66,1
20879,16,1
20879,37,2
20879,4,1
20880,12,2
20881,92,1
20881,90,1
20881,48,3
20881,59,1
20881,9,1
20882,46,1
20882,7,3
20882,71,1
20882,97,3
20883,27,1
20883,11,3
20884,49,2
20884,60,2
20884,64,2
20884,30,2
20885,68,1
20886,13,3
20886,39,2
20886,41,1
20886,85,2
20886,66,2
20887,87,2
20887,82,3
20887,2,3
20888,79,3
20888,19,1
20889,14,2
20889,76,1
20889,9,2
20890,62,1
20890,44,2
20890,79,3
20891,55,3
20891,30,3
20891,14,3
20891,96,2
20891,7,2
20892,83,3
20893,49,3
20893,28,2
20893,51,1
20893,75,1
20894,61,3
20894,43,2
20894,69,3
20894,26,3
20895,49,1
20895,27,2
20895,55,3
20895,85,2
20895,87,1
20896,78,3
20896,79,3
20896,23,1
20896,61,2
20897,55,2
20897,49,3
20897,62,1
20897,93,1
20898,97,3
20899,37,2
20899,97,3
20900,71,3
20901,3,2
20901,60,2
20902,51,3
20902,66,2
20902,19,2
20902,84,1
20903,43,2
20904,49,3
20904,48,2
20905,80,1
20905,61,2
20905,55,3
20906,43,2
20906,4,3
20906,29,2
20906,14,3
20906,50,1
20907,32,3
20907,4,3
20907,1,3
20907,94,3
20907,47,1
20908,92,3
20908,16,1
20909,59,1
20909,65,1
20909,58,2
20910,90,3
20910,35,2
20911,86,3
20911,99,3
20911,46,3
20912,71,3
20913,36,3
20914,3,2
20915,49,2
20915,27,3
20915,60,3
20915,54,1
20916,46,3
20916,95,3
20916,85,2
20917,19,2
20918,30,3
20918,40,3
20919,50,2
20919,42,2
20919,84,3
20919,46,2
20920,7,2
20920,35,1
20920,17,1
20921,16,3
20921,96,3
20921,30,3
20921,97,3
20921,83,2
20922,70,2
20922,18,3
20922,57,1
20922,48,2
20923,84,3
20923,58,3
20923,44,2
20923,51,2
20924,17,1
20924,14,1
20924,13,3
20924,87,2
20925,84,3
20925,70,2
20925,34,3
20925,85,2
20926,39,3
20927,95,2
20927,6,3
20927,29,2
20927,71,3
20927,56,1
20928,68,2
20928,19,3
20928,95,2
20929,29,3
20929,11,1
20929,64,1
20929,93,2
20929,67,1
20930,65,3
20930,47,3
20930,70,2
20930,74,1
20930,12,2
20931,74,3
20931,21,3
20931,91,2
20931,68,3
20932,85,3
20932,16,1
20932,38,2
20933,60,2
20933,83,3
20934,76,2
20934,61,1
20934,87,1
20934,80,2
20934,92,1
20935,18,3
20935,99,2
20935,7,3
20935,14,1
20936,27,3
20937,14,1
20937,73,2
20937,7,2
20937,88,1
20938,35,3
20939,84,1
20939,13,3
20939,34,3
20939,39,3
20940,86,3
20940,88,2
20940,74,3
20940,58,3
20940,80,2
20941,6,1
20941,63,3
20941,13,2
20941,36,2
20942,85,3
20942,72,2
20942,17,2
20942,58,2
20943,70,1
20943,36,1
20943,73,3
20943,90,2
20944,40,2
20945,4,1
20945,7,1
20945,75,3
20945,85,2
20945,64,3
20946,44,1
20946,42,2
20946,78,1
20946,30,2
20947,88,2
20948,17,2
20948,21,3
20949,90,3
20949,88,3
20949,36,2
20950,5,3
20951,13,2
20951,87,1
20951,37,2
20952,64,1
20952,18,1
20952,35,2
20952,66,3
20952,4,3
20953,82,2
20953,50,2
20953,5,2
20953,30,3
20954,8,2
20954,42,2
20954,59,2
20954,34,2
20955,25,2
20956,54,3
20956,87,2
20956,42,1
20956,11,2
20956,5,3
20957,83,1
20957,22,3
20957,86,2
20957,16,2
20957,66,3
20958,23,3
20958,27,1
20958,4,2
20959,4,1
20959,80,3
20959,58,2
20959,65,1
20959,54,3
20960,58,3
20960,37,1
20960,45,2
20960,44,2
20961,44,3
20962,4,1
20963,25,2
20963,20,2
20963,35,2
20964,42,1
20964,68,2
20964,19,2
20964,72,2
20964,78,2
20965,51,2
20965,76,3
20965,15,2
20965,88,1
20966,77,3
20967,32,1
20968,95,3
20968,25,3
20968,59,3
20968,69,2
20969,90,1
20969,18,1
20970,60,2
20970,39,1
20971,75,2
20971,32,3
20971,60,2
20971,95,1
20972,93,1
20972,63,3
20973,10,2
20973,67,1
20973,43,2
20973,69,3
20973,62,2
20974,97,3
20974,10,2
20974,74,3
20974,71,1
20975,31,1
20976,48,1
20976,88,3
20976,67,1
20976,100,3
20977,37,2
20977,29,2
20977,22,1
20977,89,1
20977,40,2
20978,65,3
20978,35,1
20978,81,2
20979,68,2
20979,70,1
20979,85,2
20979,79,2
20979,60,3
20980,93,3
20980,14,3
20981,7,2
20982,29,2
20982,94,2
20982,65,2
20982,88,2
20983,14,1
20983,88,1
20983,56,1
20984,36,3
20984,2,1
20984,43,2
20984,4,1
20985,10,1
20985,97,2
20985,23,3
20985,72,2
20985,76,1
20986,18,3
20986,47,3
20986,20,3
20987,4,1
20987,91,1
20987,76,1
20987,6,1
20988,22,1
20988,48,1
20988,47,1
20988,24,2
20988,74,2
20989,35,2
20990,36,3
20991,40,1
20992,82,2
20993,48,3
20993,97,2
20994,40,1
20994,57,2
20994,35,1
20994,90,3
20995,86,2
20995,32,1
20996,46,2
20996,45,1
20997,32,1
20997,7,3
20997,35,3
20997,45,1
20998,59,1
20999,98,2
20999,25,3
20999,64,2
21000,14,1
21000,46,1
21000,87,2
21001,69,2
21001,76,2
21001,95,3
21002,34,1
21002,15,3
21002,61,1
21003,98,1
21003,14,2
21003,92,1
21003,1,2
21003,8,3
21004,82,1
21005,57,2
21005,49,1
21005,43,2
21005,21,3
21005,82,3
21006,24,1
21006,14,1
21007,28,2
21008,70,3
21008,60,2
21008,26,1
21008,16,1
21009,10,2
21009,32,3
21009,72,3
21009,94,3
21009,31,1
21010,37,1
21010,56,1
21010,27,2
21011,74,1
21011,45,1
21011,20,1
21011,40,2
21011,88,1
21012,25,3
21012,3,2
21013,90,3
21013,91,3
21014,37,2
21014,79,3
21014,14,2
21014,5,2
21015,80,2
21015,73,3
21015,40,2
21015,88,1
21015,87,2
21016,13,2
21017,8,1
21017,18,1
21017,17,1
21018,13,1
21018,22,2
21018,87,2
21018,14,1
21018,61,1
21019,80,1
21019,92,2
21019,88,3
21019,15,3
21019,53,3
21020,78,3
21020,87,1
21021,50,1
21021,62,1
21021,98,1
21021,63,1
21022,77,2
21022,40,3
21022,68,2
21022,10,3
21023,61,3
21023,97,2
21023,79,3
21023,18,3
21023,94,1
21024,66,1
21024,42,3
21024,85,1
21024,88,3
21024,21,3
21025,61,3
21025,91,1
21025,99,2
21026,84,3
21026,98,1
21026,17,3
21027,62,3
21027,5,1
21027,100,2
21028,43,3
21028,50,3
21028,97,2
21028,15,1
21028,46,2
21029,94,2
21030,70,1
21030,13,3
21030,72,3
21030,74,2
21030,69,1
21031,17,2
21031,72,3
21032,88,2
21032,68,1
21032,83,3
21032,42,3
21033,91,1
21033,98,2
21033,13,1
21034,33,2
21034,75,1
21034,59,3
21035,29,2
21036,18,3
21036,19,3
21037,42,3
21037,78,3
21038,23,2
21038,77,2
21038,87,2
21038,80,1
21039,75,2
21039,72,2
21039,74,2
21039,64,1
21039,48,1
21040,53,1
21040,4,3
21041,39,3
21041,43,3
21041,85,2
21042,40,2
21042,34,2
21042,100,2
21043,77,2
21043,18,2
21043,93,2
21044,63,1
21044,53,3
21045,73,2
21045,27,2
21046,72,2
21047,28,1
21047,88,2
21048,56,3
21048,9,1
21049,100,3
21049,83,3
21050,11,1
21050,19,1
21051,45,1
21051,93,2
21052,16,2
21052,81,3
21052,26,3
21052,39,2
21053,97,2
21053,6,3
21053,94,1
21054,12,3
21054,7,2
21054,31,2
21054,53,2
21054,6,3
21055,26,2
21055,46,3
21055,85,2
21055,4,2
21055,19,3
21056,48,1
21057,15,2
21058,53,3
21058,59,2
21059,80,2
21059,87,3
21059,53,1
21059,64,1
21060,41,1
21060,69,2
21060,45,1
21061,96,2
21061,87,2
21061,73,3
21061,64,3
21062,86,2
21062,6,3
21062,84,3
21062,72,1
21063,84,3
21064,41,2
21065,15,2
21066,39,2
21066,96,2
21066,10,1
21066,62,3
21066,44,1
21067,33,2
21067,59,1
21067,53,3
21067,88,3
21067,10,2
21068,83,3
21068,24,2
21068,66,3
21069,98,3
21069,93,2
21069,49,3
21070,5,1
21070,36,1
21070,52,2
21071,20,3
21071,16,2
21072,49,1
21072,91,3
21073,81,2
21074,10,2
21074,70,2
21074,30,1
21075,33,2
21075,67,3
21076,68,1
21077,50,2
21077,67,1
21077,48,1
21077,100,3
21078,57,1
21079,38,3
21079,63,2
21080,74,2
21081,92,3
21081,89,2
21081,71,1
21082,82,1
21082,85,3
21082,98,2
21082,83,1
21082,62,3
21083,36,3
21084,40,2
21084,63,3
21084,91,1
21084,25,2
21085,99,1
21085,49,2
21086,58,1
21086,77,3
21086,30,3
21086,11,3
21086,19,3
21087,7,1
21087,96,3
21087,33,2
21088,45,2
21088,96,1
21089,41,3
21089,77,2
21090,13,3
21090,25,3
21090,78,2
21090,63,2
21091,65,3
21091,61,2
21091,72,1
21091,68,2
21091,97,1
21092,26,3
21092,83,2
21093,80,2
21093,24,1
21093,70,3
21093,72,2
21093,31,3
21094,16,2
21094,85,1
21094,20,2
21095,45,3
21095,70,2
21095,62,3
21095,72,2
21096,44,2
21096,9,3
21096,68,2
21097,50,1
21097,39,2
21097,53,2
21098,95,3
21098,27,1
21098,4,1
21098,13,3
21098,43,1
21099,21,2
21099,74,2
21099,68,1
21099,60,1
21100,10,3
21100,31,3
21100,28,3
21101,63,1
21101,75,2
21101,94,3
21102,62,2
21102,18,3
21103,60,1
21103,35,3
21103,99,3
21104,96,2
21104,81,2
21104,50,3
21104,58,3
21105,41,2
21105,28,1
21105,97,2
21106,36,3
21106,75,1
21106,54,3
21106,6,2
21106,30,1
21107,63,2
21107,90,3
21107,20,1
21107,3,2
21108,18,2
21108,77,1
21108,97,3
21108,39,3
21108,43,2
21109,30,2
21109,31,2
21109,14,1
21109,33,1
21110,68,2
21110,42,1
21110,5,1
21110,55,3
21110,44,1
21111,93,3
21111,20,3
21111,69,2
21111,68,1
21111,62,1
21112,92,3
21112,24,2
21112,5,1
21112,91,1
21112,76,2
21113,94,3
21114,42,1
21114,58,1
21114,85,3
21114,16,3
21115,94,3
21116,37,2
21117,19,1
21117,79,3
21118,38,2
21119,61,2
21119,22,2
21119,48,2
21119,82,2
21119,99,1
21120,51,2
21121,90,3
21121,53,3
21122,70,3
21122,77,2
21122,62,3
21122,85,3
21122,57,2
21123,51,2
21123,11,2
21123,37,1
21123,46,2
21123,49,2
21124,44,1
21125,16,3
21125,20,1
21125,45,3
21125,68,3
21125,41,3
21126,64,1
21126,33,3
21126,62,2
21127,26,3
21127,15,1
21127,24,2
21127,60,3
21128,54,2
21128,89,2
21128,64,3
21128,35,2
21128,56,3
21129,94,2
21129,88,1
21129,19,2
21129,90,3
21130,79,2
21130,96,1
21130,71,3
21131,13,1
21132,6,2
21133,88,2
21133,52,3
21133,27,1
21133,16,2
21133,77,2
21134,63,3
21134,32,3
21134,1,2
21134,21,3
21134,86,2
21135,64,1
21135,11,1
21135,76,1
21135,83,2
21136,29,3
21136,33,3
21137,66,1
21137,90,1
21137,6,2
21138,83,3
21138,28,2
21138,85,1
21138,81,1
21138,30,3
21139,60,3
21139,50,1
21139,46,2
21140,68,1
21140,99,2
21141,92,1
21141,72,1
21141,71,3
21141,58,3
21142,37,3
21142,85,2
21143,91,2
21143,69,1
21143,62,1
21144,87,2
21144,65,2
21145,25,2
21145,50,2
21145,82,1
21145,39,3
21145,59,1
21146,39,2
21147,29,1
21147,68,1
21147,5,2
21147,39,1
21148,21,1
21148,83,2
21148,89,2
21149,60,2
21150,89,3
21150,16,1
21150,65,3
21150,78,1
21151,47,3
21151,8,3
21151,93,2
21151,41,3
21152,93,2
21152,37,3
21152,49,2
21152,71,2
21152,17,2
21153,60,2
21154,18,1
21154,24,2
21154,86,1
21154,53,2
21155,99,3
21155,78,2
21155,54,3
21155,49,1
21156,42,3
21156,34,3
21156,53,1
21156,37,3
21157,5,1
21157,32,1
21157,66,3
21157,8,1
21158,59,3
21158,62,2
21158,97,1
21158,1,3
21158,67,1
21159,76,2
21159,11,2
21159,93,3
21160,88,1
21160,9,1
21160,10,3
21160,62,2
21161,89,2
21161,14,1
21161,92,2
21161,42,3
21161,25,2
21162,46,3
21162,2,1
21162,31,1
21162,41,3
21162,22,2
21163,44,2
21163,66,3
21164,77,1
21164,61,1
21164,70,1
21164,36,1
21164,100,1
21165,10,2
21165,56,1
21166,8,3
21166,47,1
21166,88,2
21166,4,1
21167,13,2
21167,28,2
21167,85,2
21167,69,2
21167,93,3
21168,46,3
21169,73,1
21169,25,1
21169,46,2
21170,39,1
21170,70,3
21170,94,3
21171,81,1
21171,4,3
21172,44,3
21172,95,2
21172,47,3
21173,86,2
21173,94,3
21173,5,1
21173,88,1
21173,47,2
21174,27,2
21174,32,1
21174,61,2
21174,3,3
21174,43,1
21175,15,1
21175,99,3
21175,58,3
21176,88,1
21176,76,2
21176,33,3
21177,5,3
21177,20,2
21177,24,2
21177,26,2
21177,99,3
21178,27,3
21178,53,2
21178,47,3
21178,39,2
21179,49,2
21179,15,2
21179,31,2
21180,75,2
21180,57,3
21180,95,3
21181,59,3
21181,88,2
21181,92,3
21181,15,1
21182,72,2
21182,49,3
21182,80,3
21182,67,1
21183,26,2
21183,4,2
21184,31,2
21185,5,3
21185,92,3
21186,59,2
21186,8,1
21186,33,2
21187,36,3
21187,58,3
21187,47,2
21187,98,1
21188,14,1
21188,50,3
21188,69,2
21188,32,2
21189,46,2
21190,1,2
21190,76,1
21190,17,3
21190,8,1
21191,44,3
21191,91,3
21192,57,2
21192,29,3
21193,85,3
21193,33,2
21193,97,2
21193,73,3
21194,65,2
21195,20,3
21196,99,1
21197,26,2
21197,88,2
21197,62,3
21197,40,3
21198,6,2
21198,14,2
21198,63,3
21198,28,3
21198,58,1
21199,24,3
21199,57,2
21199,70,2
21199,19,1
21199,29,3
21200,100,3
21201,15,1
21202,35,1
21203,58,3
21203,55,3
21204,52,3
21204,61,2
21204,25,3
21204,43,2
21205,76,1
21205,86,1
21206,88,2
21207,77,3
21207,36,1
21207,98,1
21207,85,3
21207,83,1
21208,50,3
21209,33,2
21209,54,2
21209,6,3
21210,19,1
21210,91,2
21210,94,3
21210,24,1
21210,88,3
21211,33,2
21212,74,1
21212,42,1
21212,53,1
21212,84,1
21212,46,2
21213,24,2
21213,59,2
21213,18,1
21214,99,2
21214,74,1
21214,27,2
21214,6,2
21215,37,1
21215,36,2
21216,54,1
21216,3,2
21216,2,1
21216,17,1
21216,67,2
21217,16,1
21217,73,1
21217,41,2
21217,25,3
21218,79,3
21219,70,3
21219,13,1
21219,91,3
21219,8,2
21220,87,1
21220,82,3
21220,8,1
21221,7,2
21221,57,3
21222,87,2
21222,44,3
21222,65,2
21223,10,1
21223,20,2
21224,8,3
21224,89,2
21224,30,1
21225,49,2
21225,44,2
21226,83,3
21227,51,2
21228,55,2
21228,72,1
21228,94,1
21228,93,3
21228,52,1
21229,7,2
21229,3,3
21229,37,2
21229,93,1
21230,63,3
21231,5,1
21231,52,3
21231,66,3
21231,34,2
21232,54,3
21233,51,1
21233,45,2
21233,26,2
21233,81,3
21233,27,1
21234,30,1
21234,93,1
21234,20,2
21234,92,1
21235,3,1
21235,44,3
21235,93,2
21236,39,2
21237,42,1
21237,86,3
21237,63,3
21237,47,1
21238,8,3
21238,55,3
21238,53,1
21238,59,2
21238,54,3
21239,90,2
21239,88,3
21240,54,3
21240,63,3
21240,24,3
21240,9,2
21241,22,3
21241,52,3
21241,6,2
21241,45,3
21242,45,2
21242,7,3
21242,26,3
21243,82,3
21243,22,2
21243,3,3
21243,8,3
21244,65,1
21244,13,1
21244,66,2
21244,56,2
21244,49,3
21245,75,1
21245,69,2
21246,72,3
21246,53,3
21246,20,3
21246,77,1
21246,39,1
21247,77,2
21247,55,1
21247,54,3
21247,59,2
21248,9,3
21248,53,1
21248,99,1
21248,85,1
21249,20,2
21249,73,2
21250,68,2
21250,67,2
21250,36,2
21251,4,3
21251,25,2
21251,37,1
21251,47,1
21251,67,1
21252,65,3
21252,66,1
21253,54,2
21253,68,1
21253,1,3
21253,87,3
21253,6,1
21254,51,2
21254,13,3
21254,34,1
21255,2,3
21255,30,3
21256,45,3
21257,32,3
21257,98,1
21257,5,1
21257,2,3
21257,28,3
21258,52,3
21258,80,2
21259,65,2
21259,40,2
21259,18,2
21260,34,1
21260,51,2
21260,97,2
21260,27,3
21261,70,1
21261,28,3
21261,57,2
21261,52,1
21262,73,1
21263,74,3
21263,63,2
21263,40,2
21263,14,3
21263,87,3
21264,95,3
21265,58,1
21266,67,1
21267,91,1
21267,18,3
21267,9,2
21267,38,2
21268,35,3
21268,58,2
21268,13,1
21268,40,3
21268,85,2
21269,65,2
21269,53,2
21269,26,2
21269,9,3
21269,50,2
21270,25,1
21270,77,2
21271,84,2
21271,10,3
21272,53,2
21272,88,2
21273,25,3
21273,63,1
21274,74,3
21275,21,1
21275,41,3
21275,14,1
21275,58,2
21276,19,3
21276,9,3
21276,66,1
21276,96,2
21276,77,3
21277,18,2
21277,23,1
21277,10,1
21277,46,3
21277,61,3
21278,93,2
21278,63,2
21278,11,2
21278,27,1
21279,68,3
21279,58,1
21279,21,2
21279,54,2
21280,29,3
21280,99,2
21280,35,3
21281,33,2
21281,18,3
21281,100,2
21281,40,2
21281,1,1
21282,96,3
21282,33,2
21282,72,3
21282,68,1
21282,63,1
21283,34,3
21283,57,3
21283,13,3
21283,46,2
21284,100,1
21284,66,1
21284,19,3
21284,60,2
21285,72,3
21286,79,1
21286,89,2
21286,47,2
21286,37,2
21286,35,1
21287,14,1
21288,92,3
21288,26,3
21288,71,3
21288,31,3
21288,14,1
21289,87,2
21289,4,1
21289,26,1
21289,40,2
21289,33,2
21290,65,1
21290,61,2
21290,72,2
21291,86,3
21291,92,1
21291,55,3
21291,89,3
21291,81,3
21292,5,2
21292,82,3
21293,14,2
21293,62,1
21293,89,1
21293,98,2
21293,58,3
21294,70,2
21294,7,3
21295,91,3
21295,98,1
21295,24,3
21295,20,2
21295,93,3
21296,12,1
21297,30,1
21297,68,2
21297,17,2
21297,48,1
21297,34,1
21298,8,2
21299,18,1
21299,11,2
21299,79,3
21299,78,1
21299,94,3
21300,47,1
21301,11,2
21301,69,2
21301,39,2
21302,8,3
21302,40,2
21303,72,2
21303,89,2
21303,40,2
21304,8,2
21305,50,2
21305,96,3
21305,42,2
21305,73,1
21306,53,1
21306,4,1
21306,90,2
21307,24,2
21307,19,2
21307,37,2
21307,1,2
21308,46,2
21308,84,3
21309,43,1
21309,69,2
21309,12,3
21309,56,3
21310,70,2
21310,41,2
21310,1,1
21310,89,2
21311,40,2
21312,1,2
21312,32,2
21312,82,2
21312,56,2
21312,45,3
21313,70,3
21313,90,2
21313,1,3
21313,53,1
21313,67,2
21314,10,1
21314,74,3
21315,35,3
21315,27,3
21316,27,1
21316,48,1
21316,37,2
21316,51,2
21317,78,3
21317,76,3
21317,17,3
21317,33,3
21317,44,1
21318,61,2
21318,29,3
21318,56,3
21319,65,1
21319,69,1
21320,59,3
21320,88,2
21320,9,3
21320,23,1
21320,46,1
21321,74,1
21321,45,1
21321,58,3
21321,32,3
21322,24,3
21322,45,3
21323,70,3
21323,62,3
21324,66,2
21324,91,3
21324,23,1
21324,99,3
21324,37,1
21325,16,2
21325,68,3
21325,25,2
21325,47,1
21325,43,2
21326,52,1
21327,99,1
21327,41,2
21327,35,1
21327,60,1
21328,7,1
21328,79,3
21329,66,1
21329,18,1
21329,83,1
21329,65,2
21329,62,2
21330,61,1
21330,6,2
21330,32,3
21330,55,2
21331,26,2
21331,84,2
21331,80,2
21331,74,1
21331,68,2
21332,64,2
21333,87,2
21333,25,2
21334,45,1
21334,70,1
21334,79,3
21334,53,3
21335,62,2
21335,87,3
21335,5,3
21335,21,1
21336,27,2
21336,46,2
21337,53,3
21337,94,3
21338,23,3
21338,24,3
21338,31,2
21338,91,1
21339,90,3
21339,26,2
21339,21,3
21339,51,3
21339,5,3
21340,29,3
21340,49,3
21341,96,2
21341,5,2
21341,45,3
21342,87,1
21342,97,2
21342,68,1
21342,57,1
21342,47,1
21343,93,1
21343,52,1
21344,77,1
21344,17,1
21344,95,2
21345,91,1
21346,71,3
21346,87,2
21346,2,2
21347,36,2
21347,45,3
21347,94,1
21347,35,3
21348,23,1
21348,25,2
21348,19,3
21348,76,2
21349,11,2
21349,70,1
21349,66,2
21350,95,3
21350,28,1
21350,17,3
21350,11,1
21350,73,3
21351,13,3
21351,77,2
21351,3,3
21351,82,2
21351,25,2
21352,65,2
21352,51,2
21352,70,3
21353,39,1
21353,19,1
21353,50,3
21353,93,2
21354,90,1
21354,36,3
21354,97,1
21354,66,2
21354,41,1
21355,3,1
21355,66,1
21355,80,1
21355,19,2
21355,17,3
21356,29,1
21356,17,2
21357,72,1
21357,40,1
21357,3,2
21358,56,2
21358,92,3
21358,68,3
21358,34,2
21358,35,2
21359,3,3
21359,8,2
21359,7,1
21359,92,1
21359,1,2
21360,11,2
21361,99,2
21362,98,3
21363,76,1
21363,68,1
21364,79,2
21364,4,3
21364,85,2
21365,83,2
21365,23,1
21366,60,3
21366,45,3
21366,83,1
21367,77,2
21367,61,1
21367,64,2
21367,13,1
21368,59,1
21368,64,3
21368,15,3
21368,74,2
21368,13,3
21369,70,3
21369,58,2
21369,80,3
21370,91,2
21371,70,2
21371,69,3
21371,28,2
21371,5,3
21372,92,1
21372,22,2
21373,50,2
21373,54,3
21373,82,2
21374,98,3
21374,73,3
21374,55,2
21374,71,2
21374,42,2
21375,1,1
21375,84,1
21376,37,1
21377,83,2
21377,81,3
21377,6,2
21377,78,2
21378,58,3
21379,83,3
21379,15,2
21379,46,3
21380,40,3
21380,55,2
21380,70,2
21381,4,1
21381,55,1
21381,77,1
21381,54,2
21381,25,2
21382,96,1
21382,67,1
21383,90,1
21383,44,3
21383,99,2
21384,37,1
21384,68,2
21384,85,2
21384,79,3
21385,93,3
21385,34,1
21385,1,3
21385,25,2
21385,15,1
21386,83,3
21386,1,1
21387,64,3
21388,66,2
21388,35,2
21388,60,1
21389,35,2
21389,23,3
21389,59,3
21390,69,3
21390,40,2
21390,58,2
21390,4,3
21391,33,2
21392,97,2
21392,79,1
21392,4,1
21393,34,3
21394,88,2
21394,99,3
21394,16,2
21394,50,2
21394,59,2
21395,68,1
21395,51,2
21395,24,1
21395,88,3
21395,63,2
21396,34,2
21396,2,2
21397,53,3
21397,23,3
21397,49,1
21397,40,3
21397,47,3
21398,47,2
21398,100,2
21398,2,3
21398,99,1
21398,71,1
21399,43,1
21399,59,1
21399,93,2
21399,97,3
21399,69,3
21400,43,3
21400,6,3
21401,45,3
21402,45,1
21402,51,2
21402,82,1
21402,50,2
21402,41,2
21403,91,1
21403,50,1
21403,13,1
21404,75,3
21404,10,1
21404,11,3
21405,56,1
21405,12,2
21405,8,2
21406,56,3
21406,39,1
21406,78,1
21406,58,1
21407,85,1
21407,88,2
21407,62,2
21408,64,3
21408,43,2
21409,56,2
21409,45,3
21409,86,3
21409,90,1
21410,84,2
21410,50,1
21411,40,2
21411,71,3
21412,95,1
21413,50,2
21413,67,3
21413,83,2
21414,32,2
21414,63,3
21414,4,3
21414,86,3
21415,29,3
21415,68,3
21415,35,1
21416,66,3
21416,80,3
21417,21,1
21417,30,3
21418,58,1
21419,12,2
21419,62,3
21419,22,1
21419,2,2
21419,10,2
21420,55,2
21420,52,3
21420,15,3
21420,45,2
21420,62,1
21421,10,2
21421,73,1
21422,90,2
21422,59,3
21422,91,1
21422,80,3
21422,44,1
21423,42,2
21423,76,1
21423,44,2
21424,4,1
21424,55,2
21424,21,3
21424,93,3
21425,63,2
21425,10,2
21425,30,1
21425,36,2
21425,89,2
21426,91,2
21427,13,2
21427,74,1
21427,21,3
21427,67,1
21428,89,1
21428,41,1
21428,5,1
21428,33,1
21429,29,1
21430,73,3
21430,28,1
21431,92,2
21432,29,1
21432,41,1
21433,38,2
21434,78,2
21435,47,3
21435,40,1
21436,70,3
21436,6,3
21436,54,1
21436,9,3
21437,2,1
21438,36,1
21438,52,2
21439,79,1
21440,50,2
21440,67,1
21440,42,2
21440,66,1
21441,96,3
21441,38,2
21442,57,1
21442,94,3
21443,83,1
21444,66,2
21444,1,2
21444,10,2
21444,20,3
21445,68,3
21446,87,3
21446,37,1
21446,62,1
21446,88,3
21447,10,1
21447,98,2
21447,43,1
21447,18,3
21448,26,3
21448,62,2
21448,98,3
21449,50,2
21449,21,2
21449,26,1
21450,58,3
21450,88,1
21451,58,2
21451,36,3
21451,20,3
21452,24,3
21452,91,1
21452,51,1
21452,52,1
21453,81,2
21453,13,2
21453,45,3
21454,44,1
21455,91,2
21455,13,1
21455,83,3
21455,39,1
21456,34,3
21456,81,3
21457,19,2
21457,100,1
21458,7,2
21458,96,2
21459,2,2
21459,58,1
21459,75,1
21459,86,1
21460,94,3
21460,95,3
21460,24,1
21460,96,3
21461,69,3
21461,29,2
21462,75,2
21462,82,2
21462,59,2
21463,86,3
21463,11,2
21463,14,3
21463,13,3
21464,25,3
21464,7,1
21465,37,1
21465,5,2
21466,53,2
21466,29,3
21466,95,3
21467,32,2
21467,79,1
21467,29,2
21468,94,2
21468,2,2
21469,46,1
21469,76,2
21470,68,3
21470,8,2
21470,38,3
21470,65,1
21471,86,3
21471,69,1
21471,27,2
21471,98,1
21472,93,3
21472,96,3
21473,4,1
21473,70,2
21473,68,1
21473,36,1
21474,56,3
21474,39,2
21474,30,1
21475,78,2
21475,62,3
21476,83,2
21476,94,2
21476,56,1
21476,61,3
21477,55,2
21478,35,3
21478,92,1
21479,34,1
21479,77,2
21479,80,3
21479,1,2
21479,97,2
21480,72,1
21480,17,1
21480,29,3
21481,42,1
21482,42,2
21483,1,3
21483,14,2
21484,54,3
21485,41,1
21486,54,1
21486,53,2
21487,4,3
21487,44,1
21487,89,1
21487,32,3
21487,25,1
21488,51,3
21488,40,2
21488,70,3
21488,72,1
21489,90,2
21490,5,3
21490,70,3
21491,20,2
21491,31,2
21491,12,1
21491,24,3
21491,87,3
21492,7,1
21492,72,2
21492,24,2
21492,30,2
21492,17,2
21493,52,3
21493,78,2
21493,41,3
21494,52,2
21494,70,1
21494,35,1
21495,74,3
21496,42,2
21497,17,1
21497,51,2
21498,100,1
21498,54,2
21498,41,1
21499,45,3
21499,56,1
21499,92,3
21499,31,2
21500,48,3
21500,43,3
21500,21,3
21501,53,3
21501,64,2
21501,1,1
21501,67,1
21502,8,3
21502,11,3
21502,1,1
21502,49,1
21502,36,2
21503,1,1
21503,65,1
21503,3,2
21504,2,1
21504,93,1
21504,12,2
21504,35,3
21504,53,1
21505,71,2
21505,66,1
21505,83,1
21506,48,1
21506,95,1
21506,92,3
21506,90,3
21507,81,1
21508,39,3
21508,1,1
21509,74,1
21510,24,3
21510,63,1
21510,40,2
21510,16,2
21511,32,3
21511,66,3
21511,100,2
21511,81,3
21512,37,1
21512,5,1
21512,78,1
21512,7,2
21513,16,1
21513,76,3
21513,34,2
21513,74,1
21513,13,2
21514,27,1
21514,88,1
21515,8,3
21515,66,3
21515,6,3
21516,65,2
21516,57,3
21516,85,1
21517,81,1
21517,85,2
21517,44,1
21517,77,1
21518,70,3
21518,18,3
21518,12,3
21518,90,3
21519,39,2
21520,49,3
21520,60,2
21521,83,2
21521,76,3
21521,79,3
21521,75,2
21522,66,3
21522,9,2
21523,70,2
21524,41,3
21524,17,1
21524,19,1
21524,11,2
21525,9,2
21525,87,2
21525,77,2
21525,59,2
21526,16,2
21526,37,3
21526,2,1
21527,80,1
21527,87,3
21527,30,2
21527,91,2
21528,70,3
21529,52,2
21529,83,2
21529,26,2
21529,36,2
21530,99,2
21530,11,2
21531,12,1
21532,86,1
21533,48,2
21534,8,1
21534,38,3
21534,16,1
21534,1,1
21534,79,3
21535,93,1
21535,57,1
21535,41,2
21535,84,1
21535,51,2
21536,62,3
21536,6,2
21536,42,3
21536,54,1
21537,38,1
21538,37,2
21538,33,1
21539,57,1
21540,81,2
21540,48,2
21540,6,1
21540,11,2
21541,66,3
21541,43,2
21541,1,3
21541,18,3
21541,46,2
21542,33,1
21543,24,2
21543,22,1
21544,29,3
21544,99,3
21544,34,3
21544,72,1
21545,53,3
21545,71,3
21545,58,3
21545,11,2
21546,56,2
21546,40,3
21546,14,1
21546,2,1
21546,27,3
21547,3,2
21548,75,3
21548,9,1
21549,36,2
21549,34,2
21549,78,1
21549,86,2
21550,50,3
21550,78,1
21551,38,3
21551,88,3
21552,28,1
21552,69,1
21552,7,1
21553,84,1
21553,72,2
21553,67,1
21553,22,3
21553,48,3
21554,72,2
21554,61,2
21554,68,2
21554,45,1
21554,56,3
21555,47,2
21555,40,3
21556,13,1
21556,89,1
21556,58,3
21557,72,3
21557,29,3
21558,63,3
21558,76,3
21558,90,3
21558,59,2
21558,67,1
21559,8,1
21560,98,3
21560,76,2
21560,87,3
21561,37,3
21561,48,3
21561,58,1
21561,61,1
21561,94,2
21562,8,1
21562,51,3
21562,79,1
21562,100,2
21563,52,1
21563,9,1
21563,22,2
21563,87,2
21564,63,3
21565,97,1
21565,52,3
21565,53,3
21565,74,3
21566,63,1
21566,76,2
21566,80,1
21566,86,1
21567,34,1
21568,50,3
21569,1,1
21569,10,2
21569,4,3
21569,18,1
21569,83,1
21570,61,1
21570,73,1
21571,99,1
21572,62,3
21572,64,2
21572,1,3
21572,59,1
21573,47,2
21573,75,1
21573,24,2
21573,59,2
21574,63,3
21575,68,3
21575,31,1
21575,46,3
21575,38,3
21575,79,1
21576,2,1
21577,61,1
21577,78,3
21577,53,3
21578,32,1
21578,69,1
21578,84,1
21578,79,2
21578,39,2
21579,86,2
21579,91,1
21579,38,1
21580,15,1
21581,67,3
21581,83,2
21581,28,2
21582,92,1
21582,34,2
21583,15,3
21583,26,1
21584,37,1
21584,55,1
21584,30,1
21584,34,3
21584,3,1
21585,49,1
21585,53,3
21585,15,1
21586,75,2
21587,19,3
21587,65,2
21587,81,2
21588,32,2
21589,5,2
21589,18,3
21589,64,1
21590,98,3
21590,35,3
21590,50,1
21591,31,1
21591,87,3
21591,13,2
21591,42,3
21592,24,3
21592,17,1
21592,60,1
21593,27,1
21593,69,3
21593,22,3
21594,28,1
21595,15,1
21595,41,2
21595,30,1
21595,60,2
21596,1,3
21596,66,2
21596,58,3
21596,6,2
21597,1,2
21597,49,3
21598,31,1
21598,52,1
21598,64,1
21598,25,3
21598,82,3
21599,100,3
21600,58,2
21601,69,2
21601,51,3
21601,77,1
21601,30,1
21601,54,1
21602,10,2
21602,48,3
21603,24,3
21603,40,2
21603,90,3
21603,16,3
21603,53,1
21604,40,1
21605,20,1
21605,75,1
21605,82,1
21605,37,2
21605,99,3
21606,52,3
21606,26,1
21606,6,1
21606,88,3
21606,18,2
21607,46,1
21608,26,2
21609,49,3
21609,35,2
21610,60,1
21610,11,1
21611,66,1
21611,85,3
21611,78,2
21612,27,2
21612,50,2
21612,86,1
21612,89,3
21613,100,3
21613,67,3
21614,33,1
21615,8,3
21615,62,2
21615,75,3
21616,7,2
21616,26,3
21616,6,3
21617,80,2
21617,88,3
21618,67,2
21618,75,1
21619,30,1
21619,66,2
21619,56,1
21619,85,1
21620,59,1
21620,60,1
21620,6,1
21621,72,2
21621,83,1
21622,28,3
21622,48,2
21622,40,3
21622,4,1
21623,84,2
21623,67,1
21623,89,1
21624,80,3
21624,82,3
21625,16,1
21625,81,2
21626,58,1
21626,59,2
21626,50,1
21626,77,1
21626,51,2
21627,67,1
21628,74,3
21628,65,1
21628,60,1
21628,36,1
21629,24,2
21629,45,2
21629,12,1
21630,32,1
21630,49,3
21630,44,2
21630,55,2
21630,69,2
21631,42,2
21631,15,3
21632,36,2
21632,22,2
21633,60,3
21633,38,2
21633,93,3
21633,61,1
21633,17,3
21634,72,1
21634,5,3
21634,20,3
21634,54,3
21634,51,1
21635,86,1
21636,99,3
21636,13,1
21636,90,1
21637,29,1
21637,93,1
21637,56,2
21637,90,3
21638,82,2
21638,8,2
21638,13,2
21638,40,2
21639,84,2
21640,19,2
21640,8,1
21640,24,3
21640,39,2
21641,95,3
21641,80,2
21641,41,3
21642,54,1
21642,50,1
21642,49,2
21642,86,3
21642,39,2
21643,90,3
21643,50,2
21643,60,2
21643,92,3
21644,89,1
21644,47,3
21644,67,2
21644,52,2
21644,2,2
21645,48,1
21645,63,3
21645,49,1
21645,4,1
21645,18,3
21646,98,1
21646,86,3
